 v-sweep         v(drain_iv)     v(gate_iv)      id              is              ib              ig              kcl            
 0.00000000e+00  0.00000000e+00  0.00000000e+00 -1.79159917e-42  3.18849616e-42 -1.39689699e-42  0.00000000e+00  0.00000000e+00 
 1.00000000e-02  1.00000000e-02  0.00000000e+00 -1.97976864e-14  1.67970072e-14  3.00067921e-15  0.00000000e+00  3.15544362e-30 
 2.00000000e-02  2.00000000e-02  0.00000000e+00 -3.08936213e-14  2.63719779e-14  4.52164338e-15  0.00000000e+00  3.15544362e-30 
 3.00000000e-02  3.00000000e-02  0.00000000e+00 -4.08161610e-14  3.48632422e-14  5.95291884e-15  0.00000000e+00  3.15544362e-30 
 4.00000000e-02  4.00000000e-02  0.00000000e+00 -4.80952248e-14  4.10784173e-14  7.01680745e-15  0.00000000e+00  5.52202634e-30 
 5.00000000e-02  5.00000000e-02  0.00000000e+00 -5.35338053e-14  4.57255299e-14  7.80827538e-15  0.00000000e+00  1.57772181e-30 
 6.00000000e-02  6.00000000e-02  0.00000000e+00 -5.77852178e-14  4.93874768e-14  8.39774092e-15  0.00000000e+00  4.73316543e-30 
 7.00000000e-02  7.00000000e-02  0.00000000e+00 -6.12965299e-14  5.24591101e-14  8.83741986e-15  0.00000000e+00  3.15544362e-30 
 8.00000000e-02  8.00000000e-02  0.00000000e+00 -6.43443561e-14  5.51783254e-14  9.16603068e-15  0.00000000e+00  3.15544362e-30 
 9.00000000e-02  9.00000000e-02  0.00000000e+00 -6.70946956e-14  5.76824121e-14  9.41228348e-15  0.00000000e+00  1.57772181e-29 
 1.00000000e-01  1.00000000e-01  0.00000000e+00 -6.96485676e-14  6.00511005e-14  9.59746707e-15  0.00000000e+00  3.15544362e-30 
 1.10000000e-01  1.10000000e-01  0.00000000e+00 -7.20695394e-14  6.23321721e-14  9.73736729e-15  0.00000000e+00  1.57772181e-30 
 1.20000000e-01  1.20000000e-01  0.00000000e+00 -7.43991452e-14  6.45554557e-14  9.84368947e-15  0.00000000e+00  1.10440527e-29 
 1.30000000e-01  1.30000000e-01  0.00000000e+00 -7.66654852e-14  6.67403720e-14  9.92511325e-15  0.00000000e+00  4.73316543e-30 
 1.40000000e-01  1.40000000e-01  0.00000000e+00 -7.88881490e-14  6.89000744e-14  9.98807462e-15  0.00000000e+00  7.88860905e-30 
 1.50000000e-01  1.50000000e-01  0.00000000e+00 -8.10811415e-14  7.10437956e-14  1.00373460e-14  0.00000000e+00  3.15544362e-30 
 1.60000000e-01  1.60000000e-01  0.00000000e+00 -8.32546900e-14  7.31782240e-14  1.00764660e-14  0.00000000e+00  1.57772181e-30 
 1.70000000e-01  1.70000000e-01  0.00000000e+00 -8.54164007e-14  7.53083419e-14  1.01080588e-14  0.00000000e+00  1.89326617e-29 
 1.80000000e-01  1.80000000e-01  0.00000000e+00 -8.75720223e-14  7.74379522e-14  1.01340700e-14  0.00000000e+00  3.15544362e-30 
 1.90000000e-01  1.90000000e-01  0.00000000e+00 -8.97259637e-14  7.95700212e-14  1.01559425e-14  0.00000000e+00  1.57772181e-30 
 2.00000000e-01  2.00000000e-01  0.00000000e+00 -9.18816532e-14  8.17069072e-14  1.01747461e-14  0.00000000e+00  3.15544362e-30 
 2.10000000e-01  2.10000000e-01  0.00000000e+00 -9.40417911e-14  8.38505171e-14  1.01912740e-14  0.00000000e+00  1.41994963e-29 
 2.20000000e-01  2.20000000e-01  0.00000000e+00 -9.62085317e-14  8.60024173e-14  1.02061145e-14  0.00000000e+00  7.88860905e-30 
 2.30000000e-01  2.30000000e-01  0.00000000e+00 -9.83836153e-14  8.81639116e-14  1.02197038e-14  0.00000000e+00  3.15544362e-30 
 2.40000000e-01  2.40000000e-01  0.00000000e+00 -1.00568465e-13  9.03360997e-14  1.02323652e-14  0.00000000e+00  9.46633086e-30 
 2.50000000e-01  2.50000000e-01  0.00000000e+00 -1.02764258e-13  9.25199195e-14  1.02443388e-14  0.00000000e+00  3.15544362e-30 
 2.60000000e-01  2.60000000e-01  0.00000000e+00 -1.04971982e-13  9.47161799e-14  1.02558021e-14  0.00000000e+00  0.00000000e+00 
 2.70000000e-01  2.70000000e-01  0.00000000e+00 -1.07192472e-13  9.69255849e-14  1.02668873e-14  0.00000000e+00  1.26217745e-29 
 2.80000000e-01  2.80000000e-01  0.00000000e+00 -1.09426445e-13  9.91487535e-14  1.02776919e-14  0.00000000e+00  4.73316543e-30 
 2.90000000e-01  2.90000000e-01  0.00000000e+00 -1.11674523e-13  1.01386234e-13  1.02882885e-14  0.00000000e+00  1.57772181e-30 
 3.00000000e-01  3.00000000e-01  0.00000000e+00 -1.13937248e-13  1.03638517e-13  1.02987309e-14  0.00000000e+00  1.73549399e-29 
 3.10000000e-01  3.10000000e-01  0.00000000e+00 -1.16215103e-13  1.05906044e-13  1.03090590e-14  0.00000000e+00  3.15544362e-30 
 3.20000000e-01  3.20000000e-01  0.00000000e+00 -1.18508518e-13  1.08189216e-13  1.03193022e-14  0.00000000e+00  6.31088724e-30 
 3.30000000e-01  3.30000000e-01  0.00000000e+00 -1.20817879e-13  1.10488397e-13  1.03294826e-14  0.00000000e+00  1.26217745e-29 
 3.40000000e-01  3.40000000e-01  0.00000000e+00 -1.23143540e-13  1.12803924e-13  1.03396163e-14  0.00000000e+00  1.57772181e-29 
 3.50000000e-01  3.50000000e-01  0.00000000e+00 -1.25485822e-13  1.15136107e-13  1.03497155e-14  0.00000000e+00  3.15544362e-30 
 3.60000000e-01  3.60000000e-01  0.00000000e+00 -1.27845024e-13  1.17485235e-13  1.03597890e-14  0.00000000e+00  1.73549399e-29 
 3.70000000e-01  3.70000000e-01  0.00000000e+00 -1.30221422e-13  1.19851578e-13  1.03698436e-14  0.00000000e+00  3.15544362e-30 
 3.80000000e-01  3.80000000e-01  0.00000000e+00 -1.32615274e-13  1.22235390e-13  1.03798840e-14  0.00000000e+00  0.00000000e+00 
 3.90000000e-01  3.90000000e-01  0.00000000e+00 -1.35026824e-13  1.24636910e-13  1.03899140e-14  0.00000000e+00  1.73549399e-29 
 4.00000000e-01  4.00000000e-01  0.00000000e+00 -1.37456301e-13  1.27056365e-13  1.03999362e-14  0.00000000e+00  3.15544362e-30 
 4.10000000e-01  4.10000000e-01  0.00000000e+00 -1.39903924e-13  1.29493971e-13  1.04099527e-14  0.00000000e+00  6.31088724e-30 
 4.20000000e-01  4.20000000e-01  0.00000000e+00 -1.42369899e-13  1.31949935e-13  1.04199649e-14  0.00000000e+00  2.20881053e-29 
 4.30000000e-01  4.30000000e-01  0.00000000e+00 -1.44854428e-13  1.34424454e-13  1.04299740e-14  0.00000000e+00  1.57772181e-29 
 4.40000000e-01  4.40000000e-01  0.00000000e+00 -1.47357700e-13  1.36917719e-13  1.04399807e-14  0.00000000e+00  1.41994963e-29 
 4.50000000e-01  4.50000000e-01  0.00000000e+00 -1.49879901e-13  1.39429915e-13  1.04499857e-14  0.00000000e+00  7.88860905e-30 
 4.60000000e-01  4.60000000e-01  0.00000000e+00 -1.52421209e-13  1.41961220e-13  1.04599894e-14  0.00000000e+00  9.46633086e-30 
 4.70000000e-01  4.70000000e-01  0.00000000e+00 -1.54981799e-13  1.44511807e-13  1.04699921e-14  0.00000000e+00  1.73549399e-29 
 4.80000000e-01  4.80000000e-01  0.00000000e+00 -1.57561838e-13  1.47081844e-13  1.04799942e-14  0.00000000e+00  2.99767144e-29 
 4.90000000e-01  4.90000000e-01  0.00000000e+00 -1.60161493e-13  1.49671497e-13  1.04899957e-14  0.00000000e+00  1.26217745e-29 
 5.00000000e-01  5.00000000e-01  0.00000000e+00 -1.62780923e-13  1.52280926e-13  1.04999968e-14  0.00000000e+00  1.89326617e-29 
 5.10000000e-01  5.10000000e-01  0.00000000e+00 -1.65420286e-13  1.54910289e-13  1.05099976e-14  0.00000000e+00  9.46633086e-30 
 5.20000000e-01  5.20000000e-01  0.00000000e+00 -1.68079739e-13  1.57559740e-13  1.05199982e-14  0.00000000e+00  6.31088724e-30 
 5.30000000e-01  5.30000000e-01  0.00000000e+00 -1.70759432e-13  1.60229433e-13  1.05299987e-14  0.00000000e+00  1.57772181e-30 
 5.40000000e-01  5.40000000e-01  0.00000000e+00 -1.73459515e-13  1.62919516e-13  1.05399990e-14  0.00000000e+00  1.41994963e-29 
 5.50000000e-01  5.50000000e-01  0.00000000e+00 -1.76180138e-13  1.65630139e-13  1.05499993e-14  0.00000000e+00  1.41994963e-29 
 5.60000000e-01  5.60000000e-01  0.00000000e+00 -1.78921446e-13  1.68361447e-13  1.05599995e-14  0.00000000e+00  9.46633086e-30 
 5.70000000e-01  5.70000000e-01  0.00000000e+00 -1.81683584e-13  1.71113584e-13  1.05699996e-14  0.00000000e+00  2.05103835e-29 
 5.80000000e-01  5.80000000e-01  0.00000000e+00 -1.84466694e-13  1.73886695e-13  1.05799997e-14  0.00000000e+00  7.88860905e-30 
 5.90000000e-01  5.90000000e-01  0.00000000e+00 -1.87270920e-13  1.76680920e-13  1.05899998e-14  0.00000000e+00  0.00000000e+00 
 6.00000000e-01  6.00000000e-01  0.00000000e+00 -1.90096401e-13  1.79496401e-13  1.05999998e-14  0.00000000e+00  1.57772181e-30 
 6.10000000e-01  6.10000000e-01  0.00000000e+00 -1.92943277e-13  1.82333277e-13  1.06099999e-14  0.00000000e+00  2.05103835e-29 
 6.20000000e-01  6.20000000e-01  0.00000000e+00 -1.95811688e-13  1.85191688e-13  1.06199999e-14  0.00000000e+00  1.57772181e-29 
 6.30000000e-01  6.30000000e-01  0.00000000e+00 -1.98701772e-13  1.88071772e-13  1.06299999e-14  0.00000000e+00  6.31088724e-30 
 6.40000000e-01  6.40000000e-01  0.00000000e+00 -2.01613666e-13  1.90973666e-13  1.06400000e-14  0.00000000e+00  9.46633086e-30 
 6.50000000e-01  6.50000000e-01  0.00000000e+00 -2.04547507e-13  1.93897507e-13  1.06500000e-14  0.00000000e+00  2.20881053e-29 
 6.60000000e-01  6.60000000e-01  0.00000000e+00 -2.07503432e-13  1.96843432e-13  1.06600000e-14  0.00000000e+00  4.73316543e-30 
 6.70000000e-01  6.70000000e-01  0.00000000e+00 -2.10481578e-13  1.99811578e-13  1.06700000e-14  0.00000000e+00  1.57772181e-30 
 6.80000000e-01  6.80000000e-01  0.00000000e+00 -2.13482079e-13  2.02802079e-13  1.06800000e-14  0.00000000e+00  2.36658272e-29 
 6.90000000e-01  6.90000000e-01  0.00000000e+00 -2.16505072e-13  2.05815072e-13  1.06900001e-14  0.00000000e+00  1.73549399e-29 
 7.00000000e-01  7.00000000e-01  0.00000000e+00 -2.19550692e-13  2.08850692e-13  1.07000001e-14  0.00000000e+00  4.73316543e-30 
 7.10000000e-01  7.10000000e-01  0.00000000e+00 -2.22619074e-13  2.11909074e-13  1.07100001e-14  0.00000000e+00  1.57772181e-30 
 7.20000000e-01  7.20000000e-01  0.00000000e+00 -2.25710354e-13  2.14990354e-13  1.07200002e-14  0.00000000e+00  1.57772181e-29 
 7.30000000e-01  7.30000000e-01  0.00000000e+00 -2.28824667e-13  2.18094667e-13  1.07300003e-14  0.00000000e+00  9.46633086e-30 
 7.40000000e-01  7.40000000e-01  0.00000000e+00 -2.31962148e-13  2.21222147e-13  1.07400004e-14  0.00000000e+00  1.41994963e-29 
 7.50000000e-01  7.50000000e-01  0.00000000e+00 -2.35122931e-13  2.24372931e-13  1.07500005e-14  0.00000000e+00  4.25984889e-29 
 7.60000000e-01  7.60000000e-01  0.00000000e+00 -2.38307153e-13  2.27547152e-13  1.07600007e-14  0.00000000e+00  4.73316543e-29 
 7.70000000e-01  7.70000000e-01  0.00000000e+00 -2.41514949e-13  2.30744948e-13  1.07700010e-14  0.00000000e+00  2.99767144e-29 
 7.80000000e-01  7.80000000e-01  0.00000000e+00 -2.44746453e-13  2.33966452e-13  1.07800013e-14  0.00000000e+00  1.10440527e-29 
 7.90000000e-01  7.90000000e-01  0.00000000e+00 -2.48001803e-13  2.37211801e-13  1.07900017e-14  0.00000000e+00  1.89326617e-29 
 8.00000000e-01  8.00000000e-01  0.00000000e+00 -2.51281134e-13  2.40481131e-13  1.08000023e-14  0.00000000e+00  3.31321580e-29 
 8.10000000e-01  8.10000000e-01  0.00000000e+00 -2.54584581e-13  2.43774578e-13  1.08100030e-14  0.00000000e+00  5.52202634e-29 
 8.20000000e-01  8.20000000e-01  0.00000000e+00 -2.57912282e-13  2.47092278e-13  1.08200038e-14  0.00000000e+00  2.36658272e-29 
 8.30000000e-01  8.30000000e-01  0.00000000e+00 -2.61264372e-13  2.50434367e-13  1.08300050e-14  0.00000000e+00  3.94430453e-29 
 8.40000000e-01  8.40000000e-01  0.00000000e+00 -2.64640990e-13  2.53800983e-13  1.08400063e-14  0.00000000e+00  4.89093761e-29 
 8.50000000e-01  8.50000000e-01  0.00000000e+00 -2.68042271e-13  2.57192263e-13  1.08500081e-14  0.00000000e+00  3.78653235e-29 
 8.60000000e-01  8.60000000e-01  0.00000000e+00 -2.71468355e-13  2.60608344e-13  1.08600102e-14  0.00000000e+00  1.57772181e-30 
 8.70000000e-01  8.70000000e-01  0.00000000e+00 -2.74919377e-13  2.64049365e-13  1.08700128e-14  0.00000000e+00  6.15311506e-29 
 8.80000000e-01  8.80000000e-01  0.00000000e+00 -2.78395478e-13  2.67515462e-13  1.08800160e-14  0.00000000e+00  4.25984889e-29 
 8.90000000e-01  8.90000000e-01  0.00000000e+00 -2.81896796e-13  2.71006776e-13  1.08900200e-14  0.00000000e+00  4.73316543e-30 
 9.00000000e-01  9.00000000e-01  0.00000000e+00 -2.85423469e-13  2.74523444e-13  1.09000248e-14  0.00000000e+00  7.88860905e-30 
 9.10000000e-01  9.10000000e-01  0.00000000e+00 -2.88975638e-13  2.78065607e-13  1.09100306e-14  0.00000000e+00  1.26217745e-29 
 9.20000000e-01  9.20000000e-01  0.00000000e+00 -2.92553441e-13  2.81633404e-13  1.09200376e-14  0.00000000e+00  4.73316543e-29 
 9.30000000e-01  9.30000000e-01  0.00000000e+00 -2.96157021e-13  2.85226975e-13  1.09300460e-14  0.00000000e+00  4.73316543e-30 
 9.40000000e-01  9.40000000e-01  0.00000000e+00 -2.99786517e-13  2.88846461e-13  1.09400560e-14  0.00000000e+00  6.62643160e-29 
 9.50000000e-01  9.50000000e-01  0.00000000e+00 -3.03442071e-13  2.92492003e-13  1.09500680e-14  0.00000000e+00  7.73083687e-29 
 9.60000000e-01  9.60000000e-01  0.00000000e+00 -3.07123825e-13  2.96163742e-13  1.09600822e-14  0.00000000e+00  1.10440527e-29 
 9.70000000e-01  9.70000000e-01  0.00000000e+00 -3.10831920e-13  2.99861822e-13  1.09700989e-14  0.00000000e+00  7.41529251e-29 
 9.80000000e-01  9.80000000e-01  0.00000000e+00 -3.14566502e-13  3.03586383e-13  1.09801187e-14  0.00000000e+00  9.46633086e-30 
 9.90000000e-01  9.90000000e-01  0.00000000e+00 -3.18327711e-13  3.07337569e-13  1.09901419e-14  0.00000000e+00  4.89093761e-29 
 1.00000000e+00  1.00000000e+00  0.00000000e+00 -3.22115693e-13  3.11115524e-13  1.10001691e-14  0.00000000e+00  5.83757070e-29 
 1.01000000e+00  1.01000000e+00  0.00000000e+00 -3.25930592e-13  3.14920391e-13  1.10102008e-14  0.00000000e+00  3.31321580e-29 
 1.02000000e+00  1.02000000e+00  0.00000000e+00 -3.29772554e-13  3.18752316e-13  1.10202377e-14  0.00000000e+00  1.89326617e-29 
 1.03000000e+00  1.03000000e+00  0.00000000e+00 -3.33641723e-13  3.22611442e-13  1.10302805e-14  0.00000000e+00  1.73549399e-29 
 1.04000000e+00  1.04000000e+00  0.00000000e+00 -3.37538246e-13  3.26497916e-13  1.10403300e-14  0.00000000e+00  4.73316543e-30 
 1.05000000e+00  1.05000000e+00  0.00000000e+00 -3.41462271e-13  3.30411884e-13  1.10503872e-14  0.00000000e+00  2.36658272e-29 
 1.06000000e+00  1.06000000e+00  0.00000000e+00 -3.45413944e-13  3.34353491e-13  1.10604528e-14  0.00000000e+00  2.83989926e-29 
 1.07000000e+00  1.07000000e+00  0.00000000e+00 -3.49393414e-13  3.38322886e-13  1.10705282e-14  0.00000000e+00  1.73549399e-29 
 1.08000000e+00  1.08000000e+00  0.00000000e+00 -3.53400831e-13  3.42320216e-13  1.10806145e-14  0.00000000e+00  5.52202634e-29 
 1.09000000e+00  1.09000000e+00  0.00000000e+00 -3.57436342e-13  3.46345629e-13  1.10907129e-14  0.00000000e+00  7.88860905e-30 
 1.10000000e+00  1.10000000e+00  0.00000000e+00 -3.61500099e-13  3.50399274e-13  1.11008250e-14  0.00000000e+00  1.10440527e-29 
 1.11000000e+00  1.11000000e+00  0.00000000e+00 -3.65592253e-13  3.54481301e-13  1.11109524e-14  0.00000000e+00  2.99767144e-29 
 1.12000000e+00  1.12000000e+00  0.00000000e+00 -3.69712955e-13  3.58591858e-13  1.11210969e-14  0.00000000e+00  3.47098798e-29 
 1.13000000e+00  1.13000000e+00  0.00000000e+00 -3.73862358e-13  3.62731098e-13  1.11312602e-14  0.00000000e+00  3.15544362e-30 
 1.14000000e+00  1.14000000e+00  0.00000000e+00 -3.78040615e-13  3.66899170e-13  1.11414446e-14  0.00000000e+00  0.00000000e+00 
 1.15000000e+00  1.15000000e+00  0.00000000e+00 -3.82247879e-13  3.71096227e-13  1.11516523e-14  0.00000000e+00  3.62876016e-29 
 1.16000000e+00  1.16000000e+00  0.00000000e+00 -3.86484306e-13  3.75322421e-13  1.11618857e-14  0.00000000e+00  3.78653235e-29 
 1.17000000e+00  1.17000000e+00  0.00000000e+00 -3.90750051e-13  3.79577904e-13  1.11721476e-14  0.00000000e+00  1.10440527e-29 
 1.18000000e+00  1.18000000e+00  0.00000000e+00 -3.95045271e-13  3.83862830e-13  1.11824408e-14  0.00000000e+00  3.78653235e-29 
 1.19000000e+00  1.19000000e+00  0.00000000e+00 -3.99370122e-13  3.88177353e-13  1.11927685e-14  0.00000000e+00  2.05103835e-29 
 1.20000000e+00  1.20000000e+00  0.00000000e+00 -4.03724763e-13  3.92521629e-13  1.12031341e-14  0.00000000e+00  1.26217745e-29 
 0.00000000e+00  0.00000000e+00  1.00000000e-01 -1.80414428e-42  3.17595105e-42 -1.37180677e-42  0.00000000e+00  7.96545956e-58 
 1.00000000e-02  1.00000000e-02  1.00000000e-01 -3.36347309e-13  3.33346630e-13  3.00067921e-15  0.00000000e+00  6.31088724e-30 
 2.00000000e-02  2.00000000e-02  1.00000000e-01 -5.27115763e-13  5.22594119e-13  4.52164338e-15  0.00000000e+00  5.44314025e-29 
 3.00000000e-02  3.00000000e-02  1.00000000e-01 -6.96301843e-13  6.90348924e-13  5.95291884e-15  0.00000000e+00  3.86541844e-29 
 4.00000000e-02  4.00000000e-02  1.00000000e-01 -8.19835728e-13  8.12818921e-13  7.01680745e-15  0.00000000e+00  5.44314025e-29 
 5.00000000e-02  5.00000000e-02  1.00000000e-01 -9.11911940e-13  9.04103664e-13  7.80827538e-15  0.00000000e+00  2.36658272e-29 
 6.00000000e-02  6.00000000e-02  1.00000000e-01 -9.84186610e-13  9.75788870e-13  8.39774092e-15  0.00000000e+00  4.92249205e-28 
 7.00000000e-02  7.00000000e-02  1.00000000e-01 -1.04455092e-12  1.03571350e-12  8.83741986e-15  0.00000000e+00  4.49650716e-28 
 8.00000000e-02  8.00000000e-02  1.00000000e-01 -1.09776292e-12  1.08859689e-12  9.16603068e-15  0.00000000e+00  1.64083068e-28 
 9.00000000e-02  9.00000000e-02  1.00000000e-01 -1.14657339e-12  1.13716111e-12  9.41228348e-15  0.00000000e+00  3.28166137e-28 
 1.00000000e-01  1.00000000e-01  1.00000000e-01 -1.19258379e-12  1.18298633e-12  9.59746707e-15  0.00000000e+00  4.25984889e-28 
 1.10000000e-01  1.10000000e-01  1.00000000e-01 -1.23675652e-12  1.22701916e-12  9.73736729e-15  0.00000000e+00  3.70764625e-28 
 1.20000000e-01  1.20000000e-01  1.00000000e-01 -1.27969397e-12  1.26985028e-12  9.84368947e-15  0.00000000e+00  3.83386400e-28 
 1.30000000e-01  1.30000000e-01  1.00000000e-01 -1.32178917e-12  1.31186405e-12  9.92511325e-15  0.00000000e+00  2.74523595e-28 
 1.40000000e-01  1.40000000e-01  1.00000000e-01 -1.36330870e-12  1.35332062e-12  9.98807462e-15  0.00000000e+00  3.47098798e-28 
 1.50000000e-01  1.50000000e-01  1.00000000e-01 -1.40443975e-12  1.39440240e-12  1.00373460e-14  0.00000000e+00  4.85938318e-28 
 1.60000000e-01  1.60000000e-01  1.00000000e-01 -1.44531784e-12  1.43524138e-12  1.00764660e-14  0.00000000e+00  4.70161100e-28 
 1.70000000e-01  1.70000000e-01  1.00000000e-01 -1.48604376e-12  1.47593570e-12  1.01080588e-14  0.00000000e+00  5.11181867e-28 
 1.80000000e-01  1.80000000e-01  1.00000000e-01 -1.52669422e-12  1.51656015e-12  1.01340700e-14  0.00000000e+00  3.54987407e-28 
 1.90000000e-01  1.90000000e-01  1.00000000e-01 -1.56732885e-12  1.55717291e-12  1.01559425e-14  0.00000000e+00  4.40184385e-28 
 2.00000000e-01  2.00000000e-01  1.00000000e-01 -1.60799484e-12  1.59782010e-12  1.01747461e-14  0.00000000e+00  1.78282565e-28 
 2.10000000e-01  2.10000000e-01  1.00000000e-01 -1.64873016e-12  1.63853888e-12  1.01912740e-14  0.00000000e+00  1.57772181e-30 
 2.20000000e-01  2.20000000e-01  1.00000000e-01 -1.68956578e-12  1.67935967e-12  1.02061145e-14  0.00000000e+00  1.57772181e-30 
 2.30000000e-01  2.30000000e-01  1.00000000e-01 -1.73052736e-12  1.72030766e-12  1.02197038e-14  0.00000000e+00  2.52435490e-28 
 2.40000000e-01  2.40000000e-01  1.00000000e-01 -1.77163635e-12  1.76140399e-12  1.02323652e-14  0.00000000e+00  3.09233475e-28 
 2.50000000e-01  2.50000000e-01  1.00000000e-01 -1.81291093e-12  1.80266659e-12  1.02443388e-14  0.00000000e+00  4.10207671e-29 
 2.60000000e-01  2.60000000e-01  1.00000000e-01 -1.85436662e-12  1.84411082e-12  1.02558021e-14  0.00000000e+00  6.53176830e-28 
 2.70000000e-01  2.70000000e-01  1.00000000e-01 -1.89601685e-12  1.88574996e-12  1.02668873e-14  0.00000000e+00  5.97956566e-28 
 2.80000000e-01  2.80000000e-01  1.00000000e-01 -1.93787329e-12  1.92759560e-12  1.02776919e-14  0.00000000e+00  2.35080550e-28 
 2.90000000e-01  2.90000000e-01  1.00000000e-01 -1.97994621e-12  1.96965792e-12  1.02882885e-14  0.00000000e+00  5.01715536e-28 
 3.00000000e-01  3.00000000e-01  1.00000000e-01 -2.02224467e-12  2.01194594e-12  1.02987309e-14  0.00000000e+00  2.99767144e-29 
 3.10000000e-01  3.10000000e-01  1.00000000e-01 -2.06477678e-12  2.05446772e-12  1.03090590e-14  0.00000000e+00  4.44917551e-28 
 3.20000000e-01  3.20000000e-01  1.00000000e-01 -2.10754977e-12  2.09723047e-12  1.03193022e-14  0.00000000e+00  8.50392056e-28 
 3.30000000e-01  3.30000000e-01  1.00000000e-01 -2.15057022e-12  2.14024074e-12  1.03294826e-14  0.00000000e+00  4.32295776e-28 
 3.40000000e-01  3.40000000e-01  1.00000000e-01 -2.19384408e-12  2.18350446e-12  1.03396163e-14  0.00000000e+00  9.56099417e-28 
 3.50000000e-01  3.50000000e-01  1.00000000e-01 -2.23737678e-12  2.22702707e-12  1.03497155e-14  0.00000000e+00  9.46633086e-30 
 3.60000000e-01  3.60000000e-01  1.00000000e-01 -2.28117334e-12  2.27081356e-12  1.03597890e-14  0.00000000e+00  6.65798604e-28 
 3.70000000e-01  3.70000000e-01  1.00000000e-01 -2.32523839e-12  2.31486854e-12  1.03698436e-14  0.00000000e+00  5.36425416e-28 
 3.80000000e-01  3.80000000e-01  1.00000000e-01 -2.36957620e-12  2.35919631e-12  1.03798840e-14  0.00000000e+00  4.54383881e-28 
 3.90000000e-01  3.90000000e-01  1.00000000e-01 -2.41419078e-12  2.40380087e-12  1.03899140e-14  0.00000000e+00  8.56702943e-28 
 4.00000000e-01  4.00000000e-01  1.00000000e-01 -2.45908590e-12  2.44868596e-12  1.03999362e-14  0.00000000e+00  8.23570785e-28 
 4.10000000e-01  4.10000000e-01  1.00000000e-01 -2.50426507e-12  2.49385511e-12  1.04099527e-14  0.00000000e+00  4.82782874e-28 
 4.20000000e-01  4.20000000e-01  1.00000000e-01 -2.54973163e-12  2.53931166e-12  1.04199649e-14  0.00000000e+00  5.52202634e-29 
 4.30000000e-01  4.30000000e-01  1.00000000e-01 -2.59548875e-12  2.58505877e-12  1.04299740e-14  0.00000000e+00  9.30855868e-28 
 4.40000000e-01  4.40000000e-01  1.00000000e-01 -2.64153943e-12  2.63109945e-12  1.04399807e-14  0.00000000e+00  6.83153544e-28 
 4.50000000e-01  4.50000000e-01  1.00000000e-01 -2.68788656e-12  2.67743658e-12  1.04499857e-14  0.00000000e+00  3.67609182e-28 
 4.60000000e-01  4.60000000e-01  1.00000000e-01 -2.73453289e-12  2.72407290e-12  1.04599894e-14  0.00000000e+00  8.67746996e-28 
 4.70000000e-01  4.70000000e-01  1.00000000e-01 -2.78148107e-12  2.77101108e-12  1.04699921e-14  0.00000000e+00  1.08389488e-27 
 4.80000000e-01  4.80000000e-01  1.00000000e-01 -2.82873366e-12  2.81825367e-12  1.04799942e-14  0.00000000e+00  8.36192560e-29 
 4.90000000e-01  4.90000000e-01  1.00000000e-01 -2.87629312e-12  2.86580312e-12  1.04899957e-14  0.00000000e+00  1.62505346e-28 
 5.00000000e-01  5.00000000e-01  1.00000000e-01 -2.92416184e-12  2.91366184e-12  1.04999968e-14  0.00000000e+00  1.09178349e-27 
 5.10000000e-01  5.10000000e-01  1.00000000e-01 -2.97234214e-12  2.96183214e-12  1.05099976e-14  0.00000000e+00  1.52565699e-27 
 5.20000000e-01  5.20000000e-01  1.00000000e-01 -3.02083629e-12  3.01031629e-12  1.05199982e-14  0.00000000e+00  5.82179348e-28 
 5.30000000e-01  5.30000000e-01  1.00000000e-01 -3.06964649e-12  3.05911649e-12  1.05299987e-14  0.00000000e+00  3.48676520e-28 
 5.40000000e-01  5.40000000e-01  1.00000000e-01 -3.11877490e-12  3.10823490e-12  1.05399990e-14  0.00000000e+00  1.10440527e-27 
 5.50000000e-01  5.50000000e-01  1.00000000e-01 -3.16822362e-12  3.15767362e-12  1.05499993e-14  0.00000000e+00  6.65798604e-28 
 5.60000000e-01  5.60000000e-01  1.00000000e-01 -3.21799472e-12  3.20743473e-12  1.05599995e-14  0.00000000e+00  2.06681557e-28 
 5.70000000e-01  5.70000000e-01  1.00000000e-01 -3.26809025e-12  3.25752025e-12  1.05699996e-14  0.00000000e+00  1.06180678e-27 
 5.80000000e-01  5.80000000e-01  1.00000000e-01 -3.31851219e-12  3.30793219e-12  1.05799997e-14  0.00000000e+00  7.43106973e-28 
 5.90000000e-01  5.90000000e-01  1.00000000e-01 -3.36926251e-12  3.35867251e-12  1.05899998e-14  0.00000000e+00  5.44314025e-28 
 6.00000000e-01  6.00000000e-01  1.00000000e-01 -3.42034316e-12  3.40974316e-12  1.05999999e-14  0.00000000e+00  3.99163618e-28 
 6.10000000e-01  6.10000000e-01  1.00000000e-01 -3.47175606e-12  3.46114606e-12  1.06099999e-14  0.00000000e+00  1.46728128e-28 
 6.20000000e-01  6.20000000e-01  1.00000000e-01 -3.52350310e-12  3.51288310e-12  1.06200000e-14  0.00000000e+00  4.48072994e-28 
 6.30000000e-01  6.30000000e-01  1.00000000e-01 -3.57558616e-12  3.56495616e-12  1.06300001e-14  0.00000000e+00  8.74057883e-28 
 6.40000000e-01  6.40000000e-01  1.00000000e-01 -3.62800709e-12  3.61736709e-12  1.06400002e-14  0.00000000e+00  4.00741340e-28 
 6.50000000e-01  6.50000000e-01  1.00000000e-01 -3.68076774e-12  3.67011774e-12  1.06500003e-14  0.00000000e+00  1.03656323e-27 
 6.60000000e-01  6.60000000e-01  1.00000000e-01 -3.73386994e-12  3.72320994e-12  1.06600004e-14  0.00000000e+00  1.83015730e-28 
 6.70000000e-01  6.70000000e-01  1.00000000e-01 -3.78731550e-12  3.77664550e-12  1.06700007e-14  0.00000000e+00  3.62876016e-29 
 6.80000000e-01  6.80000000e-01  1.00000000e-01 -3.84110623e-12  3.83042623e-12  1.06800010e-14  0.00000000e+00  4.27562611e-28 
 6.90000000e-01  6.90000000e-01  1.00000000e-01 -3.89524392e-12  3.88455391e-12  1.06900014e-14  0.00000000e+00  7.24174311e-28 
 7.00000000e-01  7.00000000e-01  1.00000000e-01 -3.94973034e-12  3.93903034e-12  1.07000020e-14  0.00000000e+00  5.80601626e-28 
 7.10000000e-01  7.10000000e-01  1.00000000e-01 -4.00456729e-12  3.99385729e-12  1.07100028e-14  0.00000000e+00  1.35684076e-27 
 7.20000000e-01  7.20000000e-01  1.00000000e-01 -4.05975653e-12  4.04903652e-12  1.07200040e-14  0.00000000e+00  5.33269972e-28 
 7.30000000e-01  7.30000000e-01  1.00000000e-01 -4.11529981e-12  4.10456981e-12  1.07300055e-14  0.00000000e+00  1.64240840e-27 
 7.40000000e-01  7.40000000e-01  1.00000000e-01 -4.17119891e-12  4.16045890e-12  1.07400076e-14  0.00000000e+00  8.36192560e-28 
 7.50000000e-01  7.50000000e-01  1.00000000e-01 -4.22745557e-12  4.21670556e-12  1.07500103e-14  0.00000000e+00  4.25984889e-28 
 7.60000000e-01  7.60000000e-01  1.00000000e-01 -4.28407154e-12  4.27331152e-12  1.07600139e-14  0.00000000e+00  4.81205152e-28 
 7.70000000e-01  7.70000000e-01  1.00000000e-01 -4.34104856e-12  4.33027854e-12  1.07700186e-14  0.00000000e+00  1.04445184e-27 
 7.80000000e-01  7.80000000e-01  1.00000000e-01 -4.39838838e-12  4.38760836e-12  1.07800247e-14  0.00000000e+00  1.15015920e-27 
 7.90000000e-01  7.90000000e-01  1.00000000e-01 -4.45609275e-12  4.44530272e-12  1.07900326e-14  0.00000000e+00  2.83989926e-29 
 8.00000000e-01  8.00000000e-01  1.00000000e-01 -4.51416339e-12  4.50336335e-12  1.08000427e-14  0.00000000e+00  1.90904339e-28 
 8.10000000e-01  8.10000000e-01  1.00000000e-01 -4.57260206e-12  4.56179200e-12  1.08100556e-14  0.00000000e+00  3.39210189e-28 
 8.20000000e-01  8.20000000e-01  1.00000000e-01 -4.63141048e-12  4.62059040e-12  1.08200720e-14  0.00000000e+00  1.60454308e-27 
 8.30000000e-01  8.30000000e-01  1.00000000e-01 -4.69059039e-12  4.67976030e-12  1.08300925e-14  0.00000000e+00  1.20695718e-27 
 8.40000000e-01  8.40000000e-01  1.00000000e-01 -4.75014354e-12  4.73930342e-12  1.08401183e-14  0.00000000e+00  1.90904339e-28 
 8.50000000e-01  8.50000000e-01  1.00000000e-01 -4.81007165e-12  4.79922150e-12  1.08501503e-14  0.00000000e+00  9.37166755e-28 
 8.60000000e-01  8.60000000e-01  1.00000000e-01 -4.87037648e-12  4.85951629e-12  1.08601900e-14  0.00000000e+00  4.02319062e-28 
 8.70000000e-01  8.70000000e-01  1.00000000e-01 -4.93105976e-12  4.92018952e-12  1.08702389e-14  0.00000000e+00  7.76239131e-28 
 8.80000000e-01  8.80000000e-01  1.00000000e-01 -4.99212323e-12  4.98124293e-12  1.08802988e-14  0.00000000e+00  1.29530961e-27 
 8.90000000e-01  8.90000000e-01  1.00000000e-01 -5.05356864e-12  5.04267827e-12  1.08903720e-14  0.00000000e+00  7.14707980e-28 
 9.00000000e-01  9.00000000e-01  1.00000000e-01 -5.11539774e-12  5.10449728e-12  1.09004609e-14  0.00000000e+00  6.57909995e-28 
 9.10000000e-01  9.10000000e-01  1.00000000e-01 -5.17761227e-12  5.16670170e-12  1.09105684e-14  0.00000000e+00  1.06180678e-27 
 9.20000000e-01  9.20000000e-01  1.00000000e-01 -5.24021399e-12  5.22929329e-12  1.09206978e-14  0.00000000e+00  9.13500928e-28 
 9.30000000e-01  9.30000000e-01  1.00000000e-01 -5.30320465e-12  5.29227380e-12  1.09308531e-14  0.00000000e+00  1.06496222e-27 
 9.40000000e-01  9.40000000e-01  1.00000000e-01 -5.36658601e-12  5.35564497e-12  1.09410386e-14  0.00000000e+00  2.50857768e-28 
 9.50000000e-01  9.50000000e-01  1.00000000e-01 -5.43035984e-12  5.41940858e-12  1.09512594e-14  0.00000000e+00  1.56352231e-27 
 9.60000000e-01  9.60000000e-01  1.00000000e-01 -5.49452790e-12  5.48356637e-12  1.09615212e-14  0.00000000e+00  5.69557574e-28 
 9.70000000e-01  9.70000000e-01  1.00000000e-01 -5.55909195e-12  5.54812012e-12  1.09718306e-14  0.00000000e+00  1.48305850e-28 
 9.80000000e-01  9.80000000e-01  1.00000000e-01 -5.62405379e-12  5.61307159e-12  1.09821949e-14  0.00000000e+00  2.26087535e-27 
 9.90000000e-01  9.90000000e-01  1.00000000e-01 -5.68941517e-12  5.67842255e-12  1.09926223e-14  0.00000000e+00  2.72157012e-27 
 1.00000000e+00  1.00000000e+00  1.00000000e-01 -5.75517790e-12  5.74417478e-12  1.10031223e-14  0.00000000e+00  2.44546881e-28 
 1.01000000e+00  1.01000000e+00  1.00000000e-01 -5.82134375e-12  5.81033005e-12  1.10137053e-14  0.00000000e+00  4.02319062e-28 
 1.02000000e+00  1.02000000e+00  1.00000000e-01 -5.88791453e-12  5.87689014e-12  1.10243831e-14  0.00000000e+00  1.30793138e-27 
 1.03000000e+00  1.03000000e+00  1.00000000e-01 -5.95489202e-12  5.94385685e-12  1.10351686e-14  0.00000000e+00  1.09020577e-27 
 1.04000000e+00  1.04000000e+00  1.00000000e-01 -6.02227805e-12  6.01123197e-12  1.10460765e-14  0.00000000e+00  2.15043483e-27 
 1.05000000e+00  1.05000000e+00  1.00000000e-01 -6.09007441e-12  6.07901729e-12  1.10571229e-14  0.00000000e+00  3.10337880e-27 
 1.06000000e+00  1.06000000e+00  1.00000000e-01 -6.15828293e-12  6.14721460e-12  1.10683256e-14  0.00000000e+00  6.04267453e-28 
 1.07000000e+00  1.07000000e+00  1.00000000e-01 -6.22690543e-12  6.21582572e-12  1.10797045e-14  0.00000000e+00  1.65345246e-27 
 1.08000000e+00  1.08000000e+00  1.00000000e-01 -6.29594374e-12  6.28485246e-12  1.10912812e-14  0.00000000e+00  2.47544552e-27 
 1.09000000e+00  1.09000000e+00  1.00000000e-01 -6.36539970e-12  6.35429662e-12  1.11030797e-14  0.00000000e+00  1.99266265e-27 
 1.10000000e+00  1.10000000e+00  1.00000000e-01 -6.43527516e-12  6.42416003e-12  1.11151263e-14  0.00000000e+00  1.46885901e-27 
 1.11000000e+00  1.11000000e+00  1.00000000e-01 -6.50557196e-12  6.49444451e-12  1.11274497e-14  0.00000000e+00  1.78282565e-27 
 1.12000000e+00  1.12000000e+00  1.00000000e-01 -6.57629197e-12  6.56515189e-12  1.11400816e-14  0.00000000e+00  3.25010693e-27 
 1.13000000e+00  1.13000000e+00  1.00000000e-01 -6.64743705e-12  6.63628400e-12  1.11530562e-14  0.00000000e+00  1.54458965e-27 
 1.14000000e+00  1.14000000e+00  1.00000000e-01 -6.71900909e-12  6.70784268e-12  1.11664110e-14  0.00000000e+00  5.00137814e-28 
 1.15000000e+00  1.15000000e+00  1.00000000e-01 -6.79100996e-12  6.77982977e-12  1.11801867e-14  0.00000000e+00  9.29278146e-28 
 1.16000000e+00  1.16000000e+00  1.00000000e-01 -6.86344155e-12  6.85224713e-12  1.11944275e-14  0.00000000e+00  2.20407737e-27 
 1.17000000e+00  1.17000000e+00  1.00000000e-01 -6.93630578e-12  6.92509660e-12  1.12091812e-14  0.00000000e+00  1.40417241e-28 
 1.18000000e+00  1.18000000e+00  1.00000000e-01 -7.00960455e-12  6.99838005e-12  1.12244997e-14  0.00000000e+00  2.41391437e-27 
 1.19000000e+00  1.19000000e+00  1.00000000e-01 -7.08333979e-12  7.07209935e-12  1.12404389e-14  0.00000000e+00  2.29085207e-27 
 1.20000000e+00  1.20000000e+00  1.00000000e-01 -7.15751342e-12  7.14625636e-12  1.12570593e-14  0.00000000e+00  1.20853491e-27 
 0.00000000e+00  0.00000000e+00  2.00000000e-01 -1.81668939e-42  3.16340594e-42 -1.34671656e-42  0.00000000e+00  0.00000000e+00 
 1.00000000e-02  1.00000000e-02  2.00000000e-01 -6.61199916e-12  6.60899848e-12  3.00067921e-15  0.00000000e+00  3.59720573e-28 
 2.00000000e-02  2.00000000e-02  2.00000000e-01 -1.03502542e-11  1.03457325e-11  4.52164338e-15  0.00000000e+00  3.59247256e-27 
 3.00000000e-02  3.00000000e-02  2.00000000e-01 -1.36626032e-11  1.36566503e-11  5.95291884e-15  0.00000000e+00  2.86277623e-27 
 4.00000000e-02  4.00000000e-02  2.00000000e-01 -1.60745164e-11  1.60674996e-11  7.01680745e-15  0.00000000e+00  1.46026042e-26 
 5.00000000e-02  5.00000000e-02  2.00000000e-01 -1.78665901e-11  1.78587818e-11  7.80827538e-15  0.00000000e+00  1.46270589e-26 
 6.00000000e-02  6.00000000e-02  2.00000000e-01 -1.92689493e-11  1.92605516e-11  8.39774092e-15  0.00000000e+00  2.57168655e-28 
 7.00000000e-02  7.00000000e-02  2.00000000e-01 -2.04371224e-11  2.04282850e-11  8.83741986e-15  0.00000000e+00  1.22762534e-26 
 8.00000000e-02  8.00000000e-02  2.00000000e-01 -2.14646801e-11  2.14555141e-11  9.16603068e-15  0.00000000e+00  1.72997197e-26 
 9.00000000e-02  9.00000000e-02  2.00000000e-01 -2.24055720e-11  2.23961597e-11  9.41228348e-15  0.00000000e+00  1.21484579e-27 
 1.00000000e-01  1.00000000e-01  2.00000000e-01 -2.32911084e-11  2.32815109e-11  9.59746707e-15  0.00000000e+00  8.24517418e-27 
 1.10000000e-01  1.10000000e-01  2.00000000e-01 -2.41400426e-11  2.41303052e-11  9.73736729e-15  0.00000000e+00  4.33084637e-27 
 1.20000000e-01  1.20000000e-01  2.00000000e-01 -2.49640743e-11  2.49542306e-11  9.84368947e-15  0.00000000e+00  4.83098418e-27 
 1.30000000e-01  1.30000000e-01  2.00000000e-01 -2.57708142e-11  2.57608891e-11  9.92511325e-15  0.00000000e+00  4.97455687e-27 
 1.40000000e-01  1.40000000e-01  2.00000000e-01 -2.65654110e-11  2.65554229e-11  9.98807462e-15  0.00000000e+00  9.55626101e-27 
 1.50000000e-01  1.50000000e-01  2.00000000e-01 -2.73514726e-11  2.73414353e-11  1.00373460e-14  0.00000000e+00  1.73628285e-26 
 1.60000000e-01  1.60000000e-01  2.00000000e-01 -2.81316070e-11  2.81215305e-11  1.00764660e-14  0.00000000e+00  7.85705462e-28 
 1.70000000e-01  1.70000000e-01  2.00000000e-01 -2.89077512e-11  2.88976431e-11  1.01080588e-14  0.00000000e+00  4.14940836e-27 
 1.80000000e-01  1.80000000e-01  2.00000000e-01 -2.96813785e-11  2.96712444e-11  1.01340700e-14  0.00000000e+00  2.67897163e-27 
 1.90000000e-01  1.90000000e-01  2.00000000e-01 -3.04536329e-11  3.04434769e-11  1.01559425e-14  0.00000000e+00  7.92805210e-27 
 2.00000000e-01  2.00000000e-01  2.00000000e-01 -3.12254191e-11  3.12152444e-11  1.01747461e-14  0.00000000e+00  1.77051942e-26 
 2.10000000e-01  2.10000000e-01  2.00000000e-01 -3.19974642e-11  3.19872729e-11  1.01912740e-14  0.00000000e+00  1.38587084e-26 
 2.20000000e-01  2.20000000e-01  2.00000000e-01 -3.27703609e-11  3.27601548e-11  1.02061145e-14  0.00000000e+00  6.74476074e-27 
 2.30000000e-01  2.30000000e-01  2.00000000e-01 -3.35445985e-11  3.35343788e-11  1.02197038e-14  0.00000000e+00  6.96406407e-27 
 2.40000000e-01  2.40000000e-01  2.00000000e-01 -3.43205858e-11  3.43103534e-11  1.02323652e-14  0.00000000e+00  1.46475693e-26 
 2.50000000e-01  2.50000000e-01  2.00000000e-01 -3.50986678e-11  3.50884235e-11  1.02443388e-14  0.00000000e+00  7.19125601e-27 
 2.60000000e-01  2.60000000e-01  2.00000000e-01 -3.58791384e-11  3.58688826e-11  1.02558021e-14  0.00000000e+00  4.07683316e-27 
 2.70000000e-01  2.70000000e-01  2.00000000e-01 -3.66622503e-11  3.66519834e-11  1.02668873e-14  0.00000000e+00  4.09276815e-26 
 2.80000000e-01  2.80000000e-01  2.00000000e-01 -3.74482224e-11  3.74379447e-11  1.02776919e-14  0.00000000e+00  3.09075703e-27 
 2.90000000e-01  2.90000000e-01  2.00000000e-01 -3.82372456e-11  3.82269573e-11  1.02882885e-14  0.00000000e+00  3.55571164e-26 
 3.00000000e-01  3.00000000e-01  2.00000000e-01 -3.90294880e-11  3.90191892e-11  1.02987309e-14  0.00000000e+00  3.26304425e-26 
 3.10000000e-01  3.10000000e-01  2.00000000e-01 -3.98250980e-11  3.98147890e-11  1.03090590e-14  0.00000000e+00  1.21642352e-27 
 3.20000000e-01  3.20000000e-01  2.00000000e-01 -4.06242081e-11  4.06138888e-11  1.03193022e-14  0.00000000e+00  7.86967639e-27 
 3.30000000e-01  3.30000000e-01  2.00000000e-01 -4.14269364e-11  4.14166070e-11  1.03294826e-14  0.00000000e+00  9.43477643e-28 
 3.40000000e-01  3.40000000e-01  2.00000000e-01 -4.22333897e-11  4.22230501e-11  1.03396163e-14  0.00000000e+00  3.79236992e-26 
 3.50000000e-01  3.50000000e-01  2.00000000e-01 -4.30436644e-11  4.30333147e-11  1.03497155e-14  0.00000000e+00  1.76831061e-26 
 3.60000000e-01  3.60000000e-01  2.00000000e-01 -4.38578481e-11  4.38474883e-11  1.03597890e-14  0.00000000e+00  3.69344676e-27 
 3.70000000e-01  3.70000000e-01  2.00000000e-01 -4.46760210e-11  4.46656512e-11  1.03698436e-14  0.00000000e+00  2.00418002e-26 
 3.80000000e-01  3.80000000e-01  2.00000000e-01 -4.54982567e-11  4.54878768e-11  1.03798840e-14  0.00000000e+00  2.72977428e-26 
 3.90000000e-01  3.90000000e-01  2.00000000e-01 -4.63246229e-11  4.63142329e-11  1.03899140e-14  0.00000000e+00  3.57779975e-26 
 4.00000000e-01  4.00000000e-01  2.00000000e-01 -4.71551824e-11  4.71447824e-11  1.03999362e-14  0.00000000e+00  3.07008887e-26 
 4.10000000e-01  4.10000000e-01  2.00000000e-01 -4.79899935e-11  4.79795836e-11  1.04099527e-14  0.00000000e+00  5.22557241e-26 
 4.20000000e-01  4.20000000e-01  2.00000000e-01 -4.88291108e-11  4.88186908e-11  1.04199649e-14  0.00000000e+00  1.41553201e-26 
 4.30000000e-01  4.30000000e-01  2.00000000e-01 -4.96725851e-11  4.96621551e-11  1.04299740e-14  0.00000000e+00  1.76831061e-26 
 4.40000000e-01  4.40000000e-01  2.00000000e-01 -5.05204644e-11  5.05100244e-11  1.04399807e-14  0.00000000e+00  1.12302238e-26 
 4.50000000e-01  4.50000000e-01  2.00000000e-01 -5.13727938e-11  5.13623438e-11  1.04499857e-14  0.00000000e+00  1.72665875e-26 
 4.60000000e-01  4.60000000e-01  2.00000000e-01 -5.22296160e-11  5.22191560e-11  1.04599894e-14  0.00000000e+00  3.21003280e-26 
 4.70000000e-01  4.70000000e-01  2.00000000e-01 -5.30909717e-11  5.30805017e-11  1.04699921e-14  0.00000000e+00  1.37845555e-26 
 4.80000000e-01  4.80000000e-01  2.00000000e-01 -5.39568994e-11  5.39464194e-11  1.04799942e-14  0.00000000e+00  5.05849167e-26 
 4.90000000e-01  4.90000000e-01  2.00000000e-01 -5.48274360e-11  5.48169460e-11  1.04899957e-14  0.00000000e+00  3.06866892e-27 
 5.00000000e-01  5.00000000e-01  2.00000000e-01 -5.57026168e-11  5.56921168e-11  1.04999968e-14  0.00000000e+00  2.41738536e-26 
 5.10000000e-01  5.10000000e-01  2.00000000e-01 -5.65824755e-11  5.65719656e-11  1.05099976e-14  0.00000000e+00  5.46428172e-26 
 5.20000000e-01  5.20000000e-01  2.00000000e-01 -5.74670449e-11  5.74565249e-11  1.05199982e-14  0.00000000e+00  2.13355320e-26 
 5.30000000e-01  5.30000000e-01  2.00000000e-01 -5.83563563e-11  5.83458264e-11  1.05299987e-14  0.00000000e+00  3.93957136e-26 
 5.40000000e-01  5.40000000e-01  2.00000000e-01 -5.92504402e-11  5.92399002e-11  1.05399991e-14  0.00000000e+00  2.11004515e-26 
 5.50000000e-01  5.50000000e-01  2.00000000e-01 -6.01493258e-11  6.01387758e-11  1.05499993e-14  0.00000000e+00  4.28761679e-26 
 5.60000000e-01  5.60000000e-01  2.00000000e-01 -6.10530417e-11  6.10424817e-11  1.05599996e-14  0.00000000e+00  8.95514900e-27 
 5.70000000e-01  5.70000000e-01  2.00000000e-01 -6.19616158e-11  6.19510458e-11  1.05699997e-14  0.00000000e+00  1.90841230e-26 
 5.80000000e-01  5.80000000e-01  2.00000000e-01 -6.28750751e-11  6.28644951e-11  1.05800000e-14  0.00000000e+00  4.30008079e-26 
 5.90000000e-01  5.90000000e-01  2.00000000e-01 -6.37934460e-11  6.37828560e-11  1.05900002e-14  0.00000000e+00  5.95116667e-26 
 6.00000000e-01  6.00000000e-01  2.00000000e-01 -6.47167544e-11  6.47061544e-11  1.06000005e-14  0.00000000e+00  4.82009790e-26 
 6.10000000e-01  6.10000000e-01  2.00000000e-01 -6.56450253e-11  6.56344153e-11  1.06100009e-14  0.00000000e+00  6.80155872e-27 
 6.20000000e-01  6.20000000e-01  2.00000000e-01 -6.65782838e-11  6.65676638e-11  1.06200015e-14  0.00000000e+00  1.48305850e-26 
 6.30000000e-01  6.30000000e-01  2.00000000e-01 -6.75165541e-11  6.75059241e-11  1.06300025e-14  0.00000000e+00  6.46408403e-26 
 6.40000000e-01  6.40000000e-01  2.00000000e-01 -6.84598600e-11  6.84492200e-11  1.06400038e-14  0.00000000e+00  4.51181106e-26 
 6.50000000e-01  6.50000000e-01  2.00000000e-01 -6.94082252e-11  6.93975752e-11  1.06500058e-14  0.00000000e+00  5.14826404e-26 
 6.60000000e-01  6.60000000e-01  2.00000000e-01 -7.03616729e-11  7.03510129e-11  1.06600087e-14  0.00000000e+00  5.81848026e-26 
 6.70000000e-01  6.70000000e-01  2.00000000e-01 -7.13202259e-11  7.13095559e-11  1.06700128e-14  0.00000000e+00  9.11765434e-27 
 6.80000000e-01  6.80000000e-01  2.00000000e-01 -7.22839069e-11  7.22732269e-11  1.06800186e-14  0.00000000e+00  4.81946681e-26 
 6.90000000e-01  6.90000000e-01  2.00000000e-01 -7.32527381e-11  7.32420481e-11  1.06900268e-14  0.00000000e+00  1.37340684e-26 
 7.00000000e-01  7.00000000e-01  2.00000000e-01 -7.42267417e-11  7.42160416e-11  1.07000381e-14  0.00000000e+00  1.80207385e-26 
 7.10000000e-01  7.10000000e-01  2.00000000e-01 -7.52059395e-11  7.51952294e-11  1.07100537e-14  0.00000000e+00  3.01234425e-26 
 7.20000000e-01  7.20000000e-01  2.00000000e-01 -7.61903532e-11  7.61796332e-11  1.07200750e-14  0.00000000e+00  7.10921448e-27 
 7.30000000e-01  7.30000000e-01  2.00000000e-01 -7.71800043e-11  7.71692742e-11  1.07301037e-14  0.00000000e+00  6.22805685e-26 
 7.40000000e-01  7.40000000e-01  2.00000000e-01 -7.81749142e-11  7.81641740e-11  1.07401422e-14  0.00000000e+00  3.78495462e-27 
 7.50000000e-01  7.50000000e-01  2.00000000e-01 -7.91751039e-11  7.91643537e-11  1.07501933e-14  0.00000000e+00  1.05723139e-26 
 7.60000000e-01  7.60000000e-01  2.00000000e-01 -8.01805946e-11  8.01698343e-11  1.07602606e-14  0.00000000e+00  1.54932282e-27 
 7.70000000e-01  7.70000000e-01  2.00000000e-01 -8.11914071e-11  8.11806367e-11  1.07703486e-14  0.00000000e+00  3.79978521e-26 
 7.80000000e-01  7.80000000e-01  2.00000000e-01 -8.22075622e-11  8.21967818e-11  1.07804630e-14  0.00000000e+00  7.85547689e-27 
 7.90000000e-01  7.90000000e-01  2.00000000e-01 -8.32290807e-11  8.32182900e-11  1.07906105e-14  0.00000000e+00  8.29092811e-27 
 8.00000000e-01  8.00000000e-01  2.00000000e-01 -8.42559830e-11  8.42451822e-11  1.08007995e-14  0.00000000e+00  3.39620397e-26 
 8.10000000e-01  8.10000000e-01  2.00000000e-01 -8.52882898e-11  8.52774788e-11  1.08110401e-14  0.00000000e+00  8.81141854e-26 
 8.20000000e-01  8.20000000e-01  2.00000000e-01 -8.63260215e-11  8.63152001e-11  1.08213445e-14  0.00000000e+00  2.58383501e-26 
 8.30000000e-01  8.30000000e-01  2.00000000e-01 -8.73691984e-11  8.73583667e-11  1.08317274e-14  0.00000000e+00  7.42791428e-27 
 8.40000000e-01  8.40000000e-01  2.00000000e-01 -8.84178409e-11  8.84069987e-11  1.08422063e-14  0.00000000e+00  9.45844225e-27 
 8.50000000e-01  8.50000000e-01  2.00000000e-01 -8.94719692e-11  8.94611164e-11  1.08528021e-14  0.00000000e+00  7.32851781e-27 
 8.60000000e-01  8.60000000e-01  2.00000000e-01 -9.05316036e-11  9.05207401e-11  1.08635393e-14  0.00000000e+00  4.30781163e-26 
 8.70000000e-01  8.70000000e-01  2.00000000e-01 -9.15967643e-11  9.15858898e-11  1.08744469e-14  0.00000000e+00  8.11106783e-27 
 8.80000000e-01  8.80000000e-01  2.00000000e-01 -9.26674713e-11  9.26565858e-11  1.08855588e-14  0.00000000e+00  5.92907856e-27 
 8.90000000e-01  8.90000000e-01  2.00000000e-01 -9.37437449e-11  9.37328480e-11  1.08969147e-14  0.00000000e+00  3.50648672e-26 
 9.00000000e-01  9.00000000e-01  2.00000000e-01 -9.48256051e-11  9.48146966e-11  1.09085605e-14  0.00000000e+00  2.36500499e-27 
 9.10000000e-01  9.10000000e-01  2.00000000e-01 -9.59130721e-11  9.59021515e-11  1.09205497e-14  0.00000000e+00  1.01845098e-25 
 9.20000000e-01  9.20000000e-01  2.00000000e-01 -9.70061659e-11  9.69952329e-11  1.09329435e-14  0.00000000e+00  4.73632087e-26 
 9.30000000e-01  9.30000000e-01  2.00000000e-01 -9.81049066e-11  9.80939608e-11  1.09458125e-14  0.00000000e+00  1.52144447e-25 
 9.40000000e-01  9.40000000e-01  2.00000000e-01 -9.92093143e-11  9.91983551e-11  1.09592376e-14  0.00000000e+00  8.77071332e-26 
 9.50000000e-01  9.50000000e-01  2.00000000e-01 -1.00319409e-10  1.00308436e-10  1.09733109e-14  0.00000000e+00  3.45994393e-26 
 9.60000000e-01  9.60000000e-01  2.00000000e-01 -1.01435211e-10  1.01424223e-10  1.09881371e-14  0.00000000e+00  8.69230054e-26 
 9.70000000e-01  9.70000000e-01  2.00000000e-01 -1.02556740e-10  1.02545737e-10  1.10038350e-14  0.00000000e+00  6.00954238e-27 
 9.80000000e-01  9.80000000e-01  2.00000000e-01 -1.03684017e-10  1.03672997e-10  1.10205388e-14  0.00000000e+00  9.97277956e-27 
 9.90000000e-01  9.90000000e-01  2.00000000e-01 -1.04817061e-10  1.04806023e-10  1.10383997e-14  0.00000000e+00  2.08117284e-26 
 1.00000000e+00  1.00000000e+00  2.00000000e-01 -1.05955893e-10  1.05944836e-10  1.10575875e-14  0.00000000e+00  2.44846648e-26 
 1.01000000e+00  1.01000000e+00  2.00000000e-01 -1.07100533e-10  1.07089455e-10  1.10782925e-14  0.00000000e+00  6.72488144e-26 
 1.02000000e+00  1.02000000e+00  2.00000000e-01 -1.08251002e-10  1.08239901e-10  1.11007272e-14  0.00000000e+00  8.77718198e-26 
 1.03000000e+00  1.03000000e+00  2.00000000e-01 -1.09407319e-10  1.09396193e-10  1.11251284e-14  0.00000000e+00  6.34701707e-26 
 1.04000000e+00  1.04000000e+00  2.00000000e-01 -1.10569504e-10  1.10558352e-10  1.11517595e-14  0.00000000e+00  4.35309225e-26 
 1.05000000e+00  1.05000000e+00  2.00000000e-01 -1.11737579e-10  1.11726398e-10  1.11809122e-14  0.00000000e+00  7.77280427e-26 
 1.06000000e+00  1.06000000e+00  2.00000000e-01 -1.12911564e-10  1.12900351e-10  1.12129096e-14  0.00000000e+00  4.17528300e-26 
 1.07000000e+00  1.07000000e+00  2.00000000e-01 -1.14091478e-10  1.14080230e-10  1.12481080e-14  0.00000000e+00  1.82621300e-26 
 1.08000000e+00  1.08000000e+00  2.00000000e-01 -1.15277343e-10  1.15266057e-10  1.12868998e-14  0.00000000e+00  1.07001093e-25 
 1.09000000e+00  1.09000000e+00  2.00000000e-01 -1.16469180e-10  1.16457850e-10  1.13297164e-14  0.00000000e+00  1.03283981e-25 
 1.10000000e+00  1.10000000e+00  2.00000000e-01 -1.17667009e-10  1.17655632e-10  1.13770306e-14  0.00000000e+00  6.33502639e-26 
 1.11000000e+00  1.11000000e+00  2.00000000e-01 -1.18870850e-10  1.18859421e-10  1.14293600e-14  0.00000000e+00  9.68263652e-26 
 1.12000000e+00  1.12000000e+00  2.00000000e-01 -1.20080725e-10  1.20069237e-10  1.14872700e-14  0.00000000e+00  7.93594071e-27 
 1.13000000e+00  1.13000000e+00  2.00000000e-01 -1.21296654e-10  1.21285103e-10  1.15513769e-14  0.00000000e+00  8.17543888e-26 
 1.14000000e+00  1.14000000e+00  2.00000000e-01 -1.22518659e-10  1.22507036e-10  1.16223512e-14  0.00000000e+00  3.56549352e-26 
 1.15000000e+00  1.15000000e+00  2.00000000e-01 -1.23746760e-10  1.23735059e-10  1.17009214e-14  0.00000000e+00  7.90343964e-26 
 1.16000000e+00  1.16000000e+00  2.00000000e-01 -1.24980979e-10  1.24969191e-10  1.17878775e-14  0.00000000e+00  1.01769368e-25 
 1.17000000e+00  1.17000000e+00  2.00000000e-01 -1.26221337e-10  1.26209453e-10  1.18840746e-14  0.00000000e+00  3.50191133e-26 
 1.18000000e+00  1.18000000e+00  2.00000000e-01 -1.27467855e-10  1.27455865e-10  1.19904368e-14  0.00000000e+00  2.01538184e-26 
 1.19000000e+00  1.19000000e+00  2.00000000e-01 -1.28720555e-10  1.28708447e-10  1.21079613e-14  0.00000000e+00  5.42988738e-26 
 1.20000000e+00  1.20000000e+00  2.00000000e-01 -1.29979459e-10  1.29967221e-10  1.22377226e-14  0.00000000e+00  4.40783919e-26 
 0.00000000e+00  0.00000000e+00  3.00000000e-01 -1.82923450e-42  3.15086083e-42 -1.32162634e-42  0.00000000e+00  3.18618382e-58 
 1.00000000e-02  1.00000000e-02  3.00000000e-01 -1.15682116e-10  1.15679521e-10  2.59490956e-15  0.00000000e+00  5.79418335e-28 
 2.00000000e-02  2.00000000e-02  3.00000000e-01 -2.03939274e-10  2.03934753e-10  4.52164338e-15  0.00000000e+00  1.74544942e-25 
 3.00000000e-02  3.00000000e-02  3.00000000e-01 -2.69006416e-10  2.69000463e-10  5.95291884e-15  0.00000000e+00  1.48649005e-25 
 4.00000000e-02  4.00000000e-02  3.00000000e-01 -3.16260996e-10  3.16253979e-10  7.01680745e-15  0.00000000e+00  3.32569558e-25 
 5.00000000e-02  5.00000000e-02  3.00000000e-01 -3.51259456e-10  3.51251648e-10  7.80827538e-15  0.00000000e+00  2.24221091e-25 
 6.00000000e-02  6.00000000e-02  3.00000000e-01 -3.78550424e-10  3.78542027e-10  8.39774092e-15  0.00000000e+00  3.52232705e-25 
 7.00000000e-02  7.00000000e-02  3.00000000e-01 -4.01204461e-10  4.01195624e-10  8.83741986e-15  0.00000000e+00  5.12617593e-26 
 8.00000000e-02  8.00000000e-02  3.00000000e-01 -4.21067430e-10  4.21058264e-10  9.16603068e-15  0.00000000e+00  4.90845032e-25 
 9.00000000e-02  9.00000000e-02  3.00000000e-01 -4.39202945e-10  4.39193533e-10  9.41228348e-15  0.00000000e+00  1.92516771e-25 
 1.00000000e-01  1.00000000e-01  3.00000000e-01 -4.56227989e-10  4.56218391e-10  9.59746707e-15  0.00000000e+00  4.32721761e-26 
 1.10000000e-01  1.10000000e-01  3.00000000e-01 -4.72511936e-10  4.72502198e-10  9.73736729e-15  0.00000000e+00  4.92700433e-25 
 1.20000000e-01  1.20000000e-01  3.00000000e-01 -4.88285130e-10  4.88275286e-10  9.84368947e-15  0.00000000e+00  6.30426081e-26 
 1.30000000e-01  1.30000000e-01  3.00000000e-01 -5.03697342e-10  5.03687416e-10  9.92511325e-15  0.00000000e+00  3.06238959e-25 
 1.40000000e-01  1.40000000e-01  3.00000000e-01 -5.18849838e-10  5.18839850e-10  9.98807462e-15  0.00000000e+00  3.88476130e-25 
 1.50000000e-01  1.50000000e-01  3.00000000e-01 -5.33813538e-10  5.33803501e-10  1.00373460e-14  0.00000000e+00  1.90478354e-26 
 1.60000000e-01  1.60000000e-01  3.00000000e-01 -5.48639664e-10  5.48629587e-10  1.00764660e-14  0.00000000e+00  2.16685891e-25 
 1.70000000e-01  1.70000000e-01  3.00000000e-01 -5.63366226e-10  5.63356118e-10  1.01080588e-14  0.00000000e+00  3.63753230e-25 
 1.80000000e-01  1.80000000e-01  3.00000000e-01 -5.78022101e-10  5.78011967e-10  1.01340700e-14  0.00000000e+00  3.72455943e-25 
 1.90000000e-01  1.90000000e-01  3.00000000e-01 -5.92629681e-10  5.92619526e-10  1.01559425e-14  0.00000000e+00  7.27668965e-25 
 2.00000000e-01  2.00000000e-01  3.00000000e-01 -6.07206644e-10  6.07196469e-10  1.01747461e-14  0.00000000e+00  5.12781676e-25 
 2.10000000e-01  2.10000000e-01  3.00000000e-01 -6.21767165e-10  6.21756974e-10  1.01912740e-14  0.00000000e+00  1.42621318e-25 
 2.20000000e-01  2.20000000e-01  3.00000000e-01 -6.36322776e-10  6.36312570e-10  1.02061145e-14  0.00000000e+00  1.24575336e-25 
 2.30000000e-01  2.30000000e-01  3.00000000e-01 -6.50882971e-10  6.50872751e-10  1.02197038e-14  0.00000000e+00  4.85480778e-25 
 2.40000000e-01  2.40000000e-01  3.00000000e-01 -6.65455652e-10  6.65445420e-10  1.02323652e-14  0.00000000e+00  4.91712779e-25 
 2.50000000e-01  2.50000000e-01  3.00000000e-01 -6.80047468e-10  6.80037223e-10  1.02443388e-14  0.00000000e+00  5.82308721e-25 
 2.60000000e-01  2.60000000e-01  3.00000000e-01 -6.94664057e-10  6.94653801e-10  1.02558021e-14  0.00000000e+00  9.80033457e-25 
 2.70000000e-01  2.70000000e-01  3.00000000e-01 -7.09310244e-10  7.09299977e-10  1.02668873e-14  0.00000000e+00  4.64342461e-25 
 2.80000000e-01  2.80000000e-01  3.00000000e-01 -7.23990188e-10  7.23979910e-10  1.02776919e-14  0.00000000e+00  1.17065381e-25 
 2.90000000e-01  2.90000000e-01  3.00000000e-01 -7.38707497e-10  7.38697209e-10  1.02882885e-14  0.00000000e+00  3.14960605e-26 
 3.00000000e-01  3.00000000e-01  3.00000000e-01 -7.53465325e-10  7.53455026e-10  1.02987309e-14  0.00000000e+00  7.47175917e-25 
 3.10000000e-01  3.10000000e-01  3.00000000e-01 -7.68266439e-10  7.68256130e-10  1.03090590e-14  0.00000000e+00  3.40920440e-25 
 3.20000000e-01  3.20000000e-01  3.00000000e-01 -7.83113288e-10  7.83102969e-10  1.03193022e-14  0.00000000e+00  2.49256380e-25 
 3.30000000e-01  3.30000000e-01  3.00000000e-01 -7.98008044e-10  7.97997715e-10  1.03294826e-14  0.00000000e+00  6.18826670e-25 
 3.40000000e-01  3.40000000e-01  3.00000000e-01 -8.12952646e-10  8.12942307e-10  1.03396163e-14  0.00000000e+00  2.09098627e-25 
 3.50000000e-01  3.50000000e-01  3.00000000e-01 -8.27948833e-10  8.27938484e-10  1.03497155e-14  0.00000000e+00  4.28001217e-25 
 3.60000000e-01  3.60000000e-01  3.00000000e-01 -8.42998171e-10  8.42987811e-10  1.03597890e-14  0.00000000e+00  5.36117760e-25 
 3.70000000e-01  3.70000000e-01  3.00000000e-01 -8.58102073e-10  8.58091704e-10  1.03698436e-14  0.00000000e+00  2.69572704e-25 
 3.80000000e-01  3.80000000e-01  3.00000000e-01 -8.73261827e-10  8.73251447e-10  1.03798840e-14  0.00000000e+00  4.64329840e-25 
 3.90000000e-01  3.90000000e-01  3.00000000e-01 -8.88478602e-10  8.88468212e-10  1.03899140e-14  0.00000000e+00  4.05261513e-25 
 4.00000000e-01  4.00000000e-01  3.00000000e-01 -9.03753469e-10  9.03743069e-10  1.03999362e-14  0.00000000e+00  8.34867273e-26 
 4.10000000e-01  4.10000000e-01  3.00000000e-01 -9.19087411e-10  9.19077001e-10  1.04099527e-14  0.00000000e+00  1.02741244e-26 
 4.20000000e-01  4.20000000e-01  3.00000000e-01 -9.34481335e-10  9.34470915e-10  1.04199649e-14  0.00000000e+00  2.06555339e-25 
 4.30000000e-01  4.30000000e-01  3.00000000e-01 -9.49936075e-10  9.49925645e-10  1.04299740e-14  0.00000000e+00  4.95634996e-25 
 4.40000000e-01  4.40000000e-01  3.00000000e-01 -9.65452407e-10  9.65441967e-10  1.04399807e-14  0.00000000e+00  5.17150388e-25 
 4.50000000e-01  4.50000000e-01  3.00000000e-01 -9.81031052e-10  9.81020602e-10  1.04499857e-14  0.00000000e+00  3.30756756e-25 
 4.60000000e-01  4.60000000e-01  3.00000000e-01 -9.96672682e-10  9.96662222e-10  1.04599894e-14  0.00000000e+00  7.67601104e-25 
 4.70000000e-01  4.70000000e-01  3.00000000e-01 -1.01237793e-09  1.01236746e-09  1.04699921e-14  0.00000000e+00  1.22489430e-24 
 4.80000000e-01  4.80000000e-01  3.00000000e-01 -1.02814737e-09  1.02813689e-09  1.04799942e-14  0.00000000e+00  4.44570452e-25 
 4.90000000e-01  4.90000000e-01  3.00000000e-01 -1.04398158e-09  1.04397109e-09  1.04899957e-14  0.00000000e+00  4.48140836e-25 
 5.00000000e-01  5.00000000e-01  3.00000000e-01 -1.05988106e-09  1.05987056e-09  1.04999968e-14  0.00000000e+00  8.85479011e-25 
 5.10000000e-01  5.10000000e-01  3.00000000e-01 -1.07584633e-09  1.07583582e-09  1.05099977e-14  0.00000000e+00  6.59429341e-25 
 5.20000000e-01  5.20000000e-01  3.00000000e-01 -1.09187783e-09  1.09186731e-09  1.05199984e-14  0.00000000e+00  8.95142557e-25 
 5.30000000e-01  5.30000000e-01  3.00000000e-01 -1.10797602e-09  1.10796549e-09  1.05299990e-14  0.00000000e+00  2.75336122e-25 
 5.40000000e-01  5.40000000e-01  3.00000000e-01 -1.12414132e-09  1.12413078e-09  1.05399995e-14  0.00000000e+00  7.43337320e-25 
 5.50000000e-01  5.50000000e-01  3.00000000e-01 -1.14037414e-09  1.14036359e-09  1.05500002e-14  0.00000000e+00  1.01668393e-26 
 5.60000000e-01  5.60000000e-01  3.00000000e-01 -1.15667486e-09  1.15666430e-09  1.05600011e-14  0.00000000e+00  9.90777743e-26 
 5.70000000e-01  5.70000000e-01  3.00000000e-01 -1.17304386e-09  1.17303329e-09  1.05700023e-14  0.00000000e+00  3.77540941e-25 
 5.80000000e-01  5.80000000e-01  3.00000000e-01 -1.18948149e-09  1.18947091e-09  1.05800043e-14  0.00000000e+00  4.63695596e-25 
 5.90000000e-01  5.90000000e-01  3.00000000e-01 -1.20598808e-09  1.20597749e-09  1.05900074e-14  0.00000000e+00  8.88609211e-25 
 6.00000000e-01  6.00000000e-01  3.00000000e-01 -1.22256398e-09  1.22255338e-09  1.06000122e-14  0.00000000e+00  1.29246813e-24 
 6.10000000e-01  6.10000000e-01  3.00000000e-01 -1.23920951e-09  1.23919890e-09  1.06100196e-14  0.00000000e+00  4.83887279e-25 
 6.20000000e-01  6.20000000e-01  3.00000000e-01 -1.25592496e-09  1.25591434e-09  1.06200308e-14  0.00000000e+00  2.30767058e-25 
 6.30000000e-01  6.30000000e-01  3.00000000e-01 -1.27271064e-09  1.27270001e-09  1.06300478e-14  0.00000000e+00  1.81194408e-24 
 6.40000000e-01  6.40000000e-01  3.00000000e-01 -1.28956685e-09  1.28955621e-09  1.06400730e-14  0.00000000e+00  7.69328709e-25 
 6.50000000e-01  6.50000000e-01  3.00000000e-01 -1.30649386e-09  1.30648321e-09  1.06501101e-14  0.00000000e+00  1.91531326e-24 
 6.60000000e-01  6.60000000e-01  3.00000000e-01 -1.32349195e-09  1.32348129e-09  1.06601638e-14  0.00000000e+00  8.03185042e-25 
 6.70000000e-01  6.70000000e-01  3.00000000e-01 -1.34056139e-09  1.34055071e-09  1.06702408e-14  0.00000000e+00  6.80315222e-25 
 6.80000000e-01  6.80000000e-01  3.00000000e-01 -1.35770243e-09  1.35769175e-09  1.06803499e-14  0.00000000e+00  1.55940446e-24 
 6.90000000e-01  6.90000000e-01  3.00000000e-01 -1.37491535e-09  1.37490466e-09  1.06905030e-14  0.00000000e+00  1.75168142e-25 
 7.00000000e-01  7.00000000e-01  3.00000000e-01 -1.39220039e-09  1.39218969e-09  1.07007154e-14  0.00000000e+00  7.75349296e-25 
 7.10000000e-01  7.10000000e-01  3.00000000e-01 -1.40955779e-09  1.40954708e-09  1.07110073e-14  0.00000000e+00  5.61850403e-25 
 7.20000000e-01  7.20000000e-01  3.00000000e-01 -1.42698780e-09  1.42697708e-09  1.07214049e-14  0.00000000e+00  2.34851780e-25 
 7.30000000e-01  7.30000000e-01  3.00000000e-01 -1.44449066e-09  1.44447992e-09  1.07319414e-14  0.00000000e+00  2.30106624e-24 
 7.40000000e-01  7.40000000e-01  3.00000000e-01 -1.46206659e-09  1.46205585e-09  1.07426594e-14  0.00000000e+00  8.58059784e-26 
 7.50000000e-01  7.50000000e-01  3.00000000e-01 -1.47971584e-09  1.47970508e-09  1.07536123e-14  0.00000000e+00  1.58419836e-24 
 7.60000000e-01  7.60000000e-01  3.00000000e-01 -1.49743862e-09  1.49742785e-09  1.07648672e-14  0.00000000e+00  9.02554694e-25 
 7.70000000e-01  7.70000000e-01  3.00000000e-01 -1.51523516e-09  1.51522439e-09  1.07765074e-14  0.00000000e+00  1.02368586e-24 
 7.80000000e-01  7.80000000e-01  3.00000000e-01 -1.53310569e-09  1.53309490e-09  1.07886359e-14  0.00000000e+00  7.86439102e-25 
 7.90000000e-01  7.90000000e-01  3.00000000e-01 -1.55105042e-09  1.55103962e-09  1.08013789e-14  0.00000000e+00  1.24512859e-24 
 8.00000000e-01  8.00000000e-01  3.00000000e-01 -1.56906956e-09  1.56905875e-09  1.08148905e-14  0.00000000e+00  4.43276720e-25 
 8.10000000e-01  8.10000000e-01  3.00000000e-01 -1.58716334e-09  1.58715251e-09  1.08293576e-14  0.00000000e+00  9.17322170e-25 
 8.20000000e-01  8.20000000e-01  3.00000000e-01 -1.60533196e-09  1.60532112e-09  1.08450054e-14  0.00000000e+00  4.64902553e-25 
 8.30000000e-01  8.30000000e-01  3.00000000e-01 -1.62357564e-09  1.62356477e-09  1.08621039e-14  0.00000000e+00  1.24476098e-24 
 8.40000000e-01  8.40000000e-01  3.00000000e-01 -1.64189457e-09  1.64188369e-09  1.08809754e-14  0.00000000e+00  8.67543470e-25 
 8.50000000e-01  8.50000000e-01  3.00000000e-01 -1.66028898e-09  1.66027807e-09  1.09020023e-14  0.00000000e+00  1.55438099e-24 
 8.60000000e-01  8.60000000e-01  3.00000000e-01 -1.67875905e-09  1.67874813e-09  1.09256365e-14  0.00000000e+00  5.61539591e-25 
 8.70000000e-01  8.70000000e-01  3.00000000e-01 -1.69730501e-09  1.69729406e-09  1.09524092e-14  0.00000000e+00  1.54261750e-25 
 8.80000000e-01  8.80000000e-01  3.00000000e-01 -1.71592704e-09  1.71591606e-09  1.09829423e-14  0.00000000e+00  5.11910774e-25 
 8.90000000e-01  8.90000000e-01  3.00000000e-01 -1.73462536e-09  1.73461434e-09  1.10179609e-14  0.00000000e+00  1.68478917e-24 
 9.00000000e-01  9.00000000e-01  3.00000000e-01 -1.75340016e-09  1.75338910e-09  1.10583064e-14  0.00000000e+00  7.70474135e-25 
 9.10000000e-01  9.10000000e-01  3.00000000e-01 -1.77225164e-09  1.77224054e-09  1.11049521e-14  0.00000000e+00  1.38432467e-25 
 9.20000000e-01  9.20000000e-01  3.00000000e-01 -1.79118000e-09  1.79116884e-09  1.11590187e-14  0.00000000e+00  7.12047941e-25 
 9.30000000e-01  9.30000000e-01  3.00000000e-01 -1.81018545e-09  1.81017422e-09  1.12217926e-14  0.00000000e+00  2.07404154e-25 
 9.40000000e-01  9.40000000e-01  3.00000000e-01 -1.82926816e-09  1.82925687e-09  1.12947449e-14  0.00000000e+00  2.00636043e-24 
 9.50000000e-01  9.50000000e-01  3.00000000e-01 -1.84842836e-09  1.84841698e-09  1.13795519e-14  0.00000000e+00  1.45705291e-24 
 9.60000000e-01  9.60000000e-01  3.00000000e-01 -1.86766622e-09  1.86765474e-09  1.14781179e-14  0.00000000e+00  1.71058807e-24 
 9.70000000e-01  9.70000000e-01  3.00000000e-01 -1.88698195e-09  1.88697036e-09  1.15925990e-14  0.00000000e+00  5.20783882e-25 
 9.80000000e-01  9.80000000e-01  3.00000000e-01 -1.90637574e-09  1.90636402e-09  1.17254289e-14  0.00000000e+00  4.34984214e-25 
 9.90000000e-01  9.90000000e-01  3.00000000e-01 -1.92584779e-09  1.92583591e-09  1.18793466e-14  0.00000000e+00  5.20698685e-25 
 1.00000000e+00  1.00000000e+00  3.00000000e-01 -1.94539830e-09  1.94538624e-09  1.20574257e-14  0.00000000e+00  7.50254053e-25 
 1.01000000e+00  1.01000000e+00  3.00000000e-01 -1.96502745e-09  1.96501519e-09  1.22631058e-14  0.00000000e+00  9.68804811e-25 
 1.02000000e+00  1.02000000e+00  3.00000000e-01 -1.98473545e-09  1.98472295e-09  1.25002256e-14  0.00000000e+00  2.84334343e-24 
 1.03000000e+00  1.03000000e+00  3.00000000e-01 -2.00452249e-09  2.00450971e-09  1.27730583e-14  0.00000000e+00  1.26421271e-25 
 1.04000000e+00  1.04000000e+00  3.00000000e-01 -2.02438876e-09  2.02437568e-09  1.30863485e-14  0.00000000e+00  1.71436041e-24 
 1.05000000e+00  1.05000000e+00  3.00000000e-01 -2.04433447e-09  2.04432103e-09  1.34453517e-14  0.00000000e+00  1.36301280e-24 
 1.06000000e+00  1.06000000e+00  3.00000000e-01 -2.06435981e-09  2.06434596e-09  1.38558753e-14  0.00000000e+00  1.08176496e-24 
 1.07000000e+00  1.07000000e+00  3.00000000e-01 -2.08446498e-09  2.08445065e-09  1.43243219e-14  0.00000000e+00  2.36017717e-25 
 1.08000000e+00  1.08000000e+00  3.00000000e-01 -2.10465016e-09  2.10463531e-09  1.48577350e-14  0.00000000e+00  3.42968954e-24 
 1.09000000e+00  1.09000000e+00  3.00000000e-01 -2.12491557e-09  2.12490011e-09  1.54638461e-14  0.00000000e+00  8.94726039e-26 
 1.10000000e+00  1.10000000e+00  3.00000000e-01 -2.14526140e-09  2.14524525e-09  1.61511246e-14  0.00000000e+00  4.48416938e-25 
 1.11000000e+00  1.11000000e+00  3.00000000e-01 -2.16568785e-09  2.16567092e-09  1.69288294e-14  0.00000000e+00  4.02183693e-24 
 1.12000000e+00  1.12000000e+00  3.00000000e-01 -2.18619512e-09  2.18617731e-09  1.78070624e-14  0.00000000e+00  1.90090235e-25 
 1.13000000e+00  1.13000000e+00  3.00000000e-01 -2.20678340e-09  2.20676461e-09  1.87968250e-14  0.00000000e+00  3.31906284e-24 
 1.14000000e+00  1.14000000e+00  3.00000000e-01 -2.22745291e-09  2.22743300e-09  1.99100753e-14  0.00000000e+00  2.16195220e-24 
 1.15000000e+00  1.15000000e+00  3.00000000e-01 -2.24820385e-09  2.24818269e-09  2.11597887e-14  0.00000000e+00  3.32700825e-24 
 1.16000000e+00  1.16000000e+00  3.00000000e-01 -2.26903641e-09  2.26901385e-09  2.25600197e-14  0.00000000e+00  1.06891915e-24 
 1.17000000e+00  1.17000000e+00  3.00000000e-01 -2.28995080e-09  2.28992667e-09  2.41259662e-14  0.00000000e+00  1.22958803e-24 
 1.18000000e+00  1.18000000e+00  3.00000000e-01 -2.31094723e-09  2.31092136e-09  2.58740351e-14  0.00000000e+00  1.97728301e-24 
 1.19000000e+00  1.19000000e+00  3.00000000e-01 -2.33202591e-09  2.33199809e-09  2.78219111e-14  0.00000000e+00  6.54233903e-25 
 1.20000000e+00  1.20000000e+00  3.00000000e-01 -2.35318705e-09  2.35315706e-09  2.99886259e-14  0.00000000e+00  1.17849508e-25 
 0.00000000e+00  0.00000000e+00  4.00000000e-01 -1.84177961e-42  3.13831573e-42 -1.29653612e-42  0.00000000e+00  1.59309191e-58 
 1.00000000e-02  1.00000000e-02  4.00000000e-01 -2.23951915e-09  2.23951656e-09  2.59490956e-15  0.00000000e+00  6.25014101e-25 
 2.00000000e-02  2.00000000e-02  4.00000000e-01 -3.94531797e-09  3.94531345e-09  4.52164338e-15  0.00000000e+00  4.91965767e-24 
 3.00000000e-02  3.00000000e-02  4.00000000e-01 -5.20038230e-09  5.20037635e-09  5.95291884e-15  0.00000000e+00  2.65975735e-24 
 4.00000000e-02  4.00000000e-02  4.00000000e-01 -6.10951978e-09  6.10951276e-09  7.01680745e-15  0.00000000e+00  3.48198786e-24 
 5.00000000e-02  5.00000000e-02  4.00000000e-01 -6.78070686e-09  6.78069905e-09  7.80827538e-15  0.00000000e+00  4.43571754e-25 
 6.00000000e-02  6.00000000e-02  4.00000000e-01 -7.30219474e-09  7.30218634e-09  8.39774092e-15  0.00000000e+00  3.07884523e-25 
 7.00000000e-02  7.00000000e-02  4.00000000e-01 -7.73350423e-09  7.73349539e-09  8.83741986e-15  0.00000000e+00  4.82368722e-24 
 8.00000000e-02  8.00000000e-02  4.00000000e-01 -8.11039641e-09  8.11038724e-09  9.16603068e-15  0.00000000e+00  1.91622360e-24 
 9.00000000e-02  9.00000000e-02  4.00000000e-01 -8.45346965e-09  8.45346024e-09  9.41228348e-15  0.00000000e+00  9.40651943e-24 
 1.00000000e-01  1.00000000e-01  4.00000000e-01 -8.77466931e-09  8.77465971e-09  9.59746707e-15  0.00000000e+00  3.41952428e-24 
 1.10000000e-01  1.10000000e-01  4.00000000e-01 -9.08114523e-09  9.08113549e-09  9.73736729e-15  0.00000000e+00  2.07392479e-24 
 1.20000000e-01  1.20000000e-01  4.00000000e-01 -9.37735511e-09  9.37734526e-09  9.84368948e-15  0.00000000e+00  5.12535394e-24 
 1.30000000e-01  1.30000000e-01  4.00000000e-01 -9.66619672e-09  9.66618679e-09  9.92511325e-15  0.00000000e+00  4.53635726e-24 
 1.40000000e-01  1.40000000e-01  4.00000000e-01 -9.94962878e-09  9.94961879e-09  9.98807462e-15  0.00000000e+00  5.01565810e-24 
 1.50000000e-01  1.50000000e-01  4.00000000e-01 -1.02290225e-08  1.02290124e-08  1.00373460e-14  0.00000000e+00  6.22898770e-24 
 1.60000000e-01  1.60000000e-01  4.00000000e-01 -1.05053678e-08  1.05053577e-08  1.00764660e-14  0.00000000e+00  1.33171569e-23 
 1.70000000e-01  1.70000000e-01  4.00000000e-01 -1.07793987e-08  1.07793886e-08  1.01080588e-14  0.00000000e+00  1.40453213e-24 
 1.80000000e-01  1.80000000e-01  4.00000000e-01 -1.10516726e-08  1.10516624e-08  1.01340700e-14  0.00000000e+00  5.80332782e-24 
 1.90000000e-01  1.90000000e-01  4.00000000e-01 -1.13226210e-08  1.13226108e-08  1.01559425e-14  0.00000000e+00  3.24552223e-23 
 2.00000000e-01  2.00000000e-01  4.00000000e-01 -1.15925844e-08  1.15925742e-08  1.01747461e-14  0.00000000e+00  4.16933499e-24 
 2.10000000e-01  2.10000000e-01  4.00000000e-01 -1.18618354e-08  1.18618252e-08  1.01912740e-14  0.00000000e+00  5.91111936e-24 
 2.20000000e-01  2.20000000e-01  4.00000000e-01 -1.21305952e-08  1.21305850e-08  1.02061145e-14  0.00000000e+00  7.70136345e-24 
 2.30000000e-01  2.30000000e-01  4.00000000e-01 -1.23990457e-08  1.23990355e-08  1.02197038e-14  0.00000000e+00  5.94522024e-24 
 2.40000000e-01  2.40000000e-01  4.00000000e-01 -1.26673379e-08  1.26673277e-08  1.02323653e-14  0.00000000e+00  7.75097018e-24 
 2.50000000e-01  2.50000000e-01  4.00000000e-01 -1.29355986e-08  1.29355884e-08  1.02443388e-14  0.00000000e+00  2.48094136e-23 
 2.60000000e-01  2.60000000e-01  4.00000000e-01 -1.32039349e-08  1.32039246e-08  1.02558021e-14  0.00000000e+00  3.82855023e-24 
 2.70000000e-01  2.70000000e-01  4.00000000e-01 -1.34724381e-08  1.34724278e-08  1.02668873e-14  0.00000000e+00  1.71934743e-23 
 2.80000000e-01  2.80000000e-01  4.00000000e-01 -1.37411867e-08  1.37411765e-08  1.02776919e-14  0.00000000e+00  1.11624228e-23 
 2.90000000e-01  2.90000000e-01  4.00000000e-01 -1.40102485e-08  1.40102383e-08  1.02882885e-14  0.00000000e+00  6.71625604e-24 
 3.00000000e-01  3.00000000e-01  4.00000000e-01 -1.42796825e-08  1.42796722e-08  1.02987309e-14  0.00000000e+00  1.93359921e-23 
 3.10000000e-01  3.10000000e-01  4.00000000e-01 -1.45495401e-08  1.45495298e-08  1.03090590e-14  0.00000000e+00  2.94496575e-23 
 3.20000000e-01  3.20000000e-01  4.00000000e-01 -1.48198666e-08  1.48198562e-08  1.03193022e-14  0.00000000e+00  1.65970024e-24 
 3.30000000e-01  3.30000000e-01  4.00000000e-01 -1.50907019e-08  1.50906915e-08  1.03294826e-14  0.00000000e+00  9.56336706e-24 
 3.40000000e-01  3.40000000e-01  4.00000000e-01 -1.53620814e-08  1.53620711e-08  1.03396163e-14  0.00000000e+00  2.42612120e-24 
 3.50000000e-01  3.50000000e-01  4.00000000e-01 -1.56340367e-08  1.56340264e-08  1.03497155e-14  0.00000000e+00  2.18556722e-23 
 3.60000000e-01  3.60000000e-01  4.00000000e-01 -1.59065960e-08  1.59065856e-08  1.03597891e-14  0.00000000e+00  2.00395330e-23 
 3.70000000e-01  3.70000000e-01  4.00000000e-01 -1.61797843e-08  1.61797740e-08  1.03698436e-14  0.00000000e+00  4.98942532e-24 
 3.80000000e-01  3.80000000e-01  4.00000000e-01 -1.64536245e-08  1.64536141e-08  1.03798840e-14  0.00000000e+00  9.37863951e-24 
 3.90000000e-01  3.90000000e-01  4.00000000e-01 -1.67281371e-08  1.67281267e-08  1.03899140e-14  0.00000000e+00  7.41430643e-24 
 4.00000000e-01  4.00000000e-01  4.00000000e-01 -1.70033405e-08  1.70033301e-08  1.03999362e-14  0.00000000e+00  1.41615679e-23 
 4.10000000e-01  4.10000000e-01  4.00000000e-01 -1.72792517e-08  1.72792413e-08  1.04099527e-14  0.00000000e+00  5.18216928e-24 
 4.20000000e-01  4.20000000e-01  4.00000000e-01 -1.75558859e-08  1.75558755e-08  1.04199649e-14  0.00000000e+00  4.39387793e-24 
 4.30000000e-01  4.30000000e-01  4.00000000e-01 -1.78332572e-08  1.78332467e-08  1.04299740e-14  0.00000000e+00  2.34582715e-23 
 4.40000000e-01  4.40000000e-01  4.00000000e-01 -1.81113783e-08  1.81113679e-08  1.04399807e-14  0.00000000e+00  1.98259962e-23 
 4.50000000e-01  4.50000000e-01  4.00000000e-01 -1.83902610e-08  1.83902506e-08  1.04499857e-14  0.00000000e+00  2.05599082e-24 
 4.60000000e-01  4.60000000e-01  4.00000000e-01 -1.86699161e-08  1.86699057e-08  1.04599894e-14  0.00000000e+00  3.27838759e-24 
 4.70000000e-01  4.70000000e-01  4.00000000e-01 -1.89503536e-08  1.89503432e-08  1.04699922e-14  0.00000000e+00  1.61175990e-23 
 4.80000000e-01  4.80000000e-01  4.00000000e-01 -1.92315826e-08  1.92315722e-08  1.04799943e-14  0.00000000e+00  1.63907941e-25 
 4.90000000e-01  4.90000000e-01  4.00000000e-01 -1.95136117e-08  1.95136012e-08  1.04899960e-14  0.00000000e+00  3.36373635e-23 
 5.00000000e-01  5.00000000e-01  4.00000000e-01 -1.97964487e-08  1.97964382e-08  1.04999975e-14  0.00000000e+00  4.68226813e-24 
 5.10000000e-01  5.10000000e-01  4.00000000e-01 -2.00801010e-08  2.00800905e-08  1.05099991e-14  0.00000000e+00  3.30210044e-23 
 5.20000000e-01  5.20000000e-01  4.00000000e-01 -2.03645754e-08  2.03645648e-08  1.05200010e-14  0.00000000e+00  7.32217537e-25 
 5.30000000e-01  5.30000000e-01  4.00000000e-01 -2.06498782e-08  2.06498677e-08  1.05300039e-14  0.00000000e+00  3.32244232e-23 
 5.40000000e-01  5.40000000e-01  4.00000000e-01 -2.09360155e-08  2.09360049e-08  1.05400086e-14  0.00000000e+00  3.38525647e-23 
 5.50000000e-01  5.50000000e-01  4.00000000e-01 -2.12229927e-08  2.12229822e-08  1.05500163e-14  0.00000000e+00  3.47495169e-23 
 5.60000000e-01  5.60000000e-01  4.00000000e-01 -2.15108153e-08  2.15108047e-08  1.05600292e-14  0.00000000e+00  8.12944355e-24 
 5.70000000e-01  5.70000000e-01  4.00000000e-01 -2.17994879e-08  2.17994774e-08  1.05700505e-14  0.00000000e+00  8.56909151e-24 
 5.80000000e-01  5.80000000e-01  4.00000000e-01 -2.20890154e-08  2.20890048e-08  1.05800852e-14  0.00000000e+00  1.14926132e-23 
 5.90000000e-01  5.90000000e-01  4.00000000e-01 -2.23794020e-08  2.23793914e-08  1.05901407e-14  0.00000000e+00  3.68882924e-23 
 6.00000000e-01  6.00000000e-01  4.00000000e-01 -2.26706520e-08  2.26706414e-08  1.06002283e-14  0.00000000e+00  4.23398167e-23 
 6.10000000e-01  6.10000000e-01  4.00000000e-01 -2.29627691e-08  2.29627585e-08  1.06103642e-14  0.00000000e+00  1.80467914e-23 
 6.20000000e-01  6.20000000e-01  4.00000000e-01 -2.32557571e-08  2.32557465e-08  1.06205720e-14  0.00000000e+00  1.92415323e-23 
 6.30000000e-01  6.30000000e-01  4.00000000e-01 -2.35496196e-08  2.35496090e-08  1.06308852e-14  0.00000000e+00  5.42399617e-24 
 6.40000000e-01  6.40000000e-01  4.00000000e-01 -2.38443599e-08  2.38443493e-08  1.06413507e-14  0.00000000e+00  5.67979852e-23 
 6.50000000e-01  6.50000000e-01  4.00000000e-01 -2.41399812e-08  2.41399705e-08  1.06520338e-14  0.00000000e+00  2.32307767e-23 
 6.60000000e-01  6.60000000e-01  4.00000000e-01 -2.44364865e-08  2.44364758e-08  1.06630237e-14  0.00000000e+00  3.00638204e-24 
 6.70000000e-01  6.70000000e-01  4.00000000e-01 -2.47338787e-08  2.47338680e-08  1.06744416e-14  0.00000000e+00  6.18305391e-24 
 6.80000000e-01  6.80000000e-01  4.00000000e-01 -2.50321606e-08  2.50321499e-08  1.06864498e-14  0.00000000e+00  3.08402962e-24 
 6.90000000e-01  6.90000000e-01  4.00000000e-01 -2.53313350e-08  2.53313243e-08  1.06992635e-14  0.00000000e+00  4.63903492e-23 
 7.00000000e-01  7.00000000e-01  4.00000000e-01 -2.56314043e-08  2.56313936e-08  1.07131660e-14  0.00000000e+00  3.94767864e-23 
 7.10000000e-01  7.10000000e-01  4.00000000e-01 -2.59323710e-08  2.59323603e-08  1.07285258e-14  0.00000000e+00  2.35123038e-23 
 7.20000000e-01  7.20000000e-01  4.00000000e-01 -2.62342376e-08  2.62342269e-08  1.07458187e-14  0.00000000e+00  3.46129872e-23 
 7.30000000e-01  7.30000000e-01  4.00000000e-01 -2.65370063e-08  2.65369955e-08  1.07656539e-14  0.00000000e+00  7.04378635e-25 
 7.40000000e-01  7.40000000e-01  4.00000000e-01 -2.68406793e-08  2.68406685e-08  1.07888048e-14  0.00000000e+00  3.15895926e-23 
 7.50000000e-01  7.50000000e-01  4.00000000e-01 -2.71452587e-08  2.71452479e-08  1.08162458e-14  0.00000000e+00  1.78967564e-23 
 7.60000000e-01  7.60000000e-01  4.00000000e-01 -2.74507468e-08  2.74507359e-08  1.08491963e-14  0.00000000e+00  1.35858682e-23 
 7.70000000e-01  7.70000000e-01  4.00000000e-01 -2.77571453e-08  2.77571344e-08  1.08891707e-14  0.00000000e+00  1.46368061e-23 
 7.80000000e-01  7.80000000e-01  4.00000000e-01 -2.80644564e-08  2.80644455e-08  1.09380376e-14  0.00000000e+00  4.33497353e-23 
 7.90000000e-01  7.90000000e-01  4.00000000e-01 -2.83726819e-08  2.83726709e-08  1.09980882e-14  0.00000000e+00  2.80497860e-23 
 8.00000000e-01  8.00000000e-01  4.00000000e-01 -2.86818236e-08  2.86818125e-08  1.10721141e-14  0.00000000e+00  2.02341607e-23 
 8.10000000e-01  8.10000000e-01  4.00000000e-01 -2.89918834e-08  2.89918722e-08  1.11634971e-14  0.00000000e+00  1.93048763e-23 
 8.20000000e-01  8.20000000e-01  4.00000000e-01 -2.93028630e-08  2.93028517e-08  1.12763105e-14  0.00000000e+00  6.51978250e-23 
 8.30000000e-01  8.30000000e-01  4.00000000e-01 -2.96147642e-08  2.96147528e-08  1.14154342e-14  0.00000000e+00  6.04527935e-24 
 8.40000000e-01  8.40000000e-01  4.00000000e-01 -2.99275886e-08  2.99275770e-08  1.15866840e-14  0.00000000e+00  8.47237243e-24 
 8.50000000e-01  8.50000000e-01  4.00000000e-01 -3.02413378e-08  3.02413260e-08  1.17969563e-14  0.00000000e+00  3.76851618e-23 
 8.60000000e-01  8.60000000e-01  4.00000000e-01 -3.05560135e-08  3.05560015e-08  1.20543900e-14  0.00000000e+00  2.53940100e-23 
 8.70000000e-01  8.70000000e-01  4.00000000e-01 -3.08716173e-08  3.08716050e-08  1.23685458e-14  0.00000000e+00  4.85335123e-23 
 8.80000000e-01  8.80000000e-01  4.00000000e-01 -3.11881508e-08  3.11881380e-08  1.27506048e-14  0.00000000e+00  3.05948264e-23 
 8.90000000e-01  8.90000000e-01  4.00000000e-01 -3.15056154e-08  3.15056022e-08  1.32135874e-14  0.00000000e+00  4.88377523e-23 
 9.00000000e-01  9.00000000e-01  4.00000000e-01 -3.18240127e-08  3.18239989e-08  1.37725932e-14  0.00000000e+00  3.15619130e-23 
 9.10000000e-01  9.10000000e-01  4.00000000e-01 -3.21433441e-08  3.21433296e-08  1.44450641e-14  0.00000000e+00  1.45823179e-23 
 9.20000000e-01  9.20000000e-01  4.00000000e-01 -3.24636111e-08  3.24635959e-08  1.52510702e-14  0.00000000e+00  4.11737872e-23 
 9.30000000e-01  9.30000000e-01  4.00000000e-01 -3.27848153e-08  3.27847991e-08  1.62136212e-14  0.00000000e+00  6.43143465e-24 
 9.40000000e-01  9.40000000e-01  4.00000000e-01 -3.31069579e-08  3.31069406e-08  1.73590034e-14  0.00000000e+00  2.03719227e-24 
 9.50000000e-01  9.50000000e-01  4.00000000e-01 -3.34300405e-08  3.34300218e-08  1.87171431e-14  0.00000000e+00  3.31841408e-23 
 9.60000000e-01  9.60000000e-01  4.00000000e-01 -3.37540645e-08  3.37540441e-08  2.03219982e-14  0.00000000e+00  1.27864382e-23 
 9.70000000e-01  9.70000000e-01  4.00000000e-01 -3.40790311e-08  3.40790089e-08  2.22119783e-14  0.00000000e+00  1.55181877e-24 
 9.80000000e-01  9.80000000e-01  4.00000000e-01 -3.44049420e-08  3.44049175e-08  2.44303947e-14  0.00000000e+00  1.03554686e-23 
 9.90000000e-01  9.90000000e-01  4.00000000e-01 -3.47317983e-08  3.47317712e-08  2.70259401e-14  0.00000000e+00  2.19452742e-23 
 1.00000000e+00  1.00000000e+00  4.00000000e-01 -3.50596015e-08  3.50595714e-08  3.00531997e-14  0.00000000e+00  3.21802238e-24 
 1.01000000e+00  1.01000000e+00  4.00000000e-01 -3.53883529e-08  3.53883193e-08  3.35731940e-14  0.00000000e+00  3.55979479e-24 
 1.02000000e+00  1.02000000e+00  4.00000000e-01 -3.57180539e-08  3.57180163e-08  3.76539544e-14  0.00000000e+00  3.63026594e-23 
 1.03000000e+00  1.03000000e+00  4.00000000e-01 -3.60487059e-08  3.60486636e-08  4.23711303e-14  0.00000000e+00  2.35779102e-23 
 1.04000000e+00  1.04000000e+00  4.00000000e-01 -3.63803103e-08  3.63802625e-08  4.78086306e-14  0.00000000e+00  1.29101820e-25 
 1.05000000e+00  1.05000000e+00  4.00000000e-01 -3.67128683e-08  3.67128142e-08  5.40592988e-14  0.00000000e+00  7.21369122e-24 
 1.06000000e+00  1.06000000e+00  4.00000000e-01 -3.70463813e-08  3.70463201e-08  6.12256210e-14  0.00000000e+00  6.13482485e-23 
 1.07000000e+00  1.07000000e+00  4.00000000e-01 -3.73808508e-08  3.73807814e-08  6.94204685e-14  0.00000000e+00  2.80256531e-23 
 1.08000000e+00  1.08000000e+00  4.00000000e-01 -3.77162780e-08  3.77161993e-08  7.87678752e-14  0.00000000e+00  2.32521233e-23 
 1.09000000e+00  1.09000000e+00  4.00000000e-01 -3.80526644e-08  3.80525750e-08  8.94038478e-14  0.00000000e+00  6.87064275e-23 
 1.10000000e+00  1.10000000e+00  4.00000000e-01 -3.83900113e-08  3.83899098e-08  1.01477211e-13  0.00000000e+00  1.18860891e-23 
 1.11000000e+00  1.11000000e+00  4.00000000e-01 -3.87283200e-08  3.87282049e-08  1.15150488e-13  0.00000000e+00  9.98002446e-23 
 1.12000000e+00  1.12000000e+00  4.00000000e-01 -3.90675921e-08  3.90674615e-08  1.30600811e-13  0.00000000e+00  7.83632966e-24 
 1.13000000e+00  1.13000000e+00  4.00000000e-01 -3.94078289e-08  3.94076809e-08  1.48020867e-13  0.00000000e+00  1.66592277e-24 
 1.14000000e+00  1.14000000e+00  4.00000000e-01 -3.97490318e-08  3.97488642e-08  1.67619882e-13  0.00000000e+00  5.02069703e-23 
 1.15000000e+00  1.15000000e+00  4.00000000e-01 -4.00912022e-08  4.00910126e-08  1.89624626e-13  0.00000000e+00  1.62274368e-23 
 1.16000000e+00  1.16000000e+00  4.00000000e-01 -4.04343416e-08  4.04341273e-08  2.14280464e-13  0.00000000e+00  7.21067840e-23 
 1.17000000e+00  1.17000000e+00  4.00000000e-01 -4.07784515e-08  4.07782096e-08  2.41852426e-13  0.00000000e+00  1.53514604e-23 
 1.18000000e+00  1.18000000e+00  4.00000000e-01 -4.11235333e-08  4.11232607e-08  2.72626318e-13  0.00000000e+00  2.55223387e-23 
 1.19000000e+00  1.19000000e+00  4.00000000e-01 -4.14695885e-08  4.14692816e-08  3.06909855e-13  0.00000000e+00  6.37191605e-23 
 1.20000000e+00  1.20000000e+00  4.00000000e-01 -4.18166187e-08  4.18162736e-08  3.45033832e-13  0.00000000e+00  3.87737883e-23 
 0.00000000e+00  0.00000000e+00  5.00000000e-01 -1.85432471e-42  3.12577062e-42 -1.27144590e-42  0.00000000e+00  6.37236764e-58 
 1.00000000e-02  1.00000000e-02  5.00000000e-01 -4.01189290e-08  4.01189264e-08  2.59490956e-15  0.00000000e+00  1.37022579e-23 
 2.00000000e-02  2.00000000e-02  5.00000000e-01 -7.06671206e-08  7.06671161e-08  4.52164338e-15  0.00000000e+00  2.88248741e-23 
 3.00000000e-02  3.00000000e-02  5.00000000e-01 -9.31302967e-08  9.31302908e-08  5.95291884e-15  0.00000000e+00  8.49061098e-23 
 4.00000000e-02  4.00000000e-02  5.00000000e-01 -1.09378925e-07  1.09378918e-07  7.01680745e-15  0.00000000e+00  6.55189766e-23 
 5.00000000e-02  5.00000000e-02  5.00000000e-01 -1.21341979e-07  1.21341972e-07  7.80827538e-15  0.00000000e+00  8.28158485e-24 
 6.00000000e-02  6.00000000e-02  5.00000000e-01 -1.30600991e-07  1.30600982e-07  8.39774093e-15  0.00000000e+00  5.97971223e-23 
 7.00000000e-02  7.00000000e-02  5.00000000e-01 -1.38226199e-07  1.38226190e-07  8.83741987e-15  0.00000000e+00  8.01748226e-23 
 8.00000000e-02  8.00000000e-02  5.00000000e-01 -1.44862232e-07  1.44862223e-07  9.16603069e-15  0.00000000e+00  2.35112467e-22 
 9.00000000e-02  9.00000000e-02  5.00000000e-01 -1.50880934e-07  1.50880925e-07  9.41228350e-15  0.00000000e+00  3.99750371e-22 
 1.00000000e-01  1.00000000e-01  5.00000000e-01 -1.56498091e-07  1.56498081e-07  9.59746709e-15  0.00000000e+00  2.30846310e-22 
 1.10000000e-01  1.10000000e-01  5.00000000e-01 -1.61842885e-07  1.61842875e-07  9.73736731e-15  0.00000000e+00  2.07208649e-22 
 1.20000000e-01  1.20000000e-01  5.00000000e-01 -1.66995853e-07  1.66995843e-07  9.84368950e-15  0.00000000e+00  1.34542635e-22 
 1.30000000e-01  1.30000000e-01  5.00000000e-01 -1.72009340e-07  1.72009330e-07  9.92511328e-15  0.00000000e+00  3.65579627e-22 
 1.40000000e-01  1.40000000e-01  5.00000000e-01 -1.76918717e-07  1.76918707e-07  9.98807465e-15  0.00000000e+00  2.05177234e-22 
 1.50000000e-01  1.50000000e-01  5.00000000e-01 -1.81748739e-07  1.81748729e-07  1.00373460e-14  0.00000000e+00  4.86732940e-22 
 1.60000000e-01  1.60000000e-01  5.00000000e-01 -1.86517270e-07  1.86517260e-07  1.00764660e-14  0.00000000e+00  3.25892352e-22 
 1.70000000e-01  1.70000000e-01  5.00000000e-01 -1.91237550e-07  1.91237540e-07  1.01080588e-14  0.00000000e+00  7.93462284e-22 
 1.80000000e-01  1.80000000e-01  5.00000000e-01 -1.95919625e-07  1.95919615e-07  1.01340701e-14  0.00000000e+00  1.89806489e-22 
 1.90000000e-01  1.90000000e-01  5.00000000e-01 -2.00571274e-07  2.00571264e-07  1.01559426e-14  0.00000000e+00  2.55775350e-22 
 2.00000000e-01  2.00000000e-01  5.00000000e-01 -2.05198623e-07  2.05198612e-07  1.01747461e-14  0.00000000e+00  4.06350190e-22 
 2.10000000e-01  2.10000000e-01  5.00000000e-01 -2.09806574e-07  2.09806564e-07  1.01912740e-14  0.00000000e+00  2.05646537e-22 
 2.20000000e-01  2.20000000e-01  5.00000000e-01 -2.14399105e-07  2.14399095e-07  1.02061146e-14  0.00000000e+00  2.77292047e-22 
 2.30000000e-01  2.30000000e-01  5.00000000e-01 -2.18979479e-07  2.18979469e-07  1.02197038e-14  0.00000000e+00  2.34027185e-22 
 2.40000000e-01  2.40000000e-01  5.00000000e-01 -2.23550404e-07  2.23550393e-07  1.02323653e-14  0.00000000e+00  1.93411500e-22 
 2.50000000e-01  2.50000000e-01  5.00000000e-01 -2.28114144e-07  2.28114134e-07  1.02443389e-14  0.00000000e+00  9.22628238e-23 
 2.60000000e-01  2.60000000e-01  5.00000000e-01 -2.32672616e-07  2.32672606e-07  1.02558022e-14  0.00000000e+00  2.67092992e-22 
 2.70000000e-01  2.70000000e-01  5.00000000e-01 -2.37227447e-07  2.37227437e-07  1.02668874e-14  0.00000000e+00  1.50865055e-22 
 2.80000000e-01  2.80000000e-01  5.00000000e-01 -2.41780033e-07  2.41780023e-07  1.02776920e-14  0.00000000e+00  2.26821854e-23 
 2.90000000e-01  2.90000000e-01  5.00000000e-01 -2.46331577e-07  2.46331566e-07  1.02882886e-14  0.00000000e+00  1.45132580e-22 
 3.00000000e-01  3.00000000e-01  5.00000000e-01 -2.50883121e-07  2.50883110e-07  1.02987310e-14  0.00000000e+00  4.70462929e-22 
 3.10000000e-01  3.10000000e-01  5.00000000e-01 -2.55435574e-07  2.55435563e-07  1.03090591e-14  0.00000000e+00  2.30309535e-22 
 3.20000000e-01  3.20000000e-01  5.00000000e-01 -2.59989731e-07  2.59989721e-07  1.03193023e-14  0.00000000e+00  3.19399213e-22 
 3.30000000e-01  3.30000000e-01  5.00000000e-01 -2.64546292e-07  2.64546282e-07  1.03294827e-14  0.00000000e+00  2.10808048e-22 
 3.40000000e-01  3.40000000e-01  5.00000000e-01 -2.69105875e-07  2.69105864e-07  1.03396165e-14  0.00000000e+00  3.59136505e-22 
 3.50000000e-01  3.50000000e-01  5.00000000e-01 -2.73669026e-07  2.73669015e-07  1.03497157e-14  0.00000000e+00  7.37487727e-23 
 3.60000000e-01  3.60000000e-01  5.00000000e-01 -2.78236232e-07  2.78236221e-07  1.03597892e-14  0.00000000e+00  5.65226830e-22 
 3.70000000e-01  3.70000000e-01  5.00000000e-01 -2.82807926e-07  2.82807916e-07  1.03698437e-14  0.00000000e+00  1.15443830e-22 
 3.80000000e-01  3.80000000e-01  5.00000000e-01 -2.87384498e-07  2.87384487e-07  1.03798842e-14  0.00000000e+00  1.70282041e-22 
 3.90000000e-01  3.90000000e-01  5.00000000e-01 -2.91966294e-07  2.91966284e-07  1.03899142e-14  0.00000000e+00  1.03593926e-22 
 4.00000000e-01  4.00000000e-01  5.00000000e-01 -2.96553628e-07  2.96553617e-07  1.03999364e-14  0.00000000e+00  6.74204605e-22 
 4.10000000e-01  4.10000000e-01  5.00000000e-01 -3.01146782e-07  3.01146771e-07  1.04099529e-14  0.00000000e+00  1.56789054e-22 
 4.20000000e-01  4.20000000e-01  5.00000000e-01 -3.05746010e-07  3.05745999e-07  1.04199651e-14  0.00000000e+00  3.86651473e-22 
 4.30000000e-01  4.30000000e-01  5.00000000e-01 -3.10351543e-07  3.10351533e-07  1.04299742e-14  0.00000000e+00  1.45407982e-22 
 4.40000000e-01  4.40000000e-01  5.00000000e-01 -3.14963591e-07  3.14963581e-07  1.04399810e-14  0.00000000e+00  8.18373531e-22 
 4.50000000e-01  4.50000000e-01  5.00000000e-01 -3.19582343e-07  3.19582332e-07  1.04499860e-14  0.00000000e+00  7.32701127e-22 
 4.60000000e-01  4.60000000e-01  5.00000000e-01 -3.24207972e-07  3.24207962e-07  1.04599900e-14  0.00000000e+00  3.77683641e-22 
 4.70000000e-01  4.70000000e-01  5.00000000e-01 -3.28840636e-07  3.28840625e-07  1.04699935e-14  0.00000000e+00  5.07506221e-22 
 4.80000000e-01  4.80000000e-01  5.00000000e-01 -3.33480478e-07  3.33480468e-07  1.04799971e-14  0.00000000e+00  1.74175715e-22 
 4.90000000e-01  4.90000000e-01  5.00000000e-01 -3.38127631e-07  3.38127621e-07  1.04900019e-14  0.00000000e+00  2.67090069e-22 
 5.00000000e-01  5.00000000e-01  5.00000000e-01 -3.42782215e-07  3.42782204e-07  1.05000094e-14  0.00000000e+00  8.28725628e-23 
 5.10000000e-01  5.10000000e-01  5.00000000e-01 -3.47444339e-07  3.47444328e-07  1.05100225e-14  0.00000000e+00  4.62991480e-22 
 5.20000000e-01  5.20000000e-01  5.00000000e-01 -3.52114105e-07  3.52114095e-07  1.05200459e-14  0.00000000e+00  4.94915145e-23 
 5.30000000e-01  5.30000000e-01  5.00000000e-01 -3.56791607e-07  3.56791596e-07  1.05300879e-14  0.00000000e+00  1.28451950e-21 
 5.40000000e-01  5.40000000e-01  5.00000000e-01 -3.61476929e-07  3.61476919e-07  1.05401619e-14  0.00000000e+00  1.89821261e-22 
 5.50000000e-01  5.50000000e-01  5.00000000e-01 -3.66170151e-07  3.66170140e-07  1.05502899e-14  0.00000000e+00  1.52108767e-21 
 5.60000000e-01  5.60000000e-01  5.00000000e-01 -3.70871344e-07  3.70871333e-07  1.05605069e-14  0.00000000e+00  3.04303568e-24 
 5.70000000e-01  5.70000000e-01  5.00000000e-01 -3.75580576e-07  3.75580565e-07  1.05708680e-14  0.00000000e+00  1.78361569e-22 
 5.80000000e-01  5.80000000e-01  5.00000000e-01 -3.80297908e-07  3.80297898e-07  1.05814575e-14  0.00000000e+00  9.13475764e-22 
 5.90000000e-01  5.90000000e-01  5.00000000e-01 -3.85023398e-07  3.85023387e-07  1.05924029e-14  0.00000000e+00  8.78153538e-23 
 6.00000000e-01  6.00000000e-01  5.00000000e-01 -3.89757097e-07  3.89757086e-07  1.06038936e-14  0.00000000e+00  6.75417201e-23 
 6.10000000e-01  6.10000000e-01  5.00000000e-01 -3.94499055e-07  3.94499044e-07  1.06162067e-14  0.00000000e+00  1.09102437e-21 
 6.20000000e-01  6.20000000e-01  5.00000000e-01 -3.99249315e-07  3.99249305e-07  1.06297419e-14  0.00000000e+00  6.91325554e-22 
 6.30000000e-01  6.30000000e-01  5.00000000e-01 -4.04007921e-07  4.04007911e-07  1.06450671e-14  0.00000000e+00  8.57243474e-22 
 6.40000000e-01  6.40000000e-01  5.00000000e-01 -4.08774911e-07  4.08774900e-07  1.06629795e-14  0.00000000e+00  5.97618815e-22 
 6.50000000e-01  6.50000000e-01  5.00000000e-01 -4.13550319e-07  4.13550308e-07  1.06845839e-14  0.00000000e+00  1.63563043e-22 
 6.60000000e-01  6.60000000e-01  5.00000000e-01 -4.18334180e-07  4.18334169e-07  1.07113929e-14  0.00000000e+00  5.91542321e-22 
 6.70000000e-01  6.70000000e-01  5.00000000e-01 -4.23126523e-07  4.23126513e-07  1.07454551e-14  0.00000000e+00  2.12179885e-22 
 6.80000000e-01  6.80000000e-01  5.00000000e-01 -4.27927378e-07  4.27927367e-07  1.07895149e-14  0.00000000e+00  1.48557279e-22 
 6.90000000e-01  6.90000000e-01  5.00000000e-01 -4.32736770e-07  4.32736759e-07  1.08472115e-14  0.00000000e+00  8.58195021e-22 
 7.00000000e-01  7.00000000e-01  5.00000000e-01 -4.37554724e-07  4.37554713e-07  1.09233247e-14  0.00000000e+00  5.23431744e-22 
 7.10000000e-01  7.10000000e-01  5.00000000e-01 -4.42381263e-07  4.42381252e-07  1.10240739e-14  0.00000000e+00  6.06912883e-22 
 7.20000000e-01  7.20000000e-01  5.00000000e-01 -4.47216408e-07  4.47216397e-07  1.11574812e-14  0.00000000e+00  6.39372366e-22 
 7.30000000e-01  7.30000000e-01  5.00000000e-01 -4.52060178e-07  4.52060166e-07  1.13338069e-14  0.00000000e+00  4.96640704e-22 
 7.40000000e-01  7.40000000e-01  5.00000000e-01 -4.56912591e-07  4.56912579e-07  1.15660696e-14  0.00000000e+00  1.48407421e-22 
 7.50000000e-01  7.50000000e-01  5.00000000e-01 -4.61773664e-07  4.61773652e-07  1.18706612e-14  0.00000000e+00  8.38991438e-23 
 7.60000000e-01  7.60000000e-01  5.00000000e-01 -4.66643412e-07  4.66643400e-07  1.22680702e-14  0.00000000e+00  5.68926280e-23 
 7.70000000e-01  7.70000000e-01  5.00000000e-01 -4.71521851e-07  4.71521839e-07  1.27837272e-14  0.00000000e+00  1.75358234e-22 
 7.80000000e-01  7.80000000e-01  5.00000000e-01 -4.76408994e-07  4.76408980e-07  1.34489850e-14  0.00000000e+00  8.51482792e-22 
 7.90000000e-01  7.90000000e-01  5.00000000e-01 -4.81304852e-07  4.81304838e-07  1.43022511e-14  0.00000000e+00  7.02586899e-22 
 8.00000000e-01  8.00000000e-01  5.00000000e-01 -4.86209438e-07  4.86209423e-07  1.53902860e-14  0.00000000e+00  3.06489990e-22 
 8.10000000e-01  8.10000000e-01  5.00000000e-01 -4.91122762e-07  4.91122745e-07  1.67696846e-14  0.00000000e+00  8.18639111e-23 
 8.20000000e-01  8.20000000e-01  5.00000000e-01 -4.96044834e-07  4.96044816e-07  1.85085585e-14  0.00000000e+00  8.42757839e-23 
 8.30000000e-01  8.30000000e-01  5.00000000e-01 -5.00975664e-07  5.00975643e-07  2.06884352e-14  0.00000000e+00  6.84138661e-22 
 8.40000000e-01  8.40000000e-01  5.00000000e-01 -5.05915259e-07  5.05915235e-07  2.34063926e-14  0.00000000e+00  8.26374318e-22 
 8.50000000e-01  8.50000000e-01  5.00000000e-01 -5.10863628e-07  5.10863601e-07  2.67774481e-14  0.00000000e+00  7.62093845e-23 
 8.60000000e-01  8.60000000e-01  5.00000000e-01 -5.15820778e-07  5.15820747e-07  3.09372187e-14  0.00000000e+00  7.16359666e-22 
 8.70000000e-01  8.70000000e-01  5.00000000e-01 -5.20786716e-07  5.20786680e-07  3.60448714e-14  0.00000000e+00  1.27545183e-22 
 8.80000000e-01  8.80000000e-01  5.00000000e-01 -5.25761448e-07  5.25761406e-07  4.22863832e-14  0.00000000e+00  5.28853165e-22 
 8.90000000e-01  8.90000000e-01  5.00000000e-01 -5.30744980e-07  5.30744930e-07  4.98781267e-14  0.00000000e+00  4.37120374e-22 
 9.00000000e-01  9.00000000e-01  5.00000000e-01 -5.35737317e-07  5.35737258e-07  5.90708019e-14  0.00000000e+00  1.75459074e-22 
 9.10000000e-01  9.10000000e-01  5.00000000e-01 -5.40738465e-07  5.40738395e-07  7.01537289e-14  0.00000000e+00  3.87367712e-22 
 9.20000000e-01  9.20000000e-01  5.00000000e-01 -5.45748429e-07  5.45748345e-07  8.34595212e-14  0.00000000e+00  5.23913728e-22 
 9.30000000e-01  9.30000000e-01  5.00000000e-01 -5.50767211e-07  5.50767112e-07  9.93691542e-14  0.00000000e+00  2.06813896e-22 
 9.40000000e-01  9.40000000e-01  5.00000000e-01 -5.55794817e-07  5.55794699e-07  1.18317446e-13  0.00000000e+00  9.14608363e-23 
 9.50000000e-01  9.50000000e-01  5.00000000e-01 -5.60831251e-07  5.60831110e-07  1.40798964e-13  0.00000000e+00  1.35780355e-22 
 9.60000000e-01  9.60000000e-01  5.00000000e-01 -5.65876515e-07  5.65876348e-07  1.67374373e-13  0.00000000e+00  6.09235207e-22 
 9.70000000e-01  9.70000000e-01  5.00000000e-01 -5.70930614e-07  5.70930415e-07  1.98677240e-13  0.00000000e+00  6.16122859e-22 
 9.80000000e-01  9.80000000e-01  5.00000000e-01 -5.75993551e-07  5.75993315e-07  2.35421295e-13  0.00000000e+00  4.03101208e-22 
 9.90000000e-01  9.90000000e-01  5.00000000e-01 -5.81065327e-07  5.81065049e-07  2.78408186e-13  0.00000000e+00  2.03358092e-22 
 1.00000000e+00  1.00000000e+00  5.00000000e-01 -5.86145948e-07  5.86145619e-07  3.28535704e-13  0.00000000e+00  3.46635832e-23 
 1.01000000e+00  1.01000000e+00  5.00000000e-01 -5.91235414e-07  5.91235027e-07  3.86806512e-13  0.00000000e+00  5.11322019e-22 
 1.02000000e+00  1.02000000e+00  5.00000000e-01 -5.96333729e-07  5.96333275e-07  4.54337381e-13  0.00000000e+00  5.73132666e-22 
 1.03000000e+00  1.03000000e+00  5.00000000e-01 -6.01440896e-07  6.01440364e-07  5.32368922e-13  0.00000000e+00  6.57435315e-22 
 1.04000000e+00  1.04000000e+00  5.00000000e-01 -6.06556917e-07  6.06556295e-07  6.22275846e-13  0.00000000e+00  2.20194035e-21 
 1.05000000e+00  1.05000000e+00  5.00000000e-01 -6.11681795e-07  6.11681069e-07  7.25577733e-13  0.00000000e+00  1.12541083e-21 
 1.06000000e+00  1.06000000e+00  5.00000000e-01 -6.16815532e-07  6.16814688e-07  8.43950320e-13  0.00000000e+00  1.23023123e-21 
 1.07000000e+00  1.07000000e+00  5.00000000e-01 -6.21958130e-07  6.21957151e-07  9.79237316e-13  0.00000000e+00  3.37822097e-22 
 1.08000000e+00  1.08000000e+00  5.00000000e-01 -6.27109593e-07  6.27108460e-07  1.13346273e-12  0.00000000e+00  1.33640257e-21 
 1.09000000e+00  1.09000000e+00  5.00000000e-01 -6.32269924e-07  6.32268615e-07  1.30884370e-12  0.00000000e+00  7.97112113e-22 
 1.10000000e+00  1.10000000e+00  5.00000000e-01 -6.37439124e-07  6.37437617e-07  1.50780389e-12  0.00000000e+00  1.11505098e-21 
 1.11000000e+00  1.11000000e+00  5.00000000e-01 -6.42617198e-07  6.42615465e-07  1.73298732e-12  0.00000000e+00  8.33562182e-22 
 1.12000000e+00  1.12000000e+00  5.00000000e-01 -6.47804147e-07  6.47802160e-07  1.98727276e-12  0.00000000e+00  3.87737277e-22 
 1.13000000e+00  1.13000000e+00  5.00000000e-01 -6.52999976e-07  6.52997702e-07  2.27378860e-12  0.00000000e+00  2.38296113e-21 
 1.14000000e+00  1.14000000e+00  5.00000000e-01 -6.58204687e-07  6.58202091e-07  2.59592819e-12  0.00000000e+00  1.03283597e-21 
 1.15000000e+00  1.15000000e+00  5.00000000e-01 -6.63418285e-07  6.63415327e-07  2.95736566e-12  0.00000000e+00  2.53729575e-21 
 1.16000000e+00  1.16000000e+00  5.00000000e-01 -6.68640772e-07  6.68637410e-07  3.36207227e-12  0.00000000e+00  2.13541845e-21 
 1.17000000e+00  1.17000000e+00  5.00000000e-01 -6.73872154e-07  6.73868340e-07  3.81433311e-12  0.00000000e+00  3.55557609e-22 
 1.18000000e+00  1.18000000e+00  5.00000000e-01 -6.79112435e-07  6.79108116e-07  4.31876431e-12  0.00000000e+00  4.90783867e-22 
 1.19000000e+00  1.19000000e+00  5.00000000e-01 -6.84361618e-07  6.84356738e-07  4.88033068e-12  0.00000000e+00  5.17071086e-22 
 1.20000000e+00  1.20000000e+00  5.00000000e-01 -6.89619710e-07  6.89614205e-07  5.50436374e-12  0.00000000e+00  9.05861322e-22 
 0.00000000e+00  0.00000000e+00  6.00000000e-01 -1.86686982e-42  3.11322551e-42 -1.24635568e-42  0.00000000e+00  0.00000000e+00 
 1.00000000e-02  1.00000000e-02  6.00000000e-01 -5.52970993e-07  5.52970991e-07  2.59490956e-15  0.00000000e+00  4.35197346e-22 
 2.00000000e-02  2.00000000e-02  6.00000000e-01 -9.80513607e-07  9.80513602e-07  4.52164339e-15  0.00000000e+00  2.49029448e-22 
 3.00000000e-02  3.00000000e-02  6.00000000e-01 -1.30014420e-06  1.30014419e-06  5.95291886e-15  0.00000000e+00  1.79882346e-21 
 4.00000000e-02  4.00000000e-02  6.00000000e-01 -1.53433884e-06  1.53433884e-06  7.01680748e-15  0.00000000e+00  1.02182133e-22 
 5.00000000e-02  5.00000000e-02  6.00000000e-01 -1.70738992e-06  1.70738991e-06  7.80827544e-15  0.00000000e+00  3.86226758e-21 
 6.00000000e-02  6.00000000e-02  6.00000000e-01 -1.84046603e-06  1.84046602e-06  8.39774101e-15  0.00000000e+00  2.26352350e-21 
 7.00000000e-02  7.00000000e-02  6.00000000e-01 -1.94873993e-06  1.94873993e-06  8.83741999e-15  0.00000000e+00  3.37430427e-21 
 8.00000000e-02  8.00000000e-02  6.00000000e-01 -2.04174942e-06  2.04174941e-06  9.16603084e-15  0.00000000e+00  1.09407333e-21 
 9.00000000e-02  9.00000000e-02  6.00000000e-01 -2.12514251e-06  2.12514250e-06  9.41228369e-15  0.00000000e+00  1.05502875e-21 
 1.00000000e-01  1.00000000e-01  6.00000000e-01 -2.20224194e-06  2.20224193e-06  9.59746732e-15  0.00000000e+00  4.25970178e-22 
 1.10000000e-01  1.10000000e-01  6.00000000e-01 -2.27504861e-06  2.27504860e-06  9.73736759e-15  0.00000000e+00  1.76436617e-21 
 1.20000000e-01  1.20000000e-01  6.00000000e-01 -2.34481191e-06  2.34481190e-06  9.84368982e-15  0.00000000e+00  4.00131198e-21 
 1.30000000e-01  1.30000000e-01  6.00000000e-01 -2.41234337e-06  2.41234336e-06  9.92511365e-15  0.00000000e+00  4.24285339e-21 
 1.40000000e-01  1.40000000e-01  6.00000000e-01 -2.47819054e-06  2.47819053e-06  9.98807508e-15  0.00000000e+00  3.18186548e-21 
 1.50000000e-01  1.50000000e-01  6.00000000e-01 -2.54273585e-06  2.54273584e-06  1.00373465e-14  0.00000000e+00  1.99972941e-21 
 1.60000000e-01  1.60000000e-01  6.00000000e-01 -2.60625476e-06  2.60625475e-06  1.00764666e-14  0.00000000e+00  1.25782781e-21 
 1.70000000e-01  1.70000000e-01  6.00000000e-01 -2.66895106e-06  2.66895105e-06  1.01080594e-14  0.00000000e+00  6.45267578e-22 
 1.80000000e-01  1.80000000e-01  6.00000000e-01 -2.73097913e-06  2.73097912e-06  1.01340707e-14  0.00000000e+00  4.65308421e-21 
 1.90000000e-01  1.90000000e-01  6.00000000e-01 -2.79245829e-06  2.79245828e-06  1.01559433e-14  0.00000000e+00  3.35378495e-21 
 2.00000000e-01  2.00000000e-01  6.00000000e-01 -2.85348243e-06  2.85348242e-06  1.01747469e-14  0.00000000e+00  9.26520389e-21 
 2.10000000e-01  2.10000000e-01  6.00000000e-01 -2.91412662e-06  2.91412661e-06  1.01912749e-14  0.00000000e+00  4.87975888e-21 
 2.20000000e-01  2.20000000e-01  6.00000000e-01 -2.97445164e-06  2.97445163e-06  1.02061155e-14  0.00000000e+00  3.89292557e-21 
 2.30000000e-01  2.30000000e-01  6.00000000e-01 -3.03450737e-06  3.03450736e-06  1.02197048e-14  0.00000000e+00  9.45928001e-22 
 2.40000000e-01  2.40000000e-01  6.00000000e-01 -3.09433514e-06  3.09433513e-06  1.02323664e-14  0.00000000e+00  2.55502881e-21 
 2.50000000e-01  2.50000000e-01  6.00000000e-01 -3.15396954e-06  3.15396953e-06  1.02443400e-14  0.00000000e+00  2.49141587e-21 
 2.60000000e-01  2.60000000e-01  6.00000000e-01 -3.21343975e-06  3.21343974e-06  1.02558034e-14  0.00000000e+00  5.14239962e-22 
 2.70000000e-01  2.70000000e-01  6.00000000e-01 -3.27277059e-06  3.27277058e-06  1.02668886e-14  0.00000000e+00  6.51617217e-21 
 2.80000000e-01  2.80000000e-01  6.00000000e-01 -3.33198333e-06  3.33198332e-06  1.02776933e-14  0.00000000e+00  1.38606421e-21 
 2.90000000e-01  2.90000000e-01  6.00000000e-01 -3.39109627e-06  3.39109626e-06  1.02882901e-14  0.00000000e+00  4.53500690e-22 
 3.00000000e-01  3.00000000e-01  6.00000000e-01 -3.45012528e-06  3.45012527e-06  1.02987326e-14  0.00000000e+00  3.06358564e-22 
 3.10000000e-01  3.10000000e-01  6.00000000e-01 -3.50908419e-06  3.50908418e-06  1.03090607e-14  0.00000000e+00  1.84657747e-21 
 3.20000000e-01  3.20000000e-01  6.00000000e-01 -3.56798509e-06  3.56798508e-06  1.03193040e-14  0.00000000e+00  5.17113877e-22 
 3.30000000e-01  3.30000000e-01  6.00000000e-01 -3.62683860e-06  3.62683859e-06  1.03294845e-14  0.00000000e+00  2.00572367e-21 
 3.40000000e-01  3.40000000e-01  6.00000000e-01 -3.68565412e-06  3.68565411e-06  1.03396184e-14  0.00000000e+00  3.13055928e-21 
 3.50000000e-01  3.50000000e-01  6.00000000e-01 -3.74443993e-06  3.74443992e-06  1.03497176e-14  0.00000000e+00  4.85734773e-22 
 3.60000000e-01  3.60000000e-01  6.00000000e-01 -3.80320343e-06  3.80320342e-06  1.03597913e-14  0.00000000e+00  3.14592052e-21 
 3.70000000e-01  3.70000000e-01  6.00000000e-01 -3.86195118e-06  3.86195117e-06  1.03698459e-14  0.00000000e+00  2.71533688e-21 
 3.80000000e-01  3.80000000e-01  6.00000000e-01 -3.92068906e-06  3.92068905e-06  1.03798865e-14  0.00000000e+00  6.76518321e-21 
 3.90000000e-01  3.90000000e-01  6.00000000e-01 -3.97942235e-06  3.97942234e-06  1.03899166e-14  0.00000000e+00  3.65223210e-22 
 4.00000000e-01  4.00000000e-01  6.00000000e-01 -4.03815576e-06  4.03815575e-06  1.03999389e-14  0.00000000e+00  6.16766984e-22 
 4.10000000e-01  4.10000000e-01  6.00000000e-01 -4.09689356e-06  4.09689355e-06  1.04099555e-14  0.00000000e+00  1.89989076e-21 
 4.20000000e-01  4.20000000e-01  6.00000000e-01 -4.15563959e-06  4.15563958e-06  1.04199678e-14  0.00000000e+00  1.07614933e-21 
 4.30000000e-01  4.30000000e-01  6.00000000e-01 -4.21439732e-06  4.21439731e-06  1.04299770e-14  0.00000000e+00  4.33562709e-22 
 4.40000000e-01  4.40000000e-01  6.00000000e-01 -4.27316991e-06  4.27316990e-06  1.04399839e-14  0.00000000e+00  3.79741061e-21 
 4.50000000e-01  4.50000000e-01  6.00000000e-01 -4.33196019e-06  4.33196018e-06  1.04499890e-14  0.00000000e+00  4.83063499e-22 
 4.60000000e-01  4.60000000e-01  6.00000000e-01 -4.39077076e-06  4.39077075e-06  1.04599962e-14  0.00000000e+00  1.54162248e-21 
 4.70000000e-01  4.70000000e-01  6.00000000e-01 -4.44960399e-06  4.44960397e-06  1.04700074e-14  0.00000000e+00  6.72476934e-21 
 4.80000000e-01  4.80000000e-01  6.00000000e-01 -4.50846200e-06  4.50846199e-06  1.04800276e-14  0.00000000e+00  1.03703234e-20 
 4.90000000e-01  4.90000000e-01  6.00000000e-01 -4.56734677e-06  4.56734676e-06  1.04900662e-14  0.00000000e+00  5.71297608e-21 
 5.00000000e-01  5.00000000e-01  6.00000000e-01 -4.62626008e-06  4.62626007e-06  1.05001410e-14  0.00000000e+00  8.84392685e-21 
 5.10000000e-01  5.10000000e-01  6.00000000e-01 -4.68520356e-06  4.68520355e-06  1.05102837e-14  0.00000000e+00  1.27829308e-20 
 5.20000000e-01  5.20000000e-01  6.00000000e-01 -4.74417871e-06  4.74417870e-06  1.05205504e-14  0.00000000e+00  2.67574475e-22 
 5.30000000e-01  5.30000000e-01  6.00000000e-01 -4.80318689e-06  4.80318688e-06  1.05310369e-14  0.00000000e+00  5.01456757e-21 
 5.40000000e-01  5.40000000e-01  6.00000000e-01 -4.86222935e-06  4.86222934e-06  1.05419036e-14  0.00000000e+00  1.68370701e-23 
 5.50000000e-01  5.50000000e-01  6.00000000e-01 -4.92130725e-06  4.92130724e-06  1.05534131e-14  0.00000000e+00  5.06309853e-21 
 5.60000000e-01  5.60000000e-01  6.00000000e-01 -4.98042162e-06  4.98042161e-06  1.05659863e-14  0.00000000e+00  5.19903556e-21 
 5.70000000e-01  5.70000000e-01  6.00000000e-01 -5.03957344e-06  5.03957343e-06  1.05802846e-14  0.00000000e+00  1.06953627e-20 
 5.80000000e-01  5.80000000e-01  6.00000000e-01 -5.09876359e-06  5.09876358e-06  1.05973281e-14  0.00000000e+00  8.25218022e-21 
 5.90000000e-01  5.90000000e-01  6.00000000e-01 -5.15799289e-06  5.15799288e-06  1.06186622e-14  0.00000000e+00  3.76114718e-21 
 6.00000000e-01  6.00000000e-01  6.00000000e-01 -5.21726207e-06  5.21726206e-06  1.06465899e-14  0.00000000e+00  4.41387413e-21 
 6.10000000e-01  6.10000000e-01  6.00000000e-01 -5.27657182e-06  5.27657181e-06  1.06844896e-14  0.00000000e+00  3.45418900e-21 
 6.20000000e-01  6.20000000e-01  6.00000000e-01 -5.33592277e-06  5.33592276e-06  1.07372440e-14  0.00000000e+00  1.97909887e-21 
 6.30000000e-01  6.30000000e-01  6.00000000e-01 -5.39531550e-06  5.39531549e-06  1.08118110e-14  0.00000000e+00  2.09428268e-21 
 6.40000000e-01  6.40000000e-01  6.00000000e-01 -5.45475053e-06  5.45475052e-06  1.09179747e-14  0.00000000e+00  2.03716442e-21 
 6.50000000e-01  6.50000000e-01  6.00000000e-01 -5.51422834e-06  5.51422833e-06  1.10693199e-14  0.00000000e+00  8.71697090e-21 
 6.60000000e-01  6.60000000e-01  6.00000000e-01 -5.57374938e-06  5.57374937e-06  1.12844843e-14  0.00000000e+00  8.83214655e-21 
 6.70000000e-01  6.70000000e-01  6.00000000e-01 -5.63331406e-06  5.63331405e-06  1.15887475e-14  0.00000000e+00  8.59670118e-21 
 6.80000000e-01  6.80000000e-01  6.00000000e-01 -5.69292274e-06  5.69292273e-06  1.20160287e-14  0.00000000e+00  1.16827068e-20 
 6.90000000e-01  6.90000000e-01  6.00000000e-01 -5.75257577e-06  5.75257576e-06  1.26113730e-14  0.00000000e+00  1.48593156e-21 
 7.00000000e-01  7.00000000e-01  6.00000000e-01 -5.81227345e-06  5.81227344e-06  1.34340164e-14  0.00000000e+00  8.64610002e-21 
 7.10000000e-01  7.10000000e-01  6.00000000e-01 -5.87201607e-06  5.87201606e-06  1.45611326e-14  0.00000000e+00  3.22677956e-21 
 7.20000000e-01  7.20000000e-01  6.00000000e-01 -5.93180388e-06  5.93180387e-06  1.60923728e-14  0.00000000e+00  1.74102885e-20 
 7.30000000e-01  7.30000000e-01  6.00000000e-01 -5.99163712e-06  5.99163710e-06  1.81553233e-14  0.00000000e+00  5.57032503e-21 
 7.40000000e-01  7.40000000e-01  6.00000000e-01 -6.05151599e-06  6.05151597e-06  2.09120178e-14  0.00000000e+00  1.01312888e-20 
 7.50000000e-01  7.50000000e-01  6.00000000e-01 -6.11144069e-06  6.11144066e-06  2.45666486e-14  0.00000000e+00  3.82219562e-21 
 7.60000000e-01  7.60000000e-01  6.00000000e-01 -6.17141138e-06  6.17141135e-06  2.93746378e-14  0.00000000e+00  1.02929171e-21 
 7.70000000e-01  7.70000000e-01  6.00000000e-01 -6.23142823e-06  6.23142819e-06  3.56532348e-14  0.00000000e+00  6.56236322e-22 
 7.80000000e-01  7.80000000e-01  6.00000000e-01 -6.29149136e-06  6.29149132e-06  4.37938209e-14  0.00000000e+00  2.58364898e-21 
 7.90000000e-01  7.90000000e-01  6.00000000e-01 -6.35160091e-06  6.35160085e-06  5.42761081e-14  0.00000000e+00  7.18641001e-21 
 8.00000000e-01  8.00000000e-01  6.00000000e-01 -6.41175697e-06  6.41175690e-06  6.76844306e-14  0.00000000e+00  4.52638465e-21 
 8.10000000e-01  8.10000000e-01  6.00000000e-01 -6.47195965e-06  6.47195957e-06  8.47263321e-14  0.00000000e+00  3.19454404e-21 
 8.20000000e-01  8.20000000e-01  6.00000000e-01 -6.53220903e-06  6.53220892e-06  1.06253663e-13  0.00000000e+00  1.57787831e-21 
 8.30000000e-01  8.30000000e-01  6.00000000e-01 -6.59250517e-06  6.59250503e-06  1.33286401e-13  0.00000000e+00  1.79570650e-20 
 8.40000000e-01  8.40000000e-01  6.00000000e-01 -6.65284814e-06  6.65284797e-06  1.67039422e-13  0.00000000e+00  1.41250062e-20 
 8.50000000e-01  8.50000000e-01  6.00000000e-01 -6.71323798e-06  6.71323777e-06  2.08952440e-13  0.00000000e+00  1.16732204e-21 
 8.60000000e-01  8.60000000e-01  6.00000000e-01 -6.77367475e-06  6.77367449e-06  2.60723344e-13  0.00000000e+00  7.72448913e-21 
 8.70000000e-01  8.70000000e-01  6.00000000e-01 -6.83415847e-06  6.83415815e-06  3.24345161e-13  0.00000000e+00  6.03195385e-21 
 8.80000000e-01  8.80000000e-01  6.00000000e-01 -6.89468917e-06  6.89468876e-06  4.02146867e-13  0.00000000e+00  6.94933244e-22 
 8.90000000e-01  8.90000000e-01  6.00000000e-01 -6.95526686e-06  6.95526636e-06  4.96838262e-13  0.00000000e+00  8.14627006e-21 
 9.00000000e-01  9.00000000e-01  6.00000000e-01 -7.01589155e-06  7.01589094e-06  6.11559144e-13  0.00000000e+00  5.98075211e-22 
 9.10000000e-01  9.10000000e-01  6.00000000e-01 -7.07656326e-06  7.07656251e-06  7.49932977e-13  0.00000000e+00  8.85745333e-21 
 9.20000000e-01  9.20000000e-01  6.00000000e-01 -7.13728198e-06  7.13728106e-06  9.16125264e-13  0.00000000e+00  3.68478004e-21 
 9.30000000e-01  9.30000000e-01  6.00000000e-01 -7.19804770e-06  7.19804658e-06  1.11490683e-12  0.00000000e+00  5.49535481e-21 
 9.40000000e-01  9.40000000e-01  6.00000000e-01 -7.25886041e-06  7.25885906e-06  1.35172217e-12  0.00000000e+00  5.76717310e-21 
 9.50000000e-01  9.50000000e-01  6.00000000e-01 -7.31972010e-06  7.31971846e-06  1.63276312e-12  0.00000000e+00  3.09002042e-22 
 9.60000000e-01  9.60000000e-01  6.00000000e-01 -7.38062674e-06  7.38062477e-06  1.96504788e-12  0.00000000e+00  2.62904373e-21 
 9.70000000e-01  9.70000000e-01  6.00000000e-01 -7.44158031e-06  7.44157796e-06  2.35650569e-12  0.00000000e+00  6.11604057e-21 
 9.80000000e-01  9.80000000e-01  6.00000000e-01 -7.50258080e-06  7.50257798e-06  2.81606718e-12  0.00000000e+00  5.58767693e-21 
 9.90000000e-01  9.90000000e-01  6.00000000e-01 -7.56362815e-06  7.56362480e-06  3.35376057e-12  0.00000000e+00  4.94481865e-21 
 1.00000000e+00  1.00000000e+00  6.00000000e-01 -7.62472236e-06  7.62471838e-06  3.98081385e-12  0.00000000e+00  9.93038484e-21 
 1.01000000e+00  1.01000000e+00  6.00000000e-01 -7.68586337e-06  7.68585866e-06  4.70976295e-12  0.00000000e+00  6.19406010e-21 
 1.02000000e+00  1.02000000e+00  6.00000000e-01 -7.74705116e-06  7.74704561e-06  5.55456609e-12  0.00000000e+00  1.46013461e-20 
 1.03000000e+00  1.03000000e+00  6.00000000e-01 -7.80828569e-06  7.80827916e-06  6.53072419e-12  0.00000000e+00  1.61189794e-20 
 1.04000000e+00  1.04000000e+00  6.00000000e-01 -7.86956692e-06  7.86955926e-06  7.65540764e-12  0.00000000e+00  1.78086590e-20 
 1.05000000e+00  1.05000000e+00  6.00000000e-01 -7.93089480e-06  7.93088586e-06  8.94758917e-12  0.00000000e+00  2.43321155e-21 
 1.06000000e+00  1.06000000e+00  6.00000000e-01 -7.99226931e-06  7.99225888e-06  1.04281831e-11  0.00000000e+00  5.02266814e-21 
 1.07000000e+00  1.07000000e+00  6.00000000e-01 -8.05369040e-06  8.05367828e-06  1.21201905e-11  0.00000000e+00  7.19456817e-21 
 1.08000000e+00  1.08000000e+00  6.00000000e-01 -8.11515803e-06  8.11514398e-06  1.40488510e-11  0.00000000e+00  1.18405735e-21 
 1.09000000e+00  1.09000000e+00  6.00000000e-01 -8.17667215e-06  8.17665591e-06  1.62418007e-11  0.00000000e+00  5.11692311e-21 
 1.10000000e+00  1.10000000e+00  6.00000000e-01 -8.23823274e-06  8.23821402e-06  1.87292353e-11  0.00000000e+00  9.43531644e-21 
 1.11000000e+00  1.11000000e+00  6.00000000e-01 -8.29983976e-06  8.29981821e-06  2.15440807e-11  0.00000000e+00  1.39108515e-21 
 1.12000000e+00  1.12000000e+00  6.00000000e-01 -8.36149316e-06  8.36146844e-06  2.47221681e-11  0.00000000e+00  8.95447570e-21 
 1.13000000e+00  1.13000000e+00  6.00000000e-01 -8.42319292e-06  8.42316461e-06  2.83024159e-11  0.00000000e+00  3.98633201e-21 
 1.14000000e+00  1.14000000e+00  6.00000000e-01 -8.48493899e-06  8.48490666e-06  3.23270165e-11  0.00000000e+00  5.10700018e-21 
 1.15000000e+00  1.15000000e+00  6.00000000e-01 -8.54673135e-06  8.54669451e-06  3.68416293e-11  0.00000000e+00  3.08587482e-21 
 1.16000000e+00  1.16000000e+00  6.00000000e-01 -8.60856997e-06  8.60852808e-06  4.18955787e-11  0.00000000e+00  5.97505514e-21 
 1.17000000e+00  1.17000000e+00  6.00000000e-01 -8.67045483e-06  8.67040729e-06  4.75420569e-11  0.00000000e+00  1.16230185e-20 
 1.18000000e+00  1.18000000e+00  6.00000000e-01 -8.73238590e-06  8.73233206e-06  5.38383326e-11  0.00000000e+00  6.63553301e-21 
 1.19000000e+00  1.19000000e+00  6.00000000e-01 -8.79436316e-06  8.79430231e-06  6.08459639e-11  0.00000000e+00  2.11520552e-20 
 1.20000000e+00  1.20000000e+00  6.00000000e-01 -8.85638660e-06  8.85631797e-06  6.86310156e-11  0.00000000e+00  2.24039284e-21 
 0.00000000e+00  0.00000000e+00  7.00000000e-01 -1.87941493e-42  3.10068040e-42 -1.22126547e-42  0.00000000e+00  4.77927573e-58 
 1.00000000e-02  1.00000000e-02  7.00000000e-01 -4.31274744e-06  4.31274743e-06  2.59490957e-15  0.00000000e+00  4.22602562e-22 
 2.00000000e-02  2.00000000e-02  7.00000000e-01 -7.90441932e-06  7.90441932e-06  4.52164343e-15  0.00000000e+00  8.17601015e-21 
 3.00000000e-02  3.00000000e-02  7.00000000e-01 -1.08302662e-05  1.08302662e-05  5.95291897e-15  0.00000000e+00  1.48151299e-21 
 4.00000000e-02  4.00000000e-02  7.00000000e-01 -1.31626080e-05  1.31626080e-05  7.01680769e-15  0.00000000e+00  1.38582357e-20 
 5.00000000e-02  5.00000000e-02  7.00000000e-01 -1.49930343e-05  1.49930343e-05  7.80827578e-15  0.00000000e+00  1.27406420e-20 
 6.00000000e-02  6.00000000e-02  7.00000000e-01 -1.64266046e-05  1.64266046e-05  8.39774153e-15  0.00000000e+00  2.64943140e-20 
 7.00000000e-02  7.00000000e-02  7.00000000e-01 -1.75674008e-05  1.75674008e-05  8.83742072e-15  0.00000000e+00  3.45994067e-20 
 8.00000000e-02  8.00000000e-02  7.00000000e-01 -1.85035252e-05  1.85035252e-05  9.16603183e-15  0.00000000e+00  2.40351787e-20 
 9.00000000e-02  9.00000000e-02  7.00000000e-01 -1.93003649e-05  1.93003649e-05  9.41228497e-15  0.00000000e+00  6.48436722e-22 
 1.00000000e-01  1.00000000e-01  7.00000000e-01 -2.00024629e-05  2.00024629e-05  9.59746892e-15  0.00000000e+00  3.77838919e-20 
 1.10000000e-01  1.10000000e-01  7.00000000e-01 -2.06389711e-05  2.06389711e-05  9.73736954e-15  0.00000000e+00  4.13498727e-21 
 1.20000000e-01  1.20000000e-01  7.00000000e-01 -2.12288496e-05  2.12288496e-05  9.84369214e-15  0.00000000e+00  3.34930831e-20 
 1.30000000e-01  1.30000000e-01  7.00000000e-01 -2.17846028e-05  2.17846028e-05  9.92511635e-15  0.00000000e+00  2.13479574e-20 
 1.40000000e-01  1.40000000e-01  7.00000000e-01 -2.23146764e-05  2.23146764e-05  9.98807819e-15  0.00000000e+00  4.18598416e-20 
 1.50000000e-01  1.50000000e-01  7.00000000e-01 -2.28249330e-05  2.28249329e-05  1.00373500e-14  0.00000000e+00  4.00792542e-20 
 1.60000000e-01  1.60000000e-01  7.00000000e-01 -2.33195545e-05  2.33195545e-05  1.00764706e-14  0.00000000e+00  2.09341984e-20 
 1.70000000e-01  1.70000000e-01  7.00000000e-01 -2.38016022e-05  2.38016022e-05  1.01080639e-14  0.00000000e+00  2.32948285e-20 
 1.80000000e-01  1.80000000e-01  7.00000000e-01 -2.42733700e-05  2.42733700e-05  1.01340756e-14  0.00000000e+00  3.65991805e-20 
 1.90000000e-01  1.90000000e-01  7.00000000e-01 -2.47366133e-05  2.47366133e-05  1.01559487e-14  0.00000000e+00  1.02373454e-20 
 2.00000000e-01  2.00000000e-01  7.00000000e-01 -2.51927007e-05  2.51927007e-05  1.01747528e-14  0.00000000e+00  1.70218811e-20 
 2.10000000e-01  2.10000000e-01  7.00000000e-01 -2.56427171e-05  2.56427171e-05  1.01912813e-14  0.00000000e+00  2.82177837e-20 
 2.20000000e-01  2.20000000e-01  7.00000000e-01 -2.60875353e-05  2.60875353e-05  1.02061224e-14  0.00000000e+00  1.91464080e-20 
 2.30000000e-01  2.30000000e-01  7.00000000e-01 -2.65278666e-05  2.65278666e-05  1.02197123e-14  0.00000000e+00  5.31299778e-20 
 2.40000000e-01  2.40000000e-01  7.00000000e-01 -2.69642975e-05  2.69642975e-05  1.02323744e-14  0.00000000e+00  3.00828000e-20 
 2.50000000e-01  2.50000000e-01  7.00000000e-01 -2.73973168e-05  2.73973168e-05  1.02443486e-14  0.00000000e+00  4.73375150e-20 
 2.60000000e-01  2.60000000e-01  7.00000000e-01 -2.78273354e-05  2.78273354e-05  1.02558126e-14  0.00000000e+00  2.50141336e-20 
 2.70000000e-01  2.70000000e-01  7.00000000e-01 -2.82547019e-05  2.82547019e-05  1.02668984e-14  0.00000000e+00  5.22966660e-20 
 2.80000000e-01  2.80000000e-01  7.00000000e-01 -2.86797142e-05  2.86797142e-05  1.02777037e-14  0.00000000e+00  1.94161897e-20 
 2.90000000e-01  2.90000000e-01  7.00000000e-01 -2.91026286e-05  2.91026286e-05  1.02883011e-14  0.00000000e+00  8.42186375e-21 
 3.00000000e-01  3.00000000e-01  7.00000000e-01 -2.95236670e-05  2.95236670e-05  1.02987442e-14  0.00000000e+00  2.63719388e-20 
 3.10000000e-01  3.10000000e-01  7.00000000e-01 -2.99430228e-05  2.99430228e-05  1.03090730e-14  0.00000000e+00  1.03268124e-21 
 3.20000000e-01  3.20000000e-01  7.00000000e-01 -3.03608651e-05  3.03608651e-05  1.03193170e-14  0.00000000e+00  2.71916115e-21 
 3.30000000e-01  3.30000000e-01  7.00000000e-01 -3.07773428e-05  3.07773428e-05  1.03294982e-14  0.00000000e+00  2.79643680e-20 
 3.40000000e-01  3.40000000e-01  7.00000000e-01 -3.11925875e-05  3.11925875e-05  1.03396327e-14  0.00000000e+00  3.74950142e-20 
 3.50000000e-01  3.50000000e-01  7.00000000e-01 -3.16067159e-05  3.16067159e-05  1.03497327e-14  0.00000000e+00  2.05969697e-20 
 3.60000000e-01  3.60000000e-01  7.00000000e-01 -3.20198318e-05  3.20198318e-05  1.03598070e-14  0.00000000e+00  2.93198888e-20 
 3.70000000e-01  3.70000000e-01  7.00000000e-01 -3.24320283e-05  3.24320283e-05  1.03698624e-14  0.00000000e+00  3.94925569e-21 
 3.80000000e-01  3.80000000e-01  7.00000000e-01 -3.28433885e-05  3.28433885e-05  1.03799037e-14  0.00000000e+00  9.58528782e-21 
 3.90000000e-01  3.90000000e-01  7.00000000e-01 -3.32539876e-05  3.32539876e-05  1.03899345e-14  0.00000000e+00  1.15605674e-20 
 4.00000000e-01  4.00000000e-01  7.00000000e-01 -3.36638930e-05  3.36638929e-05  1.03999576e-14  0.00000000e+00  6.00106781e-20 
 4.10000000e-01  4.10000000e-01  7.00000000e-01 -3.40731658e-05  3.40731658e-05  1.04099750e-14  0.00000000e+00  2.60201336e-20 
 4.20000000e-01  4.20000000e-01  7.00000000e-01 -3.44818617e-05  3.44818616e-05  1.04199882e-14  0.00000000e+00  4.17584487e-20 
 4.30000000e-01  4.30000000e-01  7.00000000e-01 -3.48900308e-05  3.48900308e-05  1.04299981e-14  0.00000000e+00  6.43153780e-21 
 4.40000000e-01  4.40000000e-01  7.00000000e-01 -3.52977191e-05  3.52977191e-05  1.04400058e-14  0.00000000e+00  2.65672778e-20 
 4.50000000e-01  4.50000000e-01  7.00000000e-01 -3.57049686e-05  3.57049686e-05  1.04500117e-14  0.00000000e+00  3.63354511e-21 
 4.60000000e-01  4.60000000e-01  7.00000000e-01 -3.61118174e-05  3.61118174e-05  1.04600164e-14  0.00000000e+00  3.36365808e-20 
 4.70000000e-01  4.70000000e-01  7.00000000e-01 -3.65183008e-05  3.65183008e-05  1.04700289e-14  0.00000000e+00  3.69033932e-20 
 4.80000000e-01  4.80000000e-01  7.00000000e-01 -3.69244510e-05  3.69244510e-05  1.04800789e-14  0.00000000e+00  4.29531610e-20 
 4.90000000e-01  4.90000000e-01  7.00000000e-01 -3.73302975e-05  3.73302975e-05  1.04901834e-14  0.00000000e+00  1.91812806e-20 
 5.00000000e-01  5.00000000e-01  7.00000000e-01 -3.77358676e-05  3.77358676e-05  1.05003987e-14  0.00000000e+00  9.04028972e-21 
 5.10000000e-01  5.10000000e-01  7.00000000e-01 -3.81411865e-05  3.81411865e-05  1.05108301e-14  0.00000000e+00  3.21814015e-20 
 5.20000000e-01  5.20000000e-01  7.00000000e-01 -3.85462775e-05  3.85462775e-05  1.05216709e-14  0.00000000e+00  9.72521625e-21 
 5.30000000e-01  5.30000000e-01  7.00000000e-01 -3.89511619e-05  3.89511619e-05  1.05332643e-14  0.00000000e+00  2.33919792e-20 
 5.40000000e-01  5.40000000e-01  7.00000000e-01 -3.93558596e-05  3.93558596e-05  1.05462053e-14  0.00000000e+00  1.89744152e-20 
 5.50000000e-01  5.50000000e-01  7.00000000e-01 -3.97603892e-05  3.97603892e-05  1.05614993e-14  0.00000000e+00  1.21872254e-20 
 5.60000000e-01  5.60000000e-01  7.00000000e-01 -4.01647676e-05  4.01647676e-05  1.05808073e-14  0.00000000e+00  3.73538515e-21 
 5.70000000e-01  5.70000000e-01  7.00000000e-01 -4.05690107e-05  4.05690107e-05  1.06068132e-14  0.00000000e+00  3.15041780e-20 
 5.80000000e-01  5.80000000e-01  7.00000000e-01 -4.09731334e-05  4.09731334e-05  1.06437671e-14  0.00000000e+00  2.85403900e-20 
 5.90000000e-01  5.90000000e-01  7.00000000e-01 -4.13771493e-05  4.13771493e-05  1.06982702e-14  0.00000000e+00  4.05286334e-20 
 6.00000000e-01  6.00000000e-01  7.00000000e-01 -4.17810712e-05  4.17810712e-05  1.07803910e-14  0.00000000e+00  8.07397943e-20 
 6.10000000e-01  6.10000000e-01  7.00000000e-01 -4.21849111e-05  4.21849111e-05  1.09052268e-14  0.00000000e+00  2.99444907e-20 
 6.20000000e-01  6.20000000e-01  7.00000000e-01 -4.25886800e-05  4.25886800e-05  1.10950516e-14  0.00000000e+00  3.64666602e-20 
 6.30000000e-01  6.30000000e-01  7.00000000e-01 -4.29923885e-05  4.29923885e-05  1.13822307e-14  0.00000000e+00  2.55994606e-20 
 6.40000000e-01  6.40000000e-01  7.00000000e-01 -4.33960461e-05  4.33960461e-05  1.18131178e-14  0.00000000e+00  6.42646406e-20 
 6.50000000e-01  6.50000000e-01  7.00000000e-01 -4.37996619e-05  4.37996619e-05  1.24531990e-14  0.00000000e+00  4.20428961e-20 
 6.60000000e-01  6.60000000e-01  7.00000000e-01 -4.42032445e-05  4.42032445e-05  1.33937989e-14  0.00000000e+00  5.31930131e-20 
 6.70000000e-01  6.70000000e-01  7.00000000e-01 -4.46068017e-05  4.46068017e-05  1.47607197e-14  0.00000000e+00  2.53837526e-20 
 6.80000000e-01  6.80000000e-01  7.00000000e-01 -4.50103411e-05  4.50103411e-05  1.67252462e-14  0.00000000e+00  5.88995688e-20 
 6.90000000e-01  6.90000000e-01  7.00000000e-01 -4.54138696e-05  4.54138695e-05  1.95180195e-14  0.00000000e+00  4.93684596e-20 
 7.00000000e-01  7.00000000e-01  7.00000000e-01 -4.58173936e-05  4.58173936e-05  2.34463487e-14  0.00000000e+00  1.31104678e-19 
 7.10000000e-01  7.10000000e-01  7.00000000e-01 -4.62209194e-05  4.62209194e-05  2.89156100e-14  0.00000000e+00  2.61044022e-20 
 7.20000000e-01  7.20000000e-01  7.00000000e-01 -4.66244527e-05  4.66244527e-05  3.64554582e-14  0.00000000e+00  1.31091285e-20 
 7.30000000e-01  7.30000000e-01  7.00000000e-01 -4.70279989e-05  4.70279989e-05  4.67516577e-14  0.00000000e+00  4.69051060e-20 
 7.40000000e-01  7.40000000e-01  7.00000000e-01 -4.74315630e-05  4.74315630e-05  6.06844204e-14  0.00000000e+00  3.91157329e-20 
 7.50000000e-01  7.50000000e-01  7.00000000e-01 -4.78351498e-05  4.78351498e-05  7.93742227e-14  0.00000000e+00  1.23483641e-19 
 7.60000000e-01  7.60000000e-01  7.00000000e-01 -4.82387638e-05  4.82387637e-05  1.04236154e-13  0.00000000e+00  2.88537354e-20 
 7.70000000e-01  7.70000000e-01  7.00000000e-01 -4.86424092e-05  4.86424090e-05  1.37043928e-13  0.00000000e+00  1.40680593e-20 
 7.80000000e-01  7.80000000e-01  7.00000000e-01 -4.90460898e-05  4.90460896e-05  1.80004763e-13  0.00000000e+00  7.85719645e-20 
 7.90000000e-01  7.90000000e-01  7.00000000e-01 -4.94498095e-05  4.94498092e-05  2.35846424e-13  0.00000000e+00  4.07414795e-20 
 8.00000000e-01  8.00000000e-01  7.00000000e-01 -4.98535716e-05  4.98535713e-05  3.07917753e-13  0.00000000e+00  6.16586593e-20 
 8.10000000e-01  8.10000000e-01  7.00000000e-01 -5.02573795e-05  5.02573791e-05  4.00304124e-13  0.00000000e+00  9.56731266e-20 
 8.20000000e-01  8.20000000e-01  7.00000000e-01 -5.06612362e-05  5.06612357e-05  5.17959267e-13  0.00000000e+00  7.28147405e-20 
 8.30000000e-01  8.30000000e-01  7.00000000e-01 -5.10651446e-05  5.10651440e-05  6.66854974e-13  0.00000000e+00  4.27174496e-20 
 8.40000000e-01  8.40000000e-01  7.00000000e-01 -5.14691075e-05  5.14691067e-05  8.54150250e-13  0.00000000e+00  1.06323474e-20 
 8.50000000e-01  8.50000000e-01  7.00000000e-01 -5.18731274e-05  5.18731263e-05  1.08838146e-12  0.00000000e+00  4.46291900e-20 
 8.60000000e-01  8.60000000e-01  7.00000000e-01 -5.22772067e-05  5.22772053e-05  1.37967508e-12  0.00000000e+00  4.14528548e-20 
 8.70000000e-01  8.70000000e-01  7.00000000e-01 -5.26813476e-05  5.26813459e-05  1.73998465e-12  0.00000000e+00  4.61157917e-21 
 8.80000000e-01  8.80000000e-01  7.00000000e-01 -5.30855524e-05  5.30855502e-05  2.18335356e-12  0.00000000e+00  3.69273394e-20 
 8.90000000e-01  8.90000000e-01  7.00000000e-01 -5.34898229e-05  5.34898201e-05  2.72620514e-12  0.00000000e+00  2.55518725e-20 
 9.00000000e-01  9.00000000e-01  7.00000000e-01 -5.38941610e-05  5.38941576e-05  3.38766181e-12  0.00000000e+00  3.90267913e-20 
 9.10000000e-01  9.10000000e-01  7.00000000e-01 -5.42985686e-05  5.42985644e-05  4.18989459e-12  0.00000000e+00  4.68601824e-20 
 9.20000000e-01  9.20000000e-01  7.00000000e-01 -5.47030473e-05  5.47030421e-05  5.15850462e-12  0.00000000e+00  7.99830015e-21 
 9.30000000e-01  9.30000000e-01  7.00000000e-01 -5.51075985e-05  5.51075922e-05  6.32293808e-12  0.00000000e+00  2.27262259e-20 
 9.40000000e-01  9.40000000e-01  7.00000000e-01 -5.55122239e-05  5.55122162e-05  7.71693578e-12  0.00000000e+00  1.20283693e-20 
 9.50000000e-01  9.50000000e-01  7.00000000e-01 -5.59169248e-05  5.59169154e-05  9.37901877e-12  0.00000000e+00  1.26294518e-20 
 9.60000000e-01  9.60000000e-01  7.00000000e-01 -5.63217024e-05  5.63216911e-05  1.13530113e-11  0.00000000e+00  4.70747178e-20 
 9.70000000e-01  9.70000000e-01  7.00000000e-01 -5.67265580e-05  5.67265443e-05  1.36886018e-11  0.00000000e+00  1.30588785e-19 
 9.80000000e-01  9.80000000e-01  7.00000000e-01 -5.71314928e-05  5.71314763e-05  1.64419435e-11  0.00000000e+00  3.21199919e-20 
 9.90000000e-01  9.90000000e-01  7.00000000e-01 -5.75365077e-05  5.75364881e-05  1.96762954e-11  0.00000000e+00  1.16728432e-21 
 1.00000000e+00  1.00000000e+00  7.00000000e-01 -5.79416039e-05  5.79415805e-05  2.34627037e-11  0.00000000e+00  5.42146452e-21 
 1.01000000e+00  1.01000000e+00  7.00000000e-01 -5.83467823e-05  5.83467544e-05  2.78807252e-11  0.00000000e+00  9.51405014e-20 
 1.02000000e+00  1.02000000e+00  7.00000000e-01 -5.87520438e-05  5.87520107e-05  3.30191937e-11  0.00000000e+00  1.45365296e-20 
 1.03000000e+00  1.03000000e+00  7.00000000e-01 -5.91573892e-05  5.91573502e-05  3.89770276e-11  0.00000000e+00  5.03987124e-20 
 1.04000000e+00  1.04000000e+00  7.00000000e-01 -5.95628193e-05  5.95627734e-05  4.58640822e-11  0.00000000e+00  4.18555781e-20 
 1.05000000e+00  1.05000000e+00  7.00000000e-01 -5.99683349e-05  5.99682811e-05  5.38020434e-11  0.00000000e+00  5.81449745e-20 
 1.06000000e+00  1.06000000e+00  7.00000000e-01 -6.03739368e-05  6.03738739e-05  6.29253664e-11  0.00000000e+00  7.27212217e-20 
 1.07000000e+00  1.07000000e+00  7.00000000e-01 -6.07796256e-05  6.07795522e-05  7.33822560e-11  0.00000000e+00  1.02585647e-20 
 1.08000000e+00  1.08000000e+00  7.00000000e-01 -6.11854019e-05  6.11853166e-05  8.53356912e-11  0.00000000e+00  4.27112900e-20 
 1.09000000e+00  1.09000000e+00  7.00000000e-01 -6.15912665e-05  6.15911675e-05  9.89644910e-11  0.00000000e+00  9.22855295e-20 
 1.10000000e+00  1.10000000e+00  7.00000000e-01 -6.19972199e-05  6.19971054e-05  1.14464424e-10  0.00000000e+00  6.12094912e-20 
 1.11000000e+00  1.11000000e+00  7.00000000e-01 -6.24032626e-05  6.24031306e-05  1.32049356e-10  0.00000000e+00  6.55509875e-20 
 1.12000000e+00  1.12000000e+00  7.00000000e-01 -6.28093953e-05  6.28092434e-05  1.51952447e-10  0.00000000e+00  1.69344292e-20 
 1.13000000e+00  1.13000000e+00  7.00000000e-01 -6.32156185e-05  6.32154441e-05  1.74427374e-10  0.00000000e+00  4.97918526e-20 
 1.14000000e+00  1.14000000e+00  7.00000000e-01 -6.36219327e-05  6.36217330e-05  1.99749607e-10  0.00000000e+00  9.76016513e-20 
 1.15000000e+00  1.15000000e+00  7.00000000e-01 -6.40283385e-05  6.40281103e-05  2.28217718e-10  0.00000000e+00  9.75302811e-21 
 1.16000000e+00  1.16000000e+00  7.00000000e-01 -6.44348363e-05  6.44345762e-05  2.60154719e-10  0.00000000e+00  2.91115877e-22 
 1.17000000e+00  1.17000000e+00  7.00000000e-01 -6.48414267e-05  6.48411308e-05  2.95909452e-10  0.00000000e+00  2.34033177e-20 
 1.18000000e+00  1.18000000e+00  7.00000000e-01 -6.52481102e-05  6.52477744e-05  3.35857997e-10  0.00000000e+00  9.18258368e-21 
 1.19000000e+00  1.19000000e+00  7.00000000e-01 -6.56548873e-05  6.56545069e-05  3.80405123e-10  0.00000000e+00  1.05285616e-20 
 1.20000000e+00  1.20000000e+00  7.00000000e-01 -6.60617586e-05  6.60613286e-05  4.29985767e-10  0.00000000e+00  5.75497469e-20 
 0.00000000e+00  0.00000000e+00  8.00000000e-01 -1.89196004e-42  3.08813529e-42 -1.19617525e-42  0.00000000e+00  1.59309191e-58 
 1.00000000e-02  1.00000000e-02  8.00000000e-01 -1.59334084e-05  1.59334084e-05  2.59490959e-15  0.00000000e+00  6.33616930e-21 
 2.00000000e-02  2.00000000e-02  8.00000000e-01 -3.02982728e-05  3.02982728e-05  4.52164350e-15  0.00000000e+00  5.44931760e-21 
 3.00000000e-02  3.00000000e-02  8.00000000e-01 -4.31510250e-05  4.31510249e-05  5.95291914e-15  0.00000000e+00  1.31015014e-21 
 4.00000000e-02  4.00000000e-02  8.00000000e-01 -5.45529344e-05  5.45529344e-05  7.01680801e-15  0.00000000e+00  4.00307253e-20 
 5.00000000e-02  5.00000000e-02  8.00000000e-01 -6.45731579e-05  6.45731579e-05  7.80827631e-15  0.00000000e+00  6.91090057e-20 
 6.00000000e-02  6.00000000e-02  8.00000000e-01 -7.32927785e-05  7.32927785e-05  8.39774236e-15  0.00000000e+00  5.44293282e-20 
 7.00000000e-02  7.00000000e-02  8.00000000e-01 -8.08093212e-05  8.08093211e-05  8.83742195e-15  0.00000000e+00  1.83783369e-20 
 8.00000000e-02  8.00000000e-02  8.00000000e-01 -8.72400675e-05  8.72400675e-05  9.16603360e-15  0.00000000e+00  2.84059900e-20 
 9.00000000e-02  9.00000000e-02  8.00000000e-01 -9.27213198e-05  9.27213198e-05  9.41228743e-15  0.00000000e+00  3.11119908e-21 
 1.00000000e-01  1.00000000e-01  8.00000000e-01 -9.74013069e-05  9.74013069e-05  9.59747225e-15  0.00000000e+00  6.20030836e-21 
 1.10000000e-01  1.10000000e-01  8.00000000e-01 -1.01427843e-04  1.01427843e-04  9.73737390e-15  0.00000000e+00  6.26551584e-20 
 1.20000000e-01  1.20000000e-01  8.00000000e-01 -1.04935659e-04  1.04935659e-04  9.84369770e-15  0.00000000e+00  9.33069708e-21 
 1.30000000e-01  1.30000000e-01  8.00000000e-01 -1.08038356e-04  1.08038356e-04  9.92512325e-15  0.00000000e+00  1.12986343e-20 
 1.40000000e-01  1.40000000e-01  8.00000000e-01 -1.10826371e-04  1.10826371e-04  9.98808654e-15  0.00000000e+00  1.99291274e-19 
 1.50000000e-01  1.50000000e-01  8.00000000e-01 -1.13369173e-04  1.13369173e-04  1.00373599e-14  0.00000000e+00  1.29567325e-19 
 1.60000000e-01  1.60000000e-01  8.00000000e-01 -1.15719198e-04  1.15719198e-04  1.00764822e-14  0.00000000e+00  2.69020296e-19 
 1.70000000e-01  1.70000000e-01  8.00000000e-01 -1.17915851e-04  1.17915851e-04  1.01080772e-14  0.00000000e+00  1.01005650e-19 
 1.80000000e-01  1.80000000e-01  8.00000000e-01 -1.19988873e-04  1.19988873e-04  1.01340908e-14  0.00000000e+00  1.09534392e-19 
 1.90000000e-01  1.90000000e-01  8.00000000e-01 -1.21960910e-04  1.21960910e-04  1.01559657e-14  0.00000000e+00  2.98183431e-19 
 2.00000000e-01  2.00000000e-01  8.00000000e-01 -1.23849412e-04  1.23849412e-04  1.01747718e-14  0.00000000e+00  4.81206656e-21 
 2.10000000e-01  2.10000000e-01  8.00000000e-01 -1.25667998e-04  1.25667998e-04  1.01913023e-14  0.00000000e+00  4.58150651e-20 
 2.20000000e-01  2.20000000e-01  8.00000000e-01 -1.27427428e-04  1.27427428e-04  1.02061455e-14  0.00000000e+00  1.70931097e-19 
 2.30000000e-01  2.30000000e-01  8.00000000e-01 -1.29136313e-04  1.29136313e-04  1.02197374e-14  0.00000000e+00  1.29085799e-19 
 2.40000000e-01  2.40000000e-01  8.00000000e-01 -1.30801625e-04  1.30801625e-04  1.02324017e-14  0.00000000e+00  2.38010651e-22 
 2.50000000e-01  2.50000000e-01  8.00000000e-01 -1.32429072e-04  1.32429072e-04  1.02443781e-14  0.00000000e+00  1.66950904e-19 
 2.60000000e-01  2.60000000e-01  8.00000000e-01 -1.34023373e-04  1.34023373e-04  1.02558443e-14  0.00000000e+00  2.36196296e-20 
 2.70000000e-01  2.70000000e-01  8.00000000e-01 -1.35588466e-04  1.35588466e-04  1.02669324e-14  0.00000000e+00  5.28162117e-20 
 2.80000000e-01  2.80000000e-01  8.00000000e-01 -1.37127669e-04  1.37127669e-04  1.02777400e-14  0.00000000e+00  1.84169864e-20 
 2.90000000e-01  2.90000000e-01  8.00000000e-01 -1.38643796e-04  1.38643796e-04  1.02883397e-14  0.00000000e+00  2.09765633e-19 
 3.00000000e-01  3.00000000e-01  8.00000000e-01 -1.40139255e-04  1.40139255e-04  1.02987852e-14  0.00000000e+00  1.32527786e-19 
 3.10000000e-01  3.10000000e-01  8.00000000e-01 -1.41616116e-04  1.41616116e-04  1.03091164e-14  0.00000000e+00  7.18335899e-21 
 3.20000000e-01  3.20000000e-01  8.00000000e-01 -1.43076174e-04  1.43076174e-04  1.03193629e-14  0.00000000e+00  3.50427395e-20 
 3.30000000e-01  3.30000000e-01  8.00000000e-01 -1.44520992e-04  1.44520992e-04  1.03295465e-14  0.00000000e+00  5.42843809e-20 
 3.40000000e-01  3.40000000e-01  8.00000000e-01 -1.45951939e-04  1.45951939e-04  1.03396836e-14  0.00000000e+00  2.16686512e-19 
 3.50000000e-01  3.50000000e-01  8.00000000e-01 -1.47370219e-04  1.47370219e-04  1.03497861e-14  0.00000000e+00  3.49053616e-20 
 3.60000000e-01  3.60000000e-01  8.00000000e-01 -1.48776899e-04  1.48776899e-04  1.03598631e-14  0.00000000e+00  1.76558868e-19 
 3.70000000e-01  3.70000000e-01  8.00000000e-01 -1.50172924e-04  1.50172924e-04  1.03699211e-14  0.00000000e+00  1.50718022e-19 
 3.80000000e-01  3.80000000e-01  8.00000000e-01 -1.51559137e-04  1.51559137e-04  1.03799650e-14  0.00000000e+00  2.13678604e-19 
 3.90000000e-01  3.90000000e-01  8.00000000e-01 -1.52936294e-04  1.52936294e-04  1.03899986e-14  0.00000000e+00  6.20422199e-20 
 4.00000000e-01  4.00000000e-01  8.00000000e-01 -1.54305073e-04  1.54305073e-04  1.04000244e-14  0.00000000e+00  8.61152008e-20 
 4.10000000e-01  4.10000000e-01  8.00000000e-01 -1.55666085e-04  1.55666085e-04  1.04100445e-14  0.00000000e+00  2.47876730e-19 
 4.20000000e-01  4.20000000e-01  8.00000000e-01 -1.57019881e-04  1.57019881e-04  1.04200605e-14  0.00000000e+00  1.02286443e-20 
 4.30000000e-01  4.30000000e-01  8.00000000e-01 -1.58366963e-04  1.58366963e-04  1.04300733e-14  0.00000000e+00  1.68459394e-19 
 4.40000000e-01  4.40000000e-01  8.00000000e-01 -1.59707785e-04  1.59707785e-04  1.04400838e-14  0.00000000e+00  8.42375193e-20 
 4.50000000e-01  4.50000000e-01  8.00000000e-01 -1.61042761e-04  1.61042761e-04  1.04500926e-14  0.00000000e+00  1.18403592e-19 
 4.60000000e-01  4.60000000e-01  8.00000000e-01 -1.62372272e-04  1.62372272e-04  1.04601002e-14  0.00000000e+00  1.13021019e-20 
 4.70000000e-01  4.70000000e-01  8.00000000e-01 -1.63696662e-04  1.63696662e-04  1.04701069e-14  0.00000000e+00  6.39107304e-21 
 4.80000000e-01  4.80000000e-01  8.00000000e-01 -1.65016251e-04  1.65016251e-04  1.04801129e-14  0.00000000e+00  2.68908771e-19 
 4.90000000e-01  4.90000000e-01  8.00000000e-01 -1.66331332e-04  1.66331332e-04  1.04901184e-14  0.00000000e+00  5.58389093e-20 
 5.00000000e-01  5.00000000e-01  8.00000000e-01 -1.67642173e-04  1.67642173e-04  1.05001236e-14  0.00000000e+00  1.13476544e-19 
 5.10000000e-01  5.10000000e-01  8.00000000e-01 -1.68949024e-04  1.68949023e-04  1.05102512e-14  0.00000000e+00  1.67322054e-19 
 5.20000000e-01  5.20000000e-01  8.00000000e-01 -1.70252114e-04  1.70252114e-04  1.05205685e-14  0.00000000e+00  3.97942425e-20 
 5.30000000e-01  5.30000000e-01  8.00000000e-01 -1.71551658e-04  1.71551658e-04  1.05312358e-14  0.00000000e+00  5.97569213e-22 
 5.40000000e-01  5.40000000e-01  8.00000000e-01 -1.72847852e-04  1.72847852e-04  1.05425939e-14  0.00000000e+00  5.24613568e-20 
 5.50000000e-01  5.50000000e-01  8.00000000e-01 -1.74140881e-04  1.74140881e-04  1.05552737e-14  0.00000000e+00  2.67358581e-19 
 5.60000000e-01  5.60000000e-01  8.00000000e-01 -1.75430915e-04  1.75430915e-04  1.05704085e-14  0.00000000e+00  8.78268112e-20 
 5.70000000e-01  5.70000000e-01  8.00000000e-01 -1.76718115e-04  1.76718115e-04  1.05899812e-14  0.00000000e+00  2.26196629e-19 
 5.80000000e-01  5.80000000e-01  8.00000000e-01 -1.78002628e-04  1.78002628e-04  1.06173729e-14  0.00000000e+00  2.46083777e-19 
 5.90000000e-01  5.90000000e-01  8.00000000e-01 -1.79284594e-04  1.79284594e-04  1.06582136e-14  0.00000000e+00  1.98504947e-19 
 6.00000000e-01  6.00000000e-01  8.00000000e-01 -1.80564143e-04  1.80564143e-04  1.07216702e-14  0.00000000e+00  5.92561149e-20 
 6.10000000e-01  6.10000000e-01  8.00000000e-01 -1.81841397e-04  1.81841397e-04  1.08223585e-14  0.00000000e+00  2.01748437e-19 
 6.20000000e-01  6.20000000e-01  8.00000000e-01 -1.83116470e-04  1.83116470e-04  1.09831251e-14  0.00000000e+00  8.68620452e-20 
 6.30000000e-01  6.30000000e-01  8.00000000e-01 -1.84389469e-04  1.84389469e-04  1.12390235e-14  0.00000000e+00  3.30205737e-20 
 6.40000000e-01  6.40000000e-01  8.00000000e-01 -1.85660495e-04  1.85660495e-04  1.16429007e-14  0.00000000e+00  5.97864047e-21 
 6.50000000e-01  6.50000000e-01  8.00000000e-01 -1.86929642e-04  1.86929642e-04  1.22731190e-14  0.00000000e+00  3.16926645e-20 
 6.60000000e-01  6.60000000e-01  8.00000000e-01 -1.88197001e-04  1.88197001e-04  1.32440702e-14  0.00000000e+00  2.72513314e-19 
 6.70000000e-01  6.70000000e-01  8.00000000e-01 -1.89462655e-04  1.89462655e-04  1.47202880e-14  0.00000000e+00  6.26001526e-21 
 6.80000000e-01  6.80000000e-01  8.00000000e-01 -1.90726684e-04  1.90726684e-04  1.69351335e-14  0.00000000e+00  2.94212977e-19 
 6.90000000e-01  6.90000000e-01  8.00000000e-01 -1.91989163e-04  1.91989163e-04  2.02152232e-14  0.00000000e+00  1.11077074e-19 
 7.00000000e-01  7.00000000e-01  8.00000000e-01 -1.93250162e-04  1.93250162e-04  2.50119788e-14  0.00000000e+00  1.66556815e-19 
 7.10000000e-01  7.10000000e-01  8.00000000e-01 -1.94509749e-04  1.94509749e-04  3.19419107e-14  0.00000000e+00  1.49162843e-19 
 7.20000000e-01  7.20000000e-01  8.00000000e-01 -1.95767986e-04  1.95767986e-04  4.18374974e-14  0.00000000e+00  3.31081701e-19 
 7.30000000e-01  7.30000000e-01  8.00000000e-01 -1.97024935e-04  1.97024935e-04  5.58107900e-14  0.00000000e+00  2.51570050e-19 
 7.40000000e-01  7.40000000e-01  8.00000000e-01 -1.98280652e-04  1.98280652e-04  7.53321485e-14  0.00000000e+00  1.28117469e-19 
 7.50000000e-01  7.50000000e-01  8.00000000e-01 -1.99535191e-04  1.99535191e-04  1.02326811e-13  0.00000000e+00  2.74655008e-20 
 7.60000000e-01  7.60000000e-01  8.00000000e-01 -2.00788603e-04  2.00788603e-04  1.39292292e-13  0.00000000e+00  2.57921144e-19 
 7.70000000e-01  7.70000000e-01  8.00000000e-01 -2.02040938e-04  2.02040937e-04  1.89439908e-13  0.00000000e+00  8.10342601e-20 
 7.80000000e-01  7.80000000e-01  8.00000000e-01 -2.03292240e-04  2.03292240e-04  2.56864036e-13  0.00000000e+00  1.15355923e-19 
 7.90000000e-01  7.90000000e-01  8.00000000e-01 -2.04542556e-04  2.04542556e-04  3.46742987e-13  0.00000000e+00  2.63351796e-19 
 8.00000000e-01  8.00000000e-01  8.00000000e-01 -2.05791926e-04  2.05791925e-04  4.65575702e-13  0.00000000e+00  2.26583195e-19 
 8.10000000e-01  8.10000000e-01  8.00000000e-01 -2.07040390e-04  2.07040389e-04  6.21458701e-13  0.00000000e+00  3.32791815e-20 
 8.20000000e-01  8.20000000e-01  8.00000000e-01 -2.08287987e-04  2.08287986e-04  8.24408024e-13  0.00000000e+00  2.26220939e-19 
 8.30000000e-01  8.30000000e-01  8.00000000e-01 -2.09534752e-04  2.09534751e-04  1.08673109e-12  0.00000000e+00  7.27698591e-20 
 8.40000000e-01  8.40000000e-01  8.00000000e-01 -2.10780720e-04  2.10780719e-04  1.42345367e-12  0.00000000e+00  5.74723171e-20 
 8.50000000e-01  8.50000000e-01  8.00000000e-01 -2.12025925e-04  2.12025924e-04  1.85280724e-12  0.00000000e+00  5.20709331e-20 
 8.60000000e-01  8.60000000e-01  8.00000000e-01 -2.13270398e-04  2.13270396e-04  2.39678232e-12  0.00000000e+00  2.40010938e-19 
 8.70000000e-01  8.70000000e-01  8.00000000e-01 -2.14514169e-04  2.14514166e-04  3.08175325e-12  0.00000000e+00  1.88771758e-19 
 8.80000000e-01  8.80000000e-01  8.00000000e-01 -2.15757266e-04  2.15757263e-04  3.93918023e-12  0.00000000e+00  1.69675178e-19 
 8.90000000e-01  8.90000000e-01  8.00000000e-01 -2.16999718e-04  2.16999713e-04  5.00639424e-12  0.00000000e+00  3.64064580e-20 
 9.00000000e-01  9.00000000e-01  8.00000000e-01 -2.18241551e-04  2.18241545e-04  6.32747057e-12  0.00000000e+00  1.24722963e-19 
 9.10000000e-01  9.10000000e-01  8.00000000e-01 -2.19482789e-04  2.19482781e-04  7.95419668e-12  0.00000000e+00  2.14131483e-19 
 9.20000000e-01  9.20000000e-01  8.00000000e-01 -2.20723458e-04  2.20723448e-04  9.94713992e-12  0.00000000e+00  3.01205947e-19 
 9.30000000e-01  9.30000000e-01  8.00000000e-01 -2.21963579e-04  2.21963567e-04  1.23768206e-11  0.00000000e+00  1.07247517e-19 
 9.40000000e-01  9.40000000e-01  8.00000000e-01 -2.23203176e-04  2.23203161e-04  1.53249957e-11  0.00000000e+00  4.21032476e-20 
 9.50000000e-01  9.50000000e-01  8.00000000e-01 -2.24442270e-04  2.24442251e-04  1.88860583e-11  0.00000000e+00  4.69220464e-20 
 9.60000000e-01  9.60000000e-01  8.00000000e-01 -2.25680881e-04  2.25680858e-04  2.31685576e-11  0.00000000e+00  9.50056289e-20 
 9.70000000e-01  9.70000000e-01  8.00000000e-01 -2.26919029e-04  2.26919000e-04  2.82968442e-11  0.00000000e+00  1.45564139e-19 
 9.80000000e-01  9.80000000e-01  8.00000000e-01 -2.28156732e-04  2.28156698e-04  3.44128447e-11  0.00000000e+00  1.45317313e-19 
 9.90000000e-01  9.90000000e-01  8.00000000e-01 -2.29394009e-04  2.29393967e-04  4.16779695e-11  0.00000000e+00  2.23763342e-20 
 1.00000000e+00  1.00000000e+00  8.00000000e-01 -2.30630877e-04  2.30630826e-04  5.02751579e-11  0.00000000e+00  5.88517163e-20 
 1.01000000e+00  1.01000000e+00  8.00000000e-01 -2.31867353e-04  2.31867292e-04  6.04110629e-11  0.00000000e+00  8.72708892e-20 
 1.02000000e+00  1.02000000e+00  8.00000000e-01 -2.33103452e-04  2.33103380e-04  7.23183792e-11  0.00000000e+00  4.20098279e-20 
 1.03000000e+00  1.03000000e+00  8.00000000e-01 -2.34339192e-04  2.34339106e-04  8.62583157e-11  0.00000000e+00  1.18609557e-19 
 1.04000000e+00  1.04000000e+00  8.00000000e-01 -2.35574586e-04  2.35574483e-04  1.02523216e-10  0.00000000e+00  8.78987968e-21 
 1.05000000e+00  1.05000000e+00  8.00000000e-01 -2.36809648e-04  2.36809527e-04  1.21439325e-10  0.00000000e+00  7.11612366e-20 
 1.06000000e+00  1.06000000e+00  8.00000000e-01 -2.38044394e-04  2.38044251e-04  1.43369709e-10  0.00000000e+00  2.43166621e-19 
 1.07000000e+00  1.07000000e+00  8.00000000e-01 -2.39278836e-04  2.39278668e-04  1.68717322e-10  0.00000000e+00  1.96281765e-19 
 1.08000000e+00  1.08000000e+00  8.00000000e-01 -2.40512988e-04  2.40512790e-04  1.97928221e-10  0.00000000e+00  2.63767218e-21 
 1.09000000e+00  1.09000000e+00  8.00000000e-01 -2.41746861e-04  2.41746630e-04  2.31494935e-10  0.00000000e+00  6.98852588e-20 
 1.10000000e+00  1.10000000e+00  8.00000000e-01 -2.42980469e-04  2.42980199e-04  2.69959976e-10  0.00000000e+00  1.32767193e-19 
 1.11000000e+00  1.11000000e+00  8.00000000e-01 -2.44213823e-04  2.44213509e-04  3.13919505e-10  0.00000000e+00  2.43439254e-19 
 1.12000000e+00  1.12000000e+00  8.00000000e-01 -2.45446934e-04  2.45446570e-04  3.64027135e-10  0.00000000e+00  3.67591775e-19 
 1.13000000e+00  1.13000000e+00  8.00000000e-01 -2.46679814e-04  2.46679393e-04  4.20997878e-10  0.00000000e+00  2.26476468e-19 
 1.14000000e+00  1.14000000e+00  8.00000000e-01 -2.47912473e-04  2.47911987e-04  4.85612237e-10  0.00000000e+00  1.89951585e-19 
 1.15000000e+00  1.15000000e+00  8.00000000e-01 -2.49144922e-04  2.49144363e-04  5.58720427e-10  0.00000000e+00  2.79425747e-19 
 1.16000000e+00  1.16000000e+00  8.00000000e-01 -2.50377171e-04  2.50376530e-04  6.41246735e-10  0.00000000e+00  3.06173976e-19 
 1.17000000e+00  1.17000000e+00  8.00000000e-01 -2.51609231e-04  2.51608497e-04  7.34194006e-10  0.00000000e+00  2.41609324e-19 
 1.18000000e+00  1.18000000e+00  8.00000000e-01 -2.52841110e-04  2.52840272e-04  8.38648250e-10  0.00000000e+00  3.89564845e-20 
 1.19000000e+00  1.19000000e+00  8.00000000e-01 -2.54072819e-04  2.54071863e-04  9.55783376e-10  0.00000000e+00  1.24939014e-19 
 1.20000000e+00  1.20000000e+00  8.00000000e-01 -2.55304367e-04  2.55303280e-04  1.08686603e-09  0.00000000e+00  1.65243389e-19 
 0.00000000e+00  0.00000000e+00  9.00000000e-01 -1.90450515e-42  3.07559018e-42 -1.17108503e-42  0.00000000e+00  6.37236764e-58 
 1.00000000e-02  1.00000000e-02  9.00000000e-01 -3.32459591e-05  3.32459591e-05  2.59490961e-15  0.00000000e+00  1.98734958e-20 
 2.00000000e-02  2.00000000e-02  9.00000000e-01 -6.43228890e-05  6.43228889e-05  4.52164357e-15  0.00000000e+00  2.15935629e-20 
 3.00000000e-02  3.00000000e-02  9.00000000e-01 -9.32899990e-05  9.32899990e-05  5.95291928e-15  0.00000000e+00  1.16710184e-21 
 4.00000000e-02  4.00000000e-02  9.00000000e-01 -1.20205335e-04  1.20205335e-04  7.01680827e-15  0.00000000e+00  6.86496194e-20 
 5.00000000e-02  5.00000000e-02  9.00000000e-01 -1.45126132e-04  1.45126132e-04  7.80827673e-15  0.00000000e+00  3.88949385e-20 
 6.00000000e-02  6.00000000e-02  9.00000000e-01 -1.68109351e-04  1.68109351e-04  8.39774297e-15  0.00000000e+00  5.33748841e-20 
 7.00000000e-02  7.00000000e-02  9.00000000e-01 -1.89212523e-04  1.89212523e-04  8.83742282e-15  0.00000000e+00  1.25930655e-19 
 8.00000000e-02  8.00000000e-02  9.00000000e-01 -2.08495134e-04  2.08495134e-04  9.16603479e-15  0.00000000e+00  1.89623064e-19 
 9.00000000e-02  9.00000000e-02  9.00000000e-01 -2.26020826e-04  2.26020826e-04  9.41228904e-15  0.00000000e+00  1.03701285e-19 
 1.00000000e-01  1.00000000e-01  9.00000000e-01 -2.41860708e-04  2.41860708e-04  9.59747442e-15  0.00000000e+00  1.16791032e-19 
 1.10000000e-01  1.10000000e-01  9.00000000e-01 -2.56097695e-04  2.56097695e-04  9.73737683e-15  0.00000000e+00  1.57120449e-19 
 1.20000000e-01  1.20000000e-01  9.00000000e-01 -2.68831070e-04  2.68831070e-04  9.84370166e-15  0.00000000e+00  2.30134713e-19 
 1.30000000e-01  1.30000000e-01  9.00000000e-01 -2.80179357e-04  2.80179357e-04  9.92512855e-15  0.00000000e+00  1.25027257e-19 
 1.40000000e-01  1.40000000e-01  9.00000000e-01 -2.90279218e-04  2.90279218e-04  9.98809355e-15  0.00000000e+00  2.06293720e-19 
 1.50000000e-01  1.50000000e-01  9.00000000e-01 -2.99279352e-04  2.99279352e-04  1.00373690e-14  0.00000000e+00  4.21173336e-20 
 1.60000000e-01  1.60000000e-01  9.00000000e-01 -3.07330954e-04  3.07330954e-04  1.00764936e-14  0.00000000e+00  8.13862275e-20 
 1.70000000e-01  1.70000000e-01  9.00000000e-01 -3.14577975e-04  3.14577975e-04  1.01080914e-14  0.00000000e+00  7.45137990e-20 
 1.80000000e-01  1.80000000e-01  9.00000000e-01 -3.21150052e-04  3.21150052e-04  1.01341080e-14  0.00000000e+00  7.02595298e-20 
 1.90000000e-01  1.90000000e-01  9.00000000e-01 -3.27159078e-04  3.27159078e-04  1.01559861e-14  0.00000000e+00  2.64382821e-19 
 2.00000000e-01  2.00000000e-01  9.00000000e-01 -3.32698840e-04  3.32698840e-04  1.01747957e-14  0.00000000e+00  2.08793918e-19 
 2.10000000e-01  2.10000000e-01  9.00000000e-01 -3.37846534e-04  3.37846534e-04  1.01913298e-14  0.00000000e+00  1.16402173e-19 
 2.20000000e-01  2.20000000e-01  9.00000000e-01 -3.42665089e-04  3.42665089e-04  1.02061768e-14  0.00000000e+00  1.45815789e-20 
 2.30000000e-01  2.30000000e-01  9.00000000e-01 -3.47205631e-04  3.47205631e-04  1.02197727e-14  0.00000000e+00  1.37259972e-19 
 2.40000000e-01  2.40000000e-01  9.00000000e-01 -3.51509729e-04  3.51509729e-04  1.02324411e-14  0.00000000e+00  2.04827587e-19 
 2.50000000e-01  2.50000000e-01  9.00000000e-01 -3.55611301e-04  3.55611301e-04  1.02444216e-14  0.00000000e+00  6.63286473e-20 
 2.60000000e-01  2.60000000e-01  9.00000000e-01 -3.59538171e-04  3.59538171e-04  1.02558922e-14  0.00000000e+00  2.06977709e-19 
 2.70000000e-01  2.70000000e-01  9.00000000e-01 -3.63313303e-04  3.63313303e-04  1.02669846e-14  0.00000000e+00  2.37136529e-20 
 2.80000000e-01  2.80000000e-01  9.00000000e-01 -3.66955779e-04  3.66955779e-04  1.02777967e-14  0.00000000e+00  4.81668735e-19 
 2.90000000e-01  2.90000000e-01  9.00000000e-01 -3.70481565e-04  3.70481565e-04  1.02884009e-14  0.00000000e+00  1.89803840e-19 
 3.00000000e-01  3.00000000e-01  9.00000000e-01 -3.73904111e-04  3.73904111e-04  1.02988511e-14  0.00000000e+00  9.38040028e-20 
 3.10000000e-01  3.10000000e-01  9.00000000e-01 -3.77234823e-04  3.77234823e-04  1.03091869e-14  0.00000000e+00  1.66253515e-19 
 3.20000000e-01  3.20000000e-01  9.00000000e-01 -3.80483435e-04  3.80483435e-04  1.03194382e-14  0.00000000e+00  1.10294719e-19 
 3.30000000e-01  3.30000000e-01  9.00000000e-01 -3.83658307e-04  3.83658307e-04  1.03296266e-14  0.00000000e+00  1.63815528e-19 
 3.40000000e-01  3.40000000e-01  9.00000000e-01 -3.86766660e-04  3.86766660e-04  1.03397685e-14  0.00000000e+00  3.44786769e-21 
 3.50000000e-01  3.50000000e-01  9.00000000e-01 -3.89814763e-04  3.89814763e-04  1.03498760e-14  0.00000000e+00  1.36243164e-19 
 3.60000000e-01  3.60000000e-01  9.00000000e-01 -3.92808090e-04  3.92808090e-04  1.03599579e-14  0.00000000e+00  2.43504608e-19 
 3.70000000e-01  3.70000000e-01  9.00000000e-01 -3.95751445e-04  3.95751445e-04  1.03700209e-14  0.00000000e+00  4.76140698e-20 
 3.80000000e-01  3.80000000e-01  9.00000000e-01 -3.98649059e-04  3.98649059e-04  1.03800699e-14  0.00000000e+00  8.09505787e-20 
 3.90000000e-01  3.90000000e-01  9.00000000e-01 -4.01504678e-04  4.01504678e-04  1.03901086e-14  0.00000000e+00  3.42941518e-19 
 4.00000000e-01  4.00000000e-01  9.00000000e-01 -4.04321632e-04  4.04321632e-04  1.04001396e-14  0.00000000e+00  2.86598053e-19 
 4.10000000e-01  4.10000000e-01  9.00000000e-01 -4.07102890e-04  4.07102890e-04  1.04101649e-14  0.00000000e+00  1.97772891e-19 
 4.20000000e-01  4.20000000e-01  9.00000000e-01 -4.09851114e-04  4.09851114e-04  1.04201861e-14  0.00000000e+00  2.98504001e-19 
 4.30000000e-01  4.30000000e-01  9.00000000e-01 -4.12568691e-04  4.12568691e-04  1.04302042e-14  0.00000000e+00  2.87746266e-19 
 4.40000000e-01  4.40000000e-01  9.00000000e-01 -4.15257777e-04  4.15257777e-04  1.04402201e-14  0.00000000e+00  5.05249326e-20 
 4.50000000e-01  4.50000000e-01  9.00000000e-01 -4.17920319e-04  4.17920319e-04  1.04502343e-14  0.00000000e+00  1.09734042e-20 
 4.60000000e-01  4.60000000e-01  9.00000000e-01 -4.20558083e-04  4.20558083e-04  1.04602473e-14  0.00000000e+00  2.73783929e-20 
 4.70000000e-01  4.70000000e-01  9.00000000e-01 -4.23172674e-04  4.23172674e-04  1.04702595e-14  0.00000000e+00  6.48627447e-20 
 4.80000000e-01  4.80000000e-01  9.00000000e-01 -4.25765556e-04  4.25765556e-04  1.04802710e-14  0.00000000e+00  1.01725920e-19 
 4.90000000e-01  4.90000000e-01  9.00000000e-01 -4.28338067e-04  4.28338067e-04  1.04902821e-14  0.00000000e+00  1.38150416e-19 
 5.00000000e-01  5.00000000e-01  9.00000000e-01 -4.30891432e-04  4.30891432e-04  1.05002928e-14  0.00000000e+00  2.59409421e-19 
 5.10000000e-01  5.10000000e-01  9.00000000e-01 -4.33426776e-04  4.33426776e-04  1.05103034e-14  0.00000000e+00  1.69281577e-19 
 5.20000000e-01  5.20000000e-01  9.00000000e-01 -4.35945134e-04  4.35945134e-04  1.05203139e-14  0.00000000e+00  1.33492957e-19 
 5.30000000e-01  5.30000000e-01  9.00000000e-01 -4.38447459e-04  4.38447459e-04  1.05303242e-14  0.00000000e+00  5.31459399e-19 
 5.40000000e-01  5.40000000e-01  9.00000000e-01 -4.40934633e-04  4.40934633e-04  1.05403493e-14  0.00000000e+00  1.55792341e-19 
 5.50000000e-01  5.50000000e-01  9.00000000e-01 -4.43407471e-04  4.43407471e-04  1.05508072e-14  0.00000000e+00  1.06252815e-19 
 5.60000000e-01  5.60000000e-01  9.00000000e-01 -4.45866729e-04  4.45866729e-04  1.05617939e-14  0.00000000e+00  3.83976643e-20 
 5.70000000e-01  5.70000000e-01  9.00000000e-01 -4.48313107e-04  4.48313107e-04  1.05738471e-14  0.00000000e+00  1.05668661e-19 
 5.80000000e-01  5.80000000e-01  9.00000000e-01 -4.50747259e-04  4.50747259e-04  1.05879821e-14  0.00000000e+00  1.51535351e-19 
 5.90000000e-01  5.90000000e-01  9.00000000e-01 -4.53169792e-04  4.53169792e-04  1.06060581e-14  0.00000000e+00  1.49615395e-19 
 6.00000000e-01  6.00000000e-01  9.00000000e-01 -4.55581273e-04  4.55581273e-04  1.06313849e-14  0.00000000e+00  2.36430471e-20 
 6.10000000e-01  6.10000000e-01  9.00000000e-01 -4.57982231e-04  4.57982231e-04  1.06696987e-14  0.00000000e+00  1.51699077e-19 
 6.20000000e-01  6.20000000e-01  9.00000000e-01 -4.60373162e-04  4.60373162e-04  1.07306976e-14  0.00000000e+00  4.02892640e-19 
 6.30000000e-01  6.30000000e-01  9.00000000e-01 -4.62754529e-04  4.62754529e-04  1.08303978e-14  0.00000000e+00  1.31360495e-19 
 6.40000000e-01  6.40000000e-01  9.00000000e-01 -4.65126767e-04  4.65126767e-04  1.09946763e-14  0.00000000e+00  2.17959253e-19 
 6.50000000e-01  6.50000000e-01  9.00000000e-01 -4.67490286e-04  4.67490286e-04  1.12644867e-14  0.00000000e+00  1.68225963e-19 
 6.60000000e-01  6.60000000e-01  9.00000000e-01 -4.69845467e-04  4.69845467e-04  1.17033971e-14  0.00000000e+00  1.31652174e-19 
 6.70000000e-01  6.70000000e-01  9.00000000e-01 -4.72192673e-04  4.72192673e-04  1.24082875e-14  0.00000000e+00  1.89557777e-19 
 6.80000000e-01  6.80000000e-01  9.00000000e-01 -4.74532243e-04  4.74532243e-04  1.35242790e-14  0.00000000e+00  3.20564842e-19 
 6.90000000e-01  6.90000000e-01  9.00000000e-01 -4.76864500e-04  4.76864500e-04  1.52652415e-14  0.00000000e+00  3.25445734e-19 
 7.00000000e-01  7.00000000e-01  9.00000000e-01 -4.79189744e-04  4.79189744e-04  1.79415441e-14  0.00000000e+00  4.37565454e-19 
 7.10000000e-01  7.10000000e-01  9.00000000e-01 -4.81508262e-04  4.81508262e-04  2.19970810e-14  0.00000000e+00  1.88432302e-19 
 7.20000000e-01  7.20000000e-01  9.00000000e-01 -4.83820326e-04  4.83820326e-04  2.80580193e-14  0.00000000e+00  5.47458662e-21 
 7.30000000e-01  7.30000000e-01  9.00000000e-01 -4.86126191e-04  4.86126190e-04  3.69961726e-14  0.00000000e+00  3.21379707e-19 
 7.40000000e-01  7.40000000e-01  9.00000000e-01 -4.88426099e-04  4.88426099e-04  5.00104149e-14  0.00000000e+00  1.80220812e-19 
 7.50000000e-01  7.50000000e-01  9.00000000e-01 -4.90720280e-04  4.90720280e-04  6.87300905e-14  0.00000000e+00  2.11254232e-20 
 7.60000000e-01  7.60000000e-01  9.00000000e-01 -4.93008954e-04  4.93008954e-04  9.53449664e-14  0.00000000e+00  3.35757359e-19 
 7.70000000e-01  7.70000000e-01  9.00000000e-01 -4.95292327e-04  4.95292327e-04  1.32766885e-13  0.00000000e+00  1.76437668e-19 
 7.80000000e-01  7.80000000e-01  9.00000000e-01 -4.97570596e-04  4.97570596e-04  1.84828919e-13  0.00000000e+00  9.58191009e-20 
 7.90000000e-01  7.90000000e-01  9.00000000e-01 -4.99843949e-04  4.99843949e-04  2.56528492e-13  0.00000000e+00  4.03716796e-19 
 8.00000000e-01  8.00000000e-01  9.00000000e-01 -5.02112564e-04  5.02112564e-04  3.54321587e-13  0.00000000e+00  1.27902271e-19 
 8.10000000e-01  8.10000000e-01  9.00000000e-01 -5.04376611e-04  5.04376610e-04  4.86475839e-13  0.00000000e+00  5.79783526e-19 
 8.20000000e-01  8.20000000e-01  9.00000000e-01 -5.06636252e-04  5.06636251e-04  6.63490965e-13  0.00000000e+00  1.27074198e-21 
 8.30000000e-01  8.30000000e-01  9.00000000e-01 -5.08891641e-04  5.08891640e-04  8.98595608e-13  0.00000000e+00  3.90559826e-19 
 8.40000000e-01  8.40000000e-01  9.00000000e-01 -5.11142926e-04  5.11142924e-04  1.20833029e-12  0.00000000e+00  9.10528201e-20 
 8.50000000e-01  8.50000000e-01  9.00000000e-01 -5.13390247e-04  5.13390245e-04  1.61322674e-12  0.00000000e+00  1.52995323e-19 
 8.60000000e-01  8.60000000e-01  9.00000000e-01 -5.15633739e-04  5.15633737e-04  2.13859430e-12  0.00000000e+00  1.20372002e-19 
 8.70000000e-01  8.70000000e-01  9.00000000e-01 -5.17873532e-04  5.17873529e-04  2.81542475e-12  0.00000000e+00  3.13732051e-19 
 8.80000000e-01  8.80000000e-01  9.00000000e-01 -5.20109746e-04  5.20109743e-04  3.68142700e-12  0.00000000e+00  1.99656311e-19 
 8.90000000e-01  8.90000000e-01  9.00000000e-01 -5.22342501e-04  5.22342497e-04  4.78220374e-12  0.00000000e+00  2.43699356e-19 
 9.00000000e-01  9.00000000e-01  9.00000000e-01 -5.24571910e-04  5.24571903e-04  6.17258205e-12  0.00000000e+00  1.47846800e-19 
 9.10000000e-01  9.10000000e-01  9.00000000e-01 -5.26798079e-04  5.26798071e-04  7.91811034e-12  0.00000000e+00  5.43728839e-20 
 9.20000000e-01  9.20000000e-01  9.00000000e-01 -5.29021114e-04  5.29021104e-04  1.00967340e-11  0.00000000e+00  1.88289178e-19 
 9.30000000e-01  9.30000000e-01  9.00000000e-01 -5.31241112e-04  5.31241100e-04  1.28006621e-11  0.00000000e+00  1.78450210e-20 
 9.40000000e-01  9.40000000e-01  9.00000000e-01 -5.33458171e-04  5.33458155e-04  1.61384370e-11  0.00000000e+00  1.93013604e-19 
 9.50000000e-01  9.50000000e-01  9.00000000e-01 -5.35672381e-04  5.35672361e-04  2.02372194e-11  0.00000000e+00  1.60105076e-19 
 9.60000000e-01  9.60000000e-01  9.00000000e-01 -5.37883830e-04  5.37883805e-04  2.52453003e-11  0.00000000e+00  5.24961096e-20 
 9.70000000e-01  9.70000000e-01  9.00000000e-01 -5.40092603e-04  5.40092572e-04  3.13348503e-11  0.00000000e+00  1.36694246e-20 
 9.80000000e-01  9.80000000e-01  9.00000000e-01 -5.42298782e-04  5.42298743e-04  3.87049187e-11  0.00000000e+00  3.20529334e-19 
 9.90000000e-01  9.90000000e-01  9.00000000e-01 -5.44502444e-04  5.44502396e-04  4.75846905e-11  0.00000000e+00  6.52066748e-19 
 1.00000000e+00  1.00000000e+00  9.00000000e-01 -5.46703665e-04  5.46703607e-04  5.82370126e-11  0.00000000e+00  2.55597724e-19 
 1.01000000e+00  1.01000000e+00  9.00000000e-01 -5.48902518e-04  5.48902447e-04  7.09621965e-11  0.00000000e+00  4.24018986e-19 
 1.02000000e+00  1.02000000e+00  9.00000000e-01 -5.51099072e-04  5.51098986e-04  8.61021070e-11  0.00000000e+00  4.08227164e-19 
 1.03000000e+00  1.03000000e+00  9.00000000e-01 -5.53293396e-04  5.53293292e-04  1.04044542e-10  0.00000000e+00  1.25467234e-19 
 1.04000000e+00  1.04000000e+00  9.00000000e-01 -5.55485553e-04  5.55485428e-04  1.25227912e-10  0.00000000e+00  3.03784122e-19 
 1.05000000e+00  1.05000000e+00  9.00000000e-01 -5.57675608e-04  5.57675458e-04  1.50146222e-10  0.00000000e+00  9.45340261e-20 
 1.06000000e+00  1.06000000e+00  9.00000000e-01 -5.59863620e-04  5.59863441e-04  1.79354362e-10  0.00000000e+00  2.05252048e-19 
 1.07000000e+00  1.07000000e+00  9.00000000e-01 -5.62049648e-04  5.62049435e-04  2.13473706e-10  0.00000000e+00  1.83613391e-19 
 1.08000000e+00  1.08000000e+00  9.00000000e-01 -5.64233749e-04  5.64233496e-04  2.53198031e-10  0.00000000e+00  3.28715268e-19 
 1.09000000e+00  1.09000000e+00  9.00000000e-01 -5.66415977e-04  5.66415678e-04  2.99299739e-10  0.00000000e+00  1.67968122e-19 
 1.10000000e+00  1.10000000e+00  9.00000000e-01 -5.68596386e-04  5.68596034e-04  3.52636406e-10  0.00000000e+00  2.05309382e-19 
 1.11000000e+00  1.11000000e+00  9.00000000e-01 -5.70775027e-04  5.70774613e-04  4.14157631e-10  0.00000000e+00  2.57543356e-19 
 1.12000000e+00  1.12000000e+00  9.00000000e-01 -5.72951949e-04  5.72951464e-04  4.84912205e-10  0.00000000e+00  1.01439123e-19 
 1.13000000e+00  1.13000000e+00  9.00000000e-01 -5.75127201e-04  5.75126635e-04  5.66055582e-10  0.00000000e+00  1.02883794e-19 
 1.14000000e+00  1.14000000e+00  9.00000000e-01 -5.77300830e-04  5.77300171e-04  6.58857659e-10  0.00000000e+00  5.73447096e-20 
 1.15000000e+00  1.15000000e+00  9.00000000e-01 -5.79472880e-04  5.79472116e-04  7.64710846e-10  0.00000000e+00  1.87408314e-19 
 1.16000000e+00  1.16000000e+00  9.00000000e-01 -5.81643397e-04  5.81642512e-04  8.85138433e-10  0.00000000e+00  1.40468296e-19 
 1.17000000e+00  1.17000000e+00  9.00000000e-01 -5.83812423e-04  5.83811401e-04  1.02180324e-09  0.00000000e+00  2.31140940e-19 
 1.18000000e+00  1.18000000e+00  9.00000000e-01 -5.85979999e-04  5.85978822e-04  1.17651653e-09  0.00000000e+00  3.79950732e-19 
 1.19000000e+00  1.19000000e+00  9.00000000e-01 -5.88146166e-04  5.88144815e-04  1.35124723e-09  0.00000000e+00  5.76530411e-20 
 1.20000000e+00  1.20000000e+00  9.00000000e-01 -5.90310964e-04  5.90309416e-04  1.54813135e-09  0.00000000e+00  1.79089772e-19 
 0.00000000e+00  0.00000000e+00  1.00000000e+00 -1.91705026e-42  3.06304507e-42 -1.14599481e-42  0.00000000e+00  0.00000000e+00 
 1.00000000e-02  1.00000000e-02  1.00000000e+00 -5.16438477e-05  5.16438477e-05  2.59490962e-15  0.00000000e+00  7.24398441e-21 
 2.00000000e-02  2.00000000e-02  1.00000000e+00 -1.00703573e-04  1.00703573e-04  4.52164362e-15  0.00000000e+00  2.15429912e-20 
 3.00000000e-02  3.00000000e-02  1.00000000e+00 -1.47243511e-04  1.47243511e-04  5.95291940e-15  0.00000000e+00  5.31586747e-20 
 4.00000000e-02  4.00000000e-02  1.00000000e+00 -1.91325308e-04  1.91325308e-04  7.01680848e-15  0.00000000e+00  3.95618259e-20 
 5.00000000e-02  5.00000000e-02  1.00000000e+00 -2.33007778e-04  2.33007778e-04  7.80827706e-15  0.00000000e+00  6.98559533e-20 
 6.00000000e-02  6.00000000e-02  1.00000000e+00 -2.72346686e-04  2.72346686e-04  8.39774345e-15  0.00000000e+00  5.55272013e-20 
 7.00000000e-02  7.00000000e-02  1.00000000e+00 -3.09394470e-04  3.09394470e-04  8.83742348e-15  0.00000000e+00  1.25267945e-19 
 8.00000000e-02  8.00000000e-02  1.00000000e+00 -3.44199939e-04  3.44199939e-04  9.16603566e-15  0.00000000e+00  2.63433112e-20 
 9.00000000e-02  9.00000000e-02  1.00000000e+00 -3.76808028e-04  3.76808028e-04  9.41229016e-15  0.00000000e+00  1.14257969e-19 
 1.00000000e-01  1.00000000e-01  1.00000000e+00 -4.07259838e-04  4.07259838e-04  9.59747583e-15  0.00000000e+00  9.86444431e-20 
 1.10000000e-01  1.10000000e-01  1.00000000e+00 -4.35593311e-04  4.35593311e-04  9.73737858e-15  0.00000000e+00  5.79696976e-20 
 1.20000000e-01  1.20000000e-01  1.00000000e+00 -4.61845111e-04  4.61845111e-04  9.84370385e-15  0.00000000e+00  1.54825846e-20 
 1.30000000e-01  1.30000000e-01  1.00000000e+00 -4.86054356e-04  4.86054356e-04  9.92513133e-15  0.00000000e+00  1.27799887e-19 
 1.40000000e-01  1.40000000e-01  1.00000000e+00 -5.08268569e-04  5.08268569e-04  9.98809712e-15  0.00000000e+00  6.97049041e-21 
 1.50000000e-01  1.50000000e-01  1.00000000e+00 -5.28551316e-04  5.28551316e-04  1.00373737e-14  0.00000000e+00  4.68001437e-20 
 1.60000000e-01  1.60000000e-01  1.00000000e+00 -5.46989551e-04  5.46989551e-04  1.00764998e-14  0.00000000e+00  1.41626206e-19 
 1.70000000e-01  1.70000000e-01  1.00000000e+00 -5.63697654e-04  5.63697654e-04  1.01080995e-14  0.00000000e+00  1.34222715e-19 
 1.80000000e-01  1.80000000e-01  1.00000000e+00 -5.78815688e-04  5.78815688e-04  1.01341185e-14  0.00000000e+00  2.97609672e-19 
 1.90000000e-01  1.90000000e-01  1.00000000e+00 -5.92501842e-04  5.92501842e-04  1.01559995e-14  0.00000000e+00  4.94613862e-19 
 2.00000000e-01  2.00000000e-01  1.00000000e+00 -6.04921549e-04  6.04921549e-04  1.01748124e-14  0.00000000e+00  2.25517894e-19 
 2.10000000e-01  2.10000000e-01  1.00000000e+00 -6.16236793e-04  6.16236793e-04  1.01913503e-14  0.00000000e+00  2.83540781e-19 
 2.20000000e-01  2.20000000e-01  1.00000000e+00 -6.26598090e-04  6.26598090e-04  1.02062014e-14  0.00000000e+00  3.89480166e-19 
 2.30000000e-01  2.30000000e-01  1.00000000e+00 -6.36139939e-04  6.36139939e-04  1.02198018e-14  0.00000000e+00  1.12085346e-19 
 2.40000000e-01  2.40000000e-01  1.00000000e+00 -6.44979269e-04  6.44979269e-04  1.02324748e-14  0.00000000e+00  2.08406998e-19 
 2.50000000e-01  2.50000000e-01  1.00000000e+00 -6.53215914e-04  6.53215914e-04  1.02444603e-14  0.00000000e+00  3.82823508e-19 
 2.60000000e-01  2.60000000e-01  1.00000000e+00 -6.60934188e-04  6.60934188e-04  1.02559361e-14  0.00000000e+00  2.50906119e-19 
 2.70000000e-01  2.70000000e-01  1.00000000e+00 -6.68204902e-04  6.68204902e-04  1.02670339e-14  0.00000000e+00  3.60661798e-19 
 2.80000000e-01  2.80000000e-01  1.00000000e+00 -6.75087414e-04  6.75087414e-04  1.02778515e-14  0.00000000e+00  4.86247988e-20 
 2.90000000e-01  2.90000000e-01  1.00000000e+00 -6.81631524e-04  6.81631524e-04  1.02884615e-14  0.00000000e+00  6.83882009e-19 
 3.00000000e-01  3.00000000e-01  1.00000000e+00 -6.87879113e-04  6.87879113e-04  1.02989174e-14  0.00000000e+00  2.97807680e-19 
 3.10000000e-01  3.10000000e-01  1.00000000e+00 -6.93865537e-04  6.93865537e-04  1.03092592e-14  0.00000000e+00  2.31291293e-19 
 3.20000000e-01  3.20000000e-01  1.00000000e+00 -6.99620771e-04  6.99620771e-04  1.03195165e-14  0.00000000e+00  8.01969140e-20 
 3.30000000e-01  3.30000000e-01  1.00000000e+00 -7.05170348e-04  7.05170348e-04  1.03297110e-14  0.00000000e+00  1.33569266e-19 
 3.40000000e-01  3.40000000e-01  1.00000000e+00 -7.10536130e-04  7.10536130e-04  1.03398592e-14  0.00000000e+00  3.99158069e-20 
 3.50000000e-01  3.50000000e-01  1.00000000e+00 -7.15736925e-04  7.15736925e-04  1.03499730e-14  0.00000000e+00  1.79013700e-19 
 3.60000000e-01  3.60000000e-01  1.00000000e+00 -7.20788995e-04  7.20788995e-04  1.03600613e-14  0.00000000e+00  1.41028028e-19 
 3.70000000e-01  3.70000000e-01  1.00000000e+00 -7.25706472e-04  7.25706472e-04  1.03701307e-14  0.00000000e+00  3.87452714e-19 
 3.80000000e-01  3.80000000e-01  1.00000000e+00 -7.30501691e-04  7.30501691e-04  1.03801862e-14  0.00000000e+00  3.99040934e-19 
 3.90000000e-01  3.90000000e-01  1.00000000e+00 -7.35185466e-04  7.35185466e-04  1.03902315e-14  0.00000000e+00  1.05214360e-19 
 4.00000000e-01  4.00000000e-01  1.00000000e+00 -7.39767324e-04  7.39767324e-04  1.04002691e-14  0.00000000e+00  2.65488797e-19 
 4.10000000e-01  4.10000000e-01  1.00000000e+00 -7.44255688e-04  7.44255688e-04  1.04103012e-14  0.00000000e+00  2.25572207e-19 
 4.20000000e-01  4.20000000e-01  1.00000000e+00 -7.48658035e-04  7.48658035e-04  1.04203291e-14  0.00000000e+00  2.78836531e-19 
 4.30000000e-01  4.30000000e-01  1.00000000e+00 -7.52981029e-04  7.52981029e-04  1.04303540e-14  0.00000000e+00  3.29083231e-19 
 4.40000000e-01  4.40000000e-01  1.00000000e+00 -7.57230628e-04  7.57230628e-04  1.04403767e-14  0.00000000e+00  3.77126114e-19 
 4.50000000e-01  4.50000000e-01  1.00000000e+00 -7.61412181e-04  7.61412181e-04  1.04503978e-14  0.00000000e+00  1.01127066e-20 
 4.60000000e-01  4.60000000e-01  1.00000000e+00 -7.65530499e-04  7.65530499e-04  1.04604177e-14  0.00000000e+00  3.51751992e-20 
 4.70000000e-01  4.70000000e-01  1.00000000e+00 -7.69589929e-04  7.69589929e-04  1.04704369e-14  0.00000000e+00  7.96397991e-20 
 4.80000000e-01  4.80000000e-01  1.00000000e+00 -7.73594406e-04  7.73594406e-04  1.04804554e-14  0.00000000e+00  1.23526053e-19 
 4.90000000e-01  4.90000000e-01  1.00000000e+00 -7.77547503e-04  7.77547503e-04  1.04904736e-14  0.00000000e+00  6.00696141e-19 
 5.00000000e-01  5.00000000e-01  1.00000000e+00 -7.81452473e-04  7.81452473e-04  1.05004914e-14  0.00000000e+00  2.23439276e-19 
 5.10000000e-01  5.10000000e-01  1.00000000e+00 -7.85312286e-04  7.85312286e-04  1.05105092e-14  0.00000000e+00  1.80376669e-19 
 5.20000000e-01  5.20000000e-01  1.00000000e+00 -7.89129658e-04  7.89129658e-04  1.05205268e-14  0.00000000e+00  1.37404494e-19 
 5.30000000e-01  5.30000000e-01  1.00000000e+00 -7.92907079e-04  7.92907079e-04  1.05305444e-14  0.00000000e+00  3.39212218e-19 
 5.40000000e-01  5.40000000e-01  1.00000000e+00 -7.96646838e-04  7.96646838e-04  1.05405620e-14  0.00000000e+00  5.15292535e-20 
 5.50000000e-01  5.50000000e-01  1.00000000e+00 -8.00351043e-04  8.00351043e-04  1.05505796e-14  0.00000000e+00  8.55693339e-21 
 5.60000000e-01  5.60000000e-01  1.00000000e+00 -8.04021639e-04  8.04021639e-04  1.05605973e-14  0.00000000e+00  3.99210980e-19 
 5.70000000e-01  5.70000000e-01  1.00000000e+00 -8.07660422e-04  8.07660422e-04  1.05706723e-14  0.00000000e+00  2.98908427e-19 
 5.80000000e-01  5.80000000e-01  1.00000000e+00 -8.11269056e-04  8.11269056e-04  1.05815440e-14  0.00000000e+00  1.64436756e-19 
 5.90000000e-01  5.90000000e-01  1.00000000e+00 -8.14849086e-04  8.14849086e-04  1.05934148e-14  0.00000000e+00  1.07831949e-19 
 6.00000000e-01  6.00000000e-01  1.00000000e+00 -8.18401947e-04  8.18401947e-04  1.06072925e-14  0.00000000e+00  1.07876927e-19 
 6.10000000e-01  6.10000000e-01  1.00000000e+00 -8.21928973e-04  8.21928973e-04  1.06250729e-14  0.00000000e+00  3.25271403e-19 
 6.20000000e-01  6.20000000e-01  1.00000000e+00 -8.25431408e-04  8.25431408e-04  1.06502155e-14  0.00000000e+00  5.52984278e-19 
 6.30000000e-01  6.30000000e-01  1.00000000e+00 -8.28910413e-04  8.28910413e-04  1.06888581e-14  0.00000000e+00  7.43080674e-20 
 6.40000000e-01  6.40000000e-01  1.00000000e+00 -8.32367076e-04  8.32367076e-04  1.07516059e-14  0.00000000e+00  2.23506311e-19 
 6.50000000e-01  6.50000000e-01  1.00000000e+00 -8.35802410e-04  8.35802410e-04  1.08563353e-14  0.00000000e+00  4.35775064e-19 
 6.60000000e-01  6.60000000e-01  1.00000000e+00 -8.39217369e-04  8.39217369e-04  1.10324862e-14  0.00000000e+00  7.86108578e-20 
 6.70000000e-01  6.70000000e-01  1.00000000e+00 -8.42612846e-04  8.42612846e-04  1.13274965e-14  0.00000000e+00  1.85908337e-19 
 6.80000000e-01  6.80000000e-01  1.00000000e+00 -8.45989680e-04  8.45989680e-04  1.18162514e-14  0.00000000e+00  2.51276614e-19 
 6.90000000e-01  6.90000000e-01  1.00000000e+00 -8.49348661e-04  8.49348661e-04  1.26147026e-14  0.00000000e+00  2.27128642e-19 
 7.00000000e-01  7.00000000e-01  1.00000000e+00 -8.52690532e-04  8.52690532e-04  1.38991501e-14  0.00000000e+00  1.11894396e-19 
 7.10000000e-01  7.10000000e-01  1.00000000e+00 -8.56015994e-04  8.56015994e-04  1.59330860e-14  0.00000000e+00  5.18234875e-19 
 7.20000000e-01  7.20000000e-01  1.00000000e+00 -8.59325708e-04  8.59325708e-04  1.91039819e-14  0.00000000e+00  5.27750166e-19 
 7.30000000e-01  7.30000000e-01  1.00000000e+00 -8.62620298e-04  8.62620298e-04  2.39729562e-14  0.00000000e+00  5.48567872e-20 
 7.40000000e-01  7.40000000e-01  1.00000000e+00 -8.65900355e-04  8.65900355e-04  3.13408957e-14  0.00000000e+00  8.03702283e-20 
 7.50000000e-01  7.50000000e-01  1.00000000e+00 -8.69166437e-04  8.69166437e-04  4.23353191e-14  0.00000000e+00  1.73655992e-19 
 7.60000000e-01  7.60000000e-01  1.00000000e+00 -8.72419074e-04  8.72419074e-04  5.85230647e-14  0.00000000e+00  4.33896488e-19 
 7.70000000e-01  7.70000000e-01  1.00000000e+00 -8.75658768e-04  8.75658768e-04  8.20547507e-14  0.00000000e+00  7.05433673e-19 
 7.80000000e-01  7.80000000e-01  1.00000000e+00 -8.78885993e-04  8.78885993e-04  1.15847892e-13  0.00000000e+00  4.11487420e-19 
 7.90000000e-01  7.90000000e-01  1.00000000e+00 -8.82101204e-04  8.82101203e-04  1.63816546e-13  0.00000000e+00  5.36609854e-19 
 8.00000000e-01  8.00000000e-01  1.00000000e+00 -8.85304828e-04  8.85304827e-04  2.31156416e-13  0.00000000e+00  1.76039516e-19 
 8.10000000e-01  8.10000000e-01  1.00000000e+00 -8.88497274e-04  8.88497274e-04  3.24695397e-13  0.00000000e+00  2.65233956e-19 
 8.20000000e-01  8.20000000e-01  1.00000000e+00 -8.91678932e-04  8.91678931e-04  4.53320675e-13  0.00000000e+00  1.34016958e-19 
 8.30000000e-01  8.30000000e-01  1.00000000e+00 -8.94850171e-04  8.94850170e-04  6.28494577e-13  0.00000000e+00  3.58940194e-19 
 8.40000000e-01  8.40000000e-01  1.00000000e+00 -8.98011345e-04  8.98011344e-04  8.64872488e-13  0.00000000e+00  3.55122404e-19 
 8.50000000e-01  8.50000000e-01  1.00000000e+00 -9.01162790e-04  9.01162789e-04  1.18103720e-12  0.00000000e+00  2.76903811e-19 
 8.60000000e-01  8.60000000e-01  1.00000000e+00 -9.04304829e-04  9.04304827e-04  1.60036508e-12  0.00000000e+00  1.57357196e-19 
 8.70000000e-01  8.70000000e-01  1.00000000e+00 -9.07437766e-04  9.07437764e-04  2.15204053e-12  0.00000000e+00  6.06504256e-19 
 8.80000000e-01  8.80000000e-01  1.00000000e+00 -9.10561897e-04  9.10561894e-04  2.87223577e-12  0.00000000e+00  5.34942792e-19 
 8.90000000e-01  8.90000000e-01  1.00000000e+00 -9.13677502e-04  9.13677498e-04  3.80547431e-12  0.00000000e+00  7.25462778e-19 
 9.00000000e-01  9.00000000e-01  1.00000000e+00 -9.16784848e-04  9.16784843e-04  5.00619654e-12  0.00000000e+00  5.65229538e-19 
 9.10000000e-01  9.10000000e-01  1.00000000e+00 -9.19884193e-04  9.19884186e-04  6.54054700e-12  0.00000000e+00  2.45004243e-19 
 9.20000000e-01  9.20000000e-01  1.00000000e+00 -9.22975783e-04  9.22975774e-04  8.48840279e-12  0.00000000e+00  1.04297696e-19 
 9.30000000e-01  9.30000000e-01  1.00000000e+00 -9.26059854e-04  9.26059843e-04  1.09456635e-11  0.00000000e+00  1.43511287e-19 
 9.40000000e-01  9.40000000e-01  1.00000000e+00 -9.29136632e-04  9.29136618e-04  1.40268224e-11  0.00000000e+00  2.71858321e-19 
 9.50000000e-01  9.50000000e-01  1.00000000e+00 -9.32206334e-04  9.32206316e-04  1.78678394e-11  0.00000000e+00  6.57993116e-19 
 9.60000000e-01  9.60000000e-01  1.00000000e+00 -9.35269169e-04  9.35269147e-04  2.26293353e-11  0.00000000e+00  2.73033657e-19 
 9.70000000e-01  9.70000000e-01  1.00000000e+00 -9.38325337e-04  9.38325309e-04  2.85001278e-11  0.00000000e+00  2.35404183e-19 
 9.80000000e-01  9.80000000e-01  1.00000000e+00 -9.41375031e-04  9.41374995e-04  3.57011271e-11  0.00000000e+00  1.85234109e-19 
 9.90000000e-01  9.90000000e-01  1.00000000e+00 -9.44418434e-04  9.44418390e-04  4.44896106e-11  0.00000000e+00  2.96599722e-19 
 1.00000000e+00  1.00000000e+00  1.00000000e+00 -9.47455726e-04  9.47455671e-04  5.51638941e-11  0.00000000e+00  1.43379519e-19 
 1.01000000e+00  1.01000000e+00  1.00000000e+00 -9.50487078e-04  9.50487010e-04  6.80684159e-11  0.00000000e+00  4.23308128e-19 
 1.02000000e+00  1.02000000e+00  1.00000000e+00 -9.53512654e-04  9.53512570e-04  8.35992496e-11  0.00000000e+00  7.81006964e-19 
 1.03000000e+00  1.03000000e+00  1.00000000e+00 -9.56532613e-04  9.56532511e-04  1.02210060e-10  0.00000000e+00  1.41378531e-19 
 1.04000000e+00  1.04000000e+00  1.00000000e+00 -9.59547109e-04  9.59546985e-04  1.24418515e-10  0.00000000e+00  8.98304704e-20 
 1.05000000e+00  1.05000000e+00  1.00000000e+00 -9.62556290e-04  9.62556139e-04  1.50813167e-10  0.00000000e+00  3.94027562e-19 
 1.06000000e+00  1.06000000e+00  1.00000000e+00 -9.65560297e-04  9.65560115e-04  1.82060805e-10  0.00000000e+00  9.20048955e-20 
 1.07000000e+00  1.07000000e+00  1.00000000e+00 -9.68559269e-04  9.68559050e-04  2.18914306e-10  0.00000000e+00  5.15119334e-19 
 1.08000000e+00  1.08000000e+00  1.00000000e+00 -9.71553338e-04  9.71553076e-04  2.62220964e-10  0.00000000e+00  1.14198177e-19 
 1.09000000e+00  1.09000000e+00  1.00000000e+00 -9.74542633e-04  9.74542320e-04  3.12931330e-10  0.00000000e+00  3.31618052e-19 
 1.10000000e+00  1.10000000e+00  1.00000000e+00 -9.77527278e-04  9.77526906e-04  3.72108541e-10  0.00000000e+00  1.38958950e-19 
 1.11000000e+00  1.11000000e+00  1.00000000e+00 -9.80507392e-04  9.80506951e-04  4.40938162e-10  0.00000000e+00  9.92824564e-20 
 1.12000000e+00  1.12000000e+00  1.00000000e+00 -9.83483093e-04  9.83482573e-04  5.20738526e-10  0.00000000e+00  7.02687862e-20 
 1.13000000e+00  1.13000000e+00  1.00000000e+00 -9.86454493e-04  9.86453880e-04  6.12971569e-10  0.00000000e+00  1.26118574e-19 
 1.14000000e+00  1.14000000e+00  1.00000000e+00 -9.89421700e-04  9.89420981e-04  7.19254166e-10  0.00000000e+00  1.09122390e-19 
 1.15000000e+00  1.15000000e+00  1.00000000e+00 -9.92384821e-04  9.92383980e-04  8.41369956e-10  0.00000000e+00  2.44201708e-19 
 1.16000000e+00  1.16000000e+00  1.00000000e+00 -9.95343958e-04  9.95342976e-04  9.81281648e-10  0.00000000e+00  3.22896156e-20 
 1.17000000e+00  1.17000000e+00  1.00000000e+00 -9.98299210e-04  9.98298068e-04  1.14114380e-09  0.00000000e+00  4.07710293e-19 
 1.18000000e+00  1.18000000e+00  1.00000000e+00 -1.00125067e-03  1.00124935e-03  1.32331605e-09  0.00000000e+00  5.28251601e-19 
 1.19000000e+00  1.19000000e+00  1.00000000e+00 -1.00419844e-03  1.00419691e-03  1.53037681e-09  0.00000000e+00  1.63293725e-19 
 1.20000000e+00  1.20000000e+00  1.00000000e+00 -1.00714261e-03  1.00714084e-03  1.76513741e-09  0.00000000e+00  3.01008957e-20 
 0.00000000e+00  0.00000000e+00  1.10000000e+00 -1.92959537e-42  3.05049996e-42 -1.12090459e-42  0.00000000e+00  4.77927573e-58 
 1.00000000e-02  1.00000000e-02  1.10000000e+00 -6.93976999e-05  6.93976998e-05  2.59490963e-15  0.00000000e+00  1.98506994e-20 
 2.00000000e-02  2.00000000e-02  1.10000000e+00 -1.35901875e-04  1.35901875e-04  4.52164366e-15  0.00000000e+00  2.15008506e-20 
 3.00000000e-02  3.00000000e-02  1.10000000e+00 -1.99581103e-04  1.99581103e-04  5.95291949e-15  0.00000000e+00  5.32549137e-20 
 4.00000000e-02  4.00000000e-02  1.10000000e+00 -2.60500777e-04  2.60500777e-04  7.01680865e-15  0.00000000e+00  1.48217361e-20 
 5.00000000e-02  5.00000000e-02  1.10000000e+00 -3.18722863e-04  3.18722863e-04  7.80827734e-15  0.00000000e+00  7.01302880e-20 
 6.00000000e-02  6.00000000e-02  1.10000000e+00 -3.74305557e-04  3.74305557e-04  8.39774385e-15  0.00000000e+00  5.59262871e-20 
 7.00000000e-02  7.00000000e-02  1.10000000e+00 -4.27302805e-04  4.27302805e-04  8.83742403e-15  0.00000000e+00  1.24720487e-19 
 8.00000000e-02  8.00000000e-02  1.10000000e+00 -4.77763667e-04  4.77763667e-04  9.16603638e-15  0.00000000e+00  1.91215835e-19 
 9.00000000e-02  9.00000000e-02  1.10000000e+00 -5.25731532e-04  5.25731532e-04  9.41229107e-15  0.00000000e+00  1.01670703e-19 
 1.00000000e-01  1.00000000e-01  1.10000000e+00 -5.71243200e-04  5.71243200e-04  9.59747695e-15  0.00000000e+00  1.19321733e-19 
 1.10000000e-01  1.10000000e-01  1.10000000e+00 -6.14327959e-04  6.14327959e-04  9.73737994e-15  0.00000000e+00  5.66083746e-20 
 1.20000000e-01  1.20000000e-01  1.10000000e+00 -6.55006904e-04  6.55006904e-04  9.84370547e-15  0.00000000e+00  2.33946298e-19 
 1.30000000e-01  1.30000000e-01  1.10000000e+00 -6.93292971e-04  6.93292971e-04  9.92513325e-15  0.00000000e+00  1.29724529e-19 
 1.40000000e-01  1.40000000e-01  1.10000000e+00 -7.29192424e-04  7.29192424e-04  9.98809942e-15  0.00000000e+00  4.67824694e-21 
 1.50000000e-01  1.50000000e-01  1.10000000e+00 -7.62708679e-04  7.62708679e-04  1.00373764e-14  0.00000000e+00  4.95723301e-20 
 1.60000000e-01  1.60000000e-01  1.10000000e+00 -7.93849227e-04  7.93849227e-04  1.00765032e-14  0.00000000e+00  7.17819373e-20 
 1.70000000e-01  1.70000000e-01  1.10000000e+00 -8.22635499e-04  8.22635499e-04  1.01081038e-14  0.00000000e+00  3.03816348e-19 
 1.80000000e-01  1.80000000e-01  1.10000000e+00 -8.49113990e-04  8.49113990e-04  1.01341241e-14  0.00000000e+00  3.03251617e-19 
 1.90000000e-01  1.90000000e-01  1.10000000e+00 -8.73365364e-04  8.73365364e-04  1.01560069e-14  0.00000000e+00  6.82991201e-20 
 2.00000000e-01  2.00000000e-01  1.10000000e+00 -8.95507937e-04  8.95507937e-04  1.01748220e-14  0.00000000e+00  2.35107481e-19 
 2.10000000e-01  2.10000000e-01  1.10000000e+00 -9.15693776e-04  9.15693776e-04  1.01913626e-14  0.00000000e+00  2.95880852e-19 
 2.20000000e-01  2.20000000e-01  1.10000000e+00 -9.34098566e-04  9.34098566e-04  1.02062170e-14  0.00000000e+00  4.05095301e-19 
 2.30000000e-01  2.30000000e-01  1.10000000e+00 -9.50908688e-04  9.50908688e-04  1.02198212e-14  0.00000000e+00  5.65155140e-19 
 2.40000000e-01  2.40000000e-01  1.10000000e+00 -9.66309084e-04  9.66309084e-04  1.02324985e-14  0.00000000e+00  6.65708884e-19 
 2.50000000e-01  2.50000000e-01  1.10000000e+00 -9.80474197e-04  9.80474197e-04  1.02444886e-14  0.00000000e+00  5.71399538e-19 
 2.60000000e-01  2.60000000e-01  1.10000000e+00 -9.93562552e-04  9.93562552e-04  1.02559694e-14  0.00000000e+00  2.84177428e-19 
 2.70000000e-01  2.70000000e-01  1.10000000e+00 -1.00571448e-03  1.00571448e-03  1.02670725e-14  0.00000000e+00  1.05224651e-19 
 2.80000000e-01  2.80000000e-01  1.10000000e+00 -1.01705203e-03  1.01705203e-03  1.02778957e-14  0.00000000e+00  3.40855961e-19 
 2.90000000e-01  2.90000000e-01  1.10000000e+00 -1.02768016e-03  1.02768016e-03  1.02885115e-14  0.00000000e+00  3.50274081e-19 
 3.00000000e-01  3.00000000e-01  1.10000000e+00 -1.03768857e-03  1.03768857e-03  1.02989735e-14  0.00000000e+00  3.53911883e-19 
 3.10000000e-01  3.10000000e-01  1.10000000e+00 -1.04715367e-03  1.04715367e-03  1.03093216e-14  0.00000000e+00  2.93639880e-19 
 3.20000000e-01  3.20000000e-01  1.10000000e+00 -1.05614056e-03  1.05614056e-03  1.03195852e-14  0.00000000e+00  1.48954251e-19 
 3.30000000e-01  3.30000000e-01  1.10000000e+00 -1.06470474e-03  1.06470474e-03  1.03297864e-14  0.00000000e+00  5.82573166e-20 
 3.40000000e-01  3.40000000e-01  1.10000000e+00 -1.07289365e-03  1.07289365e-03  1.03399412e-14  0.00000000e+00  5.28608708e-19 
 3.50000000e-01  3.50000000e-01  1.10000000e+00 -1.08074797e-03  1.08074797e-03  1.03500618e-14  0.00000000e+00  1.65868559e-19 
 3.60000000e-01  3.60000000e-01  1.10000000e+00 -1.08830272e-03  1.08830272e-03  1.03601570e-14  0.00000000e+00  1.71518566e-19 
 3.70000000e-01  3.70000000e-01  1.10000000e+00 -1.09558818e-03  1.09558818e-03  1.03702334e-14  0.00000000e+00  1.60358753e-19 
 3.80000000e-01  3.80000000e-01  1.10000000e+00 -1.10263060e-03  1.10263060e-03  1.03802960e-14  0.00000000e+00  1.44441353e-19 
 3.90000000e-01  3.90000000e-01  1.10000000e+00 -1.10945286e-03  1.10945286e-03  1.03903484e-14  0.00000000e+00  2.11492683e-19 
 4.00000000e-01  4.00000000e-01  1.10000000e+00 -1.11607500e-03  1.11607500e-03  1.04003933e-14  0.00000000e+00  2.92413012e-19 
 4.10000000e-01  4.10000000e-01  1.10000000e+00 -1.12251459e-03  1.12251459e-03  1.04104327e-14  0.00000000e+00  2.93411649e-19 
 4.20000000e-01  4.20000000e-01  1.10000000e+00 -1.12878717e-03  1.12878717e-03  1.04204680e-14  0.00000000e+00  4.49606497e-19 
 4.30000000e-01  4.30000000e-01  1.10000000e+00 -1.13490645e-03  1.13490645e-03  1.04305003e-14  0.00000000e+00  4.17630247e-20 
 4.40000000e-01  4.40000000e-01  1.10000000e+00 -1.14088467e-03  1.14088467e-03  1.04405305e-14  0.00000000e+00  1.19535463e-19 
 4.50000000e-01  4.50000000e-01  1.10000000e+00 -1.14673269e-03  1.14673269e-03  1.04505592e-14  0.00000000e+00  6.55404037e-20 
 4.60000000e-01  4.60000000e-01  1.10000000e+00 -1.15246026e-03  1.15246026e-03  1.04605868e-14  0.00000000e+00  4.46329219e-19 
 4.70000000e-01  4.70000000e-01  1.10000000e+00 -1.15807614e-03  1.15807614e-03  1.04706135e-14  0.00000000e+00  3.94211837e-19 
 4.80000000e-01  4.80000000e-01  1.10000000e+00 -1.16358819e-03  1.16358819e-03  1.04806398e-14  0.00000000e+00  9.10544626e-20 
 4.90000000e-01  4.90000000e-01  1.10000000e+00 -1.16900352e-03  1.16900352e-03  1.04906657e-14  0.00000000e+00  1.42287239e-19 
 5.00000000e-01  5.00000000e-01  1.10000000e+00 -1.17432859e-03  1.17432859e-03  1.05006913e-14  0.00000000e+00  4.10140123e-19 
 5.10000000e-01  5.10000000e-01  1.10000000e+00 -1.17956923e-03  1.17956923e-03  1.05107169e-14  0.00000000e+00  2.44189355e-19 
 5.20000000e-01  5.20000000e-01  1.10000000e+00 -1.18473078e-03  1.18473078e-03  1.05207424e-14  0.00000000e+00  5.11868470e-19 
 5.30000000e-01  5.30000000e-01  1.10000000e+00 -1.18981809e-03  1.18981809e-03  1.05307679e-14  0.00000000e+00  8.78123923e-20 
 5.40000000e-01  5.40000000e-01  1.10000000e+00 -1.19483562e-03  1.19483562e-03  1.05407934e-14  0.00000000e+00  3.69315361e-20 
 5.50000000e-01  5.50000000e-01  1.10000000e+00 -1.19978744e-03  1.19978744e-03  1.05508190e-14  0.00000000e+00  6.36503329e-19 
 5.60000000e-01  5.60000000e-01  1.10000000e+00 -1.20467730e-03  1.20467730e-03  1.05608447e-14  0.00000000e+00  3.68624184e-19 
 5.70000000e-01  5.70000000e-01  1.10000000e+00 -1.20950865e-03  1.20950865e-03  1.05708705e-14  0.00000000e+00  3.17481408e-19 
 5.80000000e-01  5.80000000e-01  1.10000000e+00 -1.21428467e-03  1.21428467e-03  1.05808965e-14  0.00000000e+00  6.01137853e-19 
 5.90000000e-01  5.90000000e-01  1.10000000e+00 -1.21900831e-03  1.21900831e-03  1.05909225e-14  0.00000000e+00  1.99641937e-21 
 6.00000000e-01  6.00000000e-01  1.10000000e+00 -1.22368228e-03  1.22368228e-03  1.06018595e-14  0.00000000e+00  1.19837056e-19 
 6.10000000e-01  6.10000000e-01  1.10000000e+00 -1.22830911e-03  1.22830911e-03  1.06141475e-14  0.00000000e+00  2.41872844e-19 
 6.20000000e-01  6.20000000e-01  1.10000000e+00 -1.23289116e-03  1.23289116e-03  1.06289278e-14  0.00000000e+00  6.01751146e-20 
 6.30000000e-01  6.30000000e-01  1.10000000e+00 -1.23743060e-03  1.23743060e-03  1.06485907e-14  0.00000000e+00  9.32085316e-21 
 6.40000000e-01  6.40000000e-01  1.10000000e+00 -1.24192948e-03  1.24192948e-03  1.06775290e-14  0.00000000e+00  8.92034960e-20 
 6.50000000e-01  6.50000000e-01  1.10000000e+00 -1.24638968e-03  1.24638968e-03  1.07235865e-14  0.00000000e+00  4.03589092e-20 
 6.60000000e-01  6.60000000e-01  1.10000000e+00 -1.25081299e-03  1.25081299e-03  1.08003986e-14  0.00000000e+00  2.06613796e-19 
 6.70000000e-01  6.70000000e-01  1.10000000e+00 -1.25520106e-03  1.25520106e-03  1.09310801e-14  0.00000000e+00  3.70629296e-19 
 6.80000000e-01  6.80000000e-01  1.10000000e+00 -1.25955546e-03  1.25955546e-03  1.11539011e-14  0.00000000e+00  5.87671025e-19 
 6.90000000e-01  6.90000000e-01  1.10000000e+00 -1.26387765e-03  1.26387765e-03  1.15308352e-14  0.00000000e+00  9.55908661e-19 
 7.00000000e-01  7.00000000e-01  1.10000000e+00 -1.26816899e-03  1.26816899e-03  1.21601714e-14  0.00000000e+00  4.56977293e-19 
 7.10000000e-01  7.10000000e-01  1.10000000e+00 -1.27243078e-03  1.27243078e-03  1.31947672e-14  0.00000000e+00  2.67221519e-20 
 7.20000000e-01  7.20000000e-01  1.10000000e+00 -1.27666423e-03  1.27666423e-03  1.48679919e-14  0.00000000e+00  5.39897494e-19 
 7.30000000e-01  7.30000000e-01  1.10000000e+00 -1.28087049e-03  1.28087049e-03  1.75299781e-14  0.00000000e+00  5.31409070e-20 
 7.40000000e-01  7.40000000e-01  1.10000000e+00 -1.28505064e-03  1.28505064e-03  2.16974697e-14  0.00000000e+00  2.34696909e-19 
 7.50000000e-01  7.50000000e-01  1.10000000e+00 -1.28920570e-03  1.28920570e-03  2.81213368e-14  0.00000000e+00  2.65422208e-19 
 7.60000000e-01  7.60000000e-01  1.10000000e+00 -1.29333664e-03  1.29333664e-03  3.78767234e-14  0.00000000e+00  1.20520360e-19 
 7.70000000e-01  7.70000000e-01  1.10000000e+00 -1.29744436e-03  1.29744436e-03  5.24817995e-14  0.00000000e+00  3.07680559e-19 
 7.80000000e-01  7.80000000e-01  1.10000000e+00 -1.30152974e-03  1.30152974e-03  7.40522130e-14  0.00000000e+00  9.63990575e-20 
 7.90000000e-01  7.90000000e-01  1.10000000e+00 -1.30559359e-03  1.30559359e-03  1.05499560e-13  0.00000000e+00  1.83746698e-19 
 8.00000000e-01  8.00000000e-01  1.10000000e+00 -1.30963669e-03  1.30963669e-03  1.50783521e-13  0.00000000e+00  7.06437393e-19 
 8.10000000e-01  8.10000000e-01  1.10000000e+00 -1.31365978e-03  1.31365978e-03  2.15228715e-13  0.00000000e+00  5.95329086e-19 
 8.20000000e-01  8.20000000e-01  1.10000000e+00 -1.31766356e-03  1.31766356e-03  3.05918808e-13  0.00000000e+00  1.05730362e-19 
 8.30000000e-01  8.30000000e-01  1.10000000e+00 -1.32164870e-03  1.32164870e-03  4.32181955e-13  0.00000000e+00  5.37376474e-19 
 8.40000000e-01  8.40000000e-01  1.10000000e+00 -1.32561584e-03  1.32561584e-03  6.06183202e-13  0.00000000e+00  1.29205896e-19 
 8.50000000e-01  8.50000000e-01  1.10000000e+00 -1.32956558e-03  1.32956557e-03  8.43641067e-13  0.00000000e+00  6.18489902e-20 
 8.60000000e-01  8.60000000e-01  1.10000000e+00 -1.33349849e-03  1.33349849e-03  1.16468709e-12  0.00000000e+00  6.18091693e-19 
 8.70000000e-01  8.70000000e-01  1.10000000e+00 -1.33741513e-03  1.33741513e-03  1.59488861e-12  0.00000000e+00  5.42649360e-19 
 8.80000000e-01  8.80000000e-01  1.10000000e+00 -1.34131603e-03  1.34131603e-03  2.16645664e-12  0.00000000e+00  3.88895447e-19 
 8.90000000e-01  8.90000000e-01  1.10000000e+00 -1.34520169e-03  1.34520168e-03  2.91966181e-12  0.00000000e+00  3.40425832e-19 
 9.00000000e-01  9.00000000e-01  1.10000000e+00 -1.34907258e-03  1.34907257e-03  3.90448297e-12  0.00000000e+00  3.24972405e-19 
 9.10000000e-01  9.10000000e-01  1.10000000e+00 -1.35292916e-03  1.35292915e-03  5.18251374e-12  0.00000000e+00  4.04510228e-19 
 9.20000000e-01  9.20000000e-01  1.10000000e+00 -1.35677187e-03  1.35677187e-03  6.82915377e-12  0.00000000e+00  6.64446354e-19 
 9.30000000e-01  9.30000000e-01  1.10000000e+00 -1.36060115e-03  1.36060114e-03  8.93611170e-12  0.00000000e+00  3.53020420e-19 
 9.40000000e-01  9.40000000e-01  1.10000000e+00 -1.36441737e-03  1.36441736e-03  1.16142479e-11  0.00000000e+00  1.04499906e-19 
 9.50000000e-01  9.50000000e-01  1.10000000e+00 -1.36822094e-03  1.36822093e-03  1.49967849e-11  0.00000000e+00  1.19018853e-19 
 9.60000000e-01  9.60000000e-01  1.10000000e+00 -1.37201222e-03  1.37201220e-03  1.92429149e-11  0.00000000e+00  3.35294304e-19 
 9.70000000e-01  9.70000000e-01  1.10000000e+00 -1.37579157e-03  1.37579155e-03  2.45418305e-11  0.00000000e+00  5.10287591e-20 
 9.80000000e-01  9.80000000e-01  1.10000000e+00 -1.37955933e-03  1.37955930e-03  3.11172102e-11  0.00000000e+00  5.61430229e-20 
 9.90000000e-01  9.90000000e-01  1.10000000e+00 -1.38331583e-03  1.38331579e-03  3.92321822e-11  0.00000000e+00  2.18245175e-19 
 1.00000000e+00  1.00000000e+00  1.10000000e+00 -1.38706137e-03  1.38706132e-03  4.91947965e-11  0.00000000e+00  9.01101059e-19 
 1.01000000e+00  1.01000000e+00  1.10000000e+00 -1.39079628e-03  1.39079622e-03  6.13640295e-11  0.00000000e+00  4.27058655e-19 
 1.02000000e+00  1.02000000e+00  1.10000000e+00 -1.39452083e-03  1.39452075e-03  7.61563459e-11  0.00000000e+00  1.65166979e-19 
 1.03000000e+00  1.03000000e+00  1.10000000e+00 -1.39823530e-03  1.39823521e-03  9.40528411e-11  0.00000000e+00  3.86149404e-19 
 1.04000000e+00  1.04000000e+00  1.10000000e+00 -1.40193997e-03  1.40193986e-03  1.15606986e-10  0.00000000e+00  5.29631507e-19 
 1.05000000e+00  1.05000000e+00  1.10000000e+00 -1.40563511e-03  1.40563496e-03  1.41452992e-10  0.00000000e+00  7.83318327e-20 
 1.06000000e+00  1.06000000e+00  1.10000000e+00 -1.40932094e-03  1.40932077e-03  1.72314821e-10  0.00000000e+00  2.78741617e-19 
 1.07000000e+00  1.07000000e+00  1.10000000e+00 -1.41299773e-03  1.41299753e-03  2.09015840e-10  0.00000000e+00  3.71762187e-19 
 1.08000000e+00  1.08000000e+00  1.10000000e+00 -1.41666571e-03  1.41666546e-03  2.52489158e-10  0.00000000e+00  2.56298811e-20 
 1.09000000e+00  1.09000000e+00  1.10000000e+00 -1.42032509e-03  1.42032479e-03  3.03788629e-10  0.00000000e+00  2.48378918e-19 
 1.10000000e+00  1.10000000e+00  1.10000000e+00 -1.42397611e-03  1.42397574e-03  3.64100555e-10  0.00000000e+00  1.66830439e-19 
 1.11000000e+00  1.11000000e+00  1.10000000e+00 -1.42761896e-03  1.42761852e-03  4.34756073e-10  0.00000000e+00  2.71339281e-19 
 1.12000000e+00  1.12000000e+00  1.10000000e+00 -1.43125385e-03  1.43125333e-03  5.17244247e-10  0.00000000e+00  5.22455547e-19 
 1.13000000e+00  1.13000000e+00  1.10000000e+00 -1.43488098e-03  1.43488037e-03  6.13225852e-10  0.00000000e+00  4.16786325e-19 
 1.14000000e+00  1.14000000e+00  1.10000000e+00 -1.43850054e-03  1.43849982e-03  7.24547864e-10  0.00000000e+00  3.20957968e-19 
 1.15000000e+00  1.15000000e+00  1.10000000e+00 -1.44211272e-03  1.44211187e-03  8.53258627e-10  0.00000000e+00  2.17983805e-19 
 1.16000000e+00  1.16000000e+00  1.10000000e+00 -1.44571769e-03  1.44571668e-03  1.00162372e-09  0.00000000e+00  5.78299544e-19 
 1.17000000e+00  1.17000000e+00  1.10000000e+00 -1.44931562e-03  1.44931445e-03  1.17214250e-09  0.00000000e+00  1.11013180e-18 
 1.18000000e+00  1.18000000e+00  1.10000000e+00 -1.45290669e-03  1.45290532e-03  1.36756526e-09  0.00000000e+00  1.84138676e-19 
 1.19000000e+00  1.19000000e+00  1.10000000e+00 -1.45649105e-03  1.45648946e-03  1.59091115e-09  0.00000000e+00  1.40250748e-19 
 1.20000000e+00  1.20000000e+00  1.10000000e+00 -1.46006887e-03  1.46006703e-03  1.84548658e-09  0.00000000e+00  2.35934865e-19 
 0.00000000e+00  0.00000000e+00  1.20000000e+00 -1.94214048e-42  3.03795485e-42 -1.09581437e-42  0.00000000e+00  6.37236764e-58 
 1.00000000e-02  1.00000000e-02  1.20000000e+00 -8.60835504e-05  8.60835504e-05  2.59490964e-15  0.00000000e+00  6.28954837e-21 
 2.00000000e-02  2.00000000e-02  1.20000000e+00 -1.69037042e-04  1.69037042e-04  4.52164369e-15  0.00000000e+00  2.14658779e-20 
 3.00000000e-02  3.00000000e-02  1.20000000e+00 -2.48931913e-04  2.48931913e-04  5.95291957e-15  0.00000000e+00  5.33346146e-20 
 4.00000000e-02  4.00000000e-02  1.20000000e+00 -3.25836267e-04  3.25836267e-04  7.01680880e-15  0.00000000e+00  3.92450400e-20 
 5.00000000e-02  5.00000000e-02  1.20000000e+00 -3.99814626e-04  3.99814626e-04  7.80827756e-15  0.00000000e+00  7.03564712e-20 
 6.00000000e-02  6.00000000e-02  1.20000000e+00 -4.70927586e-04  4.70927586e-04  8.39774418e-15  0.00000000e+00  5.62545458e-20 
 7.00000000e-02  7.00000000e-02  1.20000000e+00 -5.39231334e-04  5.39231334e-04  8.83742448e-15  0.00000000e+00  1.24271351e-19 
 8.00000000e-02  8.00000000e-02  1.20000000e+00 -6.04776997e-04  6.04776997e-04  9.16603697e-15  0.00000000e+00  1.91803669e-19 
 9.00000000e-02  9.00000000e-02  1.20000000e+00 -6.67609796e-04  6.67609796e-04  9.41229181e-15  0.00000000e+00  1.15912449e-19 
 1.00000000e-01  1.00000000e-01  1.20000000e+00 -7.27767978e-04  7.27767978e-04  9.59747786e-15  0.00000000e+00  1.20233223e-19 
 1.10000000e-01  1.10000000e-01  1.20000000e+00 -7.85281532e-04  7.85281532e-04  9.73738103e-15  0.00000000e+00  5.55169391e-20 
 1.20000000e-01  1.20000000e-01  1.20000000e+00 -8.40170757e-04  8.40170757e-04  9.84370675e-15  0.00000000e+00  1.98454441e-19 
 1.30000000e-01  1.30000000e-01  1.20000000e+00 -8.92444862e-04  8.92444862e-04  9.92513473e-15  0.00000000e+00  1.31201500e-19 
 1.40000000e-01  1.40000000e-01  1.20000000e+00 -9.42100973e-04  9.42100973e-04  9.98810110e-15  0.00000000e+00  2.99230187e-21 
 1.50000000e-01  1.50000000e-01  1.20000000e+00 -9.89124187e-04  9.89124187e-04  1.00373784e-14  0.00000000e+00  5.14922189e-20 
 1.60000000e-01  1.60000000e-01  1.20000000e+00 -1.03348960e-03  1.03348960e-03  1.00765054e-14  0.00000000e+00  6.95759838e-20 
 1.70000000e-01  1.70000000e-01  1.20000000e+00 -1.07516739e-03  1.07516739e-03  1.01081064e-14  0.00000000e+00  8.95667963e-20 
 1.80000000e-01  1.80000000e-01  1.20000000e+00 -1.11413167e-03  1.11413167e-03  1.01341273e-14  0.00000000e+00  3.06395065e-19 
 1.90000000e-01  1.90000000e-01  1.20000000e+00 -1.15037288e-03  1.15037288e-03  1.01560108e-14  0.00000000e+00  7.22501934e-20 
 2.00000000e-01  2.00000000e-01  1.20000000e+00 -1.18391146e-03  1.18391146e-03  1.01748271e-14  0.00000000e+00  2.40216916e-19 
 2.10000000e-01  2.10000000e-01  1.20000000e+00 -1.21480930e-03  1.21480930e-03  1.01913693e-14  0.00000000e+00  3.02588259e-19 
 2.20000000e-01  2.20000000e-01  1.20000000e+00 -1.24317490e-03  1.24317490e-03  1.02062258e-14  0.00000000e+00  1.97729319e-20 
 2.30000000e-01  2.30000000e-01  1.20000000e+00 -1.26916022e-03  1.26916022e-03  1.02198326e-14  0.00000000e+00  1.42937143e-19 
 2.40000000e-01  2.40000000e-01  1.20000000e+00 -1.29295030e-03  1.29295030e-03  1.02325131e-14  0.00000000e+00  2.46693065e-19 
 2.50000000e-01  2.50000000e-01  1.20000000e+00 -1.31474910e-03  1.31474910e-03  1.02445070e-14  0.00000000e+00  9.75223209e-20 
 2.60000000e-01  2.60000000e-01  1.20000000e+00 -1.33476531e-03  1.33476531e-03  1.02559920e-14  0.00000000e+00  3.06810778e-19 
 2.70000000e-01  2.70000000e-01  1.20000000e+00 -1.35320100e-03  1.35320100e-03  1.02670998e-14  0.00000000e+00  2.94747049e-19 
 2.80000000e-01  2.80000000e-01  1.20000000e+00 -1.37024411e-03  1.37024411e-03  1.02779281e-14  0.00000000e+00  5.25290189e-19 
 2.90000000e-01  2.90000000e-01  1.20000000e+00 -1.38606435e-03  1.38606435e-03  1.02885494e-14  0.00000000e+00  9.55829755e-20 
 3.00000000e-01  3.00000000e-01  1.20000000e+00 -1.40081197e-03  1.40081197e-03  1.02990171e-14  0.00000000e+00  2.53001561e-19 
 3.10000000e-01  3.10000000e-01  1.20000000e+00 -1.41461817e-03  1.41461817e-03  1.03093712e-14  0.00000000e+00  9.04021034e-20 
 3.20000000e-01  3.20000000e-01  1.20000000e+00 -1.42759658e-03  1.42759658e-03  1.03196411e-14  0.00000000e+00  2.04864030e-19 
 3.30000000e-01  3.30000000e-01  1.20000000e+00 -1.43984516e-03  1.43984516e-03  1.03298488e-14  0.00000000e+00  2.12706487e-19 
 3.40000000e-01  3.40000000e-01  1.20000000e+00 -1.45144815e-03  1.45144815e-03  1.03400102e-14  0.00000000e+00  2.58695470e-20 
 3.50000000e-01  3.50000000e-01  1.20000000e+00 -1.46247804e-03  1.46247804e-03  1.03501376e-14  0.00000000e+00  3.06819473e-19 
 3.60000000e-01  3.60000000e-01  1.20000000e+00 -1.47299725e-03  1.47299725e-03  1.03602398e-14  0.00000000e+00  2.54385345e-19 
 3.70000000e-01  3.70000000e-01  1.20000000e+00 -1.48305966e-03  1.48305966e-03  1.03703234e-14  0.00000000e+00  7.03841643e-20 
 3.80000000e-01  3.80000000e-01  1.20000000e+00 -1.49271192e-03  1.49271192e-03  1.03803932e-14  0.00000000e+00  2.48006560e-20 
 3.90000000e-01  3.90000000e-01  1.20000000e+00 -1.50199454e-03  1.50199454e-03  1.03904530e-14  0.00000000e+00  3.23802205e-19 
 4.00000000e-01  4.00000000e-01  1.20000000e+00 -1.51094283e-03  1.51094283e-03  1.04005053e-14  0.00000000e+00  1.87530974e-19 
 4.10000000e-01  4.10000000e-01  1.20000000e+00 -1.51958767e-03  1.51958767e-03  1.04105522e-14  0.00000000e+00  6.93423894e-19 
 4.20000000e-01  4.20000000e-01  1.20000000e+00 -1.52795618e-03  1.52795618e-03  1.04205951e-14  0.00000000e+00  9.78505992e-19 
 4.30000000e-01  4.30000000e-01  1.20000000e+00 -1.53607226e-03  1.53607226e-03  1.04306351e-14  0.00000000e+00  3.93343773e-19 
 4.40000000e-01  4.40000000e-01  1.20000000e+00 -1.54395702e-03  1.54395702e-03  1.04406730e-14  0.00000000e+00  1.93896308e-19 
 4.50000000e-01  4.50000000e-01  1.20000000e+00 -1.55162923e-03  1.55162923e-03  1.04507095e-14  0.00000000e+00  1.32097964e-19 
 4.60000000e-01  4.60000000e-01  1.20000000e+00 -1.55910558e-03  1.55910558e-03  1.04607449e-14  0.00000000e+00  7.13428709e-20 
 4.70000000e-01  4.70000000e-01  1.20000000e+00 -1.56640099e-03  1.56640099e-03  1.04707796e-14  0.00000000e+00  1.13064590e-20 
 4.80000000e-01  4.80000000e-01  1.20000000e+00 -1.57352884e-03  1.57352884e-03  1.04808138e-14  0.00000000e+00  2.65091087e-19 
 4.90000000e-01  4.90000000e-01  1.20000000e+00 -1.58050114e-03  1.58050114e-03  1.04908477e-14  0.00000000e+00  3.26176083e-19 
 5.00000000e-01  5.00000000e-01  1.20000000e+00 -1.58732875e-03  1.58732875e-03  1.05008815e-14  0.00000000e+00  2.67095262e-19 
 5.10000000e-01  5.10000000e-01  1.20000000e+00 -1.59402145e-03  1.59402145e-03  1.05109151e-14  0.00000000e+00  2.25588273e-19 
 5.20000000e-01  5.20000000e-01  1.20000000e+00 -1.60058815e-03  1.60058815e-03  1.05209488e-14  0.00000000e+00  5.01422866e-19 
 5.30000000e-01  5.30000000e-01  1.20000000e+00 -1.60703693e-03  1.60703693e-03  1.05309825e-14  0.00000000e+00  9.00619822e-20 
 5.40000000e-01  5.40000000e-01  1.20000000e+00 -1.61337514e-03  1.61337514e-03  1.05410163e-14  0.00000000e+00  4.02734535e-19 
 5.50000000e-01  5.50000000e-01  1.20000000e+00 -1.61960952e-03  1.61960952e-03  1.05510501e-14  0.00000000e+00  1.88565288e-19 
 5.60000000e-01  5.60000000e-01  1.20000000e+00 -1.62574622e-03  1.62574622e-03  1.05610841e-14  0.00000000e+00  3.46059322e-19 
 5.70000000e-01  5.70000000e-01  1.20000000e+00 -1.63179089e-03  1.63179089e-03  1.05711183e-14  0.00000000e+00  5.03414901e-19 
 5.80000000e-01  5.80000000e-01  1.20000000e+00 -1.63774875e-03  1.63774875e-03  1.05811526e-14  0.00000000e+00  2.26941696e-19 
 5.90000000e-01  5.90000000e-01  1.20000000e+00 -1.64362456e-03  1.64362456e-03  1.05911870e-14  0.00000000e+00  2.66526337e-19 
 6.00000000e-01  6.00000000e-01  1.20000000e+00 -1.64942275e-03  1.64942275e-03  1.06012216e-14  0.00000000e+00  1.07208674e-19 
 6.10000000e-01  6.10000000e-01  1.20000000e+00 -1.65514740e-03  1.65514740e-03  1.06112564e-14  0.00000000e+00  4.71014008e-20 
 6.20000000e-01  6.20000000e-01  1.20000000e+00 -1.66080231e-03  1.66080231e-03  1.06227815e-14  0.00000000e+00  2.31349380e-19 
 6.30000000e-01  6.30000000e-01  1.20000000e+00 -1.66639098e-03  1.66639098e-03  1.06361693e-14  0.00000000e+00  1.45995457e-19 
 6.40000000e-01  6.40000000e-01  1.20000000e+00 -1.67191669e-03  1.67191669e-03  1.06532114e-14  0.00000000e+00  1.59168376e-19 
 6.50000000e-01  6.50000000e-01  1.20000000e+00 -1.67738246e-03  1.67738246e-03  1.06773786e-14  0.00000000e+00  2.78097078e-19 
 6.60000000e-01  6.60000000e-01  1.20000000e+00 -1.68279114e-03  1.68279114e-03  1.07150212e-14  0.00000000e+00  7.18475060e-19 
 6.70000000e-01  6.70000000e-01  1.20000000e+00 -1.68814537e-03  1.68814537e-03  1.07774324e-14  0.00000000e+00  2.45935812e-19 
 6.80000000e-01  6.80000000e-01  1.20000000e+00 -1.69344763e-03  1.69344763e-03  1.08841687e-14  0.00000000e+00  5.13643262e-19 
 6.90000000e-01  6.90000000e-01  1.20000000e+00 -1.69870022e-03  1.69870022e-03  1.10682634e-14  0.00000000e+00  2.93928521e-19 
 7.00000000e-01  7.00000000e-01  1.20000000e+00 -1.70390533e-03  1.70390533e-03  1.13842234e-14  0.00000000e+00  1.00620472e-19 
 7.10000000e-01  7.10000000e-01  1.20000000e+00 -1.70906498e-03  1.70906498e-03  1.19200360e-14  0.00000000e+00  3.17292816e-19 
 7.20000000e-01  7.20000000e-01  1.20000000e+00 -1.71418110e-03  1.71418110e-03  1.28148294e-14  0.00000000e+00  6.61626051e-21 
 7.30000000e-01  7.30000000e-01  1.20000000e+00 -1.71925549e-03  1.71925549e-03  1.42843622e-14  0.00000000e+00  2.15389181e-19 
 7.40000000e-01  7.40000000e-01  1.20000000e+00 -1.72428983e-03  1.72428983e-03  1.66571544e-14  0.00000000e+00  9.90150942e-19 
 7.50000000e-01  7.50000000e-01  1.20000000e+00 -1.72928574e-03  1.72928574e-03  2.04248471e-14  0.00000000e+00  6.46571654e-19 
 7.60000000e-01  7.60000000e-01  1.20000000e+00 -1.73424471e-03  1.73424471e-03  2.63112826e-14  0.00000000e+00  8.11198035e-20 
 7.70000000e-01  7.70000000e-01  1.20000000e+00 -1.73916819e-03  1.73916819e-03  3.53658547e-14  0.00000000e+00  4.71847890e-20 
 7.80000000e-01  7.80000000e-01  1.20000000e+00 -1.74405751e-03  1.74405751e-03  4.90878767e-14  0.00000000e+00  1.89696414e-19 
 7.90000000e-01  7.90000000e-01  1.20000000e+00 -1.74891395e-03  1.74891395e-03  6.95900706e-14  0.00000000e+00  7.70960085e-19 
 8.00000000e-01  8.00000000e-01  1.20000000e+00 -1.75373872e-03  1.75373872e-03  9.98107746e-14  0.00000000e+00  1.00272636e-20 
 8.10000000e-01  8.10000000e-01  1.20000000e+00 -1.75853296e-03  1.75853296e-03  1.43786105e-13  0.00000000e+00  3.53295200e-19 
 8.20000000e-01  8.20000000e-01  1.20000000e+00 -1.76329778e-03  1.76329778e-03  2.06995063e-13  0.00000000e+00  2.68852506e-19 
 8.30000000e-01  8.30000000e-01  1.20000000e+00 -1.76803419e-03  1.76803419e-03  2.96792450e-13  0.00000000e+00  3.05792719e-19 
 8.40000000e-01  8.40000000e-01  1.20000000e+00 -1.77274319e-03  1.77274319e-03  4.22946398e-13  0.00000000e+00  4.31215051e-19 
 8.50000000e-01  8.50000000e-01  1.20000000e+00 -1.77742570e-03  1.77742570e-03  5.98299366e-13  0.00000000e+00  8.28284800e-19 
 8.60000000e-01  8.60000000e-01  1.20000000e+00 -1.78208262e-03  1.78208262e-03  8.39573463e-13  0.00000000e+00  2.60418373e-19 
 8.70000000e-01  8.70000000e-01  1.20000000e+00 -1.78671479e-03  1.78671479e-03  1.16834306e-12  0.00000000e+00  7.46549028e-20 
 8.80000000e-01  8.80000000e-01  1.20000000e+00 -1.79132303e-03  1.79132303e-03  1.61219963e-12  0.00000000e+00  1.11278571e-19 
 8.90000000e-01  8.90000000e-01  1.20000000e+00 -1.79590810e-03  1.79590810e-03  2.20613584e-12  0.00000000e+00  4.11314974e-20 
 9.00000000e-01  9.00000000e-01  1.20000000e+00 -1.80047074e-03  1.80047074e-03  2.99417753e-12  0.00000000e+00  7.96715539e-19 
 9.10000000e-01  9.10000000e-01  1.20000000e+00 -1.80501166e-03  1.80501166e-03  4.03129440e-12  0.00000000e+00  2.20804513e-19 
 9.20000000e-01  9.20000000e-01  1.20000000e+00 -1.80953152e-03  1.80953152e-03  5.38562126e-12  0.00000000e+00  5.78307282e-20 
 9.30000000e-01  9.30000000e-01  1.20000000e+00 -1.81403098e-03  1.81403097e-03  7.14102366e-12  0.00000000e+00  2.14142122e-19 
 9.40000000e-01  9.40000000e-01  1.20000000e+00 -1.81851064e-03  1.81851063e-03  9.40004243e-12  0.00000000e+00  1.58551833e-19 
 9.50000000e-01  9.50000000e-01  1.20000000e+00 -1.82297109e-03  1.82297108e-03  1.22872529e-11  0.00000000e+00  3.66339667e-19 
 9.60000000e-01  9.60000000e-01  1.20000000e+00 -1.82741291e-03  1.82741289e-03  1.59530750e-11  0.00000000e+00  6.89022638e-19 
 9.70000000e-01  9.70000000e-01  1.20000000e+00 -1.83183662e-03  1.83183660e-03  2.05780713e-11  0.00000000e+00  7.90490467e-20 
 9.80000000e-01  9.80000000e-01  1.20000000e+00 -1.83624276e-03  1.83624274e-03  2.63777694e-11  0.00000000e+00  5.20852677e-19 
 9.90000000e-01  9.90000000e-01  1.20000000e+00 -1.84063182e-03  1.84063179e-03  3.36080457e-11  0.00000000e+00  7.03563058e-20 
 1.00000000e+00  1.00000000e+00  1.20000000e+00 -1.84500428e-03  1.84500424e-03  4.25711060e-11  0.00000000e+00  1.09188487e-19 
 1.01000000e+00  1.01000000e+00  1.20000000e+00 -1.84936060e-03  1.84936055e-03  5.36220997e-11  0.00000000e+00  7.23937266e-19 
 1.02000000e+00  1.02000000e+00  1.20000000e+00 -1.85370122e-03  1.85370116e-03  6.71763996e-11  0.00000000e+00  6.50103009e-19 
 1.03000000e+00  1.03000000e+00  1.20000000e+00 -1.85802658e-03  1.85802649e-03  8.37175821e-11  0.00000000e+00  2.18277583e-19 
 1.04000000e+00  1.04000000e+00  1.20000000e+00 -1.86233707e-03  1.86233696e-03  1.03806138e-10  0.00000000e+00  1.23142365e-19 
 1.05000000e+00  1.05000000e+00  1.20000000e+00 -1.86663309e-03  1.86663296e-03  1.28088941e-10  0.00000000e+00  6.66600040e-20 
 1.06000000e+00  1.06000000e+00  1.20000000e+00 -1.87091502e-03  1.87091486e-03  1.57309507e-10  0.00000000e+00  1.71125316e-19 
 1.07000000e+00  1.07000000e+00  1.20000000e+00 -1.87518323e-03  1.87518304e-03  1.92319060e-10  0.00000000e+00  4.66393303e-19 
 1.08000000e+00  1.08000000e+00  1.20000000e+00 -1.87943808e-03  1.87943784e-03  2.34088431e-10  0.00000000e+00  1.84383367e-19 
 1.09000000e+00  1.09000000e+00  1.20000000e+00 -1.88367989e-03  1.88367961e-03  2.83720810e-10  0.00000000e+00  5.70305464e-19 
 1.10000000e+00  1.10000000e+00  1.20000000e+00 -1.88790901e-03  1.88790867e-03  3.42465366e-10  0.00000000e+00  1.64304488e-19 
 1.11000000e+00  1.11000000e+00  1.20000000e+00 -1.89212575e-03  1.89212534e-03  4.11731740e-10  0.00000000e+00  6.33053730e-20 
 1.12000000e+00  1.12000000e+00  1.20000000e+00 -1.89633041e-03  1.89632992e-03  4.93105434e-10  0.00000000e+00  7.75298707e-19 
 1.13000000e+00  1.13000000e+00  1.20000000e+00 -1.90052329e-03  1.90052270e-03  5.88364091e-10  0.00000000e+00  5.35506389e-21 
 1.14000000e+00  1.14000000e+00  1.20000000e+00 -1.90470468e-03  1.90470398e-03  6.99494671e-10  0.00000000e+00  4.83067894e-19 
 1.15000000e+00  1.15000000e+00  1.20000000e+00 -1.90887486e-03  1.90887403e-03  8.28711526e-10  0.00000000e+00  4.71938800e-19 
 1.16000000e+00  1.16000000e+00  1.20000000e+00 -1.91303409e-03  1.91303311e-03  9.78475362e-10  0.00000000e+00  1.60551207e-19 
 1.17000000e+00  1.17000000e+00  1.20000000e+00 -1.91718263e-03  1.91718148e-03  1.15151309e-09  0.00000000e+00  2.63477911e-19 
 1.18000000e+00  1.18000000e+00  1.20000000e+00 -1.92132074e-03  1.92131938e-03  1.35083853e-09  0.00000000e+00  3.63421389e-19 
 1.19000000e+00  1.19000000e+00  1.20000000e+00 -1.92544865e-03  1.92544707e-03  1.57977402e-09  0.00000000e+00  3.59124185e-19 
 1.20000000e+00  1.20000000e+00  1.20000000e+00 -1.92956662e-03  1.92956477e-03  1.84197279e-09  0.00000000e+00  5.21668484e-19 
