 v-sweep         v(drain_iv)     v(gate_iv)      id              is              ib              ig              kcl            
 0.00000000e+00  0.00000000e+00  0.00000000e+00  1.10759669e-61  1.92770810e-63 -1.18989858e-61  6.30248047e-63  1.72723371e-77 
 1.00000000e-02  1.00000000e-02  0.00000000e+00 -4.82846238e-09  4.82831690e-09  3.21669243e-15  1.42255127e-13  4.00892801e-25 
 2.00000000e-02  2.00000000e-02  0.00000000e+00 -8.48311743e-09  8.48270310e-09  5.40532989e-15  4.08921762e-13  4.10309434e-25 
 3.00000000e-02  3.00000000e-02  0.00000000e+00 -1.11501624e-08  1.11493407e-08  6.89564748e-15  8.14795476e-13  2.69769525e-24 
 4.00000000e-02  4.00000000e-02  0.00000000e+00 -1.30760964e-08  1.30747178e-08  7.91164226e-15  1.37068935e-12  3.24695149e-25 
 5.00000000e-02  5.00000000e-02  0.00000000e+00 -1.45112283e-08  1.45091328e-08  8.60546942e-15  2.08687356e-12  2.64087123e-24 
 6.00000000e-02  6.00000000e-02  0.00000000e+00 -1.56544735e-08  1.56514907e-08  9.08047998e-15  2.97375780e-12  8.66043056e-25 
 7.00000000e-02  7.00000000e-02  0.00000000e+00 -1.66364081e-08  1.66323566e-08  9.40687783e-15  4.04209048e-12  1.97235263e-24 
 8.00000000e-02  8.00000000e-02  0.00000000e+00 -1.75340455e-08  1.75287329e-08  9.63235459e-15  5.30303898e-12  4.68851590e-25 
 9.00000000e-02  9.00000000e-02  0.00000000e+00 -1.83913346e-08  1.83845566e-08  9.78931070e-15  6.76823303e-12  1.82943628e-24 
 1.00000000e-01  1.00000000e-01  0.00000000e+00 -1.92337286e-08  1.92252689e-08  9.89975934e-15  8.44979477e-12  1.11835548e-24 
 1.10000000e-01  1.10000000e-01  0.00000000e+00 -2.00765775e-08  2.00662072e-08  9.97865727e-15  1.03603636e-11  1.87663067e-24 
 1.20000000e-01  1.20000000e-01  0.00000000e+00 -2.09296436e-08  2.09171205e-08  1.00361676e-14  1.25131188e-11  4.04026472e-24 
 1.30000000e-01  1.30000000e-01  0.00000000e+00 -2.17995127e-08  2.17845809e-08  1.00791969e-14  1.49218017e-11  5.80609515e-24 
 1.40000000e-01  1.40000000e-01  0.00000000e+00 -2.26909082e-08  2.26732973e-08  1.01124396e-14  1.76007378e-11  1.75986979e-25 
 1.50000000e-01  1.50000000e-01  0.00000000e+00 -2.36074287e-08  2.35868537e-08  1.01390874e-14  2.05648585e-11  2.32584121e-24 
 1.60000000e-01  1.60000000e-01  0.00000000e+00 -2.45519769e-08  2.45281370e-08  1.01613113e-14  2.38297247e-11  7.64601855e-25 
 1.70000000e-01  1.70000000e-01  0.00000000e+00 -2.55270174e-08  2.54995956e-08  1.01805891e-14  2.74115496e-11  1.92494998e-24 
 1.80000000e-01  1.80000000e-01  0.00000000e+00 -2.65347365e-08  2.65033991e-08  1.01979276e-14  3.13272228e-11  1.09333913e-24 
 1.90000000e-01  1.90000000e-01  0.00000000e+00 -2.75771453e-08  2.75415407e-08  1.02140141e-14  3.55943356e-11  1.26076854e-24 
 2.00000000e-01  2.00000000e-01  0.00000000e+00 -2.86561471e-08  2.86159057e-08  1.02293189e-14  4.02312058e-11  1.52297486e-25 
 2.10000000e-01  2.10000000e-01  0.00000000e+00 -2.97735838e-08  2.97283167e-08  1.02441648e-14  4.52569050e-11  2.64630806e-24 
 2.20000000e-01  2.20000000e-01  0.00000000e+00 -3.09312680e-08  3.08805665e-08  1.02587751e-14  5.06912851e-11  9.07905696e-24 
 2.30000000e-01  2.30000000e-01  0.00000000e+00 -3.21310062e-08  3.20744409e-08  1.02733051e-14  5.65550071e-11  9.85408755e-25 
 2.40000000e-01  2.40000000e-01  0.00000000e+00 -3.33746158e-08  3.33117360e-08  1.02878646e-14  6.28695697e-11  8.86728567e-25 
 2.50000000e-01  2.50000000e-01  0.00000000e+00 -3.46639385e-08  3.45942709e-08  1.03025324e-14  6.96573397e-11  7.64180445e-24 
 2.60000000e-01  2.60000000e-01  0.00000000e+00 -3.60008502e-08  3.59238983e-08  1.03173664e-14  7.69415831e-11  3.94874108e-24 
 2.70000000e-01  2.70000000e-01  0.00000000e+00 -3.73872694e-08  3.73025126e-08  1.03324107e-14  8.47464966e-11  5.33831641e-24 
 2.80000000e-01  2.80000000e-01  0.00000000e+00 -3.88251640e-08  3.87320564e-08  1.03477003e-14  9.30972415e-11  3.55126405e-24 
 2.90000000e-01  2.90000000e-01  0.00000000e+00 -4.03165573e-08  4.02145269e-08  1.03632641e-14  1.02019977e-10  2.33395543e-24 
 3.00000000e-01  3.00000000e-01  0.00000000e+00 -4.18635331e-08  4.17519808e-08  1.03791269e-14  1.11541898e-10  2.57017036e-24 
 3.10000000e-01  3.10000000e-01  0.00000000e+00 -4.34682405e-08  4.33465388e-08  1.03953115e-14  1.21691266e-10  1.06902296e-23 
 3.20000000e-01  3.20000000e-01  0.00000000e+00 -4.51328981e-08  4.50003902e-08  1.04118391e-14  1.32497454e-10  1.73891923e-24 
 3.30000000e-01  3.30000000e-01  0.00000000e+00 -4.68597983e-08  4.67157969e-08  1.04287304e-14  1.43990980e-10  7.52855085e-24 
 3.40000000e-01  3.40000000e-01  0.00000000e+00 -4.86513111e-08  4.84950971e-08  1.04460060e-14  1.56203549e-10  3.37875910e-24 
 3.50000000e-01  3.50000000e-01  0.00000000e+00 -5.05098878e-08  5.03407093e-08  1.04636865e-14  1.69168097e-10  2.47526250e-24 
 3.60000000e-01  3.60000000e-01  0.00000000e+00 -5.24380654e-08  5.22551361e-08  1.04817932e-14  1.82918829e-10  3.59026060e-24 
 3.70000000e-01  3.70000000e-01  0.00000000e+00 -5.44384696e-08  5.42409678e-08  1.05003479e-14  1.97491266e-10  4.53157360e-24 
 3.80000000e-01  3.80000000e-01  0.00000000e+00 -5.65138191e-08  5.63008863e-08  1.05193730e-14  2.12922291e-10  5.37047985e-24 
 3.90000000e-01  3.90000000e-01  0.00000000e+00 -5.86669293e-08  5.84376686e-08  1.05388922e-14  2.29250196e-10  4.79757908e-24 
 4.00000000e-01  4.00000000e-01  0.00000000e+00 -6.09007163e-08  6.06541910e-08  1.05589299e-14  2.46514729e-10  7.25934417e-24 
 4.10000000e-01  4.10000000e-01  0.00000000e+00 -6.32182006e-08  6.29534328e-08  1.05795115e-14  2.64757147e-10  5.10029025e-24 
 4.20000000e-01  4.20000000e-01  0.00000000e+00 -6.56225114e-08  6.53384806e-08  1.06006636e-14  2.84020266e-10  1.27404886e-23 
 4.30000000e-01  4.30000000e-01  0.00000000e+00 -6.81168910e-08  6.78125319e-08  1.06224141e-14  3.04348514e-10  1.36863233e-23 
 4.40000000e-01  4.40000000e-01  0.00000000e+00 -7.07046985e-08  7.03788999e-08  1.06447920e-14  3.25787990e-10  1.42998299e-23 
 4.50000000e-01  4.50000000e-01  0.00000000e+00 -7.33894146e-08  7.30410174e-08  1.06678276e-14  3.48386516e-10  2.10310160e-24 
 4.60000000e-01  4.60000000e-01  0.00000000e+00 -7.61746463e-08  7.58024419e-08  1.06915527e-14  3.72193700e-10  4.12497418e-24 
 4.70000000e-01  4.70000000e-01  0.00000000e+00 -7.90641313e-08  7.86668596e-08  1.07160003e-14  3.97260994e-10  8.71740210e-25 
 4.80000000e-01  4.80000000e-01  0.00000000e+00 -8.20617431e-08  8.16380906e-08  1.07412051e-14  4.23641758e-10  3.33283004e-23 
 4.90000000e-01  4.90000000e-01  0.00000000e+00 -8.51714958e-08  8.47200937e-08  1.07672033e-14  4.51391326e-10  2.91402536e-24 
 5.00000000e-01  5.00000000e-01  0.00000000e+00 -8.83975497e-08  8.79169719e-08  1.07940327e-14  4.80567071e-10  7.82654463e-24 
 5.10000000e-01  5.10000000e-01  0.00000000e+00 -9.17442166e-08  9.12329773e-08  1.08217328e-14  5.11228473e-10  7.70336400e-24 
 5.20000000e-01  5.20000000e-01  0.00000000e+00 -9.52159653e-08  9.46725172e-08  1.08503448e-14  5.43437195e-10  2.56896183e-24 
 5.30000000e-01  5.30000000e-01  0.00000000e+00 -9.88174275e-08  9.82401594e-08  1.08799119e-14  5.77257151e-10  2.49891350e-23 
 5.40000000e-01  5.40000000e-01  0.00000000e+00 -1.02553404e-07  1.01940639e-07  1.09104792e-14  6.12754584e-10  8.81267914e-24 
 5.50000000e-01  5.50000000e-01  0.00000000e+00 -1.06428871e-07  1.05778862e-07  1.09420937e-14  6.49998143e-10  2.29881089e-23 
 5.60000000e-01  5.60000000e-01  0.00000000e+00 -1.10448987e-07  1.09759917e-07  1.09748045e-14  6.89058968e-10  2.54943136e-23 
 5.70000000e-01  5.70000000e-01  0.00000000e+00 -1.14619099e-07  1.13889077e-07  1.10086629e-14  7.30010768e-10  9.26836149e-24 
 5.80000000e-01  5.80000000e-01  0.00000000e+00 -1.18944750e-07  1.18171809e-07  1.10437226e-14  7.72929907e-10  3.75047982e-24 
 5.90000000e-01  5.90000000e-01  0.00000000e+00 -1.23431686e-07  1.22613779e-07  1.10800395e-14  8.17895498e-10  2.83525445e-24 
 6.00000000e-01  6.00000000e-01  0.00000000e+00 -1.28085865e-07  1.27220864e-07  1.11176720e-14  8.64989489e-10  1.14105574e-23 
 6.10000000e-01  6.10000000e-01  0.00000000e+00 -1.32913463e-07  1.31999155e-07  1.11566811e-14  9.14296758e-10  7.90826068e-23 
 6.20000000e-01  6.20000000e-01  0.00000000e+00 -1.37920885e-07  1.36954969e-07  1.11971305e-14  9.65905212e-10  2.94872089e-23 
 6.30000000e-01  6.30000000e-01  0.00000000e+00 -1.43114772e-07  1.42094855e-07  1.12390867e-14  1.01990589e-09  2.85901983e-23 
 6.40000000e-01  6.40000000e-01  0.00000000e+00 -1.48502009e-07  1.47425605e-07  1.12826190e-14  1.07639305e-09  2.88004329e-23 
 6.50000000e-01  6.50000000e-01  0.00000000e+00 -1.54089738e-07  1.52954262e-07  1.13277998e-14  1.13546431e-09  2.65875912e-23 
 6.60000000e-01  6.60000000e-01  0.00000000e+00 -1.59885364e-07  1.58688132e-07  1.13747047e-14  1.19722071e-09  1.84155145e-23 
 6.70000000e-01  6.70000000e-01  0.00000000e+00 -1.65896569e-07  1.64634791e-07  1.14234125e-14  1.26176687e-09  2.42632741e-23 
 6.80000000e-01  6.80000000e-01  0.00000000e+00 -1.72131320e-07  1.70802097e-07  1.14740055e-14  1.32921110e-09  3.91926198e-23 
 6.90000000e-01  6.90000000e-01  0.00000000e+00 -1.78597880e-07  1.77198203e-07  1.15265695e-14  1.39966547e-09  2.09686029e-23 
 7.00000000e-01  7.00000000e-01  0.00000000e+00 -1.85304823e-07  1.83831565e-07  1.15811941e-14  1.47324601e-09  8.24834666e-23 
 7.10000000e-01  7.10000000e-01  0.00000000e+00 -1.92261042e-07  1.90710958e-07  1.16379726e-14  1.55007279e-09  3.07189520e-23 
 7.20000000e-01  7.20000000e-01  0.00000000e+00 -1.99475766e-07  1.97845484e-07  1.16970025e-14  1.63027006e-09  3.65293260e-23 
 7.30000000e-01  7.30000000e-01  0.00000000e+00 -2.06958569e-07  2.05244591e-07  1.17583854e-14  1.71396639e-09  3.26993037e-23 
 7.40000000e-01  7.40000000e-01  0.00000000e+00 -2.14719387e-07  2.12918081e-07  1.18222272e-14  1.80129483e-09  4.53397237e-23 
 7.50000000e-01  7.50000000e-01  0.00000000e+00 -2.22768531e-07  2.20876126e-07  1.18886386e-14  1.89239301e-09  4.04371536e-23 
 7.60000000e-01  7.60000000e-01  0.00000000e+00 -2.31116702e-07  2.29129286e-07  1.19577346e-14  1.98740333e-09  1.76880254e-23 
 7.70000000e-01  7.70000000e-01  0.00000000e+00 -2.39775006e-07  2.37688521e-07  1.20296356e-14  2.08647309e-09  2.48203093e-24 
 7.80000000e-01  7.80000000e-01  0.00000000e+00 -2.48754974e-07  2.46565207e-07  1.21044667e-14  2.18975467e-09  3.07608721e-23 
 7.90000000e-01  7.90000000e-01  0.00000000e+00 -2.58068573e-07  2.55771155e-07  1.21823585e-14  2.29740569e-09  6.54402278e-23 
 8.00000000e-01  8.00000000e-01  0.00000000e+00 -2.67728230e-07  2.65318628e-07  1.22634473e-14  2.40958914e-09  6.67174220e-23 
 8.10000000e-01  8.10000000e-01  0.00000000e+00 -2.77746846e-07  2.75220360e-07  1.23478748e-14  2.52647361e-09  9.54122595e-23 
 8.20000000e-01  8.20000000e-01  0.00000000e+00 -2.88137816e-07  2.85489570e-07  1.24357891e-14  2.64823344e-09  7.07712251e-23 
 8.30000000e-01  8.30000000e-01  0.00000000e+00 -2.98915052e-07  2.96139991e-07  1.25273442e-14  2.77504890e-09  2.91314894e-23 
 8.40000000e-01  8.40000000e-01  0.00000000e+00 -3.10093001e-07  3.07185882e-07  1.26227008e-14  2.90710641e-09  1.03134697e-23 
 8.50000000e-01  8.50000000e-01  0.00000000e+00 -3.21686668e-07  3.18642057e-07  1.27220262e-14  3.04459869e-09  1.20124880e-22 
 8.60000000e-01  8.60000000e-01  0.00000000e+00 -3.33711638e-07  3.30523901e-07  1.28254950e-14  3.18772500e-09  1.21768538e-23 
 8.70000000e-01  8.70000000e-01  0.00000000e+00 -3.46184101e-07  3.42847397e-07  1.29332887e-14  3.33669135e-09  1.71348414e-23 
 8.80000000e-01  8.80000000e-01  0.00000000e+00 -3.59120876e-07  3.55629152e-07  1.30455966e-14  3.49171069e-09  1.23920708e-23 
 8.90000000e-01  8.90000000e-01  0.00000000e+00 -3.72539436e-07  3.68886420e-07  1.31626161e-14  3.65300313e-09  8.06204848e-23 
 9.00000000e-01  9.00000000e-01  0.00000000e+00 -3.86457938e-07  3.82637128e-07  1.32845524e-14  3.82079622e-09  9.72343546e-23 
 9.10000000e-01  9.10000000e-01  0.00000000e+00 -4.00895246e-07  3.96899907e-07  1.34116195e-14  3.99532510e-09  5.91516306e-23 
 9.20000000e-01  9.20000000e-01  0.00000000e+00 -4.15870965e-07  4.11694119e-07  1.35440402e-14  4.17683283e-09  1.03084145e-22 
 9.30000000e-01  9.30000000e-01  0.00000000e+00 -4.31405471e-07  4.27039885e-07  1.48578782e-14  4.36557059e-09  2.25392969e-22 
 9.40000000e-01  9.40000000e-01  0.00000000e+00 -4.47519938e-07  4.42958123e-07  1.69237752e-14  4.56179792e-09  6.10926765e-23 
 9.50000000e-01  9.50000000e-01  0.00000000e+00 -4.64236376e-07  4.59470572e-07  1.99900516e-14  4.76578306e-09  5.00914369e-23 
 9.60000000e-01  9.60000000e-01  0.00000000e+00 -4.81577663e-07  4.76599835e-07  2.45075850e-14  4.97780314e-09  1.09016709e-22 
 9.70000000e-01  9.70000000e-01  0.00000000e+00 -4.99567584e-07  4.94369408e-07  3.11146991e-14  5.19814450e-09  7.53696326e-23 
 9.80000000e-01  9.80000000e-01  0.00000000e+00 -5.18230864e-07  5.12803720e-07  4.07089375e-14  5.42710301e-09  1.44783485e-22 
 9.90000000e-01  9.90000000e-01  0.00000000e+00 -5.37593210e-07  5.31928171e-07  5.45455974e-14  5.66498429e-09  1.28318589e-22 
 1.00000000e+00  1.00000000e+00  0.00000000e+00 -5.57681352e-07  5.51769173e-07  7.43796220e-14  5.91210411e-09  1.35090347e-22 
 1.01000000e+00  1.01000000e+00  0.00000000e+00 -5.78523082e-07  5.72354191e-07  1.02699073e-13  6.16878864e-09  4.91478393e-23 
 1.02000000e+00  1.02000000e+00  0.00000000e+00 -6.00147305e-07  5.93711787e-07  1.43201727e-13  6.43537480e-09  3.37182602e-22 
 1.03000000e+00  1.03000000e+00  0.00000000e+00 -6.22584079e-07  6.15871666e-07  2.01962033e-13  6.71221061e-09  4.81096605e-23 
 1.04000000e+00  1.04000000e+00  0.00000000e+00 -6.45864669e-07  6.38864723e-07  2.90476804e-13  6.99965549e-09  3.64815731e-23 
 1.05000000e+00  1.05000000e+00  0.00000000e+00 -6.70021606e-07  6.62723092e-07  4.33423564e-13  7.29808071e-09  4.78665146e-23 
 1.06000000e+00  1.06000000e+00  0.00000000e+00 -6.95088755e-07  6.87480198e-07  6.87242951e-13  7.60786964e-09  5.67843436e-22 
 1.07000000e+00  1.07000000e+00  0.00000000e+00 -7.21101411e-07  7.13170811e-07  1.18158146e-12  7.92941823e-09  4.90307269e-22 
 1.08000000e+00  1.08000000e+00  0.00000000e+00 -7.48096442e-07  7.39831101e-07  2.20545154e-12  8.26313534e-09  5.38026866e-23 
 1.09000000e+00  1.09000000e+00  0.00000000e+00 -7.76112513e-07  7.67498695e-07  4.37502156e-12  8.60944317e-09  2.04791825e-23 
 1.10000000e+00  1.10000000e+00  0.00000000e+00 -8.05190459e-07  7.96212740e-07  8.94144826e-12  8.96877767e-09  2.57477737e-22 
 1.11000000e+00  1.11000000e+00  0.00000000e+00 -8.35373880e-07  8.26013965e-07  1.83259343e-11  9.34158896e-09  1.55354859e-23 
 1.12000000e+00  1.12000000e+00  0.00000000e+00 -8.66710092e-07  8.56944744e-07  3.70054292e-11  9.72834177e-09  1.72861361e-22 
 1.13000000e+00  1.13000000e+00  0.00000000e+00 -8.99251601e-07  8.89049170e-07  7.29154813e-11  1.01295159e-08  5.26319514e-22 
 1.14000000e+00  1.14000000e+00  0.00000000e+00 -9.33058310e-07  9.22373118e-07  1.39585216e-10  1.05456067e-08  5.36400778e-22 
 1.15000000e+00  1.15000000e+00  0.00000000e+00 -9.68200724e-07  9.56964327e-07  2.59270940e-10  1.09771255e-08  2.62681543e-22 
 1.16000000e+00  1.16000000e+00  0.00000000e+00 -1.00476448e-06  9.92872472e-07  4.67406501e-10  1.14246002e-08  6.89455041e-22 
 1.17000000e+00  1.17000000e+00  0.00000000e+00 -1.04285656e-06  1.03014925e-06  8.18736935e-10  1.18885757e-08  3.16189789e-22 
 1.18000000e+00  1.18000000e+00  0.00000000e+00 -1.08261360e-06  1.06884844e-06  1.39554356e-09  1.23696144e-08  1.57371112e-22 
 1.19000000e+00  1.19000000e+00  0.00000000e+00 -1.12421274e-06  1.10902604e-06  2.31840045e-09  1.28682967e-08  2.12999008e-22 
 1.20000000e+00  1.20000000e+00  0.00000000e+00 -1.16788545e-06  1.15074030e-06  3.75992119e-09  1.33852220e-08  7.52734357e-23 
 0.00000000e+00  0.00000000e+00  1.00000000e-01  6.54400799e-12  6.54400799e-12  1.18775014e-14 -1.30998939e-11  4.10405692e-19 
 1.00000000e-02  1.00000000e-02  1.00000000e-01 -7.55593090e-08  7.55709737e-08  1.50955807e-14 -1.16797591e-11  1.79874095e-19 
 2.00000000e-02  2.00000000e-02  1.00000000e-01 -1.32690161e-07  1.32700603e-07  1.72882406e-14 -1.04587168e-11  3.12217849e-20 
 3.00000000e-02  3.00000000e-02  1.00000000e-01 -1.74321008e-07  1.74330415e-07  1.87855096e-14 -9.42552475e-12  3.17291635e-20 
 4.00000000e-02  4.00000000e-02  1.00000000e-01 -2.04322682e-07  2.04331232e-07  1.98115111e-14 -8.56945511e-12  8.89431073e-21 
 5.00000000e-02  5.00000000e-02  1.00000000e-01 -2.26619175e-07  2.26627035e-07  2.05182688e-14 -7.88031912e-12  2.15642349e-19 
 6.00000000e-02  6.00000000e-02  1.00000000e-01 -2.44326453e-07  2.44333781e-07  2.10088390e-14 -7.34856271e-12  1.48796641e-19 
 7.00000000e-02  7.00000000e-02  1.00000000e-01 -2.59489028e-07  2.59495972e-07  2.13531295e-14 -6.96558027e-12  1.11397888e-19 
 8.00000000e-02  8.00000000e-02  1.00000000e-01 -2.73312066e-07  2.73318769e-07  2.15986199e-14 -6.72471252e-12  1.44165310e-19 
 9.00000000e-02  9.00000000e-02  1.00000000e-01 -2.86482643e-07  2.86489238e-07  2.17775898e-14 -6.61662503e-12  3.38350344e-20 
 1.00000000e-01  1.00000000e-01  1.00000000e-01 -2.99398103e-07  2.99404637e-07  2.19120026e-14 -6.55593217e-12  3.90237136e-19 
 1.10000000e-01  1.10000000e-01  1.00000000e-01 -3.12297504e-07  3.12303896e-07  2.20168138e-14 -6.41367669e-12  1.79793739e-19 
 1.20000000e-01  1.20000000e-01  1.00000000e-01 -3.25332224e-07  3.25338349e-07  2.21022189e-14 -6.14701031e-12  1.54689558e-19 
 1.30000000e-01  1.30000000e-01  1.00000000e-01 -3.38603784e-07  3.38609503e-07  2.21751797e-14 -5.74113706e-12  6.11061906e-20 
 1.40000000e-01  1.40000000e-01  1.00000000e-01 -3.52184449e-07  3.52189612e-07  2.22404626e-14 -5.18524345e-12  6.76371606e-20 
 1.50000000e-01  1.50000000e-01  1.00000000e-01 -3.66128781e-07  3.66133228e-07  2.23013444e-14 -4.46905931e-12  1.37190439e-19 
 1.60000000e-01  1.60000000e-01  1.00000000e-01 -3.80480347e-07  3.80483907e-07  2.23600915e-14 -3.58217551e-12  2.06650092e-20 
 1.70000000e-01  1.70000000e-01  1.00000000e-01 -3.95275748e-07  3.95278240e-07  2.24182861e-14 -2.51384311e-12  2.83022554e-21 
 1.80000000e-01  1.80000000e-01  1.00000000e-01 -4.10547122e-07  4.10548353e-07  2.24770477e-14 -1.25289499e-12  6.75770998e-20 
 1.90000000e-01  1.90000000e-01  1.00000000e-01 -4.26323744e-07  4.26323510e-07  2.25371837e-14  2.12298599e-13  2.05326608e-19 
 2.00000000e-01  2.00000000e-01  1.00000000e-01 -4.42633082e-07  4.42631165e-07  2.25992917e-14  1.89386000e-12  2.16663473e-19 
 2.10000000e-01  2.10000000e-01  1.00000000e-01 -4.59501510e-07  4.59497683e-07  2.26638293e-14  3.80442884e-12  1.61658201e-19 
 2.20000000e-01  2.20000000e-01  1.00000000e-01 -4.76954808e-07  4.76948828e-07  2.27311614e-14  5.95718338e-12  1.43191335e-19 
 2.30000000e-01  2.30000000e-01  1.00000000e-01 -4.95018516e-07  4.95010128e-07  2.28015925e-14  8.36586600e-12  8.08145900e-20 
 2.40000000e-01  2.40000000e-01  1.00000000e-01 -5.13718197e-07  5.13707129e-07  2.28753887e-14  1.10448015e-11  2.57789040e-19 
 2.50000000e-01  2.50000000e-01  1.00000000e-01 -5.33079626e-07  5.33065595e-07  2.29527929e-14  1.40089221e-11  6.98274479e-21 
 2.60000000e-01  2.60000000e-01  1.00000000e-01 -5.53128952e-07  5.53111656e-07  2.30340349e-14  1.72737881e-11  1.95638327e-19 
 2.70000000e-01  2.70000000e-01  1.00000000e-01 -5.73892810e-07  5.73871931e-07  2.31193385e-14  2.08556122e-11  7.47438573e-20 
 2.80000000e-01  2.80000000e-01  1.00000000e-01 -5.95398422e-07  5.95373628e-07  2.32089269e-14  2.47712852e-11  1.16552900e-19 
 2.90000000e-01  2.90000000e-01  1.00000000e-01 -6.17673681e-07  6.17644620e-07  2.33030257e-14  2.90383971e-11  2.20527050e-19 
 3.00000000e-01  3.00000000e-01  1.00000000e-01 -6.40747220e-07  6.40713521e-07  2.34018657e-14  3.36752669e-11  1.79146690e-19 
 3.10000000e-01  3.10000000e-01  1.00000000e-01 -6.64648474e-07  6.64609750e-07  2.35056844e-14  3.87009658e-11  4.08727781e-20 
 3.20000000e-01  3.20000000e-01  1.00000000e-01 -6.89407740e-07  6.89363581e-07  2.36147279e-14  4.41353450e-11  3.05870826e-19 
 3.30000000e-01  3.30000000e-01  1.00000000e-01 -7.15056226e-07  7.15006203e-07  2.37292515e-14  4.99990665e-11  2.42387191e-19 
 3.40000000e-01  3.40000000e-01  1.00000000e-01 -7.41626101e-07  7.41569764e-07  2.38495207e-14  5.63136287e-11  1.46528495e-19 
 3.50000000e-01  3.50000000e-01  1.00000000e-01 -7.69150543e-07  7.69087418e-07  2.39758121e-14  6.31013983e-11  6.58879500e-20 
 3.60000000e-01  3.60000000e-01  1.00000000e-01 -7.97663785e-07  7.97593375e-07  2.41084140e-14  7.03856407e-11  3.20615995e-19 
 3.70000000e-01  3.70000000e-01  1.00000000e-01 -8.27201157e-07  8.27122942e-07  2.42476270e-14  7.81905537e-11  2.66676942e-19 
 3.80000000e-01  3.80000000e-01  1.00000000e-01 -8.57799132e-07  8.57712566e-07  2.43937645e-14  8.65412980e-11  1.97580895e-19 
 3.90000000e-01  3.90000000e-01  1.00000000e-01 -8.89495371e-07  8.89399882e-07  2.45471537e-14  9.54640332e-11  1.68368766e-19 
 4.00000000e-01  4.00000000e-01  1.00000000e-01 -9.22328766e-07  9.22223755e-07  2.47081354e-14  1.04985952e-10  4.68369673e-19 
 4.10000000e-01  4.10000000e-01  1.00000000e-01 -9.56339483e-07  9.56224323e-07  2.48770656e-14  1.15135320e-10  1.29131553e-19 
 4.20000000e-01  4.20000000e-01  1.00000000e-01 -9.91569013e-07  9.91443046e-07  2.50543152e-14  1.25941507e-10  8.83891451e-21 
 4.30000000e-01  4.30000000e-01  1.00000000e-01 -1.02806021e-06  1.02792275e-06  2.52402711e-14  1.37435033e-10  1.73408104e-19 
 4.40000000e-01  4.40000000e-01  1.00000000e-01 -1.06585734e-06  1.06570767e-06  2.54353368e-14  1.49647602e-10  1.13629637e-19 
 4.50000000e-01  4.50000000e-01  1.00000000e-01 -1.10500614e-06  1.10484350e-06  2.56399330e-14  1.62612149e-10  5.96300213e-21 
 4.60000000e-01  4.60000000e-01  1.00000000e-01 -1.14555385e-06  1.14537746e-06  2.58544982e-14  1.76362879e-10  3.86507737e-20 
 4.70000000e-01  4.70000000e-01  1.00000000e-01 -1.18754926e-06  1.18735830e-06  2.60794895e-14  1.90935315e-10  3.46509191e-19 
 4.80000000e-01  4.80000000e-01  1.00000000e-01 -1.23104281e-06  1.23083641e-06  2.63153832e-14  2.06366339e-10  3.05600063e-19 
 4.90000000e-01  4.90000000e-01  1.00000000e-01 -1.27608656e-06  1.27586383e-06  2.65626758e-14  2.22694243e-10  9.25307471e-20 
 5.00000000e-01  5.00000000e-01  1.00000000e-01 -1.32273431e-06  1.32249433e-06  2.68218845e-14  2.39958775e-10  8.09204163e-20 
 5.10000000e-01  5.10000000e-01  1.00000000e-01 -1.37104166e-06  1.37078343e-06  2.70935483e-14  2.58201192e-10  1.46004749e-19 
 5.20000000e-01  5.20000000e-01  1.00000000e-01 -1.42106601e-06  1.42078851e-06  2.73782284e-14  2.77464310e-10  2.78478869e-19 
 5.30000000e-01  5.30000000e-01  1.00000000e-01 -1.47286667e-06  1.47256885e-06  2.76765095e-14  2.97792558e-10  6.32752182e-20 
 5.40000000e-01  5.40000000e-01  1.00000000e-01 -1.52650491e-06  1.52618565e-06  2.79890005e-14  3.19232033e-10  1.80800616e-19 
 5.50000000e-01  5.50000000e-01  1.00000000e-01 -1.58204403e-06  1.58170218e-06  2.83163352e-14  3.41830558e-10  1.08081454e-19 
 5.60000000e-01  5.60000000e-01  1.00000000e-01 -1.63954942e-06  1.63918375e-06  2.86591739e-14  3.65637740e-10  1.82894516e-20 
 5.70000000e-01  5.70000000e-01  1.00000000e-01 -1.69908860e-06  1.69869786e-06  2.90182036e-14  3.90705032e-10  1.46294806e-19 
 5.80000000e-01  5.80000000e-01  1.00000000e-01 -1.76073135e-06  1.76031424e-06  2.93941395e-14  4.17085796e-10  1.66101531e-19 
 5.90000000e-01  5.90000000e-01  1.00000000e-01 -1.82454976e-06  1.82410489e-06  2.97877259e-14  4.44835362e-10  2.05197971e-19 
 6.00000000e-01  6.00000000e-01  1.00000000e-01 -1.89061827e-06  1.89014423e-06  3.01997375e-14  4.74011106e-10  2.26789995e-19 
 6.10000000e-01  6.10000000e-01  1.00000000e-01 -1.95901382e-06  1.95850912e-06  3.06309801e-14  5.04672507e-10  1.23015112e-19 
 6.20000000e-01  6.20000000e-01  1.00000000e-01 -2.02981587e-06  2.02927896e-06  3.10822921e-14  5.36881227e-10  1.25064280e-19 
 6.30000000e-01  6.30000000e-01  1.00000000e-01 -2.10310652e-06  2.10253579e-06  3.15545456e-14  5.70701181e-10  1.11333214e-19 
 6.40000000e-01  6.40000000e-01  1.00000000e-01 -2.17897059e-06  2.17836436e-06  3.20486478e-14  6.06198612e-10  2.29814853e-19 
 6.50000000e-01  6.50000000e-01  1.00000000e-01 -2.25749571e-06  2.25685223e-06  3.25655420e-14  6.43442170e-10  1.28184640e-20 
 6.60000000e-01  6.60000000e-01  1.00000000e-01 -2.33877242e-06  2.33808988e-06  3.31062089e-14  6.82502994e-10  4.65833865e-20 
 6.70000000e-01  6.70000000e-01  1.00000000e-01 -2.42289426e-06  2.42217078e-06  3.36716684e-14  7.23454791e-10  1.21722779e-19 
 6.80000000e-01  6.80000000e-01  1.00000000e-01 -2.50995792e-06  2.50919151e-06  3.42629804e-14  7.66373929e-10  1.46965638e-19 
 6.90000000e-01  6.90000000e-01  1.00000000e-01 -2.60006325e-06  2.59925188e-06  3.48812470e-14  8.11339518e-10  1.88584825e-19 
 7.00000000e-01  7.00000000e-01  1.00000000e-01 -2.69331349e-06  2.69245502e-06  3.55276132e-14  8.58433507e-10  1.08182577e-19 
 7.10000000e-01  7.10000000e-01  1.00000000e-01 -2.78981530e-06  2.78890752e-06  3.62032691e-14  9.07740774e-10  1.42666485e-19 
 7.20000000e-01  7.20000000e-01  1.00000000e-01 -2.88967889e-06  2.88871950e-06  3.69094508e-14  9.59349226e-10  1.24456379e-19 
 7.30000000e-01  7.30000000e-01  1.00000000e-01 -2.99301820e-06  2.99200481e-06  3.76474430e-14  1.01334990e-09  3.95580786e-19 
 7.40000000e-01  7.40000000e-01  1.00000000e-01 -3.09995096e-06  3.09888109e-06  3.84185799e-14  1.06983706e-09  5.10407326e-20 
 7.50000000e-01  7.50000000e-01  1.00000000e-01 -3.21059889e-06  3.20946994e-06  3.92242470e-14  1.12890831e-09  2.19857667e-19 
 7.60000000e-01  7.60000000e-01  1.00000000e-01 -3.32508777e-06  3.32389706e-06  4.00658836e-14  1.19066471e-09  3.51004366e-19 
 7.70000000e-01  7.70000000e-01  1.00000000e-01 -3.44354764e-06  3.44229239e-06  4.09449836e-14  1.25521088e-09  1.38166753e-19 
 7.80000000e-01  7.80000000e-01  1.00000000e-01 -3.56611293e-06  3.56479024e-06  4.18630986e-14  1.32265510e-09  7.11920063e-20 
 7.90000000e-01  7.90000000e-01  1.00000000e-01 -3.69292262e-06  3.69152947e-06  4.28218386e-14  1.39310947e-09  3.52085115e-19 
 8.00000000e-01  8.00000000e-01  1.00000000e-01 -3.82412038e-06  3.82265365e-06  4.38228752e-14  1.46669000e-09  7.43499440e-20 
 8.10000000e-01  8.10000000e-01  1.00000000e-01 -3.95985478e-06  3.95831122e-06  4.48679430e-14  1.54351678e-09  4.72545934e-20 
 8.20000000e-01  8.20000000e-01  1.00000000e-01 -4.10027941e-06  4.09865565e-06  4.59588418e-14  1.62371405e-09  3.54078768e-19 
 8.30000000e-01  8.30000000e-01  1.00000000e-01 -4.24555312e-06  4.24384566e-06  4.70974390e-14  1.70741038e-09  7.25507559e-20 
 8.40000000e-01  8.40000000e-01  1.00000000e-01 -4.39584015e-06  4.39404536e-06  4.82856720e-14  1.79473881e-09  1.10443905e-19 
 8.50000000e-01  8.50000000e-01  1.00000000e-01 -4.55131036e-06  4.54942447e-06  4.95255500e-14  1.88583699e-09  2.71521946e-19 
 8.60000000e-01  8.60000000e-01  1.00000000e-01 -4.71213943e-06  4.71015853e-06  5.08191571e-14  1.98084730e-09  8.22056954e-20 
 8.70000000e-01  8.70000000e-01  1.00000000e-01 -4.87850905e-06  4.87642908e-06  5.21686543e-14  2.07991706e-09  1.10975627e-19 
 8.80000000e-01  8.80000000e-01  1.00000000e-01 -5.05060713e-06  5.04842387e-06  5.35762821e-14  2.18319864e-09  2.37986836e-19 
 8.90000000e-01  8.90000000e-01  1.00000000e-01 -5.22862805e-06  5.22633715e-06  5.50443633e-14  2.29084965e-09  1.75703532e-19 
 9.00000000e-01  9.00000000e-01  1.00000000e-01 -5.41277289e-06  5.41036980e-06  5.65753057e-14  2.40303310e-09  2.65389948e-19 
 9.10000000e-01  9.10000000e-01  1.00000000e-01 -5.60324963e-06  5.60072965e-06  5.81716045e-14  2.51991757e-09  1.77324900e-21 
 9.20000000e-01  9.20000000e-01  1.00000000e-01 -5.80027345e-06  5.79763171e-06  5.98358456e-14  2.64167739e-09  5.08806468e-20 
 9.30000000e-01  9.30000000e-01  1.00000000e-01 -6.00406697e-06  6.00129840e-06  7.72906675e-14  2.76849285e-09  1.16305865e-19 
 9.40000000e-01  9.40000000e-01  1.00000000e-01 -6.21486048e-06  6.21195982e-06  1.05582568e-13  2.90055035e-09  2.77982800e-20 
 9.50000000e-01  9.50000000e-01  1.00000000e-01 -6.43289227e-06  6.42985408e-06  1.47532868e-13  3.03804263e-09  2.35569659e-19 
 9.60000000e-01  9.60000000e-01  1.00000000e-01 -6.65840887e-06  6.65522749e-06  2.09244843e-13  3.18116894e-09  4.84951082e-20 
 9.70000000e-01  9.70000000e-01  1.00000000e-01 -6.89166538e-06  6.88833495e-06  2.99333323e-13  3.33013528e-09  1.11582803e-19 
 9.80000000e-01  9.80000000e-01  1.00000000e-01 -7.13292577e-06  7.12944019e-06  4.29871158e-13  3.48515461e-09  1.41872973e-19 
 9.90000000e-01  9.90000000e-01  1.00000000e-01 -7.38246318e-06  7.37881612e-06  6.17660067e-13  3.64644705e-09  1.46883955e-19 
 1.00000000e+00  1.00000000e+00  1.00000000e-01 -7.64056026e-06  7.63674514e-06  8.85926127e-13  3.81424013e-09  2.88138875e-19 
 1.01000000e+00  1.01000000e+00  1.00000000e-01 -7.90750951e-06  7.90351948e-06  1.26656776e-12  3.98876901e-09  1.79836406e-19 
 1.02000000e+00  1.02000000e+00  1.00000000e-01 -8.18361363e-06  8.17944155e-06  1.80311837e-12  4.17027674e-09  3.94608221e-19 
 1.03000000e+00  1.03000000e+00  1.00000000e-01 -8.46918587e-06  8.46482431e-06  2.55462830e-12  4.35901449e-09  3.87555019e-20 
 1.04000000e+00  1.04000000e+00  1.00000000e-01 -8.76455046e-06  8.75999162e-06  3.60072254e-12  4.55524182e-09  2.37344674e-19 
 1.05000000e+00  1.05000000e+00  1.00000000e-01 -9.07004294e-06  9.06527866e-06  5.04815480e-12  4.75922695e-09  9.89533137e-20 
 1.06000000e+00  1.06000000e+00  1.00000000e-01 -9.38601059e-06  9.38103230e-06  7.03925566e-12  4.97124702e-09  1.77768918e-19 
 1.07000000e+00  1.07000000e+00  1.00000000e-01 -9.71281287e-06  9.70761152e-06  9.76276671e-12  5.19158838e-09  2.43899036e-19 
 1.08000000e+00  1.08000000e+00  1.00000000e-01 -1.00508218e-05  1.00453878e-05  1.34676661e-11  5.42054687e-09  7.08347313e-20 
 1.09000000e+00  1.09000000e+00  1.00000000e-01 -1.04004226e-05  1.03947457e-05  1.84807279e-11  5.65842815e-09  1.96005248e-19 
 1.10000000e+00  1.10000000e+00  1.00000000e-01 -1.07620138e-05  1.07560831e-05  2.52287287e-11  5.90554797e-09  2.38278982e-19 
 1.11000000e+00  1.11000000e+00  1.00000000e-01 -1.11360082e-05  1.11298117e-05  3.42664357e-11  6.16223249e-09  1.36432139e-19 
 1.12000000e+00  1.12000000e+00  1.00000000e-01 -1.15228330e-05  1.15163578e-05  4.63118435e-11  6.42881864e-09  3.66586608e-20 
 1.13000000e+00  1.13000000e+00  1.00000000e-01 -1.19229304e-05  1.19161625e-05  6.22906885e-11  6.70565444e-09  7.23615403e-20 
 1.14000000e+00  1.14000000e+00  1.00000000e-01 -1.23367586e-05  1.23296821e-05  8.33933277e-11  6.99309932e-09  6.29290963e-20 
 1.15000000e+00  1.15000000e+00  1.00000000e-01 -1.27647918e-05  1.27573891e-05  1.11149082e-10  7.29152452e-09  2.08133040e-19 
 1.16000000e+00  1.16000000e+00  1.00000000e-01 -1.32075210e-05  1.31997722e-05  1.47526854e-10  7.60131345e-09  2.03850907e-21 
 1.17000000e+00  1.17000000e+00  1.00000000e-01 -1.36654553e-05  1.36573373e-05  1.95077267e-10  7.92286203e-09  2.24075964e-19 
 1.18000000e+00  1.18000000e+00  1.00000000e-01 -1.41391216e-05  1.41306079e-05  2.57141948e-10  8.25657913e-09  4.42769102e-21 
 1.19000000e+00  1.19000000e+00  1.00000000e-01 -1.46290666e-05  1.46201256e-05  3.38171351e-10  8.60288695e-09  2.17867689e-19 
 1.20000000e+00  1.20000000e+00  1.00000000e-01 -1.51358572e-05  1.51264508e-05  4.44214754e-10  8.96222144e-09  1.11478045e-19 
 0.00000000e+00  0.00000000e+00  2.00000000e-01  3.45589206e-11  3.45589206e-11  3.31997288e-14 -6.91510413e-11  4.06602154e-19 
 1.00000000e-02  1.00000000e-02  2.00000000e-01 -1.08001994e-06  1.08008490e-06  3.64414930e-14 -6.50012790e-11  2.80839187e-19 
 2.00000000e-02  2.00000000e-02  2.00000000e-01 -1.89535110e-06  1.89541226e-06  3.86950200e-14 -6.11938574e-11  6.78847334e-19 
 3.00000000e-02  3.00000000e-02  2.00000000e-01 -2.48819801e-06  2.48825568e-06  4.02943426e-14 -5.77116507e-11  2.17788144e-19 
 4.00000000e-02  4.00000000e-02  2.00000000e-01 -2.91370587e-06  2.91376037e-06  4.14652815e-14 -5.45382111e-11  2.23871883e-19 
 5.00000000e-02  5.00000000e-02  2.00000000e-01 -3.22775532e-06  3.22780693e-06  4.23579343e-14 -5.16577449e-11  2.18325320e-20 
 6.00000000e-02  6.00000000e-02  2.00000000e-01 -3.47490677e-06  3.47495578e-06  4.30710637e-14 -4.90550929e-11  5.84310723e-20 
 7.00000000e-02  7.00000000e-02  2.00000000e-01 -3.68453766e-06  3.68458433e-06  4.36702007e-14 -4.67157127e-11  1.67467138e-19 
 8.00000000e-02  8.00000000e-02  2.00000000e-01 -3.87401646e-06  3.87406104e-06  4.41996089e-14 -4.46256554e-11  3.85667511e-19 
 9.00000000e-02  9.00000000e-02  2.00000000e-01 -4.05324832e-06  4.05329105e-06  4.46896447e-14 -4.27715463e-11  1.10598958e-19 
 1.00000000e-01  1.00000000e-01  2.00000000e-01 -4.22794564e-06  4.22798673e-06  4.51613509e-14 -4.11405682e-11  1.49281048e-19 
 1.10000000e-01  1.10000000e-01  2.00000000e-01 -4.40152410e-06  4.40156378e-06  4.56294564e-14 -3.97204401e-11  2.29909291e-19 
 1.20000000e-01  1.20000000e-01  2.00000000e-01 -4.57612619e-06  4.57616464e-06  4.61043954e-14 -3.84994059e-11  5.60072338e-20 
 1.30000000e-01  1.30000000e-01  2.00000000e-01 -4.75316870e-06  4.75320612e-06  4.65936874e-14 -3.74662225e-11  2.13921786e-19 
 1.40000000e-01  1.40000000e-01  2.00000000e-01 -4.93364114e-06  4.93367770e-06  4.71028818e-14 -3.66101619e-11  4.32388836e-19 
 1.50000000e-01  1.50000000e-01  2.00000000e-01 -5.11827323e-06  5.11830910e-06  4.76362064e-14 -3.59210356e-11  4.01091864e-19 
 1.60000000e-01  1.60000000e-01  2.00000000e-01 -5.30763208e-06  5.30766742e-06  4.81970104e-14 -3.53892885e-11  2.39426143e-19 
 1.70000000e-01  1.70000000e-01  2.00000000e-01 -5.50218058e-06  5.50221553e-06  4.87880676e-14 -3.50063162e-11  2.19013091e-19 
 1.80000000e-01  1.80000000e-01  2.00000000e-01 -5.70231345e-06  5.70234817e-06  4.94117839e-14 -3.47654594e-11  1.79768631e-19 
 1.90000000e-01  1.90000000e-01  2.00000000e-01 -5.90838040e-06  5.90841500e-06  5.00703383e-14 -3.46573834e-11  2.30936701e-19 
 2.00000000e-01  2.00000000e-01  2.00000000e-01 -6.12070122e-06  6.12073577e-06  5.07657800e-14 -3.45967012e-11  3.04276285e-19 
 2.10000000e-01  2.10000000e-01  2.00000000e-01 -6.33957604e-06  6.33961044e-06  5.15000947e-14 -3.44544592e-11  6.09657473e-19 
 2.20000000e-01  2.20000000e-01  2.00000000e-01 -6.56529214e-06  6.56532628e-06  5.22752503e-14 -3.41878048e-11  1.10300693e-19 
 2.30000000e-01  2.30000000e-01  2.00000000e-01 -6.79812903e-06  6.79816276e-06  5.30932282e-14 -3.37819446e-11  4.27179542e-19 
 2.40000000e-01  2.40000000e-01  2.00000000e-01 -7.03836200e-06  7.03839517e-06  5.39560461e-14 -3.32260637e-11  1.66211905e-19 
 2.50000000e-01  2.50000000e-01  2.00000000e-01 -7.28626479e-06  7.28629724e-06  5.48657732e-14 -3.25098934e-11  3.97459625e-19 
 2.60000000e-01  2.60000000e-01  2.00000000e-01 -7.54211154e-06  7.54214311e-06  5.58245421e-14 -3.16230247e-11  6.02434602e-19 
 2.70000000e-01  2.70000000e-01  2.00000000e-01 -7.80617837e-06  7.80620887e-06  5.68345572e-14 -3.05547063e-11  8.55015507e-20 
 2.80000000e-01  2.80000000e-01  2.00000000e-01 -8.07874449e-06  8.07877373e-06  5.78981015e-14 -2.92937733e-11  1.06414480e-19 
 2.90000000e-01  2.90000000e-01  2.00000000e-01 -8.36009321e-06  8.36012098e-06  5.90175420e-14 -2.78285958e-11  5.11506310e-19 
 3.00000000e-01  3.00000000e-01  2.00000000e-01 -8.65051268e-06  8.65053877e-06  6.01953344e-14 -2.61470503e-11  2.21960497e-19 
 3.10000000e-01  3.10000000e-01  2.00000000e-01 -8.95029659e-06  8.95032077e-06  6.14340271e-14 -2.42364984e-11  1.06883809e-19 
 3.20000000e-01  3.20000000e-01  2.00000000e-01 -9.25974465e-06  9.25976667e-06  6.27362652e-14 -2.20837605e-11  9.01065001e-20 
 3.30000000e-01  3.30000000e-01  2.00000000e-01 -9.57916312e-06  9.57918273e-06  6.41047938e-14 -1.96750955e-11  1.32314167e-19 
 3.40000000e-01  3.40000000e-01  2.00000000e-01 -9.90886519e-06  9.90888212e-06  6.55424619e-14 -1.69961786e-11  3.09084811e-19 
 3.50000000e-01  3.50000000e-01  2.00000000e-01 -1.02491714e-05  1.02491854e-05  6.70522256e-14 -1.40320767e-11  2.32110355e-20 
 3.60000000e-01  3.60000000e-01  2.00000000e-01 -1.06004099e-05  1.06004206e-05  6.86371516e-14 -1.07672305e-11  2.85818862e-19 
 3.70000000e-01  3.70000000e-01  2.00000000e-01 -1.09629170e-05  1.09629241e-05  7.03004210e-14 -7.18542531e-12  3.34868908e-19 
 3.80000000e-01  3.80000000e-01  2.00000000e-01 -1.13370370e-05  1.13370402e-05  7.20453328e-14 -3.26977365e-12  3.27272806e-19 
 3.90000000e-01  3.90000000e-01  2.00000000e-01 -1.17231231e-05  1.17231221e-05  7.38753075e-14  9.97317715e-13  1.55865406e-19 
 4.00000000e-01  4.00000000e-01  2.00000000e-01 -1.21215372e-05  1.21215314e-05  7.57938908e-14  5.63416591e-12  2.25876433e-20 
 4.10000000e-01  4.10000000e-01  2.00000000e-01 -1.25326501e-05  1.25326394e-05  7.78047576e-14  1.06598427e-11  4.04058912e-19 
 4.20000000e-01  4.20000000e-01  2.00000000e-01 -1.29568424e-05  1.29568263e-05  7.99117159e-14  1.60941993e-11  4.02121479e-19 
 4.30000000e-01  4.30000000e-01  2.00000000e-01 -1.33945041e-05  1.33944820e-05  8.21187108e-14  2.19578963e-11  3.67615582e-19 
 4.40000000e-01  4.40000000e-01  2.00000000e-01 -1.38460349e-05  1.38460065e-05  8.44298285e-14  2.82724343e-11  1.72255317e-19 
 4.50000000e-01  4.50000000e-01  2.00000000e-01 -1.43118448e-05  1.43118097e-05  8.68493008e-14  3.50601786e-11  3.34576571e-19 
 4.60000000e-01  4.60000000e-01  2.00000000e-01 -1.47923544e-05  1.47923119e-05  8.93815092e-14  4.23443961e-11  1.46548555e-19 
 4.70000000e-01  4.70000000e-01  2.00000000e-01 -1.52879944e-05  1.52879442e-05  9.20309893e-14  5.01492825e-11  1.05527919e-19 
 4.80000000e-01  4.80000000e-01  2.00000000e-01 -1.57992069e-05  1.57991483e-05  9.48024353e-14  5.84999990e-11  4.56604994e-19 
 4.90000000e-01  4.90000000e-01  2.00000000e-01 -1.63264448e-05  1.63263773e-05  9.77007048e-14  6.74227063e-11  3.29978715e-19 
 5.00000000e-01  5.00000000e-01  2.00000000e-01 -1.68701725e-05  1.68700955e-05  1.00730823e-13  7.69445974e-11  2.28075607e-20 
 5.10000000e-01  5.10000000e-01  2.00000000e-01 -1.74308660e-05  1.74307788e-05  1.03897989e-13  8.70939351e-11  2.65420234e-19 
 5.20000000e-01  5.20000000e-01  2.00000000e-01 -1.80090134e-05  1.80089154e-05  1.07207578e-13  9.79000921e-11  3.96070796e-20 
 5.30000000e-01  5.30000000e-01  2.00000000e-01 -1.86051148e-05  1.86050053e-05  1.10665149e-13  1.09393586e-10  3.06899068e-19 
 5.40000000e-01  5.40000000e-01  2.00000000e-01 -1.92196828e-05  1.92195611e-05  1.14276447e-13  1.21606122e-10  4.98501057e-19 
 5.50000000e-01  5.50000000e-01  2.00000000e-01 -1.98532429e-05  1.98531083e-05  1.18047413e-13  1.34570637e-10  2.06665108e-19 
 5.60000000e-01  5.60000000e-01  2.00000000e-01 -2.05063336e-05  2.05061852e-05  1.21984184e-13  1.48321333e-10  6.96943715e-19 
 5.70000000e-01  5.70000000e-01  2.00000000e-01 -2.11795067e-05  2.11793437e-05  1.26093101e-13  1.62893735e-10  2.75361215e-19 
 5.80000000e-01  5.80000000e-01  2.00000000e-01 -2.18733277e-05  2.18731493e-05  1.30380714e-13  1.78324723e-10  3.62595648e-19 
 5.90000000e-01  5.90000000e-01  2.00000000e-01 -2.25883762e-05  2.25881814e-05  1.34853789e-13  1.94652591e-10  3.36473062e-19 
 6.00000000e-01  6.00000000e-01  2.00000000e-01 -2.33252460e-05  2.33250339e-05  1.39519310e-13  2.11917085e-10  1.34164938e-19 
 6.10000000e-01  6.10000000e-01  2.00000000e-01 -2.40845457e-05  2.40843153e-05  1.44384488e-13  2.30159463e-10  4.15109346e-19 
 6.20000000e-01  6.20000000e-01  2.00000000e-01 -2.48668987e-05  2.48666492e-05  1.49456768e-13  2.49422541e-10  2.29839949e-19 
 6.30000000e-01  6.30000000e-01  2.00000000e-01 -2.56729442e-05  2.56726743e-05  1.54743830e-13  2.69750748e-10  3.62440255e-19 
 6.40000000e-01  6.40000000e-01  2.00000000e-01 -2.65033366e-05  2.65030453e-05  1.60253600e-13  2.91190181e-10  2.64073679e-20 
 6.50000000e-01  6.50000000e-01  2.00000000e-01 -2.73587471e-05  2.73584331e-05  1.65994253e-13  3.13788662e-10  3.94368740e-19 
 6.60000000e-01  6.60000000e-01  2.00000000e-01 -2.82398628e-05  2.82395250e-05  1.71974220e-13  3.37595801e-10  4.52238680e-21 
 6.70000000e-01  6.70000000e-01  2.00000000e-01 -2.91473881e-05  2.91470253e-05  1.78202195e-13  3.62663047e-10  2.30367347e-19 
 6.80000000e-01  6.80000000e-01  2.00000000e-01 -3.00820449e-05  3.00816557e-05  1.84687142e-13  3.89043764e-10  4.10632865e-19 
 6.90000000e-01  6.90000000e-01  2.00000000e-01 -3.10445726e-05  3.10441556e-05  1.91438298e-13  4.16793283e-10  5.03615448e-20 
 7.00000000e-01  7.00000000e-01  2.00000000e-01 -3.20357290e-05  3.20352829e-05  1.98465183e-13  4.45968977e-10  4.21576936e-19 
 7.10000000e-01  7.10000000e-01  2.00000000e-01 -3.30562907e-05  3.30558139e-05  2.05777606e-13  4.76630327e-10  4.82511672e-19 
 7.20000000e-01  7.20000000e-01  2.00000000e-01 -3.41070535e-05  3.41065444e-05  2.13385670e-13  5.08838996e-10  2.87997589e-19 
 7.30000000e-01  7.30000000e-01  2.00000000e-01 -3.51888326e-05  3.51882898e-05  2.21299781e-13  5.42658897e-10  2.66712509e-19 
 7.40000000e-01  7.40000000e-01  2.00000000e-01 -3.63024639e-05  3.63018855e-05  2.29530650e-13  5.78156274e-10  2.74829875e-19 
 7.50000000e-01  7.50000000e-01  2.00000000e-01 -3.74488035e-05  3.74481879e-05  2.38089309e-13  6.15399776e-10  3.81867847e-19 
 7.60000000e-01  7.60000000e-01  2.00000000e-01 -3.86287292e-05  3.86280745e-05  2.46987105e-13  6.54460542e-10  2.62127535e-19 
 7.70000000e-01  7.70000000e-01  2.00000000e-01 -3.98431403e-05  3.98424446e-05  2.56235721e-13  6.95412280e-10  6.81313460e-19 
 7.80000000e-01  7.80000000e-01  2.00000000e-01 -4.10929585e-05  4.10922199e-05  2.65847170e-13  7.38331358e-10  4.48631354e-20 
 7.90000000e-01  7.90000000e-01  2.00000000e-01 -4.23791285e-05  4.23783449e-05  2.75833812e-13  7.83296886e-10  3.05914481e-19 
 8.00000000e-01  8.00000000e-01  2.00000000e-01 -4.37026185e-05  4.37017879e-05  2.86208353e-13  8.30390810e-10  8.16106014e-19 
 8.10000000e-01  8.10000000e-01  2.00000000e-01 -4.50644210e-05  4.50635410e-05  2.96983858e-13  8.79698013e-10  1.14929557e-19 
 8.20000000e-01  8.20000000e-01  2.00000000e-01 -4.64655528e-05  4.64646212e-05  3.08173755e-13  9.31306398e-10  2.03384092e-19 
 8.30000000e-01  8.30000000e-01  2.00000000e-01 -4.79070566e-05  4.79060709e-05  3.19791842e-13  9.85307003e-10  3.59411911e-20 
 8.40000000e-01  8.40000000e-01  2.00000000e-01 -4.93900007e-05  4.93889586e-05  3.31852296e-13  1.04179409e-09  2.17083611e-19 
 8.50000000e-01  8.50000000e-01  2.00000000e-01 -5.09154805e-05  5.09143792e-05  3.44369677e-13  1.10086527e-09  2.23252861e-20 
 8.60000000e-01  8.60000000e-01  2.00000000e-01 -5.24846184e-05  5.24834554e-05  3.57358936e-13  1.16262160e-09  6.62915035e-19 
 8.70000000e-01  8.70000000e-01  2.00000000e-01 -5.40985651e-05  5.40973375e-05  3.70835422e-13  1.22716769e-09  2.11129996e-19 
 8.80000000e-01  8.80000000e-01  2.00000000e-01 -5.57584999e-05  5.57572049e-05  3.84814891e-13  1.29461183e-09  1.97907987e-19 
 8.90000000e-01  8.90000000e-01  2.00000000e-01 -5.74656318e-05  5.74642664e-05  3.99313508e-13  1.36506612e-09  4.47456368e-20 
 9.00000000e-01  9.00000000e-01  2.00000000e-01 -5.92211999e-05  5.92197609e-05  4.14347857e-13  1.43864658e-09  3.67770687e-19 
 9.10000000e-01  9.10000000e-01  2.00000000e-01 -6.10264743e-05  6.10249584e-05  4.29934948e-13  1.51547327e-09  5.64321776e-19 
 9.20000000e-01  9.20000000e-01  2.00000000e-01 -6.28827566e-05  6.28811605e-05  4.46092220e-13  1.59567045e-09  2.38371248e-19 
 9.30000000e-01  9.30000000e-01  2.00000000e-01 -6.47913814e-05  6.47897015e-05  5.53800074e-13  1.67936670e-09  3.69758724e-19 
 9.40000000e-01  9.40000000e-01  2.00000000e-01 -6.67537162e-05  6.67519486e-05  8.13531772e-13  1.76669504e-09  6.54381107e-19 
 9.50000000e-01  9.50000000e-01  2.00000000e-01 -6.87711626e-05  6.87693036e-05  1.19660428e-12  1.85779312e-09  2.29128805e-19 
 9.60000000e-01  9.60000000e-01  2.00000000e-01 -7.08451572e-05  7.08432026e-05  1.75709108e-12  1.95280334e-09  5.86193851e-19 
 9.70000000e-01  9.70000000e-01  2.00000000e-01 -7.29771724e-05  7.29751179e-05  2.57082907e-12  2.05187301e-09  1.23496589e-19 
 9.80000000e-01  9.80000000e-01  2.00000000e-01 -7.51687169e-05  7.51665580e-05  3.74340795e-12  2.15515449e-09  2.85407184e-19 
 9.90000000e-01  9.90000000e-01  2.00000000e-01 -7.74213370e-05  7.74190688e-05  5.42081300e-12  2.26280540e-09  3.11317800e-19 
 1.00000000e+00  1.00000000e+00  2.00000000e-01 -7.97366174e-05  7.97342346e-05  7.80351017e-12  2.37498874e-09  1.66354753e-19 
 1.01000000e+00  1.01000000e+00  2.00000000e-01 -8.21161816e-05  8.21136786e-05  1.11649691e-11  2.49187311e-09  2.64129756e-19 
 1.02000000e+00  1.02000000e+00  2.00000000e-01 -8.45616934e-05  8.45590639e-05  1.58758741e-11  2.61363282e-09  1.05748960e-19 
 1.03000000e+00  1.03000000e+00  2.00000000e-01 -8.70748575e-05  8.70720946e-05  2.24355823e-11  2.74044817e-09  4.74395419e-19 
 1.04000000e+00  1.04000000e+00  2.00000000e-01 -8.96574204e-05  8.96545164e-05  3.15127646e-11  2.87250556e-09  2.00391289e-19 
 1.05000000e+00  1.05000000e+00  2.00000000e-01 -9.23111714e-05  9.23081175e-05  4.39976184e-11  3.00999772e-09  2.09004927e-19 
 1.06000000e+00  1.06000000e+00  2.00000000e-01 -9.50379438e-05  9.50347296e-05  6.10685872e-11  3.15312391e-09  3.08386762e-19 
 1.07000000e+00  1.07000000e+00  2.00000000e-01 -9.78396154e-05  9.78362290e-05  8.42771711e-11  3.30209013e-09  1.50977936e-19 
 1.08000000e+00  1.08000000e+00  2.00000000e-01 -1.00718110e-04  1.00714537e-04  1.15655191e-10  3.45710934e-09  2.16072061e-19 
 1.09000000e+00  1.09000000e+00  2.00000000e-01 -1.03675397e-04  1.03671621e-04  1.57849784e-10  3.61840165e-09  2.62331232e-19 
 1.10000000e+00  1.10000000e+00  2.00000000e-01 -1.06713497e-04  1.06709496e-04  2.14292489e-10  3.78619460e-09  1.40185064e-19 
 1.11000000e+00  1.11000000e+00  2.00000000e-01 -1.09834475e-04  1.09830225e-04  2.89410054e-10  3.96072335e-09  3.20666697e-19 
 1.12000000e+00  1.12000000e+00  2.00000000e-01 -1.13040450e-04  1.13035919e-04  3.88886077e-10  4.14223094e-09  9.84485033e-20 
 1.13000000e+00  1.13000000e+00  2.00000000e-01 -1.16333591e-04  1.16328740e-04  5.19984329e-10  4.33096855e-09  9.79182288e-20 
 1.14000000e+00  1.14000000e+00  2.00000000e-01 -1.19716119e-04  1.19710900e-04  6.91946585e-10  4.52719574e-09  5.14092751e-20 
 1.15000000e+00  1.15000000e+00  2.00000000e-01 -1.23190311e-04  1.23184663e-04  9.16480148e-10  4.73118072e-09  9.27925834e-19 
 1.16000000e+00  1.16000000e+00  2.00000000e-01 -1.26758497e-04  1.26752345e-04  1.20835286e-09  4.94320064e-09  5.66510359e-19 
 1.17000000e+00  1.17000000e+00  2.00000000e-01 -1.30423067e-04  1.30416317e-04  1.58611646e-09  5.16354185e-09  7.12727767e-20 
 1.18000000e+00  1.18000000e+00  2.00000000e-01 -1.34186468e-04  1.34179003e-04  2.07298272e-09  5.39250019e-09  2.43697748e-19 
 1.19000000e+00  1.19000000e+00  2.00000000e-01 -1.38051210e-04  1.38042882e-04  2.69788057e-09  5.63038131e-09  2.85314446e-19 
 1.20000000e+00  1.20000000e+00  2.00000000e-01 -1.42019865e-04  1.42010491e-04  3.49672708e-09  5.87750096e-09  3.34814588e-19 
 0.00000000e+00  0.00000000e+00  3.00000000e-01  9.95335563e-11  9.95335563e-11  7.27822928e-14 -1.99139896e-10  1.09345552e-18 
 1.00000000e-02  1.00000000e-02  3.00000000e-01 -1.17045011e-05  1.17046915e-05  7.63225041e-14 -1.90454106e-10  5.00875280e-19 
 2.00000000e-02  2.00000000e-02  3.00000000e-01 -2.06905049e-05  2.06906872e-05  7.92413628e-14 -1.82324229e-10  2.71679144e-19 
 3.00000000e-02  3.00000000e-02  3.00000000e-01 -2.73495348e-05  2.73497095e-05  8.19162378e-14 -1.74725977e-10  8.95651629e-19 
 4.00000000e-02  4.00000000e-02  3.00000000e-01 -3.21912740e-05  3.21914416e-05  8.46006590e-14 -1.67635369e-10  4.76274069e-19 
 5.00000000e-02  5.00000000e-02  3.00000000e-01 -3.57569172e-05  3.57570781e-05  8.74383743e-14 -1.61028890e-10  1.46471388e-19 
 6.00000000e-02  6.00000000e-02  3.00000000e-01 -3.85115202e-05  3.85116750e-05  9.04906533e-14 -1.54883803e-10  3.75814830e-20 
 7.00000000e-02  7.00000000e-02  3.00000000e-01 -4.07853325e-05  4.07854816e-05  9.37751722e-14 -1.49178218e-10  8.24630129e-19 
 8.00000000e-02  8.00000000e-02  3.00000000e-01 -4.27848508e-05  4.27849946e-05  9.72952313e-14 -1.43891106e-10  4.64425581e-19 
 9.00000000e-02  9.00000000e-02  3.00000000e-01 -4.46318771e-05  4.46320160e-05  1.01052697e-13 -1.39002272e-10  1.46019779e-19 
 1.00000000e-01  1.00000000e-01  3.00000000e-01 -4.63977029e-05  4.63978373e-05  1.05051331e-13 -1.34492329e-10  8.71940769e-19 
 1.10000000e-01  1.10000000e-01  3.00000000e-01 -4.81249607e-05  4.81250910e-05  1.09296826e-13 -1.30342671e-10  2.20663399e-19 
 1.20000000e-01  1.20000000e-01  3.00000000e-01 -4.98400718e-05  4.98401982e-05  1.13796225e-13 -1.26535425e-10  6.27116189e-19 
 1.30000000e-01  1.30000000e-01  3.00000000e-01 -5.15601072e-05  5.15602301e-05  1.18557478e-13 -1.23053442e-10  3.61544583e-19 
 1.40000000e-01  1.40000000e-01  3.00000000e-01 -5.32965884e-05  5.32967082e-05  1.23589178e-13 -1.19880255e-10  6.58338816e-19 
 1.50000000e-01  1.50000000e-01  3.00000000e-01 -5.50576388e-05  5.50577557e-05  1.28900437e-13 -1.17000067e-10  7.76097687e-19 
 1.60000000e-01  1.60000000e-01  3.00000000e-01 -5.68492362e-05  5.68493504e-05  1.34500831e-13 -1.14397714e-10  2.80074430e-20 
 1.70000000e-01  1.70000000e-01  3.00000000e-01 -5.86759654e-05  5.86760773e-05  1.40400372e-13 -1.12058651e-10  2.48244504e-20 
 1.80000000e-01  1.80000000e-01  3.00000000e-01 -6.05414835e-05  6.05415933e-05  1.46609509e-13 -1.09968927e-10  5.34945499e-19 
 1.90000000e-01  1.90000000e-01  3.00000000e-01 -6.24488151e-05  6.24489230e-05  1.53139120e-13 -1.08115171e-10  7.79739697e-20 
 2.00000000e-01  2.00000000e-01  3.00000000e-01 -6.44005460e-05  6.44006523e-05  1.60000514e-13 -1.06484559e-10  8.21155772e-20 
 2.10000000e-01  2.10000000e-01  3.00000000e-01 -6.63989522e-05  6.63990571e-05  1.67205426e-13 -1.05064813e-10  2.33674057e-19 
 2.20000000e-01  2.20000000e-01  3.00000000e-01 -6.84460877e-05  6.84461914e-05  1.74766020e-13 -1.03844174e-10  9.27365638e-19 
 2.30000000e-01  2.30000000e-01  3.00000000e-01 -7.05438467e-05  7.05439493e-05  1.82694884e-13 -1.02811401e-10  9.01302298e-20 
 2.40000000e-01  2.40000000e-01  3.00000000e-01 -7.26940064e-05  7.26941081e-05  1.91005031e-13 -1.01955763e-10  2.28586884e-19 
 2.50000000e-01  2.50000000e-01  3.00000000e-01 -7.48982591e-05  7.48983601e-05  1.99709895e-13 -1.01267074e-10  3.99766963e-19 
 2.60000000e-01  2.60000000e-01  3.00000000e-01 -7.71582350e-05  7.71583355e-05  2.08823333e-13 -1.00735776e-10  6.42826238e-20 
 2.70000000e-01  2.70000000e-01  3.00000000e-01 -7.94755193e-05  7.94756194e-05  2.18359625e-13 -1.00353266e-10  4.48528233e-20 
 2.80000000e-01  2.80000000e-01  3.00000000e-01 -8.18516648e-05  8.18517647e-05  2.28333474e-13 -1.00112883e-10  5.29485061e-19 
 2.90000000e-01  2.90000000e-01  3.00000000e-01 -8.42882021e-05  8.42883018e-05  2.38760007e-13 -1.00005295e-10  1.62217721e-22 
 3.00000000e-01  3.00000000e-01  3.00000000e-01 -8.67866463e-05  8.67867460e-05  2.49654776e-13 -9.99451144e-11  3.92340894e-19 
 3.10000000e-01  3.10000000e-01  3.00000000e-01 -8.93485036e-05  8.93486031e-05  2.61033761e-13 -9.98033840e-11  6.77070253e-20 
 3.20000000e-01  3.20000000e-01  3.00000000e-01 -9.19752746e-05  9.19753739e-05  2.72913374e-13 -9.95372552e-11  3.54104371e-19 
 3.30000000e-01  3.30000000e-01  3.00000000e-01 -9.46684586e-05  9.46685575e-05  2.85310458e-13 -9.91319336e-11  3.60233942e-19 
 3.40000000e-01  3.40000000e-01  3.00000000e-01 -9.74295556e-05  9.74296539e-05  2.98242290e-13 -9.85766028e-11  1.57737228e-18 
 3.50000000e-01  3.50000000e-01  3.00000000e-01 -1.00260069e-04  1.00260166e-04  3.11726586e-13 -9.78609982e-11  1.06664125e-19 
 3.60000000e-01  3.60000000e-01  3.00000000e-01 -1.03161506e-04  1.03161602e-04  3.25781505e-13 -9.69747050e-11  5.61351693e-19 
 3.70000000e-01  3.70000000e-01  3.00000000e-01 -1.06135380e-04  1.06135475e-04  3.40425646e-13 -9.59069789e-11  6.65031023e-19 
 3.80000000e-01  3.80000000e-01  3.00000000e-01 -1.09183211e-04  1.09183305e-04  3.55678057e-13 -9.46466475e-11  1.66720544e-18 
 3.90000000e-01  3.90000000e-01  3.00000000e-01 -1.12306526e-04  1.12306619e-04  3.71558234e-13 -9.31820867e-11  9.70761047e-19 
 4.00000000e-01  4.00000000e-01  3.00000000e-01 -1.15506861e-04  1.15506952e-04  3.88086123e-13 -9.15011730e-11  1.62511600e-19 
 4.10000000e-01  4.10000000e-01  3.00000000e-01 -1.18785756e-04  1.18785845e-04  4.05282126e-13 -8.95912643e-11  1.00652473e-18 
 4.20000000e-01  4.20000000e-01  3.00000000e-01 -1.22144764e-04  1.22144851e-04  4.23167099e-13 -8.74391858e-11  1.39074588e-19 
 4.30000000e-01  4.30000000e-01  3.00000000e-01 -1.25585441e-04  1.25585526e-04  4.41762356e-13 -8.50311922e-11  7.30419291e-19 
 4.40000000e-01  4.40000000e-01  3.00000000e-01 -1.29109354e-04  1.29109436e-04  4.61089668e-13 -8.23529616e-11  2.47692843e-19 
 4.50000000e-01  4.50000000e-01  3.00000000e-01 -1.32718077e-04  1.32718156e-04  4.81171270e-13 -7.93895613e-11  2.85086549e-19 
 4.60000000e-01  4.60000000e-01  3.00000000e-01 -1.36413190e-04  1.36413266e-04  5.02029855e-13 -7.61254306e-11  8.88320867e-19 
 4.70000000e-01  4.70000000e-01  3.00000000e-01 -1.40196280e-04  1.40196352e-04  5.23688577e-13 -7.25443556e-11  3.83677549e-19 
 4.80000000e-01  4.80000000e-01  3.00000000e-01 -1.44068942e-04  1.44069010e-04  5.46171054e-13 -6.86294476e-11  3.53478835e-19 
 4.90000000e-01  4.90000000e-01  3.00000000e-01 -1.48032776e-04  1.48032839e-04  5.69501364e-13 -6.43631166e-11  4.91813696e-19 
 5.00000000e-01  5.00000000e-01  3.00000000e-01 -1.52089386e-04  1.52089446e-04  5.93704046e-13 -5.97270438e-11  6.36625989e-19 
 5.10000000e-01  5.10000000e-01  3.00000000e-01 -1.56240385e-04  1.56240439e-04  6.18804098e-13 -5.47021592e-11  2.75547705e-19 
 5.20000000e-01  5.20000000e-01  3.00000000e-01 -1.60487388e-04  1.60487436e-04  6.44826978e-13 -4.92686087e-11  9.59251597e-19 
 5.30000000e-01  5.30000000e-01  3.00000000e-01 -1.64832013e-04  1.64832056e-04  6.71798600e-13 -4.34057339e-11  7.15950594e-19 
 5.40000000e-01  5.40000000e-01  3.00000000e-01 -1.69275884e-04  1.69275921e-04  6.99745332e-13 -3.70920364e-11  3.23895532e-19 
 5.50000000e-01  5.50000000e-01  3.00000000e-01 -1.73820628e-04  1.73820658e-04  7.28693995e-13 -3.03051477e-11  7.81437522e-19 
 5.60000000e-01  5.60000000e-01  3.00000000e-01 -1.78467874e-04  1.78467896e-04  7.58671854e-13 -2.30218029e-11  7.97373975e-19 
 5.70000000e-01  5.70000000e-01  3.00000000e-01 -1.83219251e-04  1.83219266e-04  7.89706624e-13 -1.52178038e-11  1.14648869e-18 
 5.80000000e-01  5.80000000e-01  3.00000000e-01 -1.88076395e-04  1.88076401e-04  8.21826457e-13 -6.86799336e-12  4.33072168e-19 
 5.90000000e-01  5.90000000e-01  3.00000000e-01 -1.93040938e-04  1.93040935e-04  8.55059942e-13  2.05379078e-12  9.14993998e-19 
 6.00000000e-01  6.00000000e-01  3.00000000e-01 -1.98114515e-04  1.98114503e-04  8.89436098e-13  1.15747404e-11  9.01530929e-19 
 6.10000000e-01  6.10000000e-01  3.00000000e-01 -2.03298763e-04  2.03298740e-04  9.24984369e-13  2.17231184e-11  4.36501848e-20 
 6.20000000e-01  6.20000000e-01  3.00000000e-01 -2.08595317e-04  2.08595284e-04  9.61734619e-13  3.25282981e-11  4.52682094e-19 
 6.30000000e-01  6.30000000e-01  3.00000000e-01 -2.14005814e-04  2.14005769e-04  9.99717123e-13  4.40207977e-11  7.14259644e-19 
 6.40000000e-01  6.40000000e-01  3.00000000e-01 -2.19531887e-04  2.19531830e-04  1.03896256e-12  5.62323212e-11  6.08648522e-19 
 6.50000000e-01  6.50000000e-01  3.00000000e-01 -2.25175174e-04  2.25175103e-04  1.07950201e-12  6.91958015e-11  1.73965552e-19 
 6.60000000e-01  6.60000000e-01  3.00000000e-01 -2.30937306e-04  2.30937222e-04  1.12136694e-12  8.29454467e-11  4.04732886e-19 
 6.70000000e-01  6.70000000e-01  3.00000000e-01 -2.36819919e-04  2.36819821e-04  1.16458920e-12  9.75167783e-11  1.35789496e-18 
 6.80000000e-01  6.80000000e-01  3.00000000e-01 -2.42824645e-04  2.42824530e-04  1.20920100e-12  1.12946675e-10  6.00807286e-19 
 6.90000000e-01  6.90000000e-01  3.00000000e-01 -2.48953114e-04  2.48952984e-04  1.25523494e-12  1.29273432e-10  7.89504068e-19 
 7.00000000e-01  7.00000000e-01  3.00000000e-01 -2.55206959e-04  2.55206811e-04  1.30272393e-12  1.46536796e-10  3.31364019e-19 
 7.10000000e-01  7.10000000e-01  3.00000000e-01 -2.61587809e-04  2.61587643e-04  1.35170126e-12  1.64778022e-10  5.17652585e-19 
 7.20000000e-01  7.20000000e-01  3.00000000e-01 -2.68097293e-04  2.68097108e-04  1.40220054e-12  1.84039929e-10  9.37763160e-19 
 7.30000000e-01  7.30000000e-01  3.00000000e-01 -2.74737041e-04  2.74736835e-04  1.45425569e-12  2.04366942e-10  6.68795723e-19 
 7.40000000e-01  7.40000000e-01  3.00000000e-01 -2.81508681e-04  2.81508454e-04  1.50790094e-12  2.25805163e-10  1.39970570e-18 
 7.50000000e-01  7.50000000e-01  3.00000000e-01 -2.88413843e-04  2.88413593e-04  1.56317081e-12  2.48402409e-10  5.90306389e-19 
 7.60000000e-01  7.60000000e-01  3.00000000e-01 -2.95454155e-04  2.95453881e-04  1.62010013e-12  2.72208290e-10  2.38589075e-19 
 7.70000000e-01  7.70000000e-01  3.00000000e-01 -3.02631250e-04  3.02630951e-04  1.67872396e-12  2.97274258e-10  1.10860166e-19 
 7.80000000e-01  7.80000000e-01  3.00000000e-01 -3.09946758e-04  3.09946433e-04  1.73907765e-12  3.23653672e-10  5.39710976e-19 
 7.90000000e-01  7.90000000e-01  3.00000000e-01 -3.17402315e-04  3.17401962e-04  1.80119676e-12  3.51401867e-10  2.53573484e-19 
 8.00000000e-01  8.00000000e-01  3.00000000e-01 -3.24999556e-04  3.24999174e-04  1.86511711e-12  3.80576215e-10  8.90747293e-19 
 8.10000000e-01  8.10000000e-01  3.00000000e-01 -3.32740123e-04  3.32739710e-04  1.93087472e-12  4.11236194e-10  3.72502579e-19 
 8.20000000e-01  8.20000000e-01  3.00000000e-01 -3.40625659e-04  3.40625214e-04  1.99850579e-12  4.43443470e-10  4.69282975e-19 
 8.30000000e-01  8.30000000e-01  3.00000000e-01 -3.48657814e-04  3.48657334e-04  2.06804674e-12  4.77261953e-10  5.14470965e-19 
 8.40000000e-01  8.40000000e-01  3.00000000e-01 -3.56838241e-04  3.56837726e-04  2.13953413e-12  5.12757888e-10  5.96711477e-19 
 8.50000000e-01  8.50000000e-01  3.00000000e-01 -3.65168603e-04  3.65168051e-04  2.21300467e-12  5.49999924e-10  1.36623274e-18 
 8.60000000e-01  8.60000000e-01  3.00000000e-01 -3.73650568e-04  3.73649977e-04  2.28849524e-12  5.89059198e-10  9.73318066e-20 
 8.70000000e-01  8.70000000e-01  3.00000000e-01 -3.82285813e-04  3.82285181e-04  2.36604281e-12  6.30009420e-10  4.84405262e-19 
 8.80000000e-01  8.80000000e-01  3.00000000e-01 -3.91076025e-04  3.91075350e-04  2.44568446e-12  6.72926955e-10  1.79137186e-19 
 8.90000000e-01  8.90000000e-01  3.00000000e-01 -4.00022901e-04  4.00022181e-04  2.52745737e-12  7.17890914e-10  9.20839158e-19 
 9.00000000e-01  9.00000000e-01  3.00000000e-01 -4.09128150e-04  4.09127383e-04  2.61139878e-12  7.64983246e-10  5.49527383e-21 
 9.10000000e-01  9.10000000e-01  3.00000000e-01 -4.18393494e-04  4.18392677e-04  2.69754599e-12  8.14288826e-10  5.08048822e-19 
 9.20000000e-01  9.20000000e-01  3.00000000e-01 -4.27820670e-04  4.27819801e-04  2.78593634e-12  8.65895565e-10  1.93450764e-19 
 9.30000000e-01  9.30000000e-01  3.00000000e-01 -4.37411427e-04  4.37410504e-04  2.87660719e-12  9.19894495e-10  8.40463880e-19 
 9.40000000e-01  9.40000000e-01  3.00000000e-01 -4.47167535e-04  4.47166555e-04  2.96959590e-12  9.76379882e-10  4.80624688e-20 
 9.50000000e-01  9.50000000e-01  3.00000000e-01 -4.57090779e-04  4.57089740e-04  3.86100941e-12  1.03544933e-09  4.00971925e-20 
 9.60000000e-01  9.60000000e-01  3.00000000e-01 -4.67182966e-04  4.67181864e-04  5.67028342e-12  1.09720390e-09  3.79130791e-19 
 9.70000000e-01  9.70000000e-01  3.00000000e-01 -4.77445922e-04  4.77444752e-04  8.28960650e-12  1.16174820e-09  2.86828916e-19 
 9.80000000e-01  9.80000000e-01  3.00000000e-01 -4.87881495e-04  4.87880254e-04  1.20528106e-11  1.22919053e-09  3.75197242e-19 
 9.90000000e-01  9.90000000e-01  3.00000000e-01 -4.98491557e-04  4.98490240e-04  1.74195136e-11  1.29964297e-09  4.38417344e-19 
 1.00000000e+00  1.00000000e+00  3.00000000e-01 -5.09278006e-04  5.09276607e-04  2.50181164e-11  1.37322156e-09  4.11758680e-19 
 1.01000000e+00  1.01000000e+00  3.00000000e-01 -5.20242766e-04  5.20241280e-04  3.57020003e-11  1.45004634e-09  3.98788232e-19 
 1.02000000e+00  1.02000000e+00  3.00000000e-01 -5.31387790e-04  5.31386209e-04  5.06225157e-11  1.53024159e-09  1.27414416e-18 
 1.03000000e+00  1.03000000e+00  3.00000000e-01 -5.42715061e-04  5.42713376e-04  7.13232030e-11  1.61393587e-09  5.79910685e-19 
 1.04000000e+00  1.04000000e+00  3.00000000e-01 -5.54226594e-04  5.54224793e-04  9.98607040e-11  1.70126221e-09  3.13850160e-20 
 1.05000000e+00  1.05000000e+00  3.00000000e-01 -5.65924436e-04  5.65922505e-04  1.38959040e-10  1.79235826e-09  1.04264997e-18 
 1.06000000e+00  1.06000000e+00  3.00000000e-01 -5.77810671e-04  5.77808591e-04  1.92205371e-10  1.88736642e-09  1.93145458e-19 
 1.07000000e+00  1.07000000e+00  3.00000000e-01 -5.89887417e-04  5.89885167e-04  2.64297065e-10  1.98643399e-09  2.29142109e-19 
 1.08000000e+00  1.08000000e+00  3.00000000e-01 -6.02156836e-04  6.02154384e-04  3.61351888e-10  2.08971334e-09  4.39103607e-19 
 1.09000000e+00  1.09000000e+00  3.00000000e-01 -6.14621124e-04  6.14618436e-04  4.91295489e-10  2.19736209e-09  4.55138658e-19 
 1.10000000e+00  1.10000000e+00  3.00000000e-01 -6.27282527e-04  6.27279553e-04  6.64343056e-10  2.30954324e-09  1.36408845e-18 
 1.11000000e+00  1.11000000e+00  3.00000000e-01 -6.40143330e-04  6.40140010e-04  8.93595195e-10  2.42642537e-09  5.12979262e-19 
 1.12000000e+00  1.12000000e+00  3.00000000e-01 -6.53205869e-04  6.53202125e-04  1.19577169e-09  2.54818282e-09  3.91710138e-19 
 1.13000000e+00  1.13000000e+00  3.00000000e-01 -6.66472528e-04  6.66468260e-04  1.59211101e-09  2.67499587e-09  8.92864130e-19 
 1.14000000e+00  1.14000000e+00  3.00000000e-01 -6.79945743e-04  6.79940827e-04  2.10946822e-09  2.80705092e-09  9.19117188e-19 
 1.15000000e+00  1.15000000e+00  3.00000000e-01 -6.93628008e-04  6.93622282e-04  2.78164930e-09  2.94454070e-09  8.92982830e-19 
 1.16000000e+00  1.16000000e+00  3.00000000e-01 -7.07521873e-04  7.07515134e-04  3.65102618e-09  3.08766449e-09  7.34668319e-19 
 1.17000000e+00  1.17000000e+00  3.00000000e-01 -7.21629949e-04  7.21621942e-04  4.77048367e-09  3.23662826e-09  9.80587875e-19 
 1.18000000e+00  1.18000000e+00  3.00000000e-01 -7.35954914e-04  7.35945317e-04  6.20575737e-09  3.39164498e-09  4.08596617e-19 
 1.19000000e+00  1.19000000e+00  3.00000000e-01 -7.50499517e-04  7.50487925e-04  8.03823041e-09  3.55293477e-09  2.23992238e-19 
 1.20000000e+00  1.20000000e+00  3.00000000e-01 -7.65266578e-04  7.65252489e-04  1.03682667e-08  3.72072516e-09  1.44918404e-18 
 0.00000000e+00  0.00000000e+00  4.00000000e-01  2.41164090e-10  2.41164090e-10  1.89568524e-13 -4.82517750e-10  7.39596696e-19 
 1.00000000e-02  1.00000000e-02  4.00000000e-01 -6.86309908e-05  6.86314572e-05  1.95117219e-13 -4.66616955e-10  2.88831657e-19 
 2.00000000e-02  2.00000000e-02  4.00000000e-01 -1.25855596e-04  1.25856047e-04  2.01435092e-13 -4.51501693e-10  1.16173115e-18 
 3.00000000e-02  3.00000000e-02  4.00000000e-01 -1.72611870e-04  1.72612307e-04  2.09125920e-13 -4.37206529e-10  1.31202707e-18 
 4.00000000e-02  4.00000000e-02  4.00000000e-01 -2.10095927e-04  2.10096351e-04  2.18731235e-13 -4.23725810e-10  1.08505235e-18 
 5.00000000e-02  5.00000000e-02  4.00000000e-01 -2.39733899e-04  2.39734310e-04  2.30691517e-13 -4.11031088e-10  1.90856626e-20 
 6.00000000e-02  6.00000000e-02  4.00000000e-01 -2.63127177e-04  2.63127575e-04  2.45268315e-13 -3.99089488e-10  7.96262655e-19 
 7.00000000e-02  7.00000000e-02  4.00000000e-01 -2.81881320e-04  2.81881708e-04  2.62499502e-13 -3.87867145e-10  1.61557939e-19 
 8.00000000e-02  8.00000000e-02  4.00000000e-01 -2.97397089e-04  2.97397466e-04  2.82241398e-13 -3.77330193e-10  5.57910357e-19 
 9.00000000e-02  9.00000000e-02  4.00000000e-01 -3.10750906e-04  3.10751273e-04  3.04266185e-13 -3.67445620e-10  6.75815320e-19 
 1.00000000e-01  1.00000000e-01  4.00000000e-01 -3.22697690e-04  3.22698048e-04  3.28346003e-13 -3.58181882e-10  6.41770211e-19 
 1.10000000e-01  1.10000000e-01  4.00000000e-01 -3.33740249e-04  3.33740598e-04  3.54294108e-13 -3.49509120e-10  9.96753762e-19 
 1.20000000e-01  1.20000000e-01  4.00000000e-01 -3.44207034e-04  3.44207375e-04  3.81973280e-13 -3.41399102e-10  2.58702434e-19 
 1.30000000e-01  1.30000000e-01  4.00000000e-01 -3.54313015e-04  3.54313349e-04  4.11289521e-13 -3.33825085e-10  3.59625808e-22 
 1.40000000e-01  1.40000000e-01  4.00000000e-01 -3.64200904e-04  3.64201230e-04  4.42182213e-13 -3.26761642e-10  8.67967665e-20 
 1.50000000e-01  1.50000000e-01  4.00000000e-01 -3.73967385e-04  3.73967705e-04  4.74615241e-13 -3.20184543e-10  4.68178833e-19 
 1.60000000e-01  1.60000000e-01  4.00000000e-01 -3.83679472e-04  3.83679785e-04  5.08570136e-13 -3.14070636e-10  1.80981380e-18 
 1.70000000e-01  1.70000000e-01  4.00000000e-01 -3.93384695e-04  3.93385003e-04  5.44041121e-13 -3.08397771e-10  9.10326070e-19 
 1.80000000e-01  1.80000000e-01  4.00000000e-01 -4.03117535e-04  4.03117838e-04  5.81031616e-13 -3.03144734e-10  2.13054376e-20 
 1.90000000e-01  1.90000000e-01  4.00000000e-01 -4.12903538e-04  4.12903836e-04  6.19551774e-13 -2.98291191e-10  2.44056257e-19 
 2.00000000e-01  2.00000000e-01  4.00000000e-01 -4.22762009e-04  4.22762303e-04  6.59616756e-13 -2.93817641e-10  7.82574743e-19 
 2.10000000e-01  2.10000000e-01  4.00000000e-01 -4.32707808e-04  4.32708097e-04  7.01245492e-13 -2.89705380e-10  5.42232397e-19 
 2.20000000e-01  2.20000000e-01  4.00000000e-01 -4.42752561e-04  4.42752847e-04  7.44459794e-13 -2.85936462e-10  4.24161557e-19 
 2.30000000e-01  2.30000000e-01  4.00000000e-01 -4.52905512e-04  4.52905794e-04  7.89283710e-13 -2.82493674e-10  3.43035324e-19 
 2.40000000e-01  2.40000000e-01  4.00000000e-01 -4.63174109e-04  4.63174387e-04  8.35743037e-13 -2.79360496e-10  1.18623547e-19 
 2.50000000e-01  2.50000000e-01  4.00000000e-01 -4.73564429e-04  4.73564705e-04  8.83864965e-13 -2.76521088e-10  1.79593918e-19 
 2.60000000e-01  2.60000000e-01  4.00000000e-01 -4.84081492e-04  4.84081765e-04  9.33677801e-13 -2.73960249e-10  6.66041818e-19 
 2.70000000e-01  2.70000000e-01  4.00000000e-01 -4.94729480e-04  4.94729750e-04  9.85210751e-13 -2.71663401e-10  4.19175910e-19 
 2.80000000e-01  2.80000000e-01  4.00000000e-01 -5.05511913e-04  5.05512182e-04  1.03849376e-12 -2.69616573e-10  3.64492769e-19 
 2.90000000e-01  2.90000000e-01  4.00000000e-01 -5.16431777e-04  5.16432044e-04  1.09355738e-12 -2.67806367e-10  2.82692413e-19 
 3.00000000e-01  3.00000000e-01  4.00000000e-01 -5.27491619e-04  5.27491884e-04  1.15043265e-12 -2.66219945e-10  4.82033423e-21 
 3.10000000e-01  3.10000000e-01  4.00000000e-01 -5.38693622e-04  5.38693886e-04  1.20915102e-12 -2.64845011e-10  2.33360242e-19 
 3.20000000e-01  3.20000000e-01  4.00000000e-01 -5.50039672e-04  5.50039934e-04  1.26974429e-12 -2.63669793e-10  6.94947460e-19 
 3.30000000e-01  3.30000000e-01  4.00000000e-01 -5.61531394e-04  5.61531655e-04  1.33224451e-12 -2.62683035e-10  3.87904391e-19 
 3.40000000e-01  3.40000000e-01  4.00000000e-01 -5.73170197e-04  5.73170458e-04  1.39668399e-12 -2.61874001e-10  5.34308258e-19 
 3.50000000e-01  3.50000000e-01  4.00000000e-01 -5.84957303e-04  5.84957563e-04  1.46309518e-12 -2.61232492e-10  1.10324501e-18 
 3.60000000e-01  3.60000000e-01  4.00000000e-01 -5.96893765e-04  5.96894025e-04  1.53151071e-12 -2.60748945e-10  8.53293251e-19 
 3.70000000e-01  3.70000000e-01  4.00000000e-01 -6.08980496e-04  6.08980754e-04  1.60196328e-12 -2.60414749e-10  1.23686553e-18 
 3.80000000e-01  3.80000000e-01  4.00000000e-01 -6.21218275e-04  6.21218534e-04  1.67448571e-12 -2.60223237e-10  7.28088402e-19 
 3.90000000e-01  3.90000000e-01  4.00000000e-01 -6.33607770e-04  6.33608029e-04  1.74911082e-12 -2.60165071e-10  9.86056793e-19 
 4.00000000e-01  4.00000000e-01  4.00000000e-01 -6.46149543e-04  6.46149801e-04  1.82587151e-12 -2.60154859e-10  2.07665073e-18 
 4.10000000e-01  4.10000000e-01  4.00000000e-01 -6.58844060e-04  6.58844319e-04  1.90480063e-12 -2.60063639e-10  1.38005621e-19 
 4.20000000e-01  4.20000000e-01  4.00000000e-01 -6.71691703e-04  6.71691961e-04  1.98593106e-12 -2.59848561e-10  6.72077261e-19 
 4.30000000e-01  4.30000000e-01  4.00000000e-01 -6.84692770e-04  6.84693028e-04  2.06929560e-12 -2.59494823e-10  2.14551415e-19 
 4.40000000e-01  4.40000000e-01  4.00000000e-01 -6.97847488e-04  6.97847745e-04  2.15492702e-12 -2.58991611e-10  9.17505985e-19 
 4.50000000e-01  4.50000000e-01  4.00000000e-01 -7.11156013e-04  7.11156269e-04  2.24285802e-12 -2.58328652e-10  3.04527199e-19 
 4.60000000e-01  4.60000000e-01  4.00000000e-01 -7.24618436e-04  7.24618692e-04  2.33312120e-12 -2.57495532e-10  6.40154464e-19 
 4.70000000e-01  4.70000000e-01  4.00000000e-01 -7.38234789e-04  7.38235044e-04  2.42574907e-12 -2.56481502e-10  8.84724129e-19 
 4.80000000e-01  4.80000000e-01  4.00000000e-01 -7.52005046e-04  7.52005299e-04  2.52077400e-12 -2.55275393e-10  1.18250348e-18 
 4.90000000e-01  4.90000000e-01  4.00000000e-01 -7.65929128e-04  7.65929379e-04  2.61822826e-12 -2.53865571e-10  4.11496206e-19 
 5.00000000e-01  5.00000000e-01  4.00000000e-01 -7.80006903e-04  7.80007152e-04  2.71814397e-12 -2.52239914e-10  1.16145651e-18 
 5.10000000e-01  5.10000000e-01  4.00000000e-01 -7.94238193e-04  7.94238441e-04  2.82055307e-12 -2.50385779e-10  1.83423230e-19 
 5.20000000e-01  5.20000000e-01  4.00000000e-01 -8.08622777e-04  8.08623023e-04  2.92548735e-12 -2.48289988e-10  1.11666917e-18 
 5.30000000e-01  5.30000000e-01  4.00000000e-01 -8.23160389e-04  8.23160631e-04  3.03297845e-12 -2.45938797e-10  8.16968792e-19 
 5.40000000e-01  5.40000000e-01  4.00000000e-01 -8.37850723e-04  8.37850963e-04  3.14305778e-12 -2.43317877e-10  1.37394254e-18 
 5.50000000e-01  5.50000000e-01  4.00000000e-01 -8.52693438e-04  8.52693675e-04  3.25575657e-12 -2.40412301e-10  1.30377416e-18 
 5.60000000e-01  5.60000000e-01  4.00000000e-01 -8.67688157e-04  8.67688390e-04  3.37110586e-12 -2.37206501e-10  2.51223351e-19 
 5.70000000e-01  5.70000000e-01  4.00000000e-01 -8.82834472e-04  8.82834702e-04  3.48913643e-12 -2.33684267e-10  1.22994020e-18 
 5.80000000e-01  5.80000000e-01  4.00000000e-01 -8.98131945e-04  8.98132171e-04  3.60987889e-12 -2.29828704e-10  1.72179482e-18 
 5.90000000e-01  5.90000000e-01  4.00000000e-01 -9.13580113e-04  9.13580334e-04  3.73336359e-12 -2.25622226e-10  6.00810883e-19 
 6.00000000e-01  6.00000000e-01  4.00000000e-01 -9.29178487e-04  9.29178704e-04  3.85962062e-12 -2.21046511e-10  5.66242747e-19 
 6.10000000e-01  6.10000000e-01  4.00000000e-01 -9.44926558e-04  9.44926770e-04  3.98867987e-12 -2.16082486e-10  1.24536260e-19 
 6.20000000e-01  6.20000000e-01  4.00000000e-01 -9.60823801e-04  9.60824008e-04  4.12057095e-12 -2.10710298e-10  3.12720752e-20 
 6.30000000e-01  6.30000000e-01  4.00000000e-01 -9.76869673e-04  9.76869873e-04  4.25532320e-12 -2.04909287e-10  1.51971010e-18 
 6.40000000e-01  6.40000000e-01  4.00000000e-01 -9.93063619e-04  9.93063814e-04  4.39296571e-12 -1.98657953e-10  6.19478543e-19 
 6.50000000e-01  6.50000000e-01  4.00000000e-01 -1.00940508e-03  1.00940527e-03  4.53352730e-12 -1.91933929e-10  1.82646799e-18 
 6.60000000e-01  6.60000000e-01  4.00000000e-01 -1.02589348e-03  1.02589366e-03  4.67703651e-12 -1.84713949e-10  1.69406327e-19 
 6.70000000e-01  6.70000000e-01  4.00000000e-01 -1.04252826e-03  1.04252843e-03  4.82352159e-12 -1.76973813e-10  1.04392359e-18 
 6.80000000e-01  6.80000000e-01  4.00000000e-01 -1.05930884e-03  1.05930900e-03  4.97301052e-12 -1.68688361e-10  8.69679618e-19 
 6.90000000e-01  6.90000000e-01  4.00000000e-01 -1.07623466e-03  1.07623482e-03  5.12553098e-12 -1.59831435e-10  1.02884192e-18 
 7.00000000e-01  7.00000000e-01  4.00000000e-01 -1.09330516e-03  1.09330531e-03  5.28111035e-12 -1.50375838e-10  7.16713825e-19 
 7.10000000e-01  7.10000000e-01  4.00000000e-01 -1.11051980e-03  1.11051994e-03  5.43977574e-12 -1.40293306e-10  1.09526846e-18 
 7.20000000e-01  7.20000000e-01  4.00000000e-01 -1.12787805e-03  1.12787817e-03  5.60155394e-12 -1.29554471e-10  7.55989431e-19 
 7.30000000e-01  7.30000000e-01  4.00000000e-01 -1.14537938e-03  1.14537950e-03  5.76647143e-12 -1.18128810e-10  7.74067085e-19 
 7.40000000e-01  7.40000000e-01  4.00000000e-01 -1.16302333e-03  1.16302343e-03  5.93455440e-12 -1.05984619e-10  3.61333598e-19 
 7.50000000e-01  7.50000000e-01  4.00000000e-01 -1.18080942e-03  1.18080950e-03  6.10582874e-12 -9.30889618e-11  5.04956465e-19 
 7.60000000e-01  7.60000000e-01  4.00000000e-01 -1.19873721e-03  1.19873729e-03  6.28032001e-12 -7.94076370e-11  1.58530184e-18 
 7.70000000e-01  7.70000000e-01  4.00000000e-01 -1.21680632e-03  1.21680638e-03  6.45805348e-12 -6.49051170e-11  7.69010436e-19 
 7.80000000e-01  7.80000000e-01  4.00000000e-01 -1.23501638e-03  1.23501642e-03  6.63905410e-12 -4.95445229e-11  2.81311226e-19 
 7.90000000e-01  7.90000000e-01  4.00000000e-01 -1.25336706e-03  1.25336709e-03  6.82334652e-12 -3.32875615e-11  3.60263166e-19 
 8.00000000e-01  8.00000000e-01  4.00000000e-01 -1.27185810e-03  1.27185811e-03  7.01095506e-12 -1.60944844e-11  1.96220314e-18 
 8.10000000e-01  8.10000000e-01  4.00000000e-01 -1.29048926e-03  1.29048925e-03  7.20190375e-12  2.07596620e-12  2.45973507e-19 
 8.20000000e-01  8.20000000e-01  4.00000000e-01 -1.30926037e-03  1.30926034e-03  7.39621628e-12  2.12666028e-11  6.62601139e-19 
 8.30000000e-01  8.30000000e-01  4.00000000e-01 -1.32817130e-03  1.32817125e-03  7.59391607e-12  4.15218565e-11  1.80423217e-18 
 8.40000000e-01  8.40000000e-01  4.00000000e-01 -1.34722201e-03  1.34722194e-03  7.79502619e-12  6.28878259e-11  1.12588896e-18 
 8.50000000e-01  8.50000000e-01  4.00000000e-01 -1.36641249e-03  1.36641240e-03  7.99956942e-12  8.54123321e-11  2.97226919e-19 
 8.60000000e-01  8.60000000e-01  4.00000000e-01 -1.38574281e-03  1.38574269e-03  8.20756823e-12  1.09144981e-10  6.52929603e-19 
 8.70000000e-01  8.70000000e-01  4.00000000e-01 -1.40521310e-03  1.40521296e-03  8.41904479e-12  1.34137228e-10  9.39253897e-19 
 8.80000000e-01  8.80000000e-01  4.00000000e-01 -1.42482359e-03  1.42482342e-03  8.63402095e-12  1.60442431e-10  1.12948866e-18 
 8.90000000e-01  8.90000000e-01  4.00000000e-01 -1.44457455e-03  1.44457435e-03  8.85251826e-12  1.88115923e-10  3.49424312e-19 
 9.00000000e-01  9.00000000e-01  4.00000000e-01 -1.46446635e-03  1.46446613e-03  9.07455798e-12  2.17215077e-10  1.58059237e-18 
 9.10000000e-01  9.10000000e-01  4.00000000e-01 -1.48449944e-03  1.48449919e-03  9.30016107e-12  2.47799372e-10  8.93961676e-19 
 9.20000000e-01  9.20000000e-01  4.00000000e-01 -1.50467436e-03  1.50467407e-03  9.52934817e-12  2.79930472e-10  4.67332977e-19 
 9.30000000e-01  9.30000000e-01  4.00000000e-01 -1.52499172e-03  1.52499139e-03  9.76213966e-12  3.13672289e-10  4.10519248e-19 
 9.40000000e-01  9.40000000e-01  4.00000000e-01 -1.54545223e-03  1.54545187e-03  9.99855561e-12  3.49091065e-10  1.20606150e-18 
 9.50000000e-01  9.50000000e-01  4.00000000e-01 -1.56605671e-03  1.56605631e-03  1.02386158e-11  3.86255450e-10  1.75928936e-18 
 9.60000000e-01  9.60000000e-01  4.00000000e-01 -1.58680605e-03  1.58680561e-03  1.04823398e-11  4.25236584e-10  9.95219617e-19 
 9.70000000e-01  9.70000000e-01  4.00000000e-01 -1.60770125e-03  1.60770077e-03  1.07297467e-11  4.66108169e-10  1.08686779e-18 
 9.80000000e-01  9.80000000e-01  4.00000000e-01 -1.62874341e-03  1.62874289e-03  1.09808555e-11  5.08946575e-10  1.33524482e-18 
 9.90000000e-01  9.90000000e-01  4.00000000e-01 -1.64993373e-03  1.64993316e-03  1.35953138e-11  5.53830914e-10  8.91234156e-19 
 1.00000000e+00  1.00000000e+00  4.00000000e-01 -1.67127353e-03  1.67127291e-03  1.95846736e-11  6.00843128e-10  1.39237801e-18 
 1.01000000e+00  1.01000000e+00  4.00000000e-01 -1.69276421e-03  1.69276353e-03  2.81245377e-11  6.50068096e-10  3.12891229e-19 
 1.02000000e+00  1.02000000e+00  4.00000000e-01 -1.71440730e-03  1.71440656e-03  4.02139171e-11  7.01593725e-10  1.08426382e-20 
 1.03000000e+00  1.03000000e+00  4.00000000e-01 -1.73620443e-03  1.73620362e-03  5.72088001e-11  7.55511048e-10  1.45906011e-18 
 1.04000000e+00  1.04000000e+00  4.00000000e-01 -1.75815735e-03  1.75815646e-03  8.09375238e-11  8.11914334e-10  5.11728139e-19 
 1.05000000e+00  1.05000000e+00  4.00000000e-01 -1.78026791e-03  1.78026693e-03  1.13849494e-10  8.70901182e-10  7.50239309e-19 
 1.06000000e+00  1.06000000e+00  4.00000000e-01 -1.80253809e-03  1.80253700e-03  1.59205745e-10  9.32572647e-10  3.83693569e-19 
 1.07000000e+00  1.07000000e+00  4.00000000e-01 -1.82496999e-03  1.82496877e-03  2.21321694e-10  9.97033345e-10  5.42334299e-19 
 1.08000000e+00  1.08000000e+00  4.00000000e-01 -1.84756580e-03  1.84756443e-03  3.05874645e-10  1.06439157e-09  1.04270407e-18 
 1.09000000e+00  1.09000000e+00  4.00000000e-01 -1.87032786e-03  1.87032631e-03  4.20291189e-10  1.13475940e-09  1.43962886e-18 
 1.10000000e+00  1.10000000e+00  4.00000000e-01 -1.89325862e-03  1.89325684e-03  5.74232690e-10  1.20825287e-09  1.27072933e-19 
 1.11000000e+00  1.11000000e+00  4.00000000e-01 -1.91636065e-03  1.91635859e-03  7.80200549e-10  1.28499204e-09  1.29070316e-18 
 1.12000000e+00  1.12000000e+00  4.00000000e-01 -1.93963665e-03  1.93963423e-03  1.05428707e-09  1.36510115e-09  1.08595600e-18 
 1.13000000e+00  1.13000000e+00  4.00000000e-01 -1.96308944e-03  1.96308657e-03  1.41710245e-09  1.44870879e-09  3.79383906e-19 
 1.14000000e+00  1.14000000e+00  4.00000000e-01 -1.98672196e-03  1.98671853e-03  1.89491381e-09  1.53594799e-09  2.45843868e-19 
 1.15000000e+00  1.15000000e+00  4.00000000e-01 -2.01053729e-03  2.01053314e-03  2.52103848e-09  1.62695638e-09  1.59733705e-18 
 1.16000000e+00  1.16000000e+00  4.00000000e-01 -2.03453864e-03  2.03453358e-03  3.33754070e-09  1.72187637e-09  6.07902477e-19 
 1.17000000e+00  1.17000000e+00  4.00000000e-01 -2.05872936e-03  2.05872314e-03  4.39728894e-09  1.82085524e-09  6.32118189e-19 
 1.18000000e+00  1.18000000e+00  4.00000000e-01 -2.08311290e-03  2.08310521e-03  5.76644007e-09  1.92404539e-09  2.85765259e-19 
 1.19000000e+00  1.19000000e+00  4.00000000e-01 -2.10769290e-03  2.10768334e-03  7.52742699e-09  2.03160440e-09  1.07275565e-18 
 1.20000000e+00  1.20000000e+00  4.00000000e-01 -2.13247309e-03  2.13246117e-03  9.78253713e-09  2.14369530e-09  8.44716842e-20 
 0.00000000e+00  0.00000000e+00  5.00000000e-01  6.17957049e-10  6.17957049e-10  8.00642137e-13 -1.23671474e-09  9.96719165e-19 
 1.00000000e-02  1.00000000e-02  5.00000000e-01 -1.76548018e-04  1.76549227e-04  8.17088007e-13 -1.20992614e-09  3.82073648e-19 
 2.00000000e-02  2.00000000e-02  5.00000000e-01 -3.35994212e-04  3.35995394e-04  8.35530910e-13 -1.18345651e-09  1.04431969e-18 
 3.00000000e-02  3.00000000e-02  5.00000000e-01 -4.79021322e-04  4.79022479e-04  8.56680691e-13 -1.15805072e-09  1.23301997e-18 
 4.00000000e-02  4.00000000e-02  5.00000000e-01 -6.06413283e-04  6.06414416e-04  8.81258904e-13 -1.13394076e-09  3.83472749e-19 
 5.00000000e-02  5.00000000e-02  5.00000000e-01 -7.18986414e-04  7.18987524e-04  9.10048297e-13 -1.11111862e-09  1.96859497e-19 
 6.00000000e-02  6.00000000e-02  5.00000000e-01 -8.17605634e-04  8.17606723e-04  9.43912360e-13 -1.08954239e-09  6.64992976e-19 
 7.00000000e-02  7.00000000e-02  5.00000000e-01 -9.03231845e-04  9.03232913e-04  9.83770717e-13 -1.06917089e-09  1.20144544e-18 
 8.00000000e-02  8.00000000e-02  5.00000000e-01 -9.76978687e-04  9.76979736e-04  1.03051615e-12 -1.04996600e-09  7.15238680e-19 
 9.00000000e-02  9.00000000e-02  5.00000000e-01 -1.04014949e-03  1.04015052e-03  1.08487909e-12 -1.03188962e-09  1.44539041e-19 
 1.00000000e-01  1.00000000e-01  5.00000000e-01 -1.09421963e-03  1.09422064e-03  1.14728479e-12 -1.01490027e-09  1.14133496e-21 
 1.10000000e-01  1.10000000e-01  5.00000000e-01 -1.14074919e-03  1.14075019e-03  1.21777484e-12 -9.98951448e-10  4.80452147e-19 
 1.20000000e-01  1.20000000e-01  5.00000000e-01 -1.18125298e-03  1.18125396e-03  1.29603849e-12 -9.83992297e-10  2.52304512e-19 
 1.30000000e-01  1.30000000e-01  5.00000000e-01 -1.21708238e-03  1.21708335e-03  1.38153115e-12 -9.69969953e-10  1.06347657e-18 
 1.40000000e-01  1.40000000e-01  5.00000000e-01 -1.24935962e-03  1.24936058e-03  1.47361466e-12 -9.56832201e-10  4.21030615e-19 
 1.50000000e-01  1.50000000e-01  5.00000000e-01 -1.27896828e-03  1.27896922e-03  1.57166520e-12 -9.44529351e-10  1.82297002e-18 
 1.60000000e-01  1.60000000e-01  5.00000000e-01 -1.30658028e-03  1.30658121e-03  1.67513273e-12 -9.33015152e-10  9.58975941e-19 
 1.70000000e-01  1.70000000e-01  5.00000000e-01 -1.33269690e-03  1.33269782e-03  1.78356152e-12 -9.22246935e-10  6.44649922e-20 
 1.80000000e-01  1.80000000e-01  5.00000000e-01 -1.35768926e-03  1.35769017e-03  1.89658790e-12 -9.12185389e-10  1.36912345e-18 
 1.90000000e-01  1.90000000e-01  5.00000000e-01 -1.38183220e-03  1.38183310e-03  2.01392822e-12 -9.02794153e-10  1.26181493e-18 
 2.00000000e-01  2.00000000e-01  5.00000000e-01 -1.40533034e-03  1.40533123e-03  2.13536431e-12 -8.94039434e-10  7.16661706e-20 
 2.10000000e-01  2.10000000e-01  5.00000000e-01 -1.42833733e-03  1.42833821e-03  2.26072988e-12 -8.85889640e-10  8.21659421e-19 
 2.20000000e-01  2.20000000e-01  5.00000000e-01 -1.45096966e-03  1.45097053e-03  2.38989915e-12 -8.78315082e-10  1.63206398e-18 
 2.30000000e-01  2.30000000e-01  5.00000000e-01 -1.47331661e-03  1.47331748e-03  2.52277768e-12 -8.71287749e-10  7.93216707e-19 
 2.40000000e-01  2.40000000e-01  5.00000000e-01 -1.49544733e-03  1.49544819e-03  2.65929534e-12 -8.64781113e-10  9.86067876e-19 
 2.50000000e-01  2.50000000e-01  5.00000000e-01 -1.51741593e-03  1.51741678e-03  2.79940085e-12 -8.58769984e-10  6.20642313e-19 
 2.60000000e-01  2.60000000e-01  5.00000000e-01 -1.53926516e-03  1.53926601e-03  2.94305758e-12 -8.53230378e-10  7.00204422e-20 
 2.70000000e-01  2.70000000e-01  5.00000000e-01 -1.56102914e-03  1.56102999e-03  3.09024043e-12 -8.48139436e-10  1.95346426e-18 
 2.80000000e-01  2.80000000e-01  5.00000000e-01 -1.58273529e-03  1.58273614e-03  3.24093338e-12 -8.43475324e-10  5.93857505e-19 
 2.90000000e-01  2.90000000e-01  5.00000000e-01 -1.60440585e-03  1.60440668e-03  3.39512757e-12 -8.39217185e-10  5.12977035e-19 
 3.00000000e-01  3.00000000e-01  5.00000000e-01 -1.62605894e-03  1.62605978e-03  3.55281993e-12 -8.35345063e-10  3.93207865e-19 
 3.10000000e-01  3.10000000e-01  5.00000000e-01 -1.64770948e-03  1.64771031e-03  3.71401198e-12 -8.31839865e-10  2.05927961e-18 
 3.20000000e-01  3.20000000e-01  5.00000000e-01 -1.66936977e-03  1.66937060e-03  3.87870895e-12 -8.28683303e-10  7.62313997e-20 
 3.30000000e-01  3.30000000e-01  5.00000000e-01 -1.69105002e-03  1.69105084e-03  4.04691914e-12 -8.25857873e-10  1.59900745e-18 
 3.40000000e-01  3.40000000e-01  5.00000000e-01 -1.71275873e-03  1.71275954e-03  4.21865329e-12 -8.23346800e-10  2.63333917e-21 
 3.50000000e-01  3.50000000e-01  5.00000000e-01 -1.73450300e-03  1.73450382e-03  4.39392419e-12 -8.21134017e-10  1.76366421e-18 
 3.60000000e-01  3.60000000e-01  5.00000000e-01 -1.75628881e-03  1.75628962e-03  4.57274627e-12 -8.19204133e-10  4.70233470e-20 
 3.70000000e-01  3.70000000e-01  5.00000000e-01 -1.77812115e-03  1.77812196e-03  4.75513536e-12 -8.17542393e-10  5.55852794e-20 
 3.80000000e-01  3.80000000e-01  5.00000000e-01 -1.80000422e-03  1.80000503e-03  4.94110844e-12 -8.16134675e-10  8.08424303e-19 
 3.90000000e-01  3.90000000e-01  5.00000000e-01 -1.82194155e-03  1.82194236e-03  5.13068344e-12 -8.14967446e-10  2.80956309e-19 
 4.00000000e-01  4.00000000e-01  5.00000000e-01 -1.84393612e-03  1.84393693e-03  5.32387908e-12 -8.14027745e-10  1.03198312e-19 
 4.10000000e-01  4.10000000e-01  5.00000000e-01 -1.86599042e-03  1.86599123e-03  5.52071474e-12 -8.13303171e-10  3.91629962e-19 
 4.20000000e-01  4.20000000e-01  5.00000000e-01 -1.88810651e-03  1.88810732e-03  5.72121037e-12 -8.12781854e-10  3.70736279e-19 
 4.30000000e-01  4.30000000e-01  5.00000000e-01 -1.91028614e-03  1.91028695e-03  5.92538639e-12 -8.12452455e-10  4.88600203e-19 
 4.40000000e-01  4.40000000e-01  5.00000000e-01 -1.93253072e-03  1.93253153e-03  6.13326358e-12 -8.12304155e-10  4.96542830e-19 
 4.50000000e-01  4.50000000e-01  5.00000000e-01 -1.95484144e-03  1.95484224e-03  6.34486310e-12 -8.12326688e-10  4.45243137e-19 
 4.60000000e-01  4.60000000e-01  5.00000000e-01 -1.97721922e-03  1.97722003e-03  6.56020636e-12 -8.12510428e-10  1.59431097e-19 
 4.70000000e-01  4.70000000e-01  5.00000000e-01 -1.99966483e-03  1.99966564e-03  6.77931500e-12 -8.12846703e-10  3.03685952e-19 
 4.80000000e-01  4.80000000e-01  5.00000000e-01 -2.02217884e-03  2.02217965e-03  7.00221088e-12 -8.13328797e-10  9.55379975e-19 
 4.90000000e-01  4.90000000e-01  5.00000000e-01 -2.04476170e-03  2.04476251e-03  7.22891601e-12 -8.13947323e-10  1.45512081e-18 
 5.00000000e-01  5.00000000e-01  5.00000000e-01 -2.06741370e-03  2.06741451e-03  7.45945255e-12 -8.14616841e-10  2.30788074e-18 
 5.10000000e-01  5.10000000e-01  5.00000000e-01 -2.09013504e-03  2.09013585e-03  7.69384279e-12 -8.15208356e-10  7.84877617e-19 
 5.20000000e-01  5.20000000e-01  5.00000000e-01 -2.11292583e-03  2.11292663e-03  7.93210910e-12 -8.15678979e-10  1.76810958e-18 
 5.30000000e-01  5.30000000e-01  5.00000000e-01 -2.13578606e-03  2.13578687e-03  8.17427397e-12 -8.16013872e-10  9.01617492e-19 
 5.40000000e-01  5.40000000e-01  5.00000000e-01 -2.15871569e-03  2.15871650e-03  8.42035993e-12 -8.16202192e-10  5.55915859e-20 
 5.50000000e-01  5.50000000e-01  5.00000000e-01 -2.18171458e-03  2.18171539e-03  8.67038960e-12 -8.16233642e-10  5.85767536e-19 
 5.60000000e-01  5.60000000e-01  5.00000000e-01 -2.20478256e-03  2.20478337e-03  8.92438566e-12 -8.16097775e-10  1.51565777e-18 
 5.70000000e-01  5.70000000e-01  5.00000000e-01 -2.22791940e-03  2.22792021e-03  9.18237084e-12 -8.15783825e-10  4.27961240e-19 
 5.80000000e-01  5.80000000e-01  5.00000000e-01 -2.25112485e-03  2.25112565e-03  9.44436791e-12 -8.15280597e-10  1.24925494e-18 
 5.90000000e-01  5.90000000e-01  5.00000000e-01 -2.27439859e-03  2.27439940e-03  9.71039969e-12 -8.14576441e-10  1.35348268e-20 
 6.00000000e-01  6.00000000e-01  5.00000000e-01 -2.29774033e-03  2.29774113e-03  9.98048903e-12 -8.13659213e-10  3.74448973e-19 
 6.10000000e-01  6.10000000e-01  5.00000000e-01 -2.32114971e-03  2.32115051e-03  1.02546589e-11 -8.12516257e-10  1.91904311e-18 
 6.20000000e-01  6.20000000e-01  5.00000000e-01 -2.34462639e-03  2.34462719e-03  1.05329321e-11 -8.11134379e-10  6.14954721e-19 
 6.30000000e-01  6.30000000e-01  5.00000000e-01 -2.36817002e-03  2.36817082e-03  1.08153317e-11 -8.09499822e-10  1.14409355e-18 
 6.40000000e-01  6.40000000e-01  5.00000000e-01 -2.39178024e-03  2.39178103e-03  1.11018808e-11 -8.07598247e-10  1.29111119e-18 
 6.50000000e-01  6.50000000e-01  5.00000000e-01 -2.41545669e-03  2.41545749e-03  1.13926023e-11 -8.05414708e-10  3.58390956e-19 
 6.60000000e-01  6.60000000e-01  5.00000000e-01 -2.43919905e-03  2.43919985e-03  1.16875195e-11 -8.02933636e-10  1.26550449e-18 
 6.70000000e-01  6.70000000e-01  5.00000000e-01 -2.46300699e-03  2.46300778e-03  1.19866554e-11 -8.00138804e-10  1.53968515e-18 
 6.80000000e-01  6.80000000e-01  5.00000000e-01 -2.48688021e-03  2.48688100e-03  1.22900333e-11 -7.97013320e-10  1.54155466e-19 
 6.90000000e-01  6.90000000e-01  5.00000000e-01 -2.51081844e-03  2.51081922e-03  1.25976764e-11 -7.93539582e-10  2.37245416e-19 
 7.00000000e-01  7.00000000e-01  5.00000000e-01 -2.53482142e-03  2.53482220e-03  1.29096082e-11 -7.89699262e-10  2.20650701e-19 
 7.10000000e-01  7.10000000e-01  5.00000000e-01 -2.55888897e-03  2.55888974e-03  1.32258518e-11 -7.85473286e-10  1.87339923e-19 
 7.20000000e-01  7.20000000e-01  5.00000000e-01 -2.58302092e-03  2.58302169e-03  1.35464309e-11 -7.80841800e-10  5.22968649e-19 
 7.30000000e-01  7.30000000e-01  5.00000000e-01 -2.60721716e-03  2.60721793e-03  1.38713689e-11 -7.75784132e-10  1.85093700e-18 
 7.40000000e-01  7.40000000e-01  5.00000000e-01 -2.63147764e-03  2.63147839e-03  1.42006895e-11 -7.70278788e-10  4.44236854e-19 
 7.50000000e-01  7.50000000e-01  5.00000000e-01 -2.65580234e-03  2.65580309e-03  1.45344163e-11 -7.64303393e-10  3.32290186e-18 
 7.60000000e-01  7.60000000e-01  5.00000000e-01 -2.68019135e-03  2.68019209e-03  1.48725730e-11 -7.57834684e-10  1.57657070e-19 
 7.70000000e-01  7.70000000e-01  5.00000000e-01 -2.70464478e-03  2.70464552e-03  1.52151837e-11 -7.50848459e-10  1.41416536e-19 
 7.80000000e-01  7.80000000e-01  5.00000000e-01 -2.72916285e-03  2.72916358e-03  1.55622721e-11 -7.43319559e-10  2.23838841e-19 
 7.90000000e-01  7.90000000e-01  5.00000000e-01 -2.75374585e-03  2.75374657e-03  1.59138624e-11 -7.35221828e-10  6.83686490e-19 
 8.00000000e-01  8.00000000e-01  5.00000000e-01 -2.77839415e-03  2.77839486e-03  1.62699788e-11 -7.26528072e-10  7.78134799e-19 
 8.10000000e-01  8.10000000e-01  5.00000000e-01 -2.80310820e-03  2.80310890e-03  1.66306455e-11 -7.17210026e-10  2.41822963e-18 
 8.20000000e-01  8.20000000e-01  5.00000000e-01 -2.82788855e-03  2.82788924e-03  1.69958869e-11 -7.07238325e-10  2.17282685e-18 
 8.30000000e-01  8.30000000e-01  5.00000000e-01 -2.85273585e-03  2.85273653e-03  1.73657276e-11 -6.96582456e-10  6.42519575e-19 
 8.40000000e-01  8.40000000e-01  5.00000000e-01 -2.87765086e-03  2.87765152e-03  1.77401923e-11 -6.85210713e-10  2.03249343e-18 
 8.50000000e-01  8.50000000e-01  5.00000000e-01 -2.90263442e-03  2.90263508e-03  1.81193058e-11 -6.73090169e-10  8.01822522e-19 
 8.60000000e-01  8.60000000e-01  5.00000000e-01 -2.92768751e-03  2.92768815e-03  1.85030930e-11 -6.60186625e-10  1.15600508e-18 
 8.70000000e-01  8.70000000e-01  5.00000000e-01 -2.95281119e-03  2.95281182e-03  1.88915791e-11 -6.46464562e-10  2.02889830e-19 
 8.80000000e-01  8.80000000e-01  5.00000000e-01 -2.97800668e-03  2.97800729e-03  1.92847894e-11 -6.31887105e-10  3.24470749e-19 
 8.90000000e-01  8.90000000e-01  5.00000000e-01 -3.00327528e-03  3.00327587e-03  1.96827492e-11 -6.16415972e-10  1.24270072e-18 
 9.00000000e-01  9.00000000e-01  5.00000000e-01 -3.02861843e-03  3.02861901e-03  2.00854843e-11 -6.00011422e-10  1.25022916e-18 
 9.10000000e-01  9.10000000e-01  5.00000000e-01 -3.05403771e-03  3.05403827e-03  2.04930204e-11 -5.82632204e-10  6.17968854e-19 
 9.20000000e-01  9.20000000e-01  5.00000000e-01 -3.07953481e-03  3.07953535e-03  2.09053836e-11 -5.64235516e-10  1.14852284e-18 
 9.30000000e-01  9.30000000e-01  5.00000000e-01 -3.10511156e-03  3.10511209e-03  2.13226000e-11 -5.44776932e-10  4.38830358e-18 
 9.40000000e-01  9.40000000e-01  5.00000000e-01 -3.13076994e-03  3.13077044e-03  2.17446961e-11 -5.24210373e-10  6.83797771e-19 
 9.50000000e-01  9.50000000e-01  5.00000000e-01 -3.15651204e-03  3.15651252e-03  2.21716984e-11 -5.02488021e-10  6.31400626e-19 
 9.60000000e-01  9.60000000e-01  5.00000000e-01 -3.18234012e-03  3.18234058e-03  2.26036339e-11 -4.79560282e-10  1.43921073e-18 
 9.70000000e-01  9.70000000e-01  5.00000000e-01 -3.20825656e-03  3.20825699e-03  2.30405297e-11 -4.55375719e-10  1.84611946e-20 
 9.80000000e-01  9.80000000e-01  5.00000000e-01 -3.23426389e-03  3.23426430e-03  2.34824129e-11 -4.29880979e-10  4.36559403e-19 
 9.90000000e-01  9.90000000e-01  5.00000000e-01 -3.26036479e-03  3.26036517e-03  2.39293112e-11 -4.03020746e-10  7.13144466e-19 
 1.00000000e+00  1.00000000e+00  5.00000000e-01 -3.28656209e-03  3.28656244e-03  2.43812524e-11 -3.74737659e-10  2.59389528e-18 
 1.01000000e+00  1.01000000e+00  5.00000000e-01 -3.31285876e-03  3.31285908e-03  2.48382646e-11 -3.44972252e-10  6.63267976e-19 
 1.02000000e+00  1.02000000e+00  5.00000000e-01 -3.33925793e-03  3.33925822e-03  2.53003760e-11 -3.13662878e-10  9.35645617e-19 
 1.03000000e+00  1.03000000e+00  5.00000000e-01 -3.36576286e-03  3.36576311e-03  2.57676155e-11 -2.80745639e-10  2.32260097e-18 
 1.04000000e+00  1.04000000e+00  5.00000000e-01 -3.39237698e-03  3.39237720e-03  3.03925812e-11 -2.46154308e-10  9.74766313e-19 
 1.05000000e+00  1.05000000e+00  5.00000000e-01 -3.41910388e-03  3.41910405e-03  4.22134241e-11 -2.09820255e-10  3.94796859e-18 
 1.06000000e+00  1.06000000e+00  5.00000000e-01 -3.44594728e-03  3.44594740e-03  5.89477885e-11 -1.71672352e-10  1.89046472e-18 
 1.07000000e+00  1.07000000e+00  5.00000000e-01 -3.47291107e-03  3.47291111e-03  8.24811511e-11 -1.31636917e-10  3.09554384e-18 
 1.08000000e+00  1.08000000e+00  5.00000000e-01 -3.49999927e-03  3.49999924e-03  1.15358351e-10 -8.96375942e-11  1.99696063e-18 
 1.09000000e+00  1.09000000e+00  5.00000000e-01 -3.52721607e-03  3.52721596e-03  1.60991797e-10 -4.55952984e-11  1.18954595e-19 
 1.10000000e+00  1.10000000e+00  5.00000000e-01 -3.55456582e-03  3.55456560e-03  2.23928346e-10  5.71900860e-13  1.20585252e-19 
 1.11000000e+00  1.11000000e+00  5.00000000e-01 -3.58205302e-03  3.58205266e-03  3.10189355e-10  4.89488616e-11  2.90390305e-18 
 1.12000000e+00  1.12000000e+00  5.00000000e-01 -3.60968230e-03  3.60968177e-03  4.27701525e-10  9.96234720e-11  8.20537370e-19 
 1.13000000e+00  1.13000000e+00  5.00000000e-01 -3.63745846e-03  3.63745772e-03  5.86839707e-10  1.52686742e-10  3.56993575e-19 
 1.14000000e+00  1.14000000e+00  5.00000000e-01 -3.66538647e-03  3.66538546e-03  8.01107137e-10  2.08232918e-10  3.46248499e-19 
 1.15000000e+00  1.15000000e+00  5.00000000e-01 -3.69347141e-03  3.69347006e-03  1.08798344e-09  2.66359578e-10  4.55844346e-18 
 1.16000000e+00  1.16000000e+00  5.00000000e-01 -3.72171856e-03  3.72171676e-03  1.46997643e-09  3.27167762e-10  1.01819026e-18 
 1.17000000e+00  1.17000000e+00  5.00000000e-01 -3.75013331e-03  3.75013094e-03  1.97592033e-09  3.90762052e-10  8.82719173e-19 
 1.18000000e+00  1.18000000e+00  5.00000000e-01 -3.77872123e-03  3.77871813e-03  2.64257044e-09  4.57250719e-10  8.64797892e-19 
 1.19000000e+00  1.19000000e+00  5.00000000e-01 -3.80748803e-03  3.80748399e-03  3.51655305e-09  5.26745834e-10  1.36573971e-18 
 1.20000000e+00  1.20000000e+00  5.00000000e-01 -3.83643959e-03  3.83643433e-03  4.65673889e-09  5.99363384e-10  1.89129884e-18 
 0.00000000e+00  0.00000000e+00  6.00000000e-01  1.34222796e-09  1.34222796e-09  4.59494572e-12 -2.68905086e-09  2.11640662e-20 
 1.00000000e-02  1.00000000e-02  6.00000000e-01 -2.66936576e-04  2.66939217e-04  4.68001898e-12 -2.64626893e-09  4.71030586e-19 
 2.00000000e-02  2.00000000e-02  6.00000000e-01 -5.17268827e-04  5.17271424e-04  4.76833052e-12 -2.60217491e-09  4.89711006e-19 
 3.00000000e-02  3.00000000e-02  6.00000000e-01 -7.51414238e-04  7.51416793e-04  4.86051668e-12 -2.55930155e-09  9.12549885e-19 
 4.00000000e-02  4.00000000e-02  6.00000000e-01 -9.69842996e-04  9.69845509e-04  4.95718071e-12 -2.51840989e-09  1.01174556e-18 
 5.00000000e-02  5.00000000e-02  6.00000000e-01 -1.17302370e-03  1.17302618e-03  5.05894366e-12 -2.47951398e-09  5.97174801e-19 
 6.00000000e-02  6.00000000e-02  6.00000000e-01 -1.36140636e-03  1.36140880e-03  5.16648641e-12 -2.44252948e-09  1.39443257e-18 
 7.00000000e-02  7.00000000e-02  6.00000000e-01 -1.53541868e-03  1.53542108e-03  5.28058513e-12 -2.40737606e-09  6.28840984e-19 
 8.00000000e-02  8.00000000e-02  6.00000000e-01 -1.69547050e-03  1.69547287e-03  5.40213990e-12 -2.37398790e-09  6.33604508e-20 
 9.00000000e-02  9.00000000e-02  6.00000000e-01 -1.84196579e-03  1.84196812e-03  5.53219217e-12 -2.34231200e-09  1.22113358e-18 
 1.00000000e-01  1.00000000e-01  6.00000000e-01 -1.97532352e-03  1.97532583e-03  5.67192302e-12 -2.31230531e-09  1.25437491e-18 
 1.10000000e-01  1.10000000e-01  6.00000000e-01 -2.09600849e-03  2.09601077e-03  5.82262023e-12 -2.28393187e-09  1.76908635e-19 
 1.20000000e-01  1.20000000e-01  6.00000000e-01 -2.20457046e-03  2.20457271e-03  5.98560263e-12 -2.25715958e-09  9.63753477e-19 
 1.30000000e-01  1.30000000e-01  6.00000000e-01 -2.30168505e-03  2.30168727e-03  6.16209852e-12 -2.23195619e-09  1.48924402e-18 
 1.40000000e-01  1.40000000e-01  6.00000000e-01 -2.38818342e-03  2.38818562e-03  6.35309418e-12 -2.20828509e-09  1.58337830e-19 
 1.50000000e-01  1.50000000e-01  6.00000000e-01 -2.46505494e-03  2.46505712e-03  6.55919225e-12 -2.18610161e-09  1.45814819e-18 
 1.60000000e-01  1.60000000e-01  6.00000000e-01 -2.53341328e-03  2.53341544e-03  6.78053010e-12 -2.16535119e-09  7.66515516e-19 
 1.70000000e-01  1.70000000e-01  6.00000000e-01 -2.59443113e-03  2.59443327e-03  7.01679023e-12 -2.14597003e-09  1.71203375e-18 
 1.80000000e-01  1.80000000e-01  6.00000000e-01 -2.64926262e-03  2.64926474e-03  7.26729562e-12 -2.12788777e-09  1.14430950e-18 
 1.90000000e-01  1.90000000e-01  6.00000000e-01 -2.69897612e-03  2.69897822e-03  7.53114926e-12 -2.11103123e-09  1.26734401e-18 
 2.00000000e-01  2.00000000e-01  6.00000000e-01 -2.74451145e-03  2.74451354e-03  7.80737126e-12 -2.09532784e-09  8.11645694e-19 
 2.10000000e-01  2.10000000e-01  6.00000000e-01 -2.78666350e-03  2.78666557e-03  8.09500311e-12 -2.08070816e-09  7.65638989e-19 
 2.20000000e-01  2.20000000e-01  6.00000000e-01 -2.82608590e-03  2.82608795e-03  8.39317129e-12 -2.06710726e-09  9.62981393e-19 
 2.30000000e-01  2.30000000e-01  6.00000000e-01 -2.86330628e-03  2.86330832e-03  8.70111623e-12 -2.05446525e-09  2.71539212e-18 
 2.40000000e-01  2.40000000e-01  6.00000000e-01 -2.89874596e-03  2.89874800e-03  9.01819798e-12 -2.04272716e-09  7.86798492e-19 
 2.50000000e-01  2.50000000e-01  6.00000000e-01 -2.93273970e-03  2.93274172e-03  9.34388883e-12 -2.03184260e-09  2.67505037e-18 
 2.60000000e-01  2.60000000e-01  6.00000000e-01 -2.96555323e-03  2.96555524e-03  9.67775992e-12 -2.02176527e-09  1.34569822e-18 
 2.70000000e-01  2.70000000e-01  6.00000000e-01 -2.99739796e-03  2.99739996e-03  1.00194665e-11 -2.01245244e-09  4.43160868e-19 
 2.80000000e-01  2.80000000e-01  6.00000000e-01 -3.02844274e-03  3.02844473e-03  1.03687336e-11 -2.00386452e-09  1.13380592e-18 
 2.90000000e-01  2.90000000e-01  6.00000000e-01 -3.05882319e-03  3.05882518e-03  1.07253439e-11 -1.99596463e-09  2.36446202e-19 
 3.00000000e-01  3.00000000e-01  6.00000000e-01 -3.08864887e-03  3.08865085e-03  1.10891268e-11 -1.98871827e-09  8.91706310e-19 
 3.10000000e-01  3.10000000e-01  6.00000000e-01 -3.11800888e-03  3.11801085e-03  1.14599501e-11 -1.98209306e-09  3.85715192e-20 
 3.20000000e-01  3.20000000e-01  6.00000000e-01 -3.14697613e-03  3.14697810e-03  1.18377126e-11 -1.97605846e-09  6.68572504e-19 
 3.30000000e-01  3.30000000e-01  6.00000000e-01 -3.17561073e-03  3.17561269e-03  1.22223388e-11 -1.97058564e-09  3.67882747e-19 
 3.40000000e-01  3.40000000e-01  6.00000000e-01 -3.20396250e-03  3.20396445e-03  1.26137741e-11 -1.96564727e-09  2.08606525e-18 
 3.50000000e-01  3.50000000e-01  6.00000000e-01 -3.23207303e-03  3.23207498e-03  1.30119811e-11 -1.96121739e-09  8.81852703e-19 
 3.60000000e-01  3.60000000e-01  6.00000000e-01 -3.25997722e-03  3.25997916e-03  1.34169369e-11 -1.95727136e-09  3.03490437e-18 
 3.70000000e-01  3.70000000e-01  6.00000000e-01 -3.28770454e-03  3.28770648e-03  1.38286306e-11 -1.95378566e-09  1.35104547e-18 
 3.80000000e-01  3.80000000e-01  6.00000000e-01 -3.31528000e-03  3.31528193e-03  1.42470615e-11 -1.95073790e-09  1.95241239e-18 
 3.90000000e-01  3.90000000e-01  6.00000000e-01 -3.34272494e-03  3.34272687e-03  1.46722371e-11 -1.94810672e-09  2.79267048e-19 
 4.00000000e-01  4.00000000e-01  6.00000000e-01 -3.37005765e-03  3.37005958e-03  1.51041727e-11 -1.94587171e-09  4.71424936e-19 
 4.10000000e-01  4.10000000e-01  6.00000000e-01 -3.39729389e-03  3.39729582e-03  1.55428896e-11 -1.94401336e-09  2.13226487e-18 
 4.20000000e-01  4.20000000e-01  6.00000000e-01 -3.42444728e-03  3.42444921e-03  1.59884145e-11 -1.94251303e-09  8.06919418e-19 
 4.30000000e-01  4.30000000e-01  6.00000000e-01 -3.45152965e-03  3.45153157e-03  1.64407791e-11 -1.94135290e-09  7.14426686e-20 
 4.40000000e-01  4.40000000e-01  6.00000000e-01 -3.47855129e-03  3.47855321e-03  1.69000192e-11 -1.94051591e-09  3.91509805e-19 
 4.50000000e-01  4.50000000e-01  6.00000000e-01 -3.50552123e-03  3.50552315e-03  1.73661742e-11 -1.93998574e-09  1.28108238e-18 
 4.60000000e-01  4.60000000e-01  6.00000000e-01 -3.53244737e-03  3.53244930e-03  1.78392870e-11 -1.93974680e-09  2.07089023e-18 
 4.70000000e-01  4.70000000e-01  6.00000000e-01 -3.55933668e-03  3.55933861e-03  1.83194034e-11 -1.93978414e-09  2.55811710e-18 
 4.80000000e-01  4.80000000e-01  6.00000000e-01 -3.58619530e-03  3.58619722e-03  1.88065721e-11 -1.94008346e-09  1.05060800e-18 
 4.90000000e-01  4.90000000e-01  6.00000000e-01 -3.61302866e-03  3.61303058e-03  1.93008441e-11 -1.94063109e-09  1.76188029e-18 
 5.00000000e-01  5.00000000e-01  6.00000000e-01 -3.63984159e-03  3.63984351e-03  1.98022729e-11 -1.94141395e-09  4.18489891e-19 
 5.10000000e-01  5.10000000e-01  6.00000000e-01 -3.66663837e-03  3.66664029e-03  2.03109141e-11 -1.94241953e-09  1.52291893e-18 
 5.20000000e-01  5.20000000e-01  6.00000000e-01 -3.69342283e-03  3.69342475e-03  2.08268253e-11 -1.94363587e-09  1.07464586e-18 
 5.30000000e-01  5.30000000e-01  6.00000000e-01 -3.72019837e-03  3.72020029e-03  2.13500660e-11 -1.94505155e-09  6.86354199e-19 
 5.40000000e-01  5.40000000e-01  6.00000000e-01 -3.74696806e-03  3.74696998e-03  2.18806978e-11 -1.94665569e-09  1.73526890e-18 
 5.50000000e-01  5.50000000e-01  6.00000000e-01 -3.77373462e-03  3.77373655e-03  2.24187835e-11 -1.94843798e-09  1.09759610e-18 
 5.60000000e-01  5.60000000e-01  6.00000000e-01 -3.80050053e-03  3.80050246e-03  2.29643882e-11 -1.95038874e-09  1.55176572e-18 
 5.70000000e-01  5.70000000e-01  6.00000000e-01 -3.82726799e-03  3.82726992e-03  2.35175782e-11 -1.95249928e-09  2.05224495e-19 
 5.80000000e-01  5.80000000e-01  6.00000000e-01 -3.85403899e-03  3.85404092e-03  2.40784215e-11 -1.95476286e-09  2.44098026e-20 
 5.90000000e-01  5.90000000e-01  6.00000000e-01 -3.88081535e-03  3.88081729e-03  2.46469878e-11 -1.95717007e-09  1.09831288e-18 
 6.00000000e-01  6.00000000e-01  6.00000000e-01 -3.90759870e-03  3.90760064e-03  2.52233480e-11 -1.95963547e-09  2.56196163e-19 
 6.10000000e-01  6.10000000e-01  6.00000000e-01 -3.93439053e-03  3.93439247e-03  2.58075749e-11 -1.96203006e-09  5.20500202e-20 
 6.20000000e-01  6.20000000e-01  6.00000000e-01 -3.96119220e-03  3.96119414e-03  2.63997426e-11 -1.96431097e-09  9.01540641e-19 
 6.30000000e-01  6.30000000e-01  6.00000000e-01 -3.98800495e-03  3.98800689e-03  2.69999264e-11 -1.96646337e-09  1.51004467e-18 
 6.40000000e-01  6.40000000e-01  6.00000000e-01 -4.01482994e-03  4.01483188e-03  2.76082036e-11 -1.96847644e-09  2.81100675e-18 
 6.50000000e-01  6.50000000e-01  6.00000000e-01 -4.04166822e-03  4.04167016e-03  2.82246525e-11 -1.97033990e-09  5.45798096e-19 
 6.60000000e-01  6.60000000e-01  6.00000000e-01 -4.06852078e-03  4.06852273e-03  2.88493531e-11 -1.97204333e-09  4.04133525e-19 
 6.70000000e-01  6.70000000e-01  6.00000000e-01 -4.09538858e-03  4.09539053e-03  2.94823868e-11 -1.97357601e-09  7.88198970e-19 
 6.80000000e-01  6.80000000e-01  6.00000000e-01 -4.12227250e-03  4.12227444e-03  3.01238365e-11 -1.97492678e-09  6.71166762e-19 
 6.90000000e-01  6.90000000e-01  6.00000000e-01 -4.14917338e-03  4.14917533e-03  3.07737864e-11 -1.97608402e-09  9.16111576e-21 
 7.00000000e-01  7.00000000e-01  6.00000000e-01 -4.17609208e-03  4.17609403e-03  3.14323224e-11 -1.97703564e-09  5.33972486e-20 
 7.10000000e-01  7.10000000e-01  6.00000000e-01 -4.20302940e-03  4.20303135e-03  3.20995318e-11 -1.97776904e-09  1.02773445e-18 
 7.20000000e-01  7.20000000e-01  6.00000000e-01 -4.22998617e-03  4.22998812e-03  3.27755034e-11 -1.97827107e-09  1.07015344e-18 
 7.30000000e-01  7.30000000e-01  6.00000000e-01 -4.25696320e-03  4.25696515e-03  3.34603276e-11 -1.97852803e-09  1.85614201e-18 
 7.40000000e-01  7.40000000e-01  6.00000000e-01 -4.28396134e-03  4.28396328e-03  3.41540962e-11 -1.97852564e-09  1.43083095e-18 
 7.50000000e-01  7.50000000e-01  6.00000000e-01 -4.31098144e-03  4.31098338e-03  3.48569026e-11 -1.97824903e-09  1.15431462e-18 
 7.60000000e-01  7.60000000e-01  6.00000000e-01 -4.33802440e-03  4.33802635e-03  3.55688418e-11 -1.97768268e-09  1.28649611e-18 
 7.70000000e-01  7.70000000e-01  6.00000000e-01 -4.36509118e-03  4.36509312e-03  3.62900104e-11 -1.97681043e-09  3.34356182e-18 
 7.80000000e-01  7.80000000e-01  6.00000000e-01 -4.39218275e-03  4.39218468e-03  3.70205067e-11 -1.97561547e-09  3.43945331e-18 
 7.90000000e-01  7.90000000e-01  6.00000000e-01 -4.41930016e-03  4.41930210e-03  3.77604303e-11 -1.97408027e-09  2.36309074e-19 
 8.00000000e-01  8.00000000e-01  6.00000000e-01 -4.44644455e-03  4.44644648e-03  3.85098829e-11 -1.97218658e-09  1.10243634e-18 
 8.10000000e-01  8.10000000e-01  6.00000000e-01 -4.47361709e-03  4.47361902e-03  3.92689676e-11 -1.96991539e-09  1.99783648e-18 
 8.20000000e-01  8.20000000e-01  6.00000000e-01 -4.50081908e-03  4.50082101e-03  4.00377892e-11 -1.96724695e-09  4.26962376e-18 
 8.30000000e-01  8.30000000e-01  6.00000000e-01 -4.52805188e-03  4.52805380e-03  4.08164544e-11 -1.96416066e-09  1.99203670e-18 
 8.40000000e-01  8.40000000e-01  6.00000000e-01 -4.55531696e-03  4.55531888e-03  4.16050714e-11 -1.96063511e-09  2.87102654e-18 
 8.50000000e-01  8.50000000e-01  6.00000000e-01 -4.58261588e-03  4.58261780e-03  4.24037506e-11 -1.95664801e-09  1.25180177e-18 
 8.60000000e-01  8.60000000e-01  6.00000000e-01 -4.60995034e-03  4.60995225e-03  4.32126037e-11 -1.95217621e-09  3.19418546e-19 
 8.70000000e-01  8.70000000e-01  6.00000000e-01 -4.63732214e-03  4.63732404e-03  4.40317447e-11 -1.94719558e-09  2.20922109e-18 
 8.80000000e-01  8.80000000e-01  6.00000000e-01 -4.66473320e-03  4.66473510e-03  4.48612891e-11 -1.94168106e-09  3.99524895e-19 
 8.90000000e-01  8.90000000e-01  6.00000000e-01 -4.69218558e-03  4.69218747e-03  4.57013546e-11 -1.93560660e-09  2.08197991e-18 
 9.00000000e-01  9.00000000e-01  6.00000000e-01 -4.71968147e-03  4.71968335e-03  4.65520606e-11 -1.92894510e-09  3.83019313e-19 
 9.10000000e-01  9.10000000e-01  6.00000000e-01 -4.74722320e-03  4.74722507e-03  4.74135286e-11 -1.92166839e-09  1.36933770e-18 
 9.20000000e-01  9.20000000e-01  6.00000000e-01 -4.77481325e-03  4.77481511e-03  4.82858820e-11 -1.91374723e-09  3.88048742e-18 
 9.30000000e-01  9.30000000e-01  6.00000000e-01 -4.80245425e-03  4.80245610e-03  4.91692464e-11 -1.90515120e-09  2.83913357e-18 
 9.40000000e-01  9.40000000e-01  6.00000000e-01 -4.83014898e-03  4.83015083e-03  5.00637493e-11 -1.89584871e-09  1.15299500e-18 
 9.50000000e-01  9.50000000e-01  6.00000000e-01 -4.85790039e-03  4.85790222e-03  5.09695203e-11 -1.88580694e-09  1.79162352e-18 
 9.60000000e-01  9.60000000e-01  6.00000000e-01 -4.88571157e-03  4.88571339e-03  5.18866912e-11 -1.87499180e-09  1.72636343e-18 
 9.70000000e-01  9.70000000e-01  6.00000000e-01 -4.91358580e-03  4.91358761e-03  5.28153959e-11 -1.86336789e-09  4.21829697e-18 
 9.80000000e-01  9.80000000e-01  6.00000000e-01 -4.94152651e-03  4.94152831e-03  5.37557707e-11 -1.85089847e-09  7.01342789e-20 
 9.90000000e-01  9.90000000e-01  6.00000000e-01 -4.96953731e-03  4.96953910e-03  5.47079538e-11 -1.83754536e-09  1.98865424e-18 
 1.00000000e+00  1.00000000e+00  6.00000000e-01 -4.99762199e-03  4.99762376e-03  5.56720859e-11 -1.82326894e-09  3.99394146e-18 
 1.01000000e+00  1.01000000e+00  6.00000000e-01 -5.02578450e-03  5.02578625e-03  5.66483101e-11 -1.80802809e-09  6.41364395e-19 
 1.02000000e+00  1.02000000e+00  6.00000000e-01 -5.05402898e-03  5.05403071e-03  5.76367717e-11 -1.79178014e-09  2.81122180e-18 
 1.03000000e+00  1.03000000e+00  6.00000000e-01 -5.08235974e-03  5.08236145e-03  5.86376183e-11 -1.77448079e-09  6.59996166e-20 
 1.04000000e+00  1.04000000e+00  6.00000000e-01 -5.11078127e-03  5.11078297e-03  5.96510003e-11 -1.75608409e-09  3.03096513e-18 
 1.05000000e+00  1.05000000e+00  6.00000000e-01 -5.13929826e-03  5.13929994e-03  6.06770701e-11 -1.73654237e-09  5.83528041e-18 
 1.06000000e+00  1.06000000e+00  6.00000000e-01 -5.16791556e-03  5.16791721e-03  6.17159831e-11 -1.71580616e-09  8.26376115e-19 
 1.07000000e+00  1.07000000e+00  6.00000000e-01 -5.19663820e-03  5.19663983e-03  6.27678970e-11 -1.69382416e-09  9.76246637e-19 
 1.08000000e+00  1.08000000e+00  6.00000000e-01 -5.22547141e-03  5.22547302e-03  6.38329720e-11 -1.67054316e-09  1.24040357e-18 
 1.09000000e+00  1.09000000e+00  6.00000000e-01 -5.25442060e-03  5.25442218e-03  6.94160514e-11 -1.64590800e-09  1.98073410e-18 
 1.10000000e+00  1.10000000e+00  6.00000000e-01 -5.28349136e-03  5.28349289e-03  8.72028783e-11 -1.61986146e-09  1.43492198e-18 
 1.11000000e+00  1.11000000e+00  6.00000000e-01 -5.31268945e-03  5.31269093e-03  1.12180138e-10 -1.59234422e-09  1.53280011e-18 
 1.12000000e+00  1.12000000e+00  6.00000000e-01 -5.34202082e-03  5.34202223e-03  1.47091585e-10 -1.56329479e-09  9.42218611e-19 
 1.13000000e+00  1.13000000e+00  6.00000000e-01 -5.37149160e-03  5.37149293e-03  1.95635267e-10 -1.53264942e-09  4.14544283e-18 
 1.14000000e+00  1.14000000e+00  6.00000000e-01 -5.40110809e-03  5.40110933e-03  2.62762920e-10 -1.50034204e-09  4.06878201e-19 
 1.15000000e+00  1.15000000e+00  6.00000000e-01 -5.43087679e-03  5.43087790e-03  3.55063073e-10 -1.46630419e-09  1.53035315e-18 
 1.16000000e+00  1.16000000e+00  6.00000000e-01 -5.46080436e-03  5.46080531e-03  4.81248363e-10 -1.43046490e-09  1.00502238e-18 
 1.17000000e+00  1.17000000e+00  6.00000000e-01 -5.49089764e-03  5.49089838e-03  6.52771856e-10 -1.39275065e-09  1.94563427e-19 
 1.18000000e+00  1.18000000e+00  6.00000000e-01 -5.52116364e-03  5.52116410e-03  8.84602202e-10 -1.35308525e-09  1.73136916e-18 
 1.19000000e+00  1.19000000e+00  6.00000000e-01 -5.55160955e-03  5.55160966e-03  1.19619332e-09 -1.31138979e-09  4.82461778e-19 
 1.20000000e+00  1.20000000e+00  6.00000000e-01 -5.58224273e-03  5.58224238e-03  1.61269111e-09 -1.26758252e-09  8.09592892e-19 
 0.00000000e+00  0.00000000e+00  7.00000000e-01  2.55378435e-09  2.55378435e-09  2.75821653e-11 -5.13515087e-09  1.57284369e-18 
 1.00000000e-02  1.00000000e-02  7.00000000e-01 -3.24442814e-04  3.24447855e-04  2.80811887e-11 -5.06903994e-09  1.01562371e-18 
 2.00000000e-02  2.00000000e-02  7.00000000e-01 -6.34268751e-04  6.34273721e-04  2.85905312e-11 -4.99845317e-09  3.74349352e-19 
 3.00000000e-02  3.00000000e-02  7.00000000e-01 -9.29750204e-04  9.29755104e-04  2.91108748e-11 -4.92917425e-09  1.64619320e-19 
 4.00000000e-02  4.00000000e-02  7.00000000e-01 -1.21119041e-03  1.21119525e-03  2.96428392e-11 -4.86288509e-09  2.48453412e-18 
 5.00000000e-02  5.00000000e-02  7.00000000e-01 -1.47889497e-03  1.47889974e-03  3.01870232e-11 -4.79963464e-09  3.12495833e-19 
 6.00000000e-02  6.00000000e-02  7.00000000e-01 -1.73315994e-03  1.73316465e-03  3.07440387e-11 -4.73926574e-09  3.43681163e-19 
 7.00000000e-02  7.00000000e-02  7.00000000e-01 -1.97426562e-03  1.97427027e-03  3.13145377e-11 -4.68162868e-09  8.32129860e-19 
 8.00000000e-02  8.00000000e-02  7.00000000e-01 -2.20247304e-03  2.20247763e-03  3.18992368e-11 -4.62660069e-09  8.52074342e-19 
 9.00000000e-02  9.00000000e-02  7.00000000e-01 -2.41802205e-03  2.41802659e-03  3.24989408e-11 -4.57408137e-09  3.78447635e-19 
 1.00000000e-01  1.00000000e-01  7.00000000e-01 -2.62113079e-03  2.62113528e-03  3.31145642e-11 -4.52398744e-09  7.98761814e-19 
 1.10000000e-01  1.10000000e-01  7.00000000e-01 -2.81199677e-03  2.81200121e-03  3.37471529e-11 -4.47624942e-09  3.02988138e-18 
 1.20000000e-01  1.20000000e-01  7.00000000e-01 -2.99080026e-03  2.99080466e-03  3.43979018e-11 -4.43080957e-09  7.64012771e-20 
 1.30000000e-01  1.30000000e-01  7.00000000e-01 -3.15771102e-03  3.15771537e-03  3.50681658e-11 -4.38762045e-09  2.15057177e-18 
 1.40000000e-01  1.40000000e-01  7.00000000e-01 -3.31289963e-03  3.31290394e-03  3.57594579e-11 -4.34664373e-09  3.36555453e-18 
 1.50000000e-01  1.50000000e-01  7.00000000e-01 -3.45655484e-03  3.45655912e-03  3.64734264e-11 -4.30784844e-09  1.89306472e-18 
 1.60000000e-01  1.60000000e-01  7.00000000e-01 -3.58890734e-03  3.58891158e-03  3.72118015e-11 -4.27120858e-09  2.27285341e-19 
 1.70000000e-01  1.70000000e-01  7.00000000e-01 -3.71025883e-03  3.71026303e-03  3.79763064e-11 -4.23669963e-09  9.53517200e-20 
 1.80000000e-01  1.80000000e-01  7.00000000e-01 -3.82101234e-03  3.82101650e-03  3.87685342e-11 -4.20429411e-09  9.11302658e-19 
 1.90000000e-01  1.90000000e-01  7.00000000e-01 -3.92169644e-03  3.92170057e-03  3.95898066e-11 -4.17395682e-09  1.06761849e-18 
 2.00000000e-01  2.00000000e-01  7.00000000e-01 -4.01297479e-03  4.01297889e-03  4.04410438e-11 -4.14564061e-09  1.16401390e-18 
 2.10000000e-01  2.10000000e-01  7.00000000e-01 -4.09563430e-03  4.09563838e-03  4.13226821e-11 -4.11928401e-09  4.64467672e-19 
 2.20000000e-01  2.20000000e-01  7.00000000e-01 -4.17055178e-03  4.17055584e-03  4.22346639e-11 -4.09481127e-09  7.74868483e-20 
 2.30000000e-01  2.30000000e-01  7.00000000e-01 -4.23864606e-03  4.23865009e-03  4.31765012e-11 -4.07213497e-09  5.85310236e-19 
 2.40000000e-01  2.40000000e-01  7.00000000e-01 -4.30082716e-03  4.30083117e-03  4.41473914e-11 -4.05116010e-09  2.63129674e-18 
 2.50000000e-01  2.50000000e-01  7.00000000e-01 -4.35795327e-03  4.35795725e-03  4.51463513e-11 -4.03178867e-09  2.87952758e-18 
 2.60000000e-01  2.60000000e-01  7.00000000e-01 -4.41080160e-03  4.41080557e-03  4.61723383e-11 -4.01392371e-09  3.58964508e-18 
 2.70000000e-01  2.70000000e-01  7.00000000e-01 -4.46005400e-03  4.46005795e-03  4.72243427e-11 -3.99747218e-09  2.94935021e-19 
 2.80000000e-01  2.80000000e-01  7.00000000e-01 -4.50629462e-03  4.50629855e-03  4.83014472e-11 -3.98234672e-09  4.67354733e-19 
 2.90000000e-01  2.90000000e-01  7.00000000e-01 -4.55001548e-03  4.55001940e-03  4.94028575e-11 -3.96846645e-09  1.04528268e-18 
 3.00000000e-01  3.00000000e-01  7.00000000e-01 -4.59162643e-03  4.59163033e-03  5.05279118e-11 -3.95575703e-09  1.65381744e-18 
 3.10000000e-01  3.10000000e-01  7.00000000e-01 -4.63146657e-03  4.63147047e-03  5.16760783e-11 -3.94415039e-09  1.16751445e-19 
 3.20000000e-01  3.20000000e-01  7.00000000e-01 -4.66981559e-03  4.66981947e-03  5.28469445e-11 -3.93358422e-09  2.23136319e-18 
 3.30000000e-01  3.30000000e-01  7.00000000e-01 -4.70690398e-03  4.70690785e-03  5.40402044e-11 -3.92400131e-09  1.03692406e-18 
 3.40000000e-01  3.40000000e-01  7.00000000e-01 -4.74292194e-03  4.74292580e-03  5.52556441e-11 -3.91534904e-09  8.23566706e-19 
 3.50000000e-01  3.50000000e-01  7.00000000e-01 -4.77802684e-03  4.77803069e-03  5.64931291e-11 -3.90757881e-09  1.73417612e-18 
 3.60000000e-01  3.60000000e-01  7.00000000e-01 -4.81234929e-03  4.81235313e-03  5.77525924e-11 -3.90064553e-09  1.68954499e-18 
 3.70000000e-01  3.70000000e-01  7.00000000e-01 -4.84599818e-03  4.84600202e-03  5.90340245e-11 -3.89450723e-09  8.83944292e-19 
 3.80000000e-01  3.80000000e-01  7.00000000e-01 -4.87906470e-03  4.87906853e-03  6.03374646e-11 -3.88912469e-09  2.04919930e-18 
 3.90000000e-01  3.90000000e-01  7.00000000e-01 -4.91162553e-03  4.91162935e-03  6.16629937e-11 -3.88446117e-09  1.15579559e-18 
 4.00000000e-01  4.00000000e-01  7.00000000e-01 -4.94374548e-03  4.94374930e-03  6.30107282e-11 -3.88048211e-09  3.83607788e-18 
 4.10000000e-01  4.10000000e-01  7.00000000e-01 -4.97547962e-03  4.97548343e-03  6.43808154e-11 -3.87715492e-09  6.70967102e-19 
 4.20000000e-01  4.20000000e-01  7.00000000e-01 -5.00687490e-03  5.00687871e-03  6.57734291e-11 -3.87444883e-09  2.12918327e-18 
 4.30000000e-01  4.30000000e-01  7.00000000e-01 -5.03797158e-03  5.03797539e-03  6.71887665e-11 -3.87233471e-09  8.52761083e-19 
 4.40000000e-01  4.40000000e-01  7.00000000e-01 -5.06880433e-03  5.06880813e-03  6.86270454e-11 -3.87078493e-09  2.36567371e-18 
 4.50000000e-01  4.50000000e-01  7.00000000e-01 -5.09940310e-03  5.09940690e-03  7.00885020e-11 -3.86977326e-09  1.99918206e-19 
 4.60000000e-01  4.60000000e-01  7.00000000e-01 -5.12979392e-03  5.12979771e-03  7.15733886e-11 -3.86927476e-09  3.20952938e-18 
 4.70000000e-01  4.70000000e-01  7.00000000e-01 -5.15999946e-03  5.16000326e-03  7.30819728e-11 -3.86926569e-09  1.46088603e-18 
 4.80000000e-01  4.80000000e-01  7.00000000e-01 -5.19003958e-03  5.19004337e-03  7.46145357e-11 -3.86972345e-09  3.86514229e-19 
 4.90000000e-01  4.90000000e-01  7.00000000e-01 -5.21993169e-03  5.21993548e-03  7.61713711e-11 -3.87062649e-09  1.44232742e-18 
 5.00000000e-01  5.00000000e-01  7.00000000e-01 -5.24969115e-03  5.24969494e-03  7.77527845e-11 -3.87195426e-09  1.54720030e-18 
 5.10000000e-01  5.10000000e-01  7.00000000e-01 -5.27933154e-03  5.27933533e-03  7.93590925e-11 -3.87368717e-09  1.89944993e-18 
 5.20000000e-01  5.20000000e-01  7.00000000e-01 -5.30886489e-03  5.30886868e-03  8.09906222e-11 -3.87580649e-09  1.06466851e-18 
 5.30000000e-01  5.30000000e-01  7.00000000e-01 -5.33830192e-03  5.33830572e-03  8.26477106e-11 -3.87829437e-09  1.43641170e-18 
 5.40000000e-01  5.40000000e-01  7.00000000e-01 -5.36765218e-03  5.36765598e-03  8.43307044e-11 -3.88113374e-09  1.21535891e-18 
 5.50000000e-01  5.50000000e-01  7.00000000e-01 -5.39692421e-03  5.39692801e-03  8.60399596e-11 -3.88430832e-09  9.63547023e-20 
 5.60000000e-01  5.60000000e-01  7.00000000e-01 -5.42612569e-03  5.42612949e-03  8.77758412e-11 -3.88780256e-09  1.49483234e-19 
 5.70000000e-01  5.70000000e-01  7.00000000e-01 -5.45526350e-03  5.45526730e-03  8.95387232e-11 -3.89160159e-09  2.61409559e-19 
 5.80000000e-01  5.80000000e-01  7.00000000e-01 -5.48434385e-03  5.48434765e-03  9.13289880e-11 -3.89569124e-09  8.03763078e-19 
 5.90000000e-01  5.90000000e-01  7.00000000e-01 -5.51337236e-03  5.51337617e-03  9.31470269e-11 -3.90005795e-09  4.15369834e-18 
 6.00000000e-01  6.00000000e-01  7.00000000e-01 -5.54235411e-03  5.54235792e-03  9.49932393e-11 -3.90468880e-09  1.37914305e-18 
 6.10000000e-01  6.10000000e-01  7.00000000e-01 -5.57129371e-03  5.57129752e-03  9.68680333e-11 -3.90957146e-09  3.06925006e-18 
 6.20000000e-01  6.20000000e-01  7.00000000e-01 -5.60019537e-03  5.60019918e-03  9.87718253e-11 -3.91469417e-09  8.16736036e-20 
 6.30000000e-01  6.30000000e-01  7.00000000e-01 -5.62906291e-03  5.62906672e-03  1.00705040e-10 -3.92004572e-09  1.39574694e-18 
 6.40000000e-01  6.40000000e-01  7.00000000e-01 -5.65789983e-03  5.65790365e-03  1.02668111e-10 -3.92561547e-09  1.89359969e-18 
 6.50000000e-01  6.50000000e-01  7.00000000e-01 -5.68670936e-03  5.68671318e-03  1.04661479e-10 -3.93139335e-09  1.18898121e-18 
 6.60000000e-01  6.60000000e-01  7.00000000e-01 -5.71549444e-03  5.71549827e-03  1.06685594e-10 -3.93736996e-09  6.70853997e-19 
 6.70000000e-01  6.70000000e-01  7.00000000e-01 -5.74425782e-03  5.74426165e-03  1.08740916e-10 -3.94353690e-09  1.64187739e-18 
 6.80000000e-01  6.80000000e-01  7.00000000e-01 -5.77300201e-03  5.77300585e-03  1.10827910e-10 -3.94988772e-09  1.41404941e-18 
 6.90000000e-01  6.90000000e-01  7.00000000e-01 -5.80172938e-03  5.80173323e-03  1.12947052e-10 -3.95641333e-09  1.28866328e-18 
 7.00000000e-01  7.00000000e-01  7.00000000e-01 -5.83044214e-03  5.83044599e-03  1.15098827e-10 -3.96302862e-09  2.20055525e-18 
 7.10000000e-01  7.10000000e-01  7.00000000e-01 -5.85914235e-03  5.85914620e-03  1.17283727e-10 -3.96960495e-09  2.71103715e-19 
 7.20000000e-01  7.20000000e-01  7.00000000e-01 -5.88783198e-03  5.88783584e-03  1.19502255e-10 -3.97609978e-09  1.55983914e-18 
 7.30000000e-01  7.30000000e-01  7.00000000e-01 -5.91651290e-03  5.91651676e-03  1.21754921e-10 -3.98249866e-09  3.22269259e-18 
 7.40000000e-01  7.40000000e-01  7.00000000e-01 -5.94518692e-03  5.94519078e-03  1.24042245e-10 -3.98879116e-09  3.35960414e-19 
 7.50000000e-01  7.50000000e-01  7.00000000e-01 -5.97385576e-03  5.97385963e-03  1.26364755e-10 -3.99496739e-09  3.44437361e-18 
 7.60000000e-01  7.60000000e-01  7.00000000e-01 -6.00252112e-03  6.00252500e-03  1.28722992e-10 -4.00101734e-09  1.20241140e-18 
 7.70000000e-01  7.70000000e-01  7.00000000e-01 -6.03118469e-03  6.03118856e-03  1.31117501e-10 -4.00693071e-09  2.36325423e-19 
 7.80000000e-01  7.80000000e-01  7.00000000e-01 -6.05984810e-03  6.05985198e-03  1.33548841e-10 -4.01269677e-09  3.02327408e-18 
 7.90000000e-01  7.90000000e-01  7.00000000e-01 -6.08851303e-03  6.08851692e-03  1.36017578e-10 -4.01830434e-09  6.99087094e-19 
 8.00000000e-01  8.00000000e-01  7.00000000e-01 -6.11718115e-03  6.11718504e-03  1.38524290e-10 -4.02374181e-09  1.50005223e-18 
 8.10000000e-01  8.10000000e-01  7.00000000e-01 -6.14585416e-03  6.14585805e-03  1.41069562e-10 -4.02899701e-09  4.66727872e-20 
 8.20000000e-01  8.20000000e-01  7.00000000e-01 -6.17453381e-03  6.17453770e-03  1.43653992e-10 -4.03405729e-09  2.80576340e-18 
 8.30000000e-01  8.30000000e-01  7.00000000e-01 -6.20322189e-03  6.20322578e-03  1.46278187e-10 -4.03890943e-09  3.04941255e-18 
 8.40000000e-01  8.40000000e-01  7.00000000e-01 -6.23192027e-03  6.23192416e-03  1.48942764e-10 -4.04353966e-09  3.53450445e-18 
 8.50000000e-01  8.50000000e-01  7.00000000e-01 -6.26063088e-03  6.26063478e-03  1.51648352e-10 -4.04793361e-09  6.06892644e-19 
 8.60000000e-01  8.60000000e-01  7.00000000e-01 -6.28935576e-03  6.28935966e-03  1.54395589e-10 -4.05207629e-09  3.39336766e-18 
 8.70000000e-01  8.70000000e-01  7.00000000e-01 -6.31809703e-03  6.31810093e-03  1.57185125e-10 -4.05595209e-09  3.11489260e-18 
 8.80000000e-01  8.80000000e-01  7.00000000e-01 -6.34685693e-03  6.34686083e-03  1.60017620e-10 -4.05954471e-09  1.14104763e-18 
 8.90000000e-01  8.90000000e-01  7.00000000e-01 -6.37563779e-03  6.37564169e-03  1.62893747e-10 -4.06283720e-09  3.30760578e-18 
 9.00000000e-01  9.00000000e-01  7.00000000e-01 -6.40444211e-03  6.40444601e-03  1.65814189e-10 -4.06581188e-09  1.43033538e-19 
 9.10000000e-01  9.10000000e-01  7.00000000e-01 -6.43327249e-03  6.43327639e-03  1.68779640e-10 -4.06845032e-09  5.28008074e-19 
 9.20000000e-01  9.20000000e-01  7.00000000e-01 -6.46213169e-03  6.46213559e-03  1.71790809e-10 -4.07073334e-09  1.69405615e-18 
 9.30000000e-01  9.30000000e-01  7.00000000e-01 -6.49102263e-03  6.49102653e-03  1.74848412e-10 -4.07264096e-09  7.02168264e-19 
 9.40000000e-01  9.40000000e-01  7.00000000e-01 -6.51994837e-03  6.51995227e-03  1.77953182e-10 -4.07415239e-09  4.19486682e-19 
 9.50000000e-01  9.50000000e-01  7.00000000e-01 -6.54891215e-03  6.54891604e-03  1.81105861e-10 -4.07524596e-09  4.12388568e-20 
 9.60000000e-01  9.60000000e-01  7.00000000e-01 -6.57791738e-03  6.57792127e-03  1.84307206e-10 -4.07589913e-09  2.23192241e-18 
 9.70000000e-01  9.70000000e-01  7.00000000e-01 -6.60696764e-03  6.60697153e-03  1.87557983e-10 -4.07608846e-09  2.30974426e-18 
 9.80000000e-01  9.80000000e-01  7.00000000e-01 -6.63606672e-03  6.63607060e-03  1.90858976e-10 -4.07578954e-09  2.15010494e-18 
 9.90000000e-01  9.90000000e-01  7.00000000e-01 -6.66521857e-03  6.66522245e-03  1.94210978e-10 -4.07497698e-09  1.59553162e-18 
 1.00000000e+00  1.00000000e+00  7.00000000e-01 -6.69442735e-03  6.69443122e-03  1.97614797e-10 -4.07362438e-09  2.00243800e-18 
 1.01000000e+00  1.01000000e+00  7.00000000e-01 -6.72369741e-03  6.72370128e-03  2.01071255e-10 -4.07170426e-09  1.53224869e-21 
 1.02000000e+00  1.02000000e+00  7.00000000e-01 -6.75303332e-03  6.75303719e-03  2.04581188e-10 -4.06918809e-09  9.84050349e-19 
 1.03000000e+00  1.03000000e+00  7.00000000e-01 -6.78243984e-03  6.78244370e-03  2.08145443e-10 -4.06604618e-09  5.48879961e-19 
 1.04000000e+00  1.04000000e+00  7.00000000e-01 -6.81192194e-03  6.81192579e-03  2.11764885e-10 -4.06224766e-09  3.94946405e-19 
 1.05000000e+00  1.05000000e+00  7.00000000e-01 -6.84148481e-03  6.84148865e-03  2.15440392e-10 -4.05776048e-09  5.48592231e-19 
 1.06000000e+00  1.06000000e+00  7.00000000e-01 -6.87113383e-03  6.87113766e-03  2.19172857e-10 -4.05255130e-09  4.19337402e-20 
 1.07000000e+00  1.07000000e+00  7.00000000e-01 -6.90087463e-03  6.90087845e-03  2.22963186e-10 -4.04658551e-09  2.41936327e-18 
 1.08000000e+00  1.08000000e+00  7.00000000e-01 -6.93071302e-03  6.93071683e-03  2.26812304e-10 -4.03982712e-09  4.81211598e-19 
 1.09000000e+00  1.09000000e+00  7.00000000e-01 -6.96065505e-03  6.96065885e-03  2.30721147e-10 -4.03223879e-09  4.64255739e-19 
 1.10000000e+00  1.10000000e+00  7.00000000e-01 -6.99070698e-03  6.99071077e-03  2.34690671e-10 -4.02378171e-09  1.58397301e-18 
 1.11000000e+00  1.11000000e+00  7.00000000e-01 -7.02087528e-03  7.02087905e-03  2.38721844e-10 -4.01441559e-09  3.83322666e-18 
 1.12000000e+00  1.12000000e+00  7.00000000e-01 -7.05116664e-03  7.05117040e-03  2.42815653e-10 -4.00409859e-09  2.88447392e-19 
 1.13000000e+00  1.13000000e+00  7.00000000e-01 -7.08158798e-03  7.08159172e-03  2.46973100e-10 -3.99278729e-09  2.37498805e-19 
 1.14000000e+00  1.14000000e+00  7.00000000e-01 -7.11214641e-03  7.11215014e-03  2.56715331e-10 -3.98043659e-09  2.15341604e-18 
 1.15000000e+00  1.15000000e+00  7.00000000e-01 -7.14284929e-03  7.14285298e-03  2.83336516e-10 -3.96699972e-09  1.04171456e-19 
 1.16000000e+00  1.16000000e+00  7.00000000e-01 -7.17370416e-03  7.17370780e-03  3.19581640e-10 -3.95242812e-09  5.65536519e-18 
 1.17000000e+00  1.17000000e+00  7.00000000e-01 -7.20471878e-03  7.20472235e-03  3.69093854e-10 -3.93667140e-09  4.50779540e-18 
 1.18000000e+00  1.18000000e+00  7.00000000e-01 -7.23590112e-03  7.23590460e-03  4.36778630e-10 -3.91967729e-09  1.07043354e-18 
 1.19000000e+00  1.19000000e+00  7.00000000e-01 -7.26725935e-03  7.26726273e-03  5.29198136e-10 -3.90139157e-09  7.44996807e-19 
 1.20000000e+00  1.20000000e+00  7.00000000e-01 -7.29880187e-03  7.29880510e-03  6.55075278e-10 -3.88175799e-09  6.53507839e-19 
 0.00000000e+00  0.00000000e+00  8.00000000e-01  4.47282389e-09  4.47282389e-09  1.59193587e-10 -9.10484136e-09  1.33393573e-18 
 1.00000000e-02  1.00000000e-02  8.00000000e-01 -3.61222853e-04  3.61231697e-04  1.62039437e-10 -9.00643565e-09  7.97569563e-19 
 2.00000000e-02  2.00000000e-02  8.00000000e-01 -7.09721846e-04  7.09730579e-04  1.64936630e-10 -8.89820873e-09  2.39108144e-18 
 3.00000000e-02  3.00000000e-02  8.00000000e-01 -1.04568816e-03  1.04569678e-03  1.67886507e-10 -8.79129416e-09  1.35559925e-18 
 4.00000000e-02  4.00000000e-02  8.00000000e-01 -1.36933236e-03  1.36934088e-03  1.70890348e-10 -8.68886124e-09  1.04202979e-18 
 5.00000000e-02  5.00000000e-02  8.00000000e-01 -1.68086783e-03  1.68087625e-03  1.73949403e-10 -8.59101699e-09  1.75981858e-18 
 6.00000000e-02  6.00000000e-02  8.00000000e-01 -1.98050425e-03  1.98051257e-03  1.77064921e-10 -8.49749373e-09  1.35525078e-18 
 7.00000000e-02  7.00000000e-02  8.00000000e-01 -2.26844364e-03  2.26845186e-03  1.80238176e-10 -8.40803884e-09  1.97929475e-18 
 8.00000000e-02  8.00000000e-02  8.00000000e-01 -2.54487768e-03  2.54488582e-03  1.83470479e-10 -8.32244736e-09  5.06763129e-19 
 9.00000000e-02  9.00000000e-02  8.00000000e-01 -2.80998576e-03  2.80999381e-03  1.86763197e-10 -8.24055166e-09  1.60177304e-18 
 1.00000000e-01  1.00000000e-01  8.00000000e-01 -3.06393332e-03  3.06394129e-03  1.90117771e-10 -8.16221090e-09  1.58126082e-18 
 1.10000000e-01  1.10000000e-01  8.00000000e-01 -3.30687047e-03  3.30687837e-03  1.93535724e-10 -8.08730412e-09  1.10298227e-19 
 1.20000000e-01  1.20000000e-01  8.00000000e-01 -3.53893089e-03  3.53893871e-03  1.97018683e-10 -8.01572617e-09  3.10358476e-18 
 1.30000000e-01  1.30000000e-01  8.00000000e-01 -3.76023090e-03  3.76023864e-03  2.00568391e-10 -7.94738545e-09  1.01671801e-18 
 1.40000000e-01  1.40000000e-01  8.00000000e-01 -3.97086912e-03  3.97087680e-03  2.04186729e-10 -7.88220262e-09  5.05045799e-19 
 1.50000000e-01  1.50000000e-01  8.00000000e-01 -4.17092693e-03  4.17093454e-03  2.07875726e-10 -7.82011001e-09  1.62594827e-18 
 1.60000000e-01  1.60000000e-01  8.00000000e-01 -4.36047018e-03  4.36047773e-03  2.11637580e-10 -7.76105121e-09  2.38356268e-18 
 1.70000000e-01  1.70000000e-01  8.00000000e-01 -4.53955294e-03  4.53956043e-03  2.15474662e-10 -7.70498075e-09  1.76939320e-18 
 1.80000000e-01  1.80000000e-01  8.00000000e-01 -4.70822405e-03  4.70823149e-03  2.19389521e-10 -7.65186343e-09  1.43301808e-18 
 1.90000000e-01  1.90000000e-01  8.00000000e-01 -4.86653746e-03  4.86654483e-03  2.23384865e-10 -7.60167311e-09  3.37127204e-19 
 2.00000000e-01  2.00000000e-01  8.00000000e-01 -5.01456696e-03  5.01457429e-03  2.27463529e-10 -7.55439059e-09  7.54951693e-19 
 2.10000000e-01  2.10000000e-01  8.00000000e-01 -5.15242557e-03  5.15243285e-03  2.31628405e-10 -7.51000039e-09  9.53377846e-19 
 2.20000000e-01  2.20000000e-01  8.00000000e-01 -5.28028817e-03  5.28029540e-03  2.35882355e-10 -7.46848630e-09  5.11937738e-19 
 2.30000000e-01  2.30000000e-01  8.00000000e-01 -5.39841458e-03  5.39842177e-03  2.40228088e-10 -7.42982597e-09  1.42779072e-18 
 2.40000000e-01  2.40000000e-01  8.00000000e-01 -5.50716847e-03  5.50717562e-03  2.44668035e-10 -7.39398535e-09  2.55322376e-19 
 2.50000000e-01  2.50000000e-01  8.00000000e-01 -5.60702660e-03  5.60703372e-03  2.49204233e-10 -7.36091377e-09  2.39797178e-19 
 2.60000000e-01  2.60000000e-01  8.00000000e-01 -5.69857428e-03  5.69858136e-03  2.53838250e-10 -7.33054115e-09  7.38280255e-19 
 2.70000000e-01  2.70000000e-01  8.00000000e-01 -5.78248606e-03  5.78249311e-03  2.58571174e-10 -7.30277774e-09  2.05536117e-18 
 2.80000000e-01  2.80000000e-01  8.00000000e-01 -5.85949485e-03  5.85950186e-03  2.63403653e-10 -7.27751662e-09  2.15174027e-19 
 2.90000000e-01  2.90000000e-01  8.00000000e-01 -5.93035562e-03  5.93036261e-03  2.68335992e-10 -7.25463826e-09  4.89095027e-18 
 3.00000000e-01  3.00000000e-01  8.00000000e-01 -5.99581065e-03  5.99581761e-03  2.73368274e-10 -7.23401596e-09  1.11292478e-18 
 3.10000000e-01  3.10000000e-01  8.00000000e-01 -6.05656149e-03  6.05656842e-03  2.78500477e-10 -7.21552111e-09  1.90037089e-18 
 3.20000000e-01  3.20000000e-01  8.00000000e-01 -6.11325014e-03  6.11325705e-03  2.83732576e-10 -7.19902760e-09  5.07820395e-19 
 3.30000000e-01  3.30000000e-01  8.00000000e-01 -6.16644930e-03  6.16645619e-03  2.89064620e-10 -7.18441485e-09  6.69504478e-19 
 3.40000000e-01  3.40000000e-01  8.00000000e-01 -6.21665997e-03  6.21666685e-03  2.94496777e-10 -7.17156974e-09  8.18837979e-19 
 3.50000000e-01  3.50000000e-01  8.00000000e-01 -6.26431425e-03  6.26432111e-03  3.00029361e-10 -7.16038742e-09  3.36292418e-18 
 3.60000000e-01  3.60000000e-01  8.00000000e-01 -6.30978108e-03  6.30978792e-03  3.05662844e-10 -7.15077153e-09  4.08500576e-18 
 3.70000000e-01  3.70000000e-01  8.00000000e-01 -6.35337342e-03  6.35338026e-03  3.11397850e-10 -7.14263380e-09  1.27873685e-18 
 3.80000000e-01  3.80000000e-01  8.00000000e-01 -6.39535582e-03  6.39536264e-03  3.17235152e-10 -7.13589355e-09  3.01557388e-18 
 3.90000000e-01  3.90000000e-01  8.00000000e-01 -6.43595145e-03  6.43595826e-03  3.23175657e-10 -7.13047695e-09  6.70102013e-19 
 4.00000000e-01  4.00000000e-01  8.00000000e-01 -6.47534866e-03  6.47535546e-03  3.29220392e-10 -7.12631635e-09  2.03680022e-18 
 4.10000000e-01  4.10000000e-01  8.00000000e-01 -6.51370653e-03  6.51371332e-03  3.35370498e-10 -7.12334960e-09  1.87504267e-18 
 4.20000000e-01  4.20000000e-01  8.00000000e-01 -6.55115975e-03  6.55116653e-03  3.41627214e-10 -7.12151942e-09  3.61319006e-19 
 4.30000000e-01  4.30000000e-01  8.00000000e-01 -6.58782263e-03  6.58782941e-03  3.47991868e-10 -7.12077284e-09  1.47822583e-18 
 4.40000000e-01  4.40000000e-01  8.00000000e-01 -6.62379253e-03  6.62379930e-03  3.54465871e-10 -7.12106074e-09  4.14697901e-19 
 4.50000000e-01  4.50000000e-01  8.00000000e-01 -6.65915261e-03  6.65915937e-03  3.61050704e-10 -7.12233743e-09  6.81303382e-19 
 4.60000000e-01  4.60000000e-01  8.00000000e-01 -6.69397419e-03  6.69398095e-03  3.67747919e-10 -7.12456027e-09  1.84726915e-18 
 4.70000000e-01  4.70000000e-01  8.00000000e-01 -6.72831865e-03  6.72832540e-03  3.74559127e-10 -7.12768939e-09  6.98639589e-19 
 4.80000000e-01  4.80000000e-01  8.00000000e-01 -6.76223902e-03  6.76224577e-03  3.81485998e-10 -7.13168738e-09  3.65824105e-18 
 4.90000000e-01  4.90000000e-01  8.00000000e-01 -6.79578126e-03  6.79578801e-03  3.88530257e-10 -7.13651912e-09  6.45998114e-18 
 5.00000000e-01  5.00000000e-01  8.00000000e-01 -6.82898540e-03  6.82899215e-03  3.95693679e-10 -7.14215157e-09  1.67768937e-18 
 5.10000000e-01  5.10000000e-01  8.00000000e-01 -6.86188637e-03  6.86189312e-03  4.02978088e-10 -7.14855353e-09  1.08705574e-18 
 5.20000000e-01  5.20000000e-01  8.00000000e-01 -6.89451480e-03  6.89452155e-03  4.10385357e-10 -7.15569559e-09  2.24275682e-18 
 5.30000000e-01  5.30000000e-01  8.00000000e-01 -6.92689761e-03  6.92690436e-03  4.17917401e-10 -7.16354996e-09  1.75306140e-18 
 5.40000000e-01  5.40000000e-01  8.00000000e-01 -6.95905856e-03  6.95906530e-03  4.25576183e-10 -7.17209035e-09  2.16850542e-18 
 5.50000000e-01  5.50000000e-01  8.00000000e-01 -6.99101866e-03  6.99102541e-03  4.33363707e-10 -7.18129185e-09  7.50232395e-19 
 5.60000000e-01  5.60000000e-01  8.00000000e-01 -7.02279659e-03  7.02280334e-03  4.41282020e-10 -7.19113091e-09  4.05778878e-19 
 5.70000000e-01  5.70000000e-01  8.00000000e-01 -7.05440896e-03  7.05441571e-03  4.49333212e-10 -7.20158519e-09  1.48170650e-18 
 5.80000000e-01  5.80000000e-01  8.00000000e-01 -7.08587060e-03  7.08587735e-03  4.57519414e-10 -7.21263351e-09  2.85599497e-18 
 5.90000000e-01  5.90000000e-01  8.00000000e-01 -7.11719479e-03  7.11720154e-03  4.65842800e-10 -7.22425583e-09  3.36358210e-19 
 6.00000000e-01  6.00000000e-01  8.00000000e-01 -7.14839344e-03  7.14840020e-03  4.74305582e-10 -7.23643311e-09  3.30649341e-18 
 6.10000000e-01  6.10000000e-01  8.00000000e-01 -7.17947728e-03  7.17948404e-03  4.82910017e-10 -7.24914734e-09  1.71632408e-18 
 6.20000000e-01  6.20000000e-01  8.00000000e-01 -7.21045598e-03  7.21046275e-03  4.91658402e-10 -7.26238142e-09  2.05847856e-18 
 6.30000000e-01  6.30000000e-01  8.00000000e-01 -7.24133829e-03  7.24134507e-03  5.00553076e-10 -7.27611918e-09  2.30339402e-19 
 6.40000000e-01  6.40000000e-01  8.00000000e-01 -7.27213213e-03  7.27213891e-03  5.09596419e-10 -7.29034527e-09  9.55975736e-20 
 6.50000000e-01  6.50000000e-01  8.00000000e-01 -7.30284470e-03  7.30285149e-03  5.18790855e-10 -7.30504519e-09  3.62462273e-18 
 6.60000000e-01  6.60000000e-01  8.00000000e-01 -7.33348256e-03  7.33348935e-03  5.28138849e-10 -7.32020521e-09  2.10589679e-18 
 6.70000000e-01  6.70000000e-01  8.00000000e-01 -7.36405168e-03  7.36405848e-03  5.37642910e-10 -7.33581237e-09  6.79708785e-19 
 6.80000000e-01  6.80000000e-01  8.00000000e-01 -7.39455755e-03  7.39456435e-03  5.47305588e-10 -7.35185439e-09  7.92442025e-19 
 6.90000000e-01  6.90000000e-01  8.00000000e-01 -7.42500517e-03  7.42501198e-03  5.57129480e-10 -7.36831972e-09  2.08692044e-18 
 7.00000000e-01  7.00000000e-01  8.00000000e-01 -7.45539917e-03  7.45540599e-03  5.67117225e-10 -7.38519746e-09  2.95380127e-18 
 7.10000000e-01  7.10000000e-01  8.00000000e-01 -7.48574381e-03  7.48575063e-03  5.77271508e-10 -7.40247736e-09  2.54066767e-18 
 7.20000000e-01  7.20000000e-01  8.00000000e-01 -7.51604302e-03  7.51604985e-03  5.87595057e-10 -7.42014978e-09  3.79144748e-19 
 7.30000000e-01  7.30000000e-01  8.00000000e-01 -7.54630048e-03  7.54630732e-03  5.98090649e-10 -7.43820571e-09  2.40931036e-19 
 7.40000000e-01  7.40000000e-01  8.00000000e-01 -7.57651959e-03  7.57652644e-03  6.08761104e-10 -7.45663673e-09  1.08496463e-18 
 7.50000000e-01  7.50000000e-01  8.00000000e-01 -7.60670357e-03  7.60671042e-03  6.19609293e-10 -7.47543505e-09  1.68028569e-18 
 7.60000000e-01  7.60000000e-01  8.00000000e-01 -7.63685542e-03  7.63686228e-03  6.30638131e-10 -7.49459360e-09  1.21380225e-18 
 7.70000000e-01  7.70000000e-01  8.00000000e-01 -7.66697800e-03  7.66698487e-03  6.41850584e-10 -7.51410634e-09  1.30291472e-18 
 7.80000000e-01  7.80000000e-01  8.00000000e-01 -7.69707403e-03  7.69708091e-03  6.53249664e-10 -7.53396925e-09  3.90173795e-18 
 7.90000000e-01  7.90000000e-01  8.00000000e-01 -7.72714612e-03  7.72715301e-03  6.64838434e-10 -7.55417573e-09  7.25278992e-19 
 8.00000000e-01  8.00000000e-01  8.00000000e-01 -7.75719679e-03  7.75720369e-03  6.76620010e-10 -7.57464317e-09  1.24403353e-18 
 8.10000000e-01  8.10000000e-01  8.00000000e-01 -7.78722850e-03  7.78723540e-03  6.88597554e-10 -7.59524551e-09  2.97796249e-18 
 8.20000000e-01  8.20000000e-01  8.00000000e-01 -7.81724365e-03  7.81725056e-03  7.00774283e-10 -7.61594283e-09  2.66485364e-18 
 8.30000000e-01  8.30000000e-01  8.00000000e-01 -7.84724462e-03  7.84725154e-03  7.13153467e-10 -7.63672336e-09  1.52288004e-18 
 8.40000000e-01  8.40000000e-01  8.00000000e-01 -7.87723378e-03  7.87724071e-03  7.25738426e-10 -7.65757939e-09  1.74077730e-18 
 8.50000000e-01  8.50000000e-01  8.00000000e-01 -7.90721351e-03  7.90722045e-03  7.38532536e-10 -7.67850379e-09  1.85117851e-19 
 8.60000000e-01  8.60000000e-01  8.00000000e-01 -7.93718621e-03  7.93719316e-03  7.51539228e-10 -7.69948938e-09  2.30130570e-18 
 8.70000000e-01  8.70000000e-01  8.00000000e-01 -7.96715433e-03  7.96716129e-03  7.64761989e-10 -7.72052873e-09  4.51342054e-18 
 8.80000000e-01  8.80000000e-01  8.00000000e-01 -7.99712036e-03  7.99712733e-03  7.78204359e-10 -7.74161403e-09  3.00473575e-18 
 8.90000000e-01  8.90000000e-01  8.00000000e-01 -8.02708689e-03  8.02709386e-03  7.91869939e-10 -7.76273709e-09  2.51100498e-18 
 9.00000000e-01  9.00000000e-01  8.00000000e-01 -8.05705657e-03  8.05706355e-03  8.05762386e-10 -7.78388929e-09  4.65669484e-18 
 9.10000000e-01  9.10000000e-01  8.00000000e-01 -8.08703217e-03  8.08703916e-03  8.19885416e-10 -7.80506158e-09  6.36521272e-18 
 9.20000000e-01  9.20000000e-01  8.00000000e-01 -8.11701657e-03  8.11702357e-03  8.34242805e-10 -7.82624442e-09  2.44485555e-18 
 9.30000000e-01  9.30000000e-01  8.00000000e-01 -8.14701277e-03  8.14701977e-03  8.48838390e-10 -7.84742780e-09  7.10482385e-19 
 9.40000000e-01  9.40000000e-01  8.00000000e-01 -8.17702392e-03  8.17703093e-03  8.63676067e-10 -7.86860115e-09  3.61170434e-18 
 9.50000000e-01  9.50000000e-01  8.00000000e-01 -8.20705331e-03  8.20706032e-03  8.78759798e-10 -7.88975343e-09  1.82034515e-18 
 9.60000000e-01  9.60000000e-01  8.00000000e-01 -8.23710440e-03  8.23711142e-03  8.94093604e-10 -7.91087298e-09  1.26225487e-19 
 9.70000000e-01  9.70000000e-01  8.00000000e-01 -8.26718082e-03  8.26718784e-03  9.09681574e-10 -7.93194759e-09  2.55661706e-18 
 9.80000000e-01  9.80000000e-01  8.00000000e-01 -8.29728638e-03  8.29729341e-03  9.25527859e-10 -7.95296445e-09  2.51304791e-18 
 9.90000000e-01  9.90000000e-01  8.00000000e-01 -8.32742508e-03  8.32743211e-03  9.41636678e-10 -7.97391011e-09  2.09691071e-18 
 1.00000000e+00  1.00000000e+00  8.00000000e-01 -8.35760112e-03  8.35760815e-03  9.58012316e-10 -7.99477045e-09  1.24695616e-19 
 1.01000000e+00  1.01000000e+00  8.00000000e-01 -8.38781890e-03  8.38782594e-03  9.74659126e-10 -8.01553070e-09  2.25154385e-18 
 1.02000000e+00  1.02000000e+00  8.00000000e-01 -8.41808306e-03  8.41809010e-03  9.91581529e-10 -8.03617536e-09  3.27594294e-18 
 1.03000000e+00  1.03000000e+00  8.00000000e-01 -8.44839841e-03  8.44840546e-03  1.00878402e-09 -8.05668821e-09  5.40837278e-18 
 1.04000000e+00  1.04000000e+00  8.00000000e-01 -8.47877005e-03  8.47877710e-03  1.02627115e-09 -8.07705226e-09  6.46212313e-19 
 1.05000000e+00  1.05000000e+00  8.00000000e-01 -8.50920325e-03  8.50921030e-03  1.04404757e-09 -8.09724973e-09  4.27841594e-18 
 1.06000000e+00  1.06000000e+00  8.00000000e-01 -8.53970356e-03  8.53971061e-03  1.06211798e-09 -8.11726201e-09  5.68978418e-18 
 1.07000000e+00  1.07000000e+00  8.00000000e-01 -8.57027674e-03  8.57028380e-03  1.08048715e-09 -8.13706966e-09  3.65749116e-18 
 1.08000000e+00  1.08000000e+00  8.00000000e-01 -8.60092882e-03  8.60093588e-03  1.09915995e-09 -8.15665232e-09  3.10679298e-18 
 1.09000000e+00  1.09000000e+00  8.00000000e-01 -8.63166605e-03  8.63167311e-03  1.11814131e-09 -8.17598874e-09  3.86818606e-20 
 1.10000000e+00  1.10000000e+00  8.00000000e-01 -8.66249495e-03  8.66250201e-03  1.13743624e-09 -8.19505670e-09  4.35880756e-19 
 1.11000000e+00  1.11000000e+00  8.00000000e-01 -8.69342228e-03  8.69342933e-03  1.15704982e-09 -8.21383299e-09  1.80482414e-18 
 1.12000000e+00  1.12000000e+00  8.00000000e-01 -8.72445505e-03  8.72446210e-03  1.17698721e-09 -8.23229340e-09  1.94476511e-18 
 1.13000000e+00  1.13000000e+00  8.00000000e-01 -8.75560052e-03  8.75560757e-03  1.19725368e-09 -8.25041261e-09  1.77140253e-18 
 1.14000000e+00  1.14000000e+00  8.00000000e-01 -8.78686622e-03  8.78687327e-03  1.21785454e-09 -8.26816424e-09  6.98888415e-19 
 1.15000000e+00  1.15000000e+00  8.00000000e-01 -8.81825992e-03  8.81826696e-03  1.23879521e-09 -8.28552074e-09  2.07177931e-18 
 1.16000000e+00  1.16000000e+00  8.00000000e-01 -8.84978963e-03  8.84979667e-03  1.26008118e-09 -8.30245338e-09  3.23143855e-18 
 1.17000000e+00  1.17000000e+00  8.00000000e-01 -8.88146364e-03  8.88147067e-03  1.28171802e-09 -8.31893222e-09  1.11578786e-18 
 1.18000000e+00  1.18000000e+00  8.00000000e-01 -8.91329046e-03  8.91329749e-03  1.30371142e-09 -8.33492602e-09  2.10839777e-18 
 1.19000000e+00  1.19000000e+00  8.00000000e-01 -8.94527887e-03  8.94528589e-03  1.33445323e-09 -8.35040223e-09  9.35140090e-19 
 1.20000000e+00  1.20000000e+00  8.00000000e-01 -8.97743791e-03  8.97744489e-03  1.38587432e-09 -8.36532694e-09  6.39779122e-19 
 0.00000000e+00  0.00000000e+00  9.00000000e-01  7.40190931e-09  7.40190931e-09  8.71680754e-10 -1.56754994e-08  2.77139637e-18 
 1.00000000e-02  1.00000000e-02  9.00000000e-01 -3.86104707e-04  3.86119360e-04  8.87048378e-10 -1.55397254e-08  7.62469963e-19 
 2.00000000e-02  2.00000000e-02  9.00000000e-01 -7.61052584e-04  7.61067068e-04  9.02682888e-10 -1.53858154e-08  3.41717513e-19 
 3.00000000e-02  3.00000000e-02  9.00000000e-01 -1.12498387e-03  1.12499818e-03  9.18589190e-10 -1.52332221e-08  2.48879290e-18 
 4.00000000e-02  4.00000000e-02  9.00000000e-01 -1.47805382e-03  1.47806798e-03  9.34772184e-10 -1.50874031e-08  2.27036676e-18 
 5.00000000e-02  5.00000000e-02  9.00000000e-01 -1.82041965e-03  1.82043365e-03  9.51236791e-10 -1.49485579e-08  1.32897836e-18 
 6.00000000e-02  6.00000000e-02  9.00000000e-01 -2.15223699e-03  2.15225083e-03  9.67987980e-10 -1.48162574e-08  2.09520093e-18 
 7.00000000e-02  7.00000000e-02  9.00000000e-01 -2.47365764e-03  2.47367134e-03  9.85030787e-10 -1.46901007e-08  2.13893231e-18 
 8.00000000e-02  8.00000000e-02  9.00000000e-01 -2.78482794e-03  2.78484151e-03  1.00237033e-09 -1.45697675e-08  2.23910678e-18 
 9.00000000e-02  9.00000000e-02  9.00000000e-01 -3.08588748e-03  3.08590092e-03  1.02001182e-09 -1.44549988e-08  2.55391601e-19 
 1.00000000e-01  1.00000000e-01  9.00000000e-01 -3.37696801e-03  3.37698132e-03  1.03796057e-09 -1.43455774e-08  4.02353264e-18 
 1.10000000e-01  1.10000000e-01  9.00000000e-01 -3.65819244e-03  3.65820563e-03  1.05622203e-09 -1.42413162e-08  3.66296255e-19 
 1.20000000e-01  1.20000000e-01  9.00000000e-01 -3.92967387e-03  3.92968694e-03  1.07480174e-09 -1.41420503e-08  1.34950733e-18 
 1.30000000e-01  1.30000000e-01  9.00000000e-01 -4.19151465e-03  4.19152761e-03  1.09370541e-09 -1.40476328e-08  6.96954674e-19 
 1.40000000e-01  1.40000000e-01  9.00000000e-01 -4.44380537e-03  4.44381822e-03  1.11293890e-09 -1.39579317e-08  9.67099868e-19 
 1.50000000e-01  1.50000000e-01  9.00000000e-01 -4.68662390e-03  4.68663664e-03  1.13250820e-09 -1.38728291e-08  4.67648937e-18 
 1.60000000e-01  1.60000000e-01  9.00000000e-01 -4.92003447e-03  4.92004711e-03  1.15241951e-09 -1.37922197e-08  6.31275913e-19 
 1.70000000e-01  1.70000000e-01  9.00000000e-01 -5.14408691e-03  5.14409945e-03  1.17267920e-09 -1.37160112e-08  1.65261070e-18 
 1.80000000e-01  1.80000000e-01  9.00000000e-01 -5.35881614e-03  5.35882859e-03  1.19329388e-09 -1.36441238e-08  1.60207638e-18 
 1.90000000e-01  1.90000000e-01  9.00000000e-01 -5.56424223e-03  5.56425459e-03  1.21427033e-09 -1.35764907e-08  8.20256904e-19 
 2.00000000e-01  2.00000000e-01  9.00000000e-01 -5.76037128e-03  5.76038355e-03  1.23561562e-09 -1.35130578e-08  3.91506342e-18 
 2.10000000e-01  2.10000000e-01  9.00000000e-01 -5.94719760e-03  5.94720980e-03  1.25733703e-09 -1.34537842e-08  9.43409622e-19 
 2.20000000e-01  2.20000000e-01  9.00000000e-01 -6.12470779e-03  6.12471991e-03  1.27944209e-09 -1.33986416e-08  1.49860973e-18 
 2.30000000e-01  2.30000000e-01  9.00000000e-01 -6.29288721e-03  6.29289926e-03  1.30193860e-09 -1.33476130e-08  5.39041138e-19 
 2.40000000e-01  2.40000000e-01  9.00000000e-01 -6.45172967e-03  6.45174164e-03  1.32483453e-09 -1.33006911e-08  1.69002843e-18 
 2.50000000e-01  2.50000000e-01  9.00000000e-01 -6.60125038e-03  6.60126229e-03  1.34813807e-09 -1.32578751e-08  2.03136285e-18 
 2.60000000e-01  2.60000000e-01  9.00000000e-01 -6.74150220e-03  6.74151405e-03  1.37185747e-09 -1.32191658e-08  7.43043109e-19 
 2.70000000e-01  2.70000000e-01  9.00000000e-01 -6.87259385e-03  6.87260564e-03  1.39600100e-09 -1.31845606e-08  3.61651429e-19 
 2.80000000e-01  2.80000000e-01  9.00000000e-01 -6.99470784e-03  6.99471958e-03  1.42057682e-09 -1.31540463e-08  3.38596209e-18 
 2.90000000e-01  2.90000000e-01  9.00000000e-01 -7.10811497e-03  7.10812665e-03  1.44559289e-09 -1.31275925e-08  4.30380005e-19 
 3.00000000e-01  3.00000000e-01  9.00000000e-01 -7.21318171e-03  7.21319334e-03  1.47105683e-09 -1.31051468e-08  1.02641947e-19 
 3.10000000e-01  3.10000000e-01  9.00000000e-01 -7.31036791e-03  7.31037950e-03  1.49697590e-09 -1.30866308e-08  3.58057019e-18 
 3.20000000e-01  3.20000000e-01  9.00000000e-01 -7.40021399e-03  7.40022553e-03  1.52335696e-09 -1.30719406e-08  8.02644368e-20 
 3.30000000e-01  3.30000000e-01  9.00000000e-01 -7.48331938e-03  7.48333089e-03  1.55020651e-09 -1.30609489e-08  2.22526557e-18 
 3.40000000e-01  3.40000000e-01  9.00000000e-01 -7.56031601e-03  7.56032748e-03  1.57753081e-09 -1.30535103e-08  1.87428808e-18 
 3.50000000e-01  3.50000000e-01  9.00000000e-01 -7.63184122e-03  7.63185266e-03  1.60533593e-09 -1.30494679e-08  6.30854878e-19 
 3.60000000e-01  3.60000000e-01  9.00000000e-01 -7.69851400e-03  7.69852542e-03  1.63362789e-09 -1.30486595e-08  1.42001269e-19 
 3.70000000e-01  3.70000000e-01  9.00000000e-01 -7.76091689e-03  7.76092827e-03  1.66241276e-09 -1.30509237e-08  7.16856846e-19 
 3.80000000e-01  3.80000000e-01  9.00000000e-01 -7.81958424e-03  7.81959560e-03  1.69169676e-09 -1.30561039e-08  1.22324813e-18 
 3.90000000e-01  3.90000000e-01  9.00000000e-01 -7.87499639e-03  7.87500773e-03  1.72148627e-09 -1.30640517e-08  1.34573249e-18 
 4.00000000e-01  4.00000000e-01  9.00000000e-01 -7.92757839e-03  7.92758971e-03  1.75178791e-09 -1.30746286e-08  1.90278217e-19 
 4.10000000e-01  4.10000000e-01  9.00000000e-01 -7.97770200e-03  7.97771330e-03  1.78260855e-09 -1.30877067e-08  1.58728763e-18 
 4.20000000e-01  4.20000000e-01  9.00000000e-01 -8.02568969e-03  8.02570098e-03  1.81395530e-09 -1.31031690e-08  4.97750143e-18 
 4.30000000e-01  4.30000000e-01  9.00000000e-01 -8.07181957e-03  8.07183085e-03  1.84583554e-09 -1.31209087e-08  1.87502675e-18 
 4.40000000e-01  4.40000000e-01  9.00000000e-01 -8.11633067e-03  8.11634194e-03  1.87825690e-09 -1.31408288e-08  3.10864028e-18 
 4.50000000e-01  4.50000000e-01  9.00000000e-01 -8.15942806e-03  8.15943931e-03  1.91122722e-09 -1.31628411e-08  1.48829603e-18 
 4.60000000e-01  4.60000000e-01  9.00000000e-01 -8.20128758e-03  8.20129883e-03  1.94475459e-09 -1.31868654e-08  3.85943449e-19 
 4.70000000e-01  4.70000000e-01  9.00000000e-01 -8.24206013e-03  8.24207137e-03  1.97884732e-09 -1.32128289e-08  3.87947087e-18 
 4.80000000e-01  4.80000000e-01  9.00000000e-01 -8.28187534e-03  8.28188657e-03  2.01351392e-09 -1.32406651e-08  2.74264140e-19 
 4.90000000e-01  4.90000000e-01  9.00000000e-01 -8.32084481e-03  8.32085603e-03  2.04876310e-09 -1.32703133e-08  2.53282704e-20 
 5.00000000e-01  5.00000000e-01  9.00000000e-01 -8.35906482e-03  8.35907604e-03  2.08460378e-09 -1.33017180e-08  1.04670111e-18 
 5.10000000e-01  5.10000000e-01  9.00000000e-01 -8.39661869e-03  8.39662990e-03  2.12104504e-09 -1.33348282e-08  6.81800725e-19 
 5.20000000e-01  5.20000000e-01  9.00000000e-01 -8.43357867e-03  8.43358988e-03  2.15809617e-09 -1.33695975e-08  2.06888376e-18 
 5.30000000e-01  5.30000000e-01  9.00000000e-01 -8.47000765e-03  8.47001886e-03  2.19576663e-09 -1.34059827e-08  2.21751861e-18 
 5.40000000e-01  5.40000000e-01  9.00000000e-01 -8.50596051e-03  8.50597172e-03  2.23406605e-09 -1.34439443e-08  2.01077515e-18 
 5.50000000e-01  5.50000000e-01  9.00000000e-01 -8.54148531e-03  8.54149652e-03  2.27300423e-09 -1.34834460e-08  2.88743854e-18 
 5.60000000e-01  5.60000000e-01  9.00000000e-01 -8.57662423e-03  8.57663544e-03  2.31259117e-09 -1.35244541e-08  3.39257582e-18 
 5.70000000e-01  5.70000000e-01  9.00000000e-01 -8.61141442e-03  8.61142563e-03  2.35283700e-09 -1.35669377e-08  1.40970271e-18 
 5.80000000e-01  5.80000000e-01  9.00000000e-01 -8.64588872e-03  8.64589994e-03  2.39375204e-09 -1.36108681e-08  1.72017585e-19 
 5.90000000e-01  5.90000000e-01  9.00000000e-01 -8.68007620e-03  8.68008742e-03  2.43534679e-09 -1.36562189e-08  3.80706113e-18 
 6.00000000e-01  6.00000000e-01  9.00000000e-01 -8.71400270e-03  8.71401393e-03  2.47763191e-09 -1.37029660e-08  3.96050603e-18 
 6.10000000e-01  6.10000000e-01  9.00000000e-01 -8.74769124e-03  8.74770247e-03  2.52061821e-09 -1.37510869e-08  1.02888488e-18 
 6.20000000e-01  6.20000000e-01  9.00000000e-01 -8.78116237e-03  8.78117361e-03  2.56431671e-09 -1.38005610e-08  8.29092227e-19 
 6.30000000e-01  6.30000000e-01  9.00000000e-01 -8.81443451e-03  8.81444576e-03  2.60873856e-09 -1.38513695e-08  1.06535693e-18 
 6.40000000e-01  6.40000000e-01  9.00000000e-01 -8.84752419e-03  8.84753544e-03  2.65389510e-09 -1.39034952e-08  6.36569248e-19 
 6.50000000e-01  6.50000000e-01  9.00000000e-01 -8.88044628e-03  8.88045753e-03  2.69979785e-09 -1.39569223e-08  5.27978797e-18 
 6.60000000e-01  6.60000000e-01  9.00000000e-01 -8.91321420e-03  8.91322547e-03  2.74645850e-09 -1.40116365e-08  2.01058366e-18 
 6.70000000e-01  6.70000000e-01  9.00000000e-01 -8.94584010e-03  8.94585137e-03  2.79388889e-09 -1.40676250e-08  5.79689042e-18 
 6.80000000e-01  6.80000000e-01  9.00000000e-01 -8.97833496e-03  8.97834624e-03  2.84210108e-09 -1.41248761e-08  3.83614191e-18 
 6.90000000e-01  6.90000000e-01  9.00000000e-01 -9.01070878e-03  9.01072007e-03  2.89110728e-09 -1.41833793e-08  2.31520946e-18 
 7.00000000e-01  7.00000000e-01  9.00000000e-01 -9.04297065e-03  9.04298196e-03  2.94091988e-09 -1.42431256e-08  4.50052759e-18 
 7.10000000e-01  7.10000000e-01  9.00000000e-01 -9.07512887e-03  9.07514019e-03  2.99155146e-09 -1.43041070e-08  4.68999537e-18 
 7.20000000e-01  7.20000000e-01  9.00000000e-01 -9.10719103e-03  9.10720235e-03  3.04301478e-09 -1.43663163e-08  3.88581328e-18 
 7.30000000e-01  7.30000000e-01  9.00000000e-01 -9.13916407e-03  9.13917540e-03  3.09532278e-09 -1.44297479e-08  3.38587028e-18 
 7.40000000e-01  7.40000000e-01  9.00000000e-01 -9.17105439e-03  9.17106573e-03  3.14848860e-09 -1.44943967e-08  7.45939069e-20 
 7.50000000e-01  7.50000000e-01  9.00000000e-01 -9.20286787e-03  9.20287923e-03  3.20252555e-09 -1.45602589e-08  1.21937134e-18 
 7.60000000e-01  7.60000000e-01  9.00000000e-01 -9.23460997e-03  9.23462134e-03  3.25744714e-09 -1.46273316e-08  2.40413179e-18 
 7.70000000e-01  7.70000000e-01  9.00000000e-01 -9.26628572e-03  9.26629710e-03  3.31326707e-09 -1.46956127e-08  1.80354490e-18 
 7.80000000e-01  7.80000000e-01  9.00000000e-01 -9.29789982e-03  9.29791121e-03  3.36999925e-09 -1.47651011e-08  3.97784953e-18 
 7.90000000e-01  7.90000000e-01  9.00000000e-01 -9.32945665e-03  9.32946806e-03  3.42765776e-09 -1.48357964e-08  1.40279203e-18 
 8.00000000e-01  8.00000000e-01  9.00000000e-01 -9.36096033e-03  9.36097175e-03  3.48625689e-09 -1.49076992e-08  2.59152005e-18 
 8.10000000e-01  8.10000000e-01  9.00000000e-01 -9.39241473e-03  9.39242616e-03  3.54581114e-09 -1.49808109e-08  2.21361804e-19 
 8.20000000e-01  8.20000000e-01  9.00000000e-01 -9.42382353e-03  9.42383498e-03  3.60633519e-09 -1.50551336e-08  3.81631977e-18 
 8.30000000e-01  8.30000000e-01  9.00000000e-01 -9.45519024e-03  9.45520170e-03  3.66784394e-09 -1.51306702e-08  5.55278239e-18 
 8.40000000e-01  8.40000000e-01  9.00000000e-01 -9.48651822e-03  9.48652969e-03  3.73035251e-09 -1.52074244e-08  3.55298889e-19 
 8.50000000e-01  8.50000000e-01  9.00000000e-01 -9.51781070e-03  9.51782220e-03  3.79387619e-09 -1.52854007e-08  4.17067277e-18 
 8.60000000e-01  8.60000000e-01  9.00000000e-01 -9.54907087e-03  9.54908237e-03  3.85843051e-09 -1.53646045e-08  2.74323531e-18 
 8.70000000e-01  8.70000000e-01  9.00000000e-01 -9.58030179e-03  9.58031332e-03  3.92403122e-09 -1.54450424e-08  1.00393174e-18 
 8.80000000e-01  8.80000000e-01  9.00000000e-01 -9.61150654e-03  9.61151808e-03  3.99069425e-09 -1.55267231e-08  3.28027323e-18 
 8.90000000e-01  8.90000000e-01  9.00000000e-01 -9.64268815e-03  9.64269970e-03  4.05843579e-09 -1.56096530e-08  6.05421514e-18 
 9.00000000e-01  9.00000000e-01  9.00000000e-01 -9.67384966e-03  9.67386123e-03  4.12727221e-09 -1.56937627e-08  3.54146543e-18 
 9.10000000e-01  9.10000000e-01  9.00000000e-01 -9.70499414e-03  9.70500572e-03  4.19722012e-09 -1.57789395e-08  1.24361477e-18 
 9.20000000e-01  9.20000000e-01  9.00000000e-01 -9.73612470e-03  9.73613629e-03  4.26829636e-09 -1.58651569e-08  1.14900185e-18 
 9.30000000e-01  9.30000000e-01  9.00000000e-01 -9.76724451e-03  9.76725612e-03  4.34051799e-09 -1.59524168e-08  2.69785867e-18 
 9.40000000e-01  9.40000000e-01  9.00000000e-01 -9.79835684e-03  9.79836846e-03  4.41390229e-09 -1.60407255e-08  7.26099142e-21 
 9.50000000e-01  9.50000000e-01  9.00000000e-01 -9.82946504e-03  9.82947668e-03  4.48846678e-09 -1.61300898e-08  1.47414587e-18 
 9.60000000e-01  9.60000000e-01  9.00000000e-01 -9.86057258e-03  9.86058424e-03  4.56422921e-09 -1.62205168e-08  4.62048449e-18 
 9.70000000e-01  9.70000000e-01  9.00000000e-01 -9.89168309e-03  9.89169476e-03  4.64120757e-09 -1.63120135e-08  5.93576536e-19 
 9.80000000e-01  9.80000000e-01  9.00000000e-01 -9.92280031e-03  9.92281199e-03  4.71942007e-09 -1.64045866e-08  3.02951094e-18 
 9.90000000e-01  9.90000000e-01  9.00000000e-01 -9.95392816e-03  9.95393986e-03  4.79888518e-09 -1.64982429e-08  1.57859562e-18 
 1.00000000e+00  1.00000000e+00  9.00000000e-01 -9.98507073e-03  9.98508245e-03  4.87962160e-09 -1.65929885e-08  4.24286579e-19 
 1.01000000e+00  1.01000000e+00  9.00000000e-01 -1.00162323e-02  1.00162440e-02  4.96164827e-09 -1.66888298e-08  2.00026334e-18 
 1.02000000e+00  1.02000000e+00  9.00000000e-01 -1.00474174e-02  1.00474291e-02  5.04498438e-09 -1.67857724e-08  6.12221683e-18 
 1.03000000e+00  1.03000000e+00  9.00000000e-01 -1.00786306e-02  1.00786424e-02  5.12964938e-09 -1.68838219e-08  8.42105432e-19 
 1.04000000e+00  1.04000000e+00  9.00000000e-01 -1.01098770e-02  1.01098888e-02  5.21566296e-09 -1.69829836e-08  3.21770859e-18 
 1.05000000e+00  1.05000000e+00  9.00000000e-01 -1.01411616e-02  1.01411734e-02  5.30304505e-09 -1.70832622e-08  2.97479791e-18 
 1.06000000e+00  1.06000000e+00  9.00000000e-01 -1.01724898e-02  1.01725016e-02  5.39181585e-09 -1.71846623e-08  8.45319856e-19 
 1.07000000e+00  1.07000000e+00  9.00000000e-01 -1.02038674e-02  1.02038792e-02  5.48199582e-09 -1.72871879e-08  1.03016743e-18 
 1.08000000e+00  1.08000000e+00  9.00000000e-01 -1.02353001e-02  1.02353119e-02  5.57360568e-09 -1.73908428e-08  1.96616696e-18 
 1.09000000e+00  1.09000000e+00  9.00000000e-01 -1.02667941e-02  1.02668059e-02  5.66666638e-09 -1.74956303e-08  1.23091093e-19 
 1.10000000e+00  1.10000000e+00  9.00000000e-01 -1.02983558e-02  1.02983677e-02  5.76119918e-09 -1.76015532e-08  4.59539031e-18 
 1.11000000e+00  1.11000000e+00  9.00000000e-01 -1.03299920e-02  1.03300039e-02  5.85722558e-09 -1.77086137e-08  2.00700404e-18 
 1.12000000e+00  1.12000000e+00  9.00000000e-01 -1.03617096e-02  1.03617215e-02  5.95476734e-09 -1.78168138e-08  3.68016129e-18 
 1.13000000e+00  1.13000000e+00  9.00000000e-01 -1.03935159e-02  1.03935278e-02  6.05384651e-09 -1.79261547e-08  1.46731666e-18 
 1.14000000e+00  1.14000000e+00  9.00000000e-01 -1.04254184e-02  1.04254303e-02  6.15448541e-09 -1.80366372e-08  1.73710824e-18 
 1.15000000e+00  1.15000000e+00  9.00000000e-01 -1.04574249e-02  1.04574368e-02  6.25670661e-09 -1.81482614e-08  4.33404591e-19 
 1.16000000e+00  1.16000000e+00  9.00000000e-01 -1.04895436e-02  1.04895555e-02  6.36053299e-09 -1.82610269e-08  1.11060495e-18 
 1.17000000e+00  1.17000000e+00  9.00000000e-01 -1.05217828e-02  1.05217947e-02  6.46598768e-09 -1.83749325e-08  8.89963621e-19 
 1.18000000e+00  1.18000000e+00  9.00000000e-01 -1.05541513e-02  1.05541632e-02  6.57309412e-09 -1.84899764e-08  2.27128742e-18 
 1.19000000e+00  1.19000000e+00  9.00000000e-01 -1.05866579e-02  1.05866698e-02  6.68187600e-09 -1.86061562e-08  3.02123500e-18 
 1.20000000e+00  1.20000000e+00  9.00000000e-01 -1.06193120e-02  1.06193240e-02  6.79235732e-09 -1.87234686e-08  4.94485261e-19 
 0.00000000e+00  0.00000000e+00  1.00000000e+00  1.17533044e-08  1.17533044e-08  4.47112024e-09 -2.79777290e-08  8.98635783e-19 
 1.00000000e-02  1.00000000e-02  1.00000000e+00 -4.03758343e-04  4.03781627e-04  4.54753293e-09 -2.78318548e-08  1.95282288e-18 
 2.00000000e-02  2.00000000e-02  1.00000000e+00 -7.97631873e-04  7.97654903e-04  4.62520208e-09 -2.76559222e-08  3.35406766e-18 
 3.00000000e-02  3.00000000e-02  1.00000000e+00 -1.18172475e-03  1.18174753e-03  4.70414727e-09 -2.74818427e-08  1.65312707e-18 
 4.00000000e-02  4.00000000e-02  1.00000000e+00 -1.55615669e-03  1.55617923e-03  4.78438835e-09 -2.73184790e-08  4.23695310e-18 
 5.00000000e-02  5.00000000e-02  1.00000000e+00 -1.92104844e-03  1.92107074e-03  4.86594543e-09 -2.71661780e-08  1.29213718e-18 
 6.00000000e-02  6.00000000e-02  1.00000000e+00 -2.27651990e-03  2.27654198e-03  4.94883881e-09 -2.70242849e-08  7.16388041e-20 
 7.00000000e-02  7.00000000e-02  1.00000000e+00 -2.62268885e-03  2.62271071e-03  5.03308907e-09 -2.68921954e-08  1.39945477e-18 
 8.00000000e-02  8.00000000e-02  1.00000000e+00 -2.95966996e-03  2.95969161e-03  5.11871706e-09 -2.67694349e-08  1.47086031e-18 
 9.00000000e-02  9.00000000e-02  1.00000000e+00 -3.28757402e-03  3.28759547e-03  5.20574389e-09 -2.66556260e-08  2.14166077e-18 
 1.00000000e-01  1.00000000e-01  1.00000000e+00 -3.60650727e-03  3.60652852e-03  5.29419098e-09 -2.65504566e-08  2.56602262e-18 
 1.10000000e-01  1.10000000e-01  1.00000000e+00 -3.91657078e-03  3.91659185e-03  5.38408004e-09 -2.64536599e-08  9.63353567e-19 
 1.20000000e-01  1.20000000e-01  1.00000000e+00 -4.21785986e-03  4.21788075e-03  5.47543308e-09 -2.63650016e-08  3.63442730e-18 
 1.30000000e-01  1.30000000e-01  1.00000000e+00 -4.51046346e-03  4.51048417e-03  5.56827244e-09 -2.62842726e-08  7.25320765e-19 
 1.40000000e-01  1.40000000e-01  1.00000000e+00 -4.79446351e-03  4.79448406e-03  5.66262079e-09 -2.62112839e-08  2.33891108e-19 
 1.50000000e-01  1.50000000e-01  1.00000000e+00 -5.06993430e-03  5.06995469e-03  5.75850111e-09 -2.61458639e-08  4.64109618e-18 
 1.60000000e-01  1.60000000e-01  1.00000000e+00 -5.33694171e-03  5.33696194e-03  5.85593675e-09 -2.60878570e-08  1.70485812e-18 
 1.70000000e-01  1.70000000e-01  1.00000000e+00 -5.59554243e-03  5.59556251e-03  5.95495140e-09 -2.60371220e-08  1.40299593e-18 
 1.80000000e-01  1.80000000e-01  1.00000000e+00 -5.84578321e-03  5.84580314e-03  6.05556914e-09 -2.59935320e-08  4.09629848e-18 
 1.90000000e-01  1.90000000e-01  1.00000000e+00 -6.08769993e-03  6.08771973e-03  6.15781440e-09 -2.59569742e-08  7.89368532e-19 
 2.00000000e-01  2.00000000e-01  1.00000000e+00 -6.32131686e-03  6.32133652e-03  6.26171204e-09 -2.59273500e-08  1.61168450e-18 
 2.10000000e-01  2.10000000e-01  1.00000000e+00 -6.54664590e-03  6.54666544e-03  6.36728730e-09 -2.59045754e-08  9.72220116e-19 
 2.20000000e-01  2.20000000e-01  1.00000000e+00 -6.76368608e-03  6.76370549e-03  6.47456587e-09 -2.58885813e-08  3.07869428e-18 
 2.30000000e-01  2.30000000e-01  1.00000000e+00 -6.97242339e-03  6.97244269e-03  6.58357385e-09 -2.58793142e-08  1.03725140e-18 
 2.40000000e-01  2.40000000e-01  1.00000000e+00 -7.17283122e-03  7.17285040e-03  6.69433783e-09 -2.58767362e-08  3.30458655e-19 
 2.50000000e-01  2.50000000e-01  1.00000000e+00 -7.36487168e-03  7.36489076e-03  6.80688483e-09 -2.58808256e-08  9.59072907e-19 
 2.60000000e-01  2.60000000e-01  1.00000000e+00 -7.54849826e-03  7.54851723e-03  6.92124237e-09 -2.58915763e-08  2.00565408e-18 
 2.70000000e-01  2.70000000e-01  1.00000000e+00 -7.72366010e-03  7.72367898e-03  7.03743842e-09 -2.59089970e-08  5.36347714e-18 
 2.80000000e-01  2.80000000e-01  1.00000000e+00 -7.89030857e-03  7.89032735e-03  7.15550140e-09 -2.59331091e-08  5.71277235e-18 
 2.90000000e-01  2.90000000e-01  1.00000000e+00 -8.04840625e-03  8.04842494e-03  7.27546015e-09 -2.59639442e-08  2.66520819e-18 
 3.00000000e-01  3.00000000e-01  1.00000000e+00 -8.19793858e-03  8.19795719e-03  7.39734387e-09 -2.60015385e-08  4.07039036e-20 
 3.10000000e-01  3.10000000e-01  1.00000000e+00 -8.33892765e-03  8.33894618e-03  7.52118206e-09 -2.60459277e-08  4.93443014e-19 
 3.20000000e-01  3.20000000e-01  1.00000000e+00 -8.47144706e-03  8.47146551e-03  7.64700441e-09 -2.60971391e-08  3.08135862e-18 
 3.30000000e-01  3.30000000e-01  1.00000000e+00 -8.59563607e-03  8.59565445e-03  7.77484070e-09 -2.61551840e-08  2.83475292e-18 
 3.40000000e-01  3.40000000e-01  1.00000000e+00 -8.71171061e-03  8.71172893e-03  7.90472074e-09 -2.62200499e-08  4.46764054e-18 
 3.50000000e-01  3.50000000e-01  1.00000000e+00 -8.81996877e-03  8.81998703e-03  8.03667422e-09 -2.62916946e-08  5.21858322e-18 
 3.60000000e-01  3.60000000e-01  1.00000000e+00 -8.92078898e-03  8.92080718e-03  8.17073072e-09 -2.63700430e-08  1.10451773e-18 
 3.70000000e-01  3.70000000e-01  1.00000000e+00 -9.01462046e-03  9.01463861e-03  8.30691966e-09 -2.64549865e-08  4.73221757e-18 
 3.80000000e-01  3.80000000e-01  1.00000000e+00 -9.10196714e-03  9.10198524e-03  8.44527038e-09 -2.65463870e-08  3.10599041e-18 
 3.90000000e-01  3.90000000e-01  1.00000000e+00 -9.18336744e-03  9.18338550e-03  8.58581216e-09 -2.66440823e-08  1.15356954e-19 
 4.00000000e-01  4.00000000e-01  1.00000000e+00 -9.25937304e-03  9.25939106e-03  8.72857439e-09 -2.67478937e-08  1.10588092e-18 
 4.10000000e-01  4.10000000e-01  1.00000000e+00 -9.33052925e-03  9.33054723e-03  8.87358657e-09 -2.68576340e-08  2.79295714e-18 
 4.20000000e-01  4.20000000e-01  1.00000000e+00 -9.39735913e-03  9.39737708e-03  9.02087851e-09 -2.69731142e-08  1.02511004e-18 
 4.30000000e-01  4.30000000e-01  1.00000000e+00 -9.46035199e-03  9.46036991e-03  9.17048035e-09 -2.70941499e-08  6.08556777e-19 
 4.40000000e-01  4.40000000e-01  1.00000000e+00 -9.51995643e-03  9.51997433e-03  9.32242263e-09 -2.72205655e-08  2.01519064e-18 
 4.50000000e-01  4.50000000e-01  1.00000000e+00 -9.57657716e-03  9.57659503e-03  9.47673636e-09 -2.73521967e-08  3.35854685e-18 
 4.60000000e-01  4.60000000e-01  1.00000000e+00 -9.63057478e-03  9.63059263e-03  9.63345301e-09 -2.74888925e-08  3.16143136e-18 
 4.70000000e-01  4.70000000e-01  1.00000000e+00 -9.68226759e-03  9.68228543e-03  9.79260456e-09 -2.76305157e-08  4.54224727e-19 
 4.80000000e-01  4.80000000e-01  1.00000000e+00 -9.73193467e-03  9.73195249e-03  9.95422349e-09 -2.77769424e-08  4.79066449e-18 
 4.90000000e-01  4.90000000e-01  1.00000000e+00 -9.77981951e-03  9.77983732e-03  1.01183427e-08 -2.79280621e-08  1.60109079e-20 
 5.00000000e-01  5.00000000e-01  1.00000000e+00 -9.82613400e-03  9.82615180e-03  1.02849958e-08 -2.80837762e-08  3.51460109e-18 
 5.10000000e-01  5.10000000e-01  1.00000000e+00 -9.87106214e-03  9.87107993e-03  1.04542166e-08 -2.82439976e-08  5.54946539e-18 
 5.20000000e-01  5.20000000e-01  1.00000000e+00 -9.91476370e-03  9.91478148e-03  1.06260395e-08 -2.84086493e-08  1.85597161e-18 
 5.30000000e-01  5.30000000e-01  1.00000000e+00 -9.95737740e-03  9.95739518e-03  1.08004994e-08 -2.85776636e-08  2.76825587e-18 
 5.40000000e-01  5.40000000e-01  1.00000000e+00 -9.99902385e-03  9.99904162e-03  1.09776317e-08 -2.87509811e-08  4.20455905e-20 
 5.50000000e-01  5.50000000e-01  1.00000000e+00 -1.00398080e-02  1.00398258e-02  1.11574722e-08 -2.89285502e-08  4.98693956e-18 
 5.60000000e-01  5.60000000e-01  1.00000000e+00 -1.00798215e-02  1.00798392e-02  1.13400570e-08 -2.91103259e-08  3.19728964e-18 
 5.70000000e-01  5.70000000e-01  1.00000000e+00 -1.01191442e-02  1.01191620e-02  1.15254228e-08 -2.92962695e-08  2.22832035e-18 
 5.80000000e-01  5.80000000e-01  1.00000000e+00 -1.01578464e-02  1.01578641e-02  1.17136067e-08 -2.94863476e-08  8.37215968e-19 
 5.90000000e-01  5.90000000e-01  1.00000000e+00 -1.01959894e-02  1.01960072e-02  1.19046462e-08 -2.96805322e-08  8.26078808e-19 
 6.00000000e-01  6.00000000e-01  1.00000000e+00 -1.02336277e-02  1.02336454e-02  1.20985793e-08 -2.98787996e-08  4.16450035e-18 
 6.10000000e-01  6.10000000e-01  1.00000000e+00 -1.02708089e-02  1.02708267e-02  1.22954443e-08 -3.00811305e-08  1.57911591e-18 
 6.20000000e-01  6.20000000e-01  1.00000000e+00 -1.03075754e-02  1.03075932e-02  1.24952801e-08 -3.02875094e-08  3.70152074e-18 
 6.30000000e-01  6.30000000e-01  1.00000000e+00 -1.03439647e-02  1.03439825e-02  1.26981257e-08 -3.04979244e-08  2.05607156e-18 
 6.40000000e-01  6.40000000e-01  1.00000000e+00 -1.03800103e-02  1.03800282e-02  1.29040209e-08 -3.07123667e-08  3.72021503e-18 
 6.50000000e-01  6.50000000e-01  1.00000000e+00 -1.04157420e-02  1.04157598e-02  1.31130057e-08 -3.09308309e-08  3.77425639e-18 
 6.60000000e-01  6.60000000e-01  1.00000000e+00 -1.04511863e-02  1.04512042e-02  1.33251204e-08 -3.11533141e-08  1.38588652e-18 
 6.70000000e-01  6.70000000e-01  1.00000000e+00 -1.04863672e-02  1.04863851e-02  1.35404060e-08 -3.13798162e-08  5.02887762e-19 
 6.80000000e-01  6.80000000e-01  1.00000000e+00 -1.05213061e-02  1.05213239e-02  1.37589037e-08 -3.16103397e-08  3.44154946e-18 
 6.90000000e-01  6.90000000e-01  1.00000000e+00 -1.05560222e-02  1.05560401e-02  1.39806552e-08 -3.18448893e-08  8.02299020e-19 
 7.00000000e-01  7.00000000e-01  1.00000000e+00 -1.05905330e-02  1.05905509e-02  1.42057025e-08 -3.20834721e-08  2.79088423e-18 
 7.10000000e-01  7.10000000e-01  1.00000000e+00 -1.06248543e-02  1.06248722e-02  1.44340883e-08 -3.23260971e-08  8.92157304e-19 
 7.20000000e-01  7.20000000e-01  1.00000000e+00 -1.06590002e-02  1.06590181e-02  1.46658553e-08 -3.25727755e-08  7.37931133e-19 
 7.30000000e-01  7.30000000e-01  1.00000000e+00 -1.06929839e-02  1.06930018e-02  1.49010470e-08 -3.28235202e-08  2.28846465e-18 
 7.40000000e-01  7.40000000e-01  1.00000000e+00 -1.07268169e-02  1.07268349e-02  1.51397070e-08 -3.30783462e-08  1.91031407e-18 
 7.50000000e-01  7.50000000e-01  1.00000000e+00 -1.07605103e-02  1.07605282e-02  1.53818794e-08 -3.33372700e-08  1.73531243e-18 
 7.60000000e-01  7.60000000e-01  1.00000000e+00 -1.07940737e-02  1.07940916e-02  1.56276090e-08 -3.36003099e-08  7.02858675e-19 
 7.70000000e-01  7.70000000e-01  1.00000000e+00 -1.08275161e-02  1.08275341e-02  1.58769405e-08 -3.38674856e-08  5.63918802e-18 
 7.80000000e-01  7.80000000e-01  1.00000000e+00 -1.08608460e-02  1.08608640e-02  1.61299194e-08 -3.41388187e-08  5.61307889e-18 
 7.90000000e-01  7.90000000e-01  1.00000000e+00 -1.08940708e-02  1.08940888e-02  1.63865915e-08 -3.44143319e-08  3.71774672e-19 
 8.00000000e-01  8.00000000e-01  1.00000000e+00 -1.09271976e-02  1.09272157e-02  1.66470029e-08 -3.46940496e-08  2.38860644e-18 
 8.10000000e-01  8.10000000e-01  1.00000000e+00 -1.09602330e-02  1.09602510e-02  1.69112004e-08 -3.49779974e-08  2.45053580e-18 
 8.20000000e-01  8.20000000e-01  1.00000000e+00 -1.09931829e-02  1.09932009e-02  1.71792308e-08 -3.52662025e-08  1.13101067e-18 
 8.30000000e-01  8.30000000e-01  1.00000000e+00 -1.10260530e-02  1.10260711e-02  1.74511417e-08 -3.55586929e-08  1.36365025e-18 
 8.40000000e-01  8.40000000e-01  1.00000000e+00 -1.10588485e-02  1.10588667e-02  1.77269808e-08 -3.58554984e-08  1.66872770e-18 
 8.50000000e-01  8.50000000e-01  1.00000000e+00 -1.10915745e-02  1.10915927e-02  1.80067965e-08 -3.61566497e-08  2.86161809e-18 
 8.60000000e-01  8.60000000e-01  1.00000000e+00 -1.11242356e-02  1.11242538e-02  1.82906374e-08 -3.64621787e-08  5.52712159e-19 
 8.70000000e-01  8.70000000e-01  1.00000000e+00 -1.11568362e-02  1.11568544e-02  1.85785525e-08 -3.67721185e-08  4.05666247e-18 
 8.80000000e-01  8.80000000e-01  1.00000000e+00 -1.11893806e-02  1.11893988e-02  1.88705913e-08 -3.70865034e-08  1.98469746e-18 
 8.90000000e-01  8.90000000e-01  1.00000000e+00 -1.12218728e-02  1.12218910e-02  1.91668038e-08 -3.74053684e-08  1.07713143e-18 
 9.00000000e-01  9.00000000e-01  1.00000000e+00 -1.12543167e-02  1.12543350e-02  1.94672403e-08 -3.77287501e-08  5.94215119e-18 
 9.10000000e-01  9.10000000e-01  1.00000000e+00 -1.12867162e-02  1.12867345e-02  1.97719513e-08 -3.80566858e-08  2.96435062e-19 
 9.20000000e-01  9.20000000e-01  1.00000000e+00 -1.13190751e-02  1.13190934e-02  2.00809881e-08 -3.83892138e-08  3.93532500e-18 
 9.30000000e-01  9.30000000e-01  1.00000000e+00 -1.13513970e-02  1.13514153e-02  2.03944022e-08 -3.87263734e-08  3.75248831e-18 
 9.40000000e-01  9.40000000e-01  1.00000000e+00 -1.13836856e-02  1.13837039e-02  2.07122455e-08 -3.90682051e-08  4.28678081e-19 
 9.50000000e-01  9.50000000e-01  1.00000000e+00 -1.14159446e-02  1.14159629e-02  2.10345703e-08 -3.94147501e-08  4.34752895e-18 
 9.60000000e-01  9.60000000e-01  1.00000000e+00 -1.14481776e-02  1.14481960e-02  2.13614294e-08 -3.97660509e-08  3.60633873e-18 
 9.70000000e-01  9.70000000e-01  1.00000000e+00 -1.14803886e-02  1.14804070e-02  2.16928758e-08 -4.01221514e-08  3.96007424e-18 
 9.80000000e-01  9.80000000e-01  1.00000000e+00 -1.15125812e-02  1.15125997e-02  2.20289632e-08 -4.04830977e-08  7.02746179e-19 
 9.90000000e-01  9.90000000e-01  1.00000000e+00 -1.15447595e-02  1.15447780e-02  2.23697455e-08 -4.08489339e-08  3.38882662e-19 
 1.00000000e+00  1.00000000e+00  1.00000000e+00 -1.15769274e-02  1.15769459e-02  2.27152770e-08 -4.12196283e-08  3.31983645e-18 
 1.01000000e+00  1.01000000e+00  1.00000000e+00 -1.16090892e-02  1.16091078e-02  2.30656125e-08 -4.15951061e-08  3.47596844e-18 
 1.02000000e+00  1.02000000e+00  1.00000000e+00 -1.16412492e-02  1.16412678e-02  2.34208071e-08 -4.19753793e-08  1.46689232e-18 
 1.03000000e+00  1.03000000e+00  1.00000000e+00 -1.16734119e-02  1.16734304e-02  2.37809163e-08 -4.23604881e-08  5.95385414e-18 
 1.04000000e+00  1.04000000e+00  1.00000000e+00 -1.17055819e-02  1.17056005e-02  2.41459961e-08 -4.27504772e-08  3.36706846e-18 
 1.05000000e+00  1.05000000e+00  1.00000000e+00 -1.17377642e-02  1.17377828e-02  2.45161027e-08 -4.31453922e-08  7.25175346e-18 
 1.06000000e+00  1.06000000e+00  1.00000000e+00 -1.17699638e-02  1.17699825e-02  2.48912930e-08 -4.35452791e-08  4.72823386e-18 
 1.07000000e+00  1.07000000e+00  1.00000000e+00 -1.18021862e-02  1.18022048e-02  2.52716240e-08 -4.39501838e-08  3.85668990e-18 
 1.08000000e+00  1.08000000e+00  1.00000000e+00 -1.18344368e-02  1.18344555e-02  2.56571532e-08 -4.43601524e-08  1.01028531e-19 
 1.09000000e+00  1.09000000e+00  1.00000000e+00 -1.18667215e-02  1.18667402e-02  2.60479385e-08 -4.47752308e-08  2.40700294e-18 
 1.10000000e+00  1.10000000e+00  1.00000000e+00 -1.18990465e-02  1.18990652e-02  2.64440381e-08 -4.51954648e-08  8.01901973e-19 
 1.11000000e+00  1.11000000e+00  1.00000000e+00 -1.19314180e-02  1.19314368e-02  2.68455107e-08 -4.56209003e-08  9.87819088e-19 
 1.12000000e+00  1.12000000e+00  1.00000000e+00 -1.19638428e-02  1.19638616e-02  2.72524154e-08 -4.60515828e-08  1.75167737e-18 
 1.13000000e+00  1.13000000e+00  1.00000000e+00 -1.19963277e-02  1.19963465e-02  2.76648115e-08 -4.64875578e-08  6.06478899e-19 
 1.14000000e+00  1.14000000e+00  1.00000000e+00 -1.20288801e-02  1.20288989e-02  2.80827588e-08 -4.69288705e-08  1.58048407e-18 
 1.15000000e+00  1.15000000e+00  1.00000000e+00 -1.20615074e-02  1.20615263e-02  2.85063176e-08 -4.73755659e-08  1.87782241e-18 
 1.16000000e+00  1.16000000e+00  1.00000000e+00 -1.20942176e-02  1.20942365e-02  2.89355482e-08 -4.78276888e-08  2.56292979e-18 
 1.17000000e+00  1.17000000e+00  1.00000000e+00 -1.21270189e-02  1.21270378e-02  2.93705118e-08 -4.82852838e-08  4.39816564e-18 
 1.18000000e+00  1.18000000e+00  1.00000000e+00 -1.21599196e-02  1.21599385e-02  2.98112694e-08 -4.87483951e-08  2.49212975e-20 
 1.19000000e+00  1.19000000e+00  1.00000000e+00 -1.21929286e-02  1.21929476e-02  3.02578829e-08 -4.92170666e-08  1.66521383e-18 
 1.20000000e+00  1.20000000e+00  1.00000000e+00 -1.22260551e-02  1.22260741e-02  3.07104141e-08 -4.96913418e-08  2.13791778e-18 
 0.00000000e+00  0.00000000e+00  1.10000000e+00  1.80838404e-08  1.80838404e-08  2.06491276e-08 -5.68168084e-08  1.57216263e-18 
 1.00000000e-02  1.00000000e-02  1.10000000e+00 -4.16719178e-04  4.16755023e-04  2.09759472e-08 -5.68206855e-08  1.82214985e-18 
 2.00000000e-02  2.00000000e-02  1.10000000e+00 -8.24593198e-04  8.24628670e-04  2.13074837e-08 -5.67790493e-08  1.14857337e-18 
 3.00000000e-02  3.00000000e-02  1.10000000e+00 -1.22369754e-03  1.22373264e-03  2.16437939e-08 -5.67419508e-08  1.42131467e-18 
 4.00000000e-02  4.00000000e-02  1.10000000e+00 -1.61412759e-03  1.61416233e-03  2.19849358e-08 -5.67231920e-08  3.29484236e-18 
 5.00000000e-02  5.00000000e-02  1.10000000e+00 -1.99597912e-03  1.99601351e-03  2.23309678e-08 -5.67233479e-08  5.23103725e-18 
 6.00000000e-02  6.00000000e-02  1.10000000e+00 -2.36934730e-03  2.36938136e-03  2.26819489e-08 -5.67414579e-08  1.14659806e-18 
 7.00000000e-02  7.00000000e-02  1.10000000e+00 -2.73432599e-03  2.73435973e-03  2.30379385e-08 -5.67766455e-08  1.37563775e-18 
 8.00000000e-02  8.00000000e-02  1.10000000e+00 -3.09100709e-03  3.09104052e-03  2.33989963e-08 -5.68282354e-08  1.91425145e-18 
 9.00000000e-02  9.00000000e-02  1.10000000e+00 -3.43948014e-03  3.43951328e-03  2.37651826e-08 -5.68957014e-08  3.30885480e-19 
 1.00000000e-01  1.00000000e-01  1.10000000e+00 -3.77983187e-03  3.77986471e-03  2.41365582e-08 -5.69786168e-08  1.33579743e-18 
 1.10000000e-01  1.10000000e-01  1.10000000e+00 -4.11214583e-03  4.11217839e-03  2.45131844e-08 -5.70766224e-08  3.53755039e-18 
 1.20000000e-01  1.20000000e-01  1.10000000e+00 -4.43650202e-03  4.43653432e-03  2.48951227e-08 -5.71894065e-08  5.23509375e-19 
 1.30000000e-01  1.30000000e-01  1.10000000e+00 -4.75297657e-03  4.75300861e-03  2.52824354e-08 -5.73166933e-08  2.22404051e-18 
 1.40000000e-01  1.40000000e-01  1.10000000e+00 -5.06164132e-03  5.06167310e-03  2.56751852e-08 -5.74582346e-08  6.29319010e-19 
 1.50000000e-01  1.50000000e-01  1.10000000e+00 -5.36256342e-03  5.36259496e-03  2.60734350e-08 -5.76138060e-08  1.66951517e-18 
 1.60000000e-01  1.60000000e-01  1.10000000e+00 -5.65580495e-03  5.65583625e-03  2.64772486e-08 -5.77832030e-08  2.14769505e-18 
 1.70000000e-01  1.70000000e-01  1.10000000e+00 -5.94142237e-03  5.94145345e-03  2.68866901e-08 -5.79662394e-08  8.17413264e-19 
 1.80000000e-01  1.80000000e-01  1.10000000e+00 -6.21946607e-03  6.21949693e-03  2.73018240e-08 -5.81627459e-08  1.60453187e-19 
 1.90000000e-01  1.90000000e-01  1.10000000e+00 -6.48997974e-03  6.49001039e-03  2.77227155e-08 -5.83725694e-08  1.29644679e-18 
 2.00000000e-01  2.00000000e-01  1.10000000e+00 -6.75299979e-03  6.75303024e-03  2.81494301e-08 -5.85955730e-08  3.73405541e-18 
 2.10000000e-01  2.10000000e-01  1.10000000e+00 -7.00855464e-03  7.00858489e-03  2.85820339e-08 -5.88316353e-08  1.61857077e-18 
 2.20000000e-01  2.20000000e-01  1.10000000e+00 -7.25666403e-03  7.25669409e-03  2.90205935e-08 -5.90806511e-08  2.26867849e-18 
 2.30000000e-01  2.30000000e-01  1.10000000e+00 -7.49733824e-03  7.49736812e-03  2.94651761e-08 -5.93425315e-08  2.65212964e-18 
 2.40000000e-01  2.40000000e-01  1.10000000e+00 -7.73057741e-03  7.73060712e-03  2.99158494e-08 -5.96172043e-08  5.93584808e-21 
 2.50000000e-01  2.50000000e-01  1.10000000e+00 -7.95637087e-03  7.95640040e-03  3.03726815e-08 -5.99046152e-08  2.81512724e-18 
 2.60000000e-01  2.60000000e-01  1.10000000e+00 -8.17469659e-03  8.17472596e-03  3.08357413e-08 -6.02047277e-08  5.30633054e-18 
 2.70000000e-01  2.70000000e-01  1.10000000e+00 -8.38552100e-03  8.38555021e-03  3.13050979e-08 -6.05175242e-08  1.73044199e-18 
 2.80000000e-01  2.80000000e-01  1.10000000e+00 -8.58879910e-03  8.58882816e-03  3.17808214e-08 -6.08430066e-08  4.65339387e-18 
 2.90000000e-01  2.90000000e-01  1.10000000e+00 -8.78447535e-03  8.78450426e-03  3.22629821e-08 -6.11811963e-08  4.81871750e-18 
 3.00000000e-01  3.00000000e-01  1.10000000e+00 -8.97248538e-03  8.97251417e-03  3.27516510e-08 -6.15321342e-08  3.48331712e-18 
 3.10000000e-01  3.10000000e-01  1.10000000e+00 -9.15275903e-03  9.15278768e-03  3.32468998e-08 -6.18958797e-08  1.60321499e-18 
 3.20000000e-01  3.20000000e-01  1.10000000e+00 -9.32522483e-03  9.32525335e-03  3.37488006e-08 -6.22725090e-08  5.35285118e-19 
 3.30000000e-01  3.30000000e-01  1.10000000e+00 -9.48981653e-03  9.48984493e-03  3.42574261e-08 -6.26621117e-08  2.58842681e-18 
 3.40000000e-01  3.40000000e-01  1.10000000e+00 -9.64648152e-03  9.64650981e-03  3.47728493e-08 -6.30647862e-08  6.07879812e-18 
 3.50000000e-01  3.50000000e-01  1.10000000e+00 -9.79519127e-03  9.79521945e-03  3.52951438e-08 -6.34806335e-08  2.25438481e-18 
 3.60000000e-01  3.60000000e-01  1.10000000e+00 -9.93595313e-03  9.93598122e-03  3.58243835e-08 -6.39097488e-08  3.31823172e-18 
 3.70000000e-01  3.70000000e-01  1.10000000e+00 -1.00688226e-02  1.00688506e-02  3.63606424e-08 -6.43522129e-08  3.62807372e-18 
 3.80000000e-01  3.80000000e-01  1.10000000e+00 -1.01939146e-02  1.01939425e-02  3.69039949e-08 -6.48080824e-08  3.79947216e-18 
 3.90000000e-01  3.90000000e-01  1.10000000e+00 -1.03114115e-02  1.03114393e-02  3.74545153e-08 -6.52773814e-08  2.54692219e-19 
 4.00000000e-01  4.00000000e-01  1.10000000e+00 -1.04215672e-02  1.04215949e-02  3.80122776e-08 -6.57600948e-08  3.94217075e-18 
 4.10000000e-01  4.10000000e-01  1.10000000e+00 -1.05247052e-02  1.05247329e-02  3.85773563e-08 -6.62561652e-08  4.04058539e-18 
 4.20000000e-01  4.20000000e-01  1.10000000e+00 -1.06212108e-02  1.06212384e-02  3.91498253e-08 -6.67654931e-08  7.79666035e-18 
 4.30000000e-01  4.30000000e-01  1.10000000e+00 -1.07115181e-02  1.07115457e-02  3.97297588e-08 -6.72879414e-08  3.58578825e-18 
 4.40000000e-01  4.40000000e-01  1.10000000e+00 -1.07960946e-02  1.07961221e-02  4.03172308e-08 -6.78233418e-08  5.11601944e-18 
 4.50000000e-01  4.50000000e-01  1.10000000e+00 -1.08754236e-02  1.08754511e-02  4.09123155e-08 -6.83715041e-08  4.15317459e-18 
 4.60000000e-01  4.60000000e-01  1.10000000e+00 -1.09499885e-02  1.09500159e-02  4.15150872e-08 -6.89322256e-08  1.07722077e-18 
 4.70000000e-01  4.70000000e-01  1.10000000e+00 -1.10202587e-02  1.10202861e-02  4.21256207e-08 -6.95052993e-08  3.53519127e-18 
 4.80000000e-01  4.80000000e-01  1.10000000e+00 -1.10866799e-02  1.10867072e-02  4.27439908e-08 -7.00905217e-08  5.90229763e-19 
 4.90000000e-01  4.90000000e-01  1.10000000e+00 -1.11496664e-02  1.11496937e-02  4.33702730e-08 -7.06876982e-08  1.47868130e-18 
 5.00000000e-01  5.00000000e-01  1.10000000e+00 -1.12095976e-02  1.12096249e-02  4.40045430e-08 -7.12966474e-08  5.50703765e-20 
 5.10000000e-01  5.10000000e-01  1.10000000e+00 -1.12668163e-02  1.12668435e-02  4.46468772e-08 -7.19172033e-08  4.68485982e-18 
 5.20000000e-01  5.20000000e-01  1.10000000e+00 -1.13216295e-02  1.13216567e-02  4.52973524e-08 -7.25492169e-08  2.45756683e-18 
 5.30000000e-01  5.30000000e-01  1.10000000e+00 -1.13743098e-02  1.13743370e-02  4.59560457e-08 -7.31925559e-08  1.15105160e-18 
 5.40000000e-01  5.40000000e-01  1.10000000e+00 -1.14250982e-02  1.14251255e-02  4.66230348e-08 -7.38471046e-08  1.63606399e-18 
 5.50000000e-01  5.50000000e-01  1.10000000e+00 -1.14742069e-02  1.14742341e-02  4.72983981e-08 -7.45127633e-08  2.82408064e-18 
 5.60000000e-01  5.60000000e-01  1.10000000e+00 -1.15218220e-02  1.15218492e-02  4.79822142e-08 -7.51894471e-08  4.13089366e-18 
 5.70000000e-01  5.70000000e-01  1.10000000e+00 -1.15681069e-02  1.15681341e-02  4.86745621e-08 -7.58770844e-08  4.12831285e-18 
 5.80000000e-01  5.80000000e-01  1.10000000e+00 -1.16132048e-02  1.16132320e-02  4.93755215e-08 -7.65756163e-08  8.40872106e-19 
 5.90000000e-01  5.90000000e-01  1.10000000e+00 -1.16572412e-02  1.16572684e-02  5.00851722e-08 -7.72849950e-08  1.42678729e-18 
 6.00000000e-01  6.00000000e-01  1.10000000e+00 -1.17003264e-02  1.17003536e-02  5.08035947e-08 -7.80051831e-08  1.58820001e-18 
 6.10000000e-01  6.10000000e-01  1.10000000e+00 -1.17425570e-02  1.17425842e-02  5.15308697e-08 -7.87361524e-08  7.78681359e-19 
 6.20000000e-01  6.20000000e-01  1.10000000e+00 -1.17840183e-02  1.17840455e-02  5.22670783e-08 -7.94778828e-08  3.95805261e-18 
 6.30000000e-01  6.30000000e-01  1.10000000e+00 -1.18247853e-02  1.18248126e-02  5.30123023e-08 -8.02303620e-08  6.02604385e-18 
 6.40000000e-01  6.40000000e-01  1.10000000e+00 -1.18649244e-02  1.18649516e-02  5.37666233e-08 -8.09935845e-08  3.58665514e-21 
 6.50000000e-01  6.50000000e-01  1.10000000e+00 -1.19044941e-02  1.19045213e-02  5.45301237e-08 -8.17675508e-08  6.52446980e-18 
 6.60000000e-01  6.60000000e-01  1.10000000e+00 -1.19435465e-02  1.19435738e-02  5.53028862e-08 -8.25522672e-08  4.48055283e-18 
 6.70000000e-01  6.70000000e-01  1.10000000e+00 -1.19821279e-02  1.19821552e-02  5.60849936e-08 -8.33477450e-08  6.90126711e-19 
 6.80000000e-01  6.80000000e-01  1.10000000e+00 -1.20202795e-02  1.20203068e-02  5.68765293e-08 -8.41540003e-08  1.94269653e-18 
 6.90000000e-01  6.90000000e-01  1.10000000e+00 -1.20580382e-02  1.20580655e-02  5.76775769e-08 -8.49710535e-08  2.43311538e-18 
 7.00000000e-01  7.00000000e-01  1.10000000e+00 -1.20954367e-02  1.20954640e-02  5.84882204e-08 -8.57989289e-08  9.43349858e-19 
 7.10000000e-01  7.10000000e-01  1.10000000e+00 -1.21325048e-02  1.21325321e-02  5.93085439e-08 -8.66376545e-08  9.84841237e-19 
 7.20000000e-01  7.20000000e-01  1.10000000e+00 -1.21692688e-02  1.21692962e-02  6.01386322e-08 -8.74872617e-08  2.61385103e-18 
 7.30000000e-01  7.30000000e-01  1.10000000e+00 -1.22057529e-02  1.22057802e-02  6.09785702e-08 -8.83477850e-08  2.31551015e-18 
 7.40000000e-01  7.40000000e-01  1.10000000e+00 -1.22419784e-02  1.22420058e-02  6.18284430e-08 -8.92192619e-08  3.41104138e-18 
 7.50000000e-01  7.50000000e-01  1.10000000e+00 -1.22779651e-02  1.22779925e-02  6.26883361e-08 -9.01017327e-08  7.66604522e-19 
 7.60000000e-01  7.60000000e-01  1.10000000e+00 -1.23137305e-02  1.23137580e-02  6.35583354e-08 -9.09952402e-08  2.23783458e-18 
 7.70000000e-01  7.70000000e-01  1.10000000e+00 -1.23492909e-02  1.23493183e-02  6.44385269e-08 -9.18998295e-08  1.29053410e-19 
 7.80000000e-01  7.80000000e-01  1.10000000e+00 -1.23846607e-02  1.23846882e-02  6.53289971e-08 -9.28155483e-08  9.44335857e-19 
 7.90000000e-01  7.90000000e-01  1.10000000e+00 -1.24198535e-02  1.24198810e-02  6.62298326e-08 -9.37424462e-08  1.01793508e-18 
 8.00000000e-01  8.00000000e-01  1.10000000e+00 -1.24548813e-02  1.24549089e-02  6.71411204e-08 -9.46805748e-08  3.22208686e-18 
 8.10000000e-01  8.10000000e-01  1.10000000e+00 -1.24897554e-02  1.24897830e-02  6.80629478e-08 -9.56299880e-08  4.66860738e-19 
 8.20000000e-01  8.20000000e-01  1.10000000e+00 -1.25244860e-02  1.25245136e-02  6.89954023e-08 -9.65907410e-08  1.35126901e-18 
 8.30000000e-01  8.30000000e-01  1.10000000e+00 -1.25590826e-02  1.25591103e-02  6.99385716e-08 -9.75628912e-08  5.09168710e-18 
 8.40000000e-01  8.40000000e-01  1.10000000e+00 -1.25935539e-02  1.25935816e-02  7.08925439e-08 -9.85464974e-08  1.45106008e-18 
 8.50000000e-01  8.50000000e-01  1.10000000e+00 -1.26279079e-02  1.26279356e-02  7.18574074e-08 -9.95416201e-08  3.86487899e-18 
 8.60000000e-01  8.60000000e-01  1.10000000e+00 -1.26621520e-02  1.26621797e-02  7.28332509e-08 -1.00548321e-07  3.12621332e-19 
 8.70000000e-01  8.70000000e-01  1.10000000e+00 -1.26962933e-02  1.26963211e-02  7.38201631e-08 -1.01566664e-07  5.26430977e-19 
 8.80000000e-01  8.80000000e-01  1.10000000e+00 -1.27303382e-02  1.27303660e-02  7.48182333e-08 -1.02596714e-07  1.82196787e-18 
 8.90000000e-01  8.90000000e-01  1.10000000e+00 -1.27642927e-02  1.27643205e-02  7.58275508e-08 -1.03638537e-07  9.79686248e-19 
 9.00000000e-01  9.00000000e-01  1.10000000e+00 -1.27981627e-02  1.27981905e-02  7.68482052e-08 -1.04692200e-07  3.00684785e-18 
 9.10000000e-01  9.10000000e-01  1.10000000e+00 -1.28319534e-02  1.28319813e-02  7.78802866e-08 -1.05757773e-07  3.20191689e-19 
 9.20000000e-01  9.20000000e-01  1.10000000e+00 -1.28656700e-02  1.28656980e-02  7.89238850e-08 -1.06835324e-07  1.43077100e-18 
 9.30000000e-01  9.30000000e-01  1.10000000e+00 -1.28993175e-02  1.28993455e-02  7.99790909e-08 -1.07924925e-07  3.09959796e-18 
 9.40000000e-01  9.40000000e-01  1.10000000e+00 -1.29329006e-02  1.29329285e-02  8.10459950e-08 -1.09026648e-07  5.52940461e-19 
 9.50000000e-01  9.50000000e-01  1.10000000e+00 -1.29664237e-02  1.29664517e-02  8.21246881e-08 -1.10140567e-07  3.50912515e-18 
 9.60000000e-01  9.60000000e-01  1.10000000e+00 -1.29998915e-02  1.29999195e-02  8.32152615e-08 -1.11266755e-07  5.17934177e-19 
 9.70000000e-01  9.70000000e-01  1.10000000e+00 -1.30333082e-02  1.30333363e-02  8.43178066e-08 -1.12405287e-07  1.85742414e-18 
 9.80000000e-01  9.80000000e-01  1.10000000e+00 -1.30666782e-02  1.30667063e-02  8.54324150e-08 -1.13556240e-07  1.07387896e-18 
 9.90000000e-01  9.90000000e-01  1.10000000e+00 -1.31000057e-02  1.31000339e-02  8.65591787e-08 -1.14719691e-07  1.62041373e-18 
 1.00000000e+00  1.00000000e+00  1.10000000e+00 -1.31332951e-02  1.31333233e-02  8.76981897e-08 -1.15895718e-07  1.41101131e-18 
 1.01000000e+00  1.01000000e+00  1.10000000e+00 -1.31665508e-02  1.31665790e-02  8.88495406e-08 -1.17084399e-07  1.31859207e-19 
 1.02000000e+00  1.02000000e+00  1.10000000e+00 -1.31997770e-02  1.31998053e-02  9.00133239e-08 -1.18285815e-07  3.26189741e-18 
 1.03000000e+00  1.03000000e+00  1.10000000e+00 -1.32329783e-02  1.32330066e-02  9.11896326e-08 -1.19500045e-07  1.81224023e-18 
 1.04000000e+00  1.04000000e+00  1.10000000e+00 -1.32661593e-02  1.32661877e-02  9.23785596e-08 -1.20727172e-07  5.05645582e-18 
 1.05000000e+00  1.05000000e+00  1.10000000e+00 -1.32993248e-02  1.32993531e-02  9.35801985e-08 -1.21967277e-07  2.64832792e-18 
 1.06000000e+00  1.06000000e+00  1.10000000e+00 -1.33324795e-02  1.33325079e-02  9.47946428e-08 -1.23220443e-07  3.51733078e-18 
 1.07000000e+00  1.07000000e+00  1.10000000e+00 -1.33656285e-02  1.33656570e-02  9.60219863e-08 -1.24486755e-07  5.35884659e-18 
 1.08000000e+00  1.08000000e+00  1.10000000e+00 -1.33987771e-02  1.33988056e-02  9.72623231e-08 -1.25766300e-07  4.13136350e-18 
 1.09000000e+00  1.09000000e+00  1.10000000e+00 -1.34319308e-02  1.34319593e-02  9.85157475e-08 -1.27059161e-07  6.61823899e-19 
 1.10000000e+00  1.10000000e+00  1.10000000e+00 -1.34650952e-02  1.34651238e-02  9.97823541e-08 -1.28365348e-07  1.29781329e-18 
 1.11000000e+00  1.11000000e+00  1.10000000e+00 -1.34982763e-02  1.34983049e-02  1.01062238e-07 -1.29684825e-07  2.61993908e-18 
 1.12000000e+00  1.12000000e+00  1.10000000e+00 -1.35314802e-02  1.35315089e-02  1.02355493e-07 -1.31017643e-07  2.41757762e-18 
 1.13000000e+00  1.13000000e+00  1.10000000e+00 -1.35647135e-02  1.35647422e-02  1.03662216e-07 -1.32363884e-07  1.20016628e-18 
 1.14000000e+00  1.14000000e+00  1.10000000e+00 -1.35979828e-02  1.35980115e-02  1.04982502e-07 -1.33723631e-07  2.25424584e-18 
 1.15000000e+00  1.15000000e+00  1.10000000e+00 -1.36312953e-02  1.36313241e-02  1.06316446e-07 -1.35096968e-07  3.00439939e-18 
 1.16000000e+00  1.16000000e+00  1.10000000e+00 -1.36646583e-02  1.36646871e-02  1.07664145e-07 -1.36483982e-07  1.54124262e-18 
 1.17000000e+00  1.17000000e+00  1.10000000e+00 -1.36980794e-02  1.36981083e-02  1.09025694e-07 -1.37884756e-07  2.34764446e-18 
 1.18000000e+00  1.18000000e+00  1.10000000e+00 -1.37315668e-02  1.37315957e-02  1.10401191e-07 -1.39299377e-07  2.50957333e-18 
 1.19000000e+00  1.19000000e+00  1.10000000e+00 -1.37651287e-02  1.37651576e-02  1.11790731e-07 -1.40727929e-07  4.20771557e-18 
 1.20000000e+00  1.20000000e+00  1.10000000e+00 -1.37987738e-02  1.37988028e-02  1.13194412e-07 -1.42170495e-07  7.72613162e-19 
 0.00000000e+00  0.00000000e+00  1.20000000e+00  2.71402094e-08  2.71402094e-08  8.00048482e-08 -1.34285267e-07  2.89997611e-18 
 1.00000000e-02  1.00000000e-02  1.20000000e+00 -4.26466073e-04  4.26519889e-04  8.10959683e-08 -1.34911997e-07  6.88214270e-22 
 2.00000000e-02  2.00000000e-02  1.20000000e+00 -8.44948469e-04  8.45001743e-04  8.21995233e-08 -1.35473912e-07  2.77122711e-18 
 3.00000000e-02  3.00000000e-02  1.20000000e+00 -1.25549714e-03  1.25554987e-03  8.33156101e-08 -1.36046859e-07  1.14311067e-18 
 4.00000000e-02  4.00000000e-02  1.20000000e+00 -1.65818994e-03  1.65824215e-03  8.44443286e-08 -1.36651618e-07  3.40319309e-18 
 5.00000000e-02  5.00000000e-02  1.20000000e+00 -2.05310480e-03  2.05315651e-03  8.55857802e-08 -1.37289075e-07  1.93703200e-18 
 6.00000000e-02  6.00000000e-02  1.20000000e+00 -2.44031910e-03  2.44037032e-03  8.67400664e-08 -1.37957826e-07  5.24960580e-18 
 7.00000000e-02  7.00000000e-02  1.20000000e+00 -2.81990929e-03  2.81996004e-03  8.79072892e-08 -1.38656602e-07  1.00753246e-18 
 8.00000000e-02  8.00000000e-02  1.20000000e+00 -3.19195053e-03  3.19200083e-03  8.90875507e-08 -1.39384437e-07  1.01497046e-18 
 9.00000000e-02  9.00000000e-02  1.20000000e+00 -3.55651640e-03  3.55656626e-03  9.02809533e-08 -1.40140586e-07  2.35054290e-18 
 1.00000000e-01  1.00000000e-01  1.20000000e+00 -3.91367864e-03  3.91372808e-03  9.14875999e-08 -1.40924451e-07  4.40300961e-18 
 1.10000000e-01  1.10000000e-01  1.20000000e+00 -4.26350694e-03  4.26355597e-03  9.27075933e-08 -1.41735534e-07  2.38161842e-19 
 1.20000000e-01  1.20000000e-01  1.20000000e+00 -4.60606871e-03  4.60611734e-03  9.39410368e-08 -1.42573406e-07  2.14740057e-18 
 1.30000000e-01  1.30000000e-01  1.20000000e+00 -4.94142882e-03  4.94147707e-03  9.51880342e-08 -1.43437686e-07  7.05803438e-18 
 1.40000000e-01  1.40000000e-01  1.20000000e+00 -5.26964944e-03  5.26969732e-03  9.64486891e-08 -1.44328035e-07  1.08078757e-18 
 1.50000000e-01  1.50000000e-01  1.20000000e+00 -5.59078976e-03  5.59083728e-03  9.77231059e-08 -1.45244142e-07  2.94992459e-19 
 1.60000000e-01  1.60000000e-01  1.20000000e+00 -5.90490573e-03  5.90495290e-03  9.90113890e-08 -1.46185726e-07  2.73317680e-18 
 1.70000000e-01  1.70000000e-01  1.20000000e+00 -6.21204980e-03  6.21209664e-03  1.00313643e-07 -1.47152528e-07  1.59800706e-18 
 1.80000000e-01  1.80000000e-01  1.20000000e+00 -6.51227063e-03  6.51231715e-03  1.01629974e-07 -1.48144309e-07  3.64822384e-18 
 1.90000000e-01  1.90000000e-01  1.20000000e+00 -6.80561271e-03  6.80565891e-03  1.02960486e-07 -1.49160852e-07  1.85974025e-18 
 2.00000000e-01  2.00000000e-01  1.20000000e+00 -7.09211602e-03  7.09216191e-03  1.04305285e-07 -1.50201956e-07  1.17795813e-18 
 2.10000000e-01  2.10000000e-01  1.20000000e+00 -7.37181558e-03  7.37186118e-03  1.05664477e-07 -1.51267442e-07  2.11637799e-18 
 2.20000000e-01  2.20000000e-01  1.20000000e+00 -7.64474102e-03  7.64478634e-03  1.07038170e-07 -1.52357144e-07  2.32405988e-18 
 2.30000000e-01  2.30000000e-01  1.20000000e+00 -7.91091605e-03  7.91096110e-03  1.08426468e-07 -1.53470918e-07  1.28019766e-18 
 2.40000000e-01  2.40000000e-01  1.20000000e+00 -8.17035792e-03  8.17040269e-03  1.09829481e-07 -1.54608635e-07  2.71169657e-18 
 2.50000000e-01  2.50000000e-01  1.20000000e+00 -8.42307677e-03  8.42312130e-03  1.11247313e-07 -1.55770187e-07  1.33751796e-19 
 2.60000000e-01  2.60000000e-01  1.20000000e+00 -8.66907508e-03  8.66911936e-03  1.12680075e-07 -1.56955484e-07  1.51939182e-18 
 2.70000000e-01  2.70000000e-01  1.20000000e+00 -8.90834694e-03  8.90839097e-03  1.14127873e-07 -1.58164453e-07  8.20986684e-19 
 2.80000000e-01  2.80000000e-01  1.20000000e+00 -9.14087741e-03  9.14092122e-03  1.15590816e-07 -1.59397044e-07  5.71998702e-19 
 2.90000000e-01  2.90000000e-01  1.20000000e+00 -9.36664199e-03  9.36668557e-03  1.17069012e-07 -1.60653227e-07  8.01205818e-18 
 3.00000000e-01  3.00000000e-01  1.20000000e+00 -9.58560605e-03  9.58564942e-03  1.18562572e-07 -1.61932995e-07  8.73383613e-18 
 3.10000000e-01  3.10000000e-01  1.20000000e+00 -9.79772460e-03  9.79776776e-03  1.20071605e-07 -1.63236361e-07  8.23713071e-19 
 3.20000000e-01  3.20000000e-01  1.20000000e+00 -1.00029423e-02  1.00029853e-02  1.21596220e-07 -1.64563365e-07  1.87856026e-19 
 3.30000000e-01  3.30000000e-01  1.20000000e+00 -1.02011941e-02  1.02012369e-02  1.23136528e-07 -1.65914069e-07  1.15545882e-18 
 3.40000000e-01  3.40000000e-01  1.20000000e+00 -1.03924061e-02  1.03924487e-02  1.24692641e-07 -1.67288557e-07  1.38278129e-18 
 3.50000000e-01  3.50000000e-01  1.20000000e+00 -1.05764982e-02  1.05765406e-02  1.26264669e-07 -1.68686940e-07  1.01516899e-18 
 3.60000000e-01  3.60000000e-01  1.20000000e+00 -1.07533869e-02  1.07534292e-02  1.27852724e-07 -1.70109346e-07  5.81882518e-18 
 3.70000000e-01  3.70000000e-01  1.20000000e+00 -1.09229903e-02  1.09230324e-02  1.29456918e-07 -1.71555923e-07  4.14625275e-18 
 3.80000000e-01  3.80000000e-01  1.20000000e+00 -1.10852342e-02  1.10852762e-02  1.31077364e-07 -1.73026832e-07  3.85601161e-18 
 3.90000000e-01  3.90000000e-01  1.20000000e+00 -1.12400604e-02  1.12401022e-02  1.32714175e-07 -1.74522239e-07  3.28214679e-18 
 4.00000000e-01  4.00000000e-01  1.20000000e+00 -1.13874356e-02  1.13874773e-02  1.34367463e-07 -1.76042308e-07  3.92779766e-18 
 4.10000000e-01  4.10000000e-01  1.20000000e+00 -1.15273616e-02  1.15274032e-02  1.36037343e-07 -1.77587191e-07  2.65272190e-18 
 4.20000000e-01  4.20000000e-01  1.20000000e+00 -1.16598858e-02  1.16599273e-02  1.37723926e-07 -1.79157015e-07  7.79402660e-19 
 4.30000000e-01  4.30000000e-01  1.20000000e+00 -1.17851097e-02  1.17851511e-02  1.39427327e-07 -1.80751874e-07  4.63395844e-18 
 4.40000000e-01  4.40000000e-01  1.20000000e+00 -1.19031951e-02  1.19032363e-02  1.41147660e-07 -1.82371817e-07  4.27089894e-19 
 4.50000000e-01  4.50000000e-01  1.20000000e+00 -1.20143665e-02  1.20144077e-02  1.42885036e-07 -1.84016843e-07  6.78817498e-19 
 4.60000000e-01  4.60000000e-01  1.20000000e+00 -1.21189091e-02  1.21189502e-02  1.44639570e-07 -1.85686896e-07  6.74185286e-20 
 4.70000000e-01  4.70000000e-01  1.20000000e+00 -1.22171619e-02  1.22172029e-02  1.46411374e-07 -1.87381867e-07  2.12340572e-18 
 4.80000000e-01  4.80000000e-01  1.20000000e+00 -1.23095071e-02  1.23095480e-02  1.48200560e-07 -1.89101603e-07  2.79123826e-18 
 4.90000000e-01  4.90000000e-01  1.20000000e+00 -1.23963574e-02  1.23963982e-02  1.50007243e-07 -1.90845908e-07  6.07163805e-18 
 5.00000000e-01  5.00000000e-01  1.20000000e+00 -1.24781416e-02  1.24781824e-02  1.51831534e-07 -1.92614560e-07  1.31147170e-18 
 5.10000000e-01  5.10000000e-01  1.20000000e+00 -1.25552916e-02  1.25553324e-02  1.53673547e-07 -1.94407320e-07  1.23116239e-18 
 5.20000000e-01  5.20000000e-01  1.20000000e+00 -1.26282309e-02  1.26282716e-02  1.55533394e-07 -1.96223943e-07  2.41319687e-18 
 5.30000000e-01  5.30000000e-01  1.20000000e+00 -1.26973650e-02  1.26974056e-02  1.57411190e-07 -1.98064183e-07  2.50361763e-18 
 5.40000000e-01  5.40000000e-01  1.20000000e+00 -1.27630752e-02  1.27631158e-02  1.59307047e-07 -1.99927807e-07  1.13010077e-18 
 5.50000000e-01  5.50000000e-01  1.20000000e+00 -1.28257146e-02  1.28257551e-02  1.61221081e-07 -2.01814594e-07  2.10593567e-18 
 5.60000000e-01  5.60000000e-01  1.20000000e+00 -1.28856056e-02  1.28856462e-02  1.63153406e-07 -2.03724344e-07  6.81596825e-20 
 5.70000000e-01  5.70000000e-01  1.20000000e+00 -1.29430405e-02  1.29430810e-02  1.65104136e-07 -2.05656875e-07  2.16078105e-18 
 5.80000000e-01  5.80000000e-01  1.20000000e+00 -1.29982813e-02  1.29983218e-02  1.67073388e-07 -2.07612026e-07  2.69396182e-18 
 5.90000000e-01  5.90000000e-01  1.20000000e+00 -1.30515623e-02  1.30516028e-02  1.69061278e-07 -2.09589658e-07  1.24283556e-18 
 6.00000000e-01  6.00000000e-01  1.20000000e+00 -1.31030916e-02  1.31031321e-02  1.71067922e-07 -2.11589651e-07  2.69491473e-18 
 6.10000000e-01  6.10000000e-01  1.20000000e+00 -1.31530537e-02  1.31530942e-02  1.73093437e-07 -2.13611904e-07  5.10959391e-18 
 6.20000000e-01  6.20000000e-01  1.20000000e+00 -1.32016119e-02  1.32016524e-02  1.75137941e-07 -2.15656334e-07  2.19100954e-18 
 6.30000000e-01  6.30000000e-01  1.20000000e+00 -1.32489104e-02  1.32489510e-02  1.77201551e-07 -2.17722876e-07  3.79933982e-18 
 6.40000000e-01  6.40000000e-01  1.20000000e+00 -1.32950767e-02  1.32951173e-02  1.79284386e-07 -2.19811476e-07  1.62487389e-18 
 6.50000000e-01  6.50000000e-01  1.20000000e+00 -1.33402235e-02  1.33402640e-02  1.81386564e-07 -2.21922097e-07  4.08582224e-18 
 6.60000000e-01  6.60000000e-01  1.20000000e+00 -1.33844503e-02  1.33844909e-02  1.83508206e-07 -2.24054713e-07  3.68904024e-18 
 6.70000000e-01  6.70000000e-01  1.20000000e+00 -1.34278454e-02  1.34278859e-02  1.85649431e-07 -2.26209310e-07  1.42256537e-18 
 6.80000000e-01  6.80000000e-01  1.20000000e+00 -1.34704869e-02  1.34705275e-02  1.87810358e-07 -2.28385883e-07  1.75857275e-18 
 6.90000000e-01  6.90000000e-01  1.20000000e+00 -1.35124443e-02  1.35124849e-02  1.89991109e-07 -2.30584437e-07  2.28090091e-18 
 7.00000000e-01  7.00000000e-01  1.20000000e+00 -1.35537793e-02  1.35538199e-02  1.92191805e-07 -2.32804985e-07  1.44178243e-18 
 7.10000000e-01  7.10000000e-01  1.20000000e+00 -1.35945469e-02  1.35945875e-02  1.94412567e-07 -2.35047548e-07  2.86622714e-18 
 7.20000000e-01  7.20000000e-01  1.20000000e+00 -1.36347962e-02  1.36348369e-02  1.96653517e-07 -2.37312155e-07  1.94724934e-18 
 7.30000000e-01  7.30000000e-01  1.20000000e+00 -1.36745712e-02  1.36746118e-02  1.98914778e-07 -2.39598838e-07  1.65939048e-18 
 7.40000000e-01  7.40000000e-01  1.20000000e+00 -1.37139111e-02  1.37139518e-02  2.01196472e-07 -2.41907639e-07  1.73220885e-18 
 7.50000000e-01  7.50000000e-01  1.20000000e+00 -1.37528515e-02  1.37528922e-02  2.03498722e-07 -2.44238603e-07  5.95331813e-19 
 7.60000000e-01  7.60000000e-01  1.20000000e+00 -1.37914240e-02  1.37914647e-02  2.05821653e-07 -2.46591780e-07  5.73600124e-20 
 7.70000000e-01  7.70000000e-01  1.20000000e+00 -1.38296573e-02  1.38296981e-02  2.08165389e-07 -2.48967226e-07  4.16033467e-18 
 7.80000000e-01  7.80000000e-01  1.20000000e+00 -1.38675774e-02  1.38676182e-02  2.10530054e-07 -2.51365000e-07  1.77310466e-18 
 7.90000000e-01  7.90000000e-01  1.20000000e+00 -1.39052077e-02  1.39052486e-02  2.12915773e-07 -2.53785165e-07  1.44003542e-18 
 8.00000000e-01  8.00000000e-01  1.20000000e+00 -1.39425695e-02  1.39426104e-02  2.15322672e-07 -2.56227789e-07  1.33378572e-18 
 8.10000000e-01  8.10000000e-01  1.20000000e+00 -1.39796821e-02  1.39797230e-02  2.17750877e-07 -2.58692942e-07  3.81143650e-18 
 8.20000000e-01  8.20000000e-01  1.20000000e+00 -1.40165631e-02  1.40166041e-02  2.20200515e-07 -2.61180697e-07  1.16760845e-18 
 8.30000000e-01  8.30000000e-01  1.20000000e+00 -1.40532285e-02  1.40532695e-02  2.22671711e-07 -2.63691133e-07  3.28032038e-18 
 8.40000000e-01  8.40000000e-01  1.20000000e+00 -1.40896931e-02  1.40897341e-02  2.25164595e-07 -2.66224329e-07  2.54202528e-18 
 8.50000000e-01  8.50000000e-01  1.20000000e+00 -1.41259702e-02  1.41260113e-02  2.27679293e-07 -2.68780369e-07  2.16202513e-18 
 8.60000000e-01  8.60000000e-01  1.20000000e+00 -1.41620721e-02  1.41621133e-02  2.30215935e-07 -2.71359336e-07  2.02930565e-18 
 8.70000000e-01  8.70000000e-01  1.20000000e+00 -1.41980103e-02  1.41980514e-02  2.32774648e-07 -2.73961320e-07  4.83351410e-18 
 8.80000000e-01  8.80000000e-01  1.20000000e+00 -1.42337950e-02  1.42338363e-02  2.35355563e-07 -2.76586411e-07  7.60079721e-19 
 8.90000000e-01  8.90000000e-01  1.20000000e+00 -1.42694361e-02  1.42694774e-02  2.37958809e-07 -2.79234701e-07  2.66312453e-18 
 9.00000000e-01  9.00000000e-01  1.20000000e+00 -1.43049424e-02  1.43049837e-02  2.40584517e-07 -2.81906286e-07  1.10982492e-18 
 9.10000000e-01  9.10000000e-01  1.20000000e+00 -1.43403222e-02  1.43403636e-02  2.43232817e-07 -2.84601263e-07  1.47394321e-18 
 9.20000000e-01  9.20000000e-01  1.20000000e+00 -1.43755833e-02  1.43756247e-02  2.45903841e-07 -2.87319730e-07  4.82967599e-18 
 9.30000000e-01  9.30000000e-01  1.20000000e+00 -1.44107329e-02  1.44107743e-02  2.48597722e-07 -2.90061789e-07  3.24175391e-18 
 9.40000000e-01  9.40000000e-01  1.20000000e+00 -1.44457777e-02  1.44458192e-02  2.51314590e-07 -2.92827542e-07  2.38370953e-18 
 9.50000000e-01  9.50000000e-01  1.20000000e+00 -1.44807243e-02  1.44807658e-02  2.54054580e-07 -2.95617095e-07  1.13449475e-19 
 9.60000000e-01  9.60000000e-01  1.20000000e+00 -1.45155786e-02  1.45156202e-02  2.56817825e-07 -2.98430554e-07  5.63541608e-18 
 9.70000000e-01  9.70000000e-01  1.20000000e+00 -1.45503464e-02  1.45503881e-02  2.59604459e-07 -3.01268027e-07  2.39482684e-18 
 9.80000000e-01  9.80000000e-01  1.20000000e+00 -1.45850333e-02  1.45850750e-02  2.62414617e-07 -3.04129625e-07  1.23444464e-18 
 9.90000000e-01  9.90000000e-01  1.20000000e+00 -1.46196446e-02  1.46196864e-02  2.65248433e-07 -3.07015459e-07  3.17642649e-18 
 1.00000000e+00  1.00000000e+00  1.20000000e+00 -1.46541855e-02  1.46542273e-02  2.68106044e-07 -3.09925642e-07  5.92520722e-18 
 1.01000000e+00  1.01000000e+00  1.20000000e+00 -1.46886610e-02  1.46887029e-02  2.70987585e-07 -3.12860289e-07  4.84291088e-19 
 1.02000000e+00  1.02000000e+00  1.20000000e+00 -1.47230762e-02  1.47231181e-02  2.73893194e-07 -3.15819517e-07  3.14010995e-18 
 1.03000000e+00  1.03000000e+00  1.20000000e+00 -1.47574358e-02  1.47574777e-02  2.76823009e-07 -3.18803442e-07  4.60584753e-18 
 1.04000000e+00  1.04000000e+00  1.20000000e+00 -1.47917448e-02  1.47917868e-02  2.79777166e-07 -3.21812185e-07  2.14076990e-18 
 1.05000000e+00  1.05000000e+00  1.20000000e+00 -1.48260081e-02  1.48260502e-02  2.82755805e-07 -3.24845865e-07  1.35064697e-18 
 1.06000000e+00  1.06000000e+00  1.20000000e+00 -1.48602306e-02  1.48602728e-02  2.85759065e-07 -3.27904605e-07  1.05047967e-18 
 1.07000000e+00  1.07000000e+00  1.20000000e+00 -1.48944175e-02  1.48944597e-02  2.88787086e-07 -3.30988528e-07  4.35300820e-18 
 1.08000000e+00  1.08000000e+00  1.20000000e+00 -1.49285737e-02  1.49286160e-02  2.91840007e-07 -3.34097758e-07  1.40792758e-18 
 1.09000000e+00  1.09000000e+00  1.20000000e+00 -1.49627046e-02  1.49627470e-02  2.94917971e-07 -3.37232422e-07  3.47617028e-18 
 1.10000000e+00  1.10000000e+00  1.20000000e+00 -1.49968156e-02  1.49968580e-02  2.98021118e-07 -3.40392647e-07  2.24130212e-18 
 1.11000000e+00  1.11000000e+00  1.20000000e+00 -1.50309122e-02  1.50309546e-02  3.01149591e-07 -3.43578561e-07  2.95932136e-19 
 1.12000000e+00  1.12000000e+00  1.20000000e+00 -1.50650002e-02  1.50650427e-02  3.04303533e-07 -3.46790294e-07  4.59308910e-18 
 1.13000000e+00  1.13000000e+00  1.20000000e+00 -1.50990856e-02  1.50991281e-02  3.07483088e-07 -3.50027977e-07  2.08873031e-18 
 1.14000000e+00  1.14000000e+00  1.20000000e+00 -1.51331747e-02  1.51332173e-02  3.10688398e-07 -3.53291742e-07  3.22534264e-18 
 1.15000000e+00  1.15000000e+00  1.20000000e+00 -1.51672738e-02  1.51673165e-02  3.13919610e-07 -3.56581723e-07  2.68938255e-18 
 1.16000000e+00  1.16000000e+00  1.20000000e+00 -1.52013899e-02  1.52014327e-02  3.17176869e-07 -3.59898053e-07  2.46523645e-18 
 1.17000000e+00  1.17000000e+00  1.20000000e+00 -1.52355300e-02  1.52355728e-02  3.20460320e-07 -3.63240871e-07  1.06122640e-18 
 1.18000000e+00  1.18000000e+00  1.20000000e+00 -1.52697014e-02  1.52697443e-02  3.23770110e-07 -3.66610314e-07  2.77916804e-18 
 1.19000000e+00  1.19000000e+00  1.20000000e+00 -1.53039118e-02  1.53039547e-02  3.27106388e-07 -3.70006521e-07  5.64531577e-18 
 1.20000000e+00  1.20000000e+00  1.20000000e+00 -1.53381693e-02  1.53382123e-02  3.30469300e-07 -3.73429552e-07  1.67024309e-19 
