Title: * mosfet ac analysis circuit
Date: Thu Jun 12 17:28:10  2025
Plotname: Transient Analysis
Flags: real
No. Variables: 6
No. Points: 922
Variables:
	0	time	time
	1	v(gate_3)	voltage
	2	i(vgq)	current
	3	i(vdq)	current
	4	i(vsq)	current
	5	i(vbq)	current
Values:
 0	0.000000000000000e+00
	0.000000000000000e+00
	5.912104114369598e-09
	-5.576813516046756e-07
	5.517691731106838e-07
	7.437962203615329e-14

 1	1.000000000000000e-13
	0.000000000000000e+00
	5.912104114772908e-09
	-5.576813516158788e-07
	5.517691730918736e-07
	7.437720220957425e-14

 2	2.000000000000000e-13
	0.000000000000000e+00
	5.912104114096354e-09
	-5.576813516168893e-07
	5.517691730973200e-07
	7.437636213468721e-14

 3	4.000000000000000e-13
	0.000000000000000e+00
	5.912104115108745e-09
	-5.576813516118500e-07
	5.517691730979827e-07
	7.438232345694883e-14

 4	8.000000000000000e-13
	0.000000000000000e+00
	5.912104114729391e-09
	-5.576813516183413e-07
	5.517691731134880e-07
	7.438556333300007e-14

 5	1.600000000000000e-12
	0.000000000000000e+00
	5.912104114250825e-09
	-5.576813516051647e-07
	5.517691731108508e-07
	7.437918342408070e-14

 6	3.200000000000000e-12
	0.000000000000000e+00
	5.912104114715157e-09
	-5.576813516030853e-07
	5.517691731092138e-07
	7.437845783365262e-14

 7	6.400000000000000e-12
	0.000000000000000e+00
	5.912104114183549e-09
	-5.576813516047060e-07
	5.517691731099008e-07
	7.437974358276221e-14

 8	1.280000000000000e-11
	0.000000000000000e+00
	5.912104114424702e-09
	-5.576813516037614e-07
	5.517691731100849e-07
	7.437924714961489e-14

 9	2.280000000000000e-11
	0.000000000000000e+00
	5.912104114395900e-09
	-5.576813516044979e-07
	5.517691731107086e-07
	7.437947679811578e-14

 10	3.280000000000000e-11
	0.000000000000000e+00
	5.912104114413191e-09
	-5.576813516045748e-07
	5.517691731105680e-07
	7.437964069415676e-14

 11	4.280000000000000e-11
	0.000000000000000e+00
	5.912104114413191e-09
	-5.576813516045748e-07
	5.517691731105678e-07
	7.437964041138701e-14

 12	5.279999999999999e-11
	0.000000000000000e+00
	5.912104114413191e-09
	-5.576813516045748e-07
	5.517691731105680e-07
	7.437964042906986e-14

 13	6.279999999999999e-11
	0.000000000000000e+00
	5.912104114413191e-09
	-5.576813516045748e-07
	5.517691731105680e-07
	7.437964042832514e-14

 14	7.280000000000000e-11
	0.000000000000000e+00
	5.912104114413191e-09
	-5.576813516045748e-07
	5.517691731105680e-07
	7.437964042843487e-14

 15	8.280000000000000e-11
	0.000000000000000e+00
	5.912104114413191e-09
	-5.576813516045748e-07
	5.517691731105680e-07
	7.437964042844017e-14

 16	9.280000000000001e-11
	0.000000000000000e+00
	5.912104114413191e-09
	-5.576813516045748e-07
	5.517691731105680e-07
	7.437964042843974e-14

 17	1.028000000000000e-10
	0.000000000000000e+00
	5.912104114413191e-09
	-5.576813516045748e-07
	5.517691731105680e-07
	7.437964042843972e-14

 18	1.128000000000000e-10
	0.000000000000000e+00
	5.912104114413191e-09
	-5.576813516045748e-07
	5.517691731105680e-07
	7.437964042843972e-14

 19	1.228000000000000e-10
	0.000000000000000e+00
	5.912104114413191e-09
	-5.576813516045748e-07
	5.517691731105680e-07
	7.437964042843972e-14

 20	1.328000000000000e-10
	0.000000000000000e+00
	5.912104114413191e-09
	-5.576813516045748e-07
	5.517691731105680e-07
	7.437964042843972e-14

 21	1.428000000000000e-10
	0.000000000000000e+00
	5.912104114413191e-09
	-5.576813516045748e-07
	5.517691731105680e-07
	7.437964042843972e-14

 22	1.528000000000000e-10
	0.000000000000000e+00
	5.912104114413191e-09
	-5.576813516045748e-07
	5.517691731105680e-07
	7.437964042843972e-14

 23	1.628000000000000e-10
	0.000000000000000e+00
	5.912104114413191e-09
	-5.576813516045748e-07
	5.517691731105680e-07
	7.437964042843972e-14

 24	1.728000000000000e-10
	0.000000000000000e+00
	5.912104114413191e-09
	-5.576813516045748e-07
	5.517691731105680e-07
	7.437964042843972e-14

 25	1.828000000000000e-10
	0.000000000000000e+00
	5.912104114413191e-09
	-5.576813516045748e-07
	5.517691731105680e-07
	7.437964042843972e-14

 26	1.927999999999999e-10
	0.000000000000000e+00
	5.912104114413191e-09
	-5.576813516045748e-07
	5.517691731105680e-07
	7.437964042843972e-14

 27	2.027999999999999e-10
	0.000000000000000e+00
	5.912104114413191e-09
	-5.576813516045748e-07
	5.517691731105680e-07
	7.437964042843972e-14

 28	2.127999999999999e-10
	0.000000000000000e+00
	5.912104114413191e-09
	-5.576813516045748e-07
	5.517691731105680e-07
	7.437964042843972e-14

 29	2.227999999999999e-10
	0.000000000000000e+00
	5.912104114413191e-09
	-5.576813516045748e-07
	5.517691731105680e-07
	7.437964042843972e-14

 30	2.327999999999999e-10
	0.000000000000000e+00
	5.912104114413191e-09
	-5.576813516045748e-07
	5.517691731105680e-07
	7.437964042843972e-14

 31	2.427999999999999e-10
	0.000000000000000e+00
	5.912104114413191e-09
	-5.576813516045748e-07
	5.517691731105680e-07
	7.437964042843972e-14

 32	2.527999999999999e-10
	0.000000000000000e+00
	5.912104114413191e-09
	-5.576813516045748e-07
	5.517691731105680e-07
	7.437964042843972e-14

 33	2.628000000000000e-10
	0.000000000000000e+00
	5.912104114413191e-09
	-5.576813516045748e-07
	5.517691731105680e-07
	7.437964042843972e-14

 34	2.728000000000000e-10
	0.000000000000000e+00
	5.912104114413191e-09
	-5.576813516045748e-07
	5.517691731105680e-07
	7.437964042843972e-14

 35	2.828000000000000e-10
	0.000000000000000e+00
	5.912104114413191e-09
	-5.576813516045748e-07
	5.517691731105680e-07
	7.437964042843972e-14

 36	2.928000000000000e-10
	0.000000000000000e+00
	5.912104114413191e-09
	-5.576813516045748e-07
	5.517691731105680e-07
	7.437964042843972e-14

 37	3.028000000000000e-10
	0.000000000000000e+00
	5.912104114413191e-09
	-5.576813516045748e-07
	5.517691731105680e-07
	7.437964042843972e-14

 38	3.128000000000000e-10
	0.000000000000000e+00
	5.912104114413191e-09
	-5.576813516045748e-07
	5.517691731105680e-07
	7.437964042843972e-14

 39	3.228000000000001e-10
	0.000000000000000e+00
	5.912104114413191e-09
	-5.576813516045748e-07
	5.517691731105680e-07
	7.437964042843972e-14

 40	3.328000000000001e-10
	0.000000000000000e+00
	5.912104114413191e-09
	-5.576813516045748e-07
	5.517691731105680e-07
	7.437964042843972e-14

 41	3.428000000000001e-10
	0.000000000000000e+00
	5.912104114413191e-09
	-5.576813516045748e-07
	5.517691731105680e-07
	7.437964042843972e-14

 42	3.528000000000001e-10
	0.000000000000000e+00
	5.912104114413191e-09
	-5.576813516045748e-07
	5.517691731105680e-07
	7.437964042843972e-14

 43	3.628000000000001e-10
	0.000000000000000e+00
	5.912104114413191e-09
	-5.576813516045748e-07
	5.517691731105680e-07
	7.437964042843972e-14

 44	3.728000000000001e-10
	0.000000000000000e+00
	5.912104114413191e-09
	-5.576813516045748e-07
	5.517691731105680e-07
	7.437964042843972e-14

 45	3.828000000000002e-10
	0.000000000000000e+00
	5.912104114413191e-09
	-5.576813516045748e-07
	5.517691731105680e-07
	7.437964042843972e-14

 46	3.928000000000002e-10
	0.000000000000000e+00
	5.912104114413191e-09
	-5.576813516045748e-07
	5.517691731105680e-07
	7.437964042843972e-14

 47	4.028000000000002e-10
	0.000000000000000e+00
	5.912104114413191e-09
	-5.576813516045748e-07
	5.517691731105680e-07
	7.437964042843972e-14

 48	4.128000000000002e-10
	0.000000000000000e+00
	5.912104114413191e-09
	-5.576813516045748e-07
	5.517691731105680e-07
	7.437964042843972e-14

 49	4.228000000000002e-10
	0.000000000000000e+00
	5.912104114413191e-09
	-5.576813516045748e-07
	5.517691731105680e-07
	7.437964042843972e-14

 50	4.328000000000003e-10
	0.000000000000000e+00
	5.912104114413191e-09
	-5.576813516045748e-07
	5.517691731105680e-07
	7.437964042843972e-14

 51	4.428000000000003e-10
	0.000000000000000e+00
	5.912104114413191e-09
	-5.576813516045748e-07
	5.517691731105680e-07
	7.437964042843972e-14

 52	4.528000000000003e-10
	0.000000000000000e+00
	5.912104114413191e-09
	-5.576813516045748e-07
	5.517691731105680e-07
	7.437964042843972e-14

 53	4.628000000000003e-10
	0.000000000000000e+00
	5.912104114413191e-09
	-5.576813516045748e-07
	5.517691731105680e-07
	7.437964042843972e-14

 54	4.728000000000003e-10
	0.000000000000000e+00
	5.912104114413191e-09
	-5.576813516045748e-07
	5.517691731105680e-07
	7.437964042843972e-14

 55	4.828000000000002e-10
	0.000000000000000e+00
	5.912104114413191e-09
	-5.576813516045748e-07
	5.517691731105680e-07
	7.437964042843972e-14

 56	4.928000000000002e-10
	0.000000000000000e+00
	5.912104114413191e-09
	-5.576813516045748e-07
	5.517691731105680e-07
	7.437964042843972e-14

 57	5.028000000000002e-10
	0.000000000000000e+00
	5.912104114413191e-09
	-5.576813516045748e-07
	5.517691731105680e-07
	7.437964042843972e-14

 58	5.128000000000001e-10
	0.000000000000000e+00
	5.912104114413191e-09
	-5.576813516045748e-07
	5.517691731105680e-07
	7.437964042843972e-14

 59	5.228000000000001e-10
	0.000000000000000e+00
	5.912104114413191e-09
	-5.576813516045748e-07
	5.517691731105680e-07
	7.437964042843972e-14

 60	5.328000000000001e-10
	0.000000000000000e+00
	5.912104114413191e-09
	-5.576813516045748e-07
	5.517691731105680e-07
	7.437964042843972e-14

 61	5.428000000000000e-10
	0.000000000000000e+00
	5.912104114413191e-09
	-5.576813516045748e-07
	5.517691731105680e-07
	7.437964042843972e-14

 62	5.528000000000000e-10
	0.000000000000000e+00
	5.912104114413191e-09
	-5.576813516045748e-07
	5.517691731105680e-07
	7.437964042843972e-14

 63	5.628000000000000e-10
	0.000000000000000e+00
	5.912104114413191e-09
	-5.576813516045748e-07
	5.517691731105680e-07
	7.437964042843972e-14

 64	5.727999999999999e-10
	0.000000000000000e+00
	5.912104114413191e-09
	-5.576813516045748e-07
	5.517691731105680e-07
	7.437964042843972e-14

 65	5.827999999999999e-10
	0.000000000000000e+00
	5.912104114413191e-09
	-5.576813516045748e-07
	5.517691731105680e-07
	7.437964042843972e-14

 66	5.927999999999999e-10
	0.000000000000000e+00
	5.912104114413191e-09
	-5.576813516045748e-07
	5.517691731105680e-07
	7.437964042843972e-14

 67	6.027999999999998e-10
	0.000000000000000e+00
	5.912104114413191e-09
	-5.576813516045748e-07
	5.517691731105680e-07
	7.437964042843972e-14

 68	6.127999999999998e-10
	0.000000000000000e+00
	5.912104114413191e-09
	-5.576813516045748e-07
	5.517691731105680e-07
	7.437964042843972e-14

 69	6.227999999999998e-10
	0.000000000000000e+00
	5.912104114413191e-09
	-5.576813516045748e-07
	5.517691731105680e-07
	7.437964042843972e-14

 70	6.327999999999997e-10
	0.000000000000000e+00
	5.912104114413191e-09
	-5.576813516045748e-07
	5.517691731105680e-07
	7.437964042843972e-14

 71	6.427999999999997e-10
	0.000000000000000e+00
	5.912104114413191e-09
	-5.576813516045748e-07
	5.517691731105680e-07
	7.437964042843972e-14

 72	6.527999999999996e-10
	0.000000000000000e+00
	5.912104114413191e-09
	-5.576813516045748e-07
	5.517691731105680e-07
	7.437964042843972e-14

 73	6.627999999999996e-10
	0.000000000000000e+00
	5.912104114413191e-09
	-5.576813516045748e-07
	5.517691731105680e-07
	7.437964042843972e-14

 74	6.727999999999996e-10
	0.000000000000000e+00
	5.912104114413191e-09
	-5.576813516045748e-07
	5.517691731105680e-07
	7.437964042843972e-14

 75	6.827999999999995e-10
	0.000000000000000e+00
	5.912104114413191e-09
	-5.576813516045748e-07
	5.517691731105680e-07
	7.437964042843972e-14

 76	6.927999999999995e-10
	0.000000000000000e+00
	5.912104114413191e-09
	-5.576813516045748e-07
	5.517691731105680e-07
	7.437964042843972e-14

 77	7.027999999999995e-10
	0.000000000000000e+00
	5.912104114413191e-09
	-5.576813516045748e-07
	5.517691731105680e-07
	7.437964042843972e-14

 78	7.127999999999994e-10
	0.000000000000000e+00
	5.912104114413191e-09
	-5.576813516045748e-07
	5.517691731105680e-07
	7.437964042843972e-14

 79	7.227999999999994e-10
	0.000000000000000e+00
	5.912104114413191e-09
	-5.576813516045748e-07
	5.517691731105680e-07
	7.437964042843972e-14

 80	7.327999999999994e-10
	0.000000000000000e+00
	5.912104114413191e-09
	-5.576813516045748e-07
	5.517691731105680e-07
	7.437964042843972e-14

 81	7.427999999999993e-10
	0.000000000000000e+00
	5.912104114413191e-09
	-5.576813516045748e-07
	5.517691731105680e-07
	7.437964042843972e-14

 82	7.527999999999993e-10
	0.000000000000000e+00
	5.912104114413191e-09
	-5.576813516045748e-07
	5.517691731105680e-07
	7.437964042843972e-14

 83	7.627999999999993e-10
	0.000000000000000e+00
	5.912104114413191e-09
	-5.576813516045748e-07
	5.517691731105680e-07
	7.437964042843972e-14

 84	7.727999999999992e-10
	0.000000000000000e+00
	5.912104114413191e-09
	-5.576813516045748e-07
	5.517691731105680e-07
	7.437964042843972e-14

 85	7.827999999999992e-10
	0.000000000000000e+00
	5.912104114413191e-09
	-5.576813516045748e-07
	5.517691731105680e-07
	7.437964042843972e-14

 86	7.927999999999992e-10
	0.000000000000000e+00
	5.912104114413191e-09
	-5.576813516045748e-07
	5.517691731105680e-07
	7.437964042843972e-14

 87	8.027999999999991e-10
	0.000000000000000e+00
	5.912104114413191e-09
	-5.576813516045748e-07
	5.517691731105680e-07
	7.437964042843972e-14

 88	8.127999999999991e-10
	0.000000000000000e+00
	5.912104114413191e-09
	-5.576813516045748e-07
	5.517691731105680e-07
	7.437964042843972e-14

 89	8.227999999999991e-10
	0.000000000000000e+00
	5.912104114413191e-09
	-5.576813516045748e-07
	5.517691731105680e-07
	7.437964042843972e-14

 90	8.327999999999990e-10
	0.000000000000000e+00
	5.912104114413191e-09
	-5.576813516045748e-07
	5.517691731105680e-07
	7.437964042843972e-14

 91	8.427999999999990e-10
	0.000000000000000e+00
	5.912104114413191e-09
	-5.576813516045748e-07
	5.517691731105680e-07
	7.437964042843972e-14

 92	8.527999999999990e-10
	0.000000000000000e+00
	5.912104114413191e-09
	-5.576813516045748e-07
	5.517691731105680e-07
	7.437964042843972e-14

 93	8.627999999999989e-10
	0.000000000000000e+00
	5.912104114413191e-09
	-5.576813516045748e-07
	5.517691731105680e-07
	7.437964042843972e-14

 94	8.727999999999989e-10
	0.000000000000000e+00
	5.912104114413191e-09
	-5.576813516045748e-07
	5.517691731105680e-07
	7.437964042843972e-14

 95	8.827999999999989e-10
	0.000000000000000e+00
	5.912104114413191e-09
	-5.576813516045748e-07
	5.517691731105680e-07
	7.437964042843972e-14

 96	8.927999999999988e-10
	0.000000000000000e+00
	5.912104114413191e-09
	-5.576813516045748e-07
	5.517691731105680e-07
	7.437964042843972e-14

 97	9.027999999999988e-10
	0.000000000000000e+00
	5.912104114413191e-09
	-5.576813516045748e-07
	5.517691731105680e-07
	7.437964042843972e-14

 98	9.127999999999988e-10
	0.000000000000000e+00
	5.912104114413191e-09
	-5.576813516045748e-07
	5.517691731105680e-07
	7.437964042843972e-14

 99	9.227999999999987e-10
	0.000000000000000e+00
	5.912104114413191e-09
	-5.576813516045748e-07
	5.517691731105680e-07
	7.437964042843972e-14

 100	9.327999999999987e-10
	0.000000000000000e+00
	5.912104114413191e-09
	-5.576813516045748e-07
	5.517691731105680e-07
	7.437964042843972e-14

 101	9.427999999999986e-10
	0.000000000000000e+00
	5.912104114413191e-09
	-5.576813516045748e-07
	5.517691731105680e-07
	7.437964042843972e-14

 102	9.527999999999986e-10
	0.000000000000000e+00
	5.912104114413191e-09
	-5.576813516045748e-07
	5.517691731105680e-07
	7.437964042843972e-14

 103	9.627999999999986e-10
	0.000000000000000e+00
	5.912104114413191e-09
	-5.576813516045748e-07
	5.517691731105680e-07
	7.437964042843972e-14

 104	9.727999999999985e-10
	0.000000000000000e+00
	5.912104114413191e-09
	-5.576813516045748e-07
	5.517691731105680e-07
	7.437964042843972e-14

 105	9.827999999999985e-10
	0.000000000000000e+00
	5.912104114413191e-09
	-5.576813516045748e-07
	5.517691731105680e-07
	7.437964042843972e-14

 106	9.927999999999985e-10
	0.000000000000000e+00
	5.912104114413191e-09
	-5.576813516045748e-07
	5.517691731105680e-07
	7.437964042843972e-14

 107	1.000000000000000e-09
	0.000000000000000e+00
	5.912104114322054e-09
	-5.576813516038049e-07
	5.517691731102531e-07
	7.437908336967339e-14

 108	1.000000002472481e-09
	2.472480487638879e-07
	1.276235016588654e-09
	-5.558541845362610e-07
	5.545772435939179e-07
	4.139137541885066e-13

 109	1.000000007417441e-09
	7.417441049326332e-07
	-7.995426057888415e-09
	-5.521990614717165e-07
	5.601926902336455e-07
	1.906813650737768e-12

 110	1.000000017307362e-09
	1.730736237949639e-06
	-2.653838223715458e-08
	-5.448901341759693e-07
	5.714198878780715e-07
	8.792730127704239e-12

 111	1.000000037087205e-09
	3.708720503983651e-06
	-6.362278135054588e-08
	-5.302789128298566e-07
	5.938631733801618e-07
	3.860695467447531e-11

 112	1.000000076646890e-09
	7.664689015372158e-06
	-1.377854953286722e-07
	-5.010798907122603e-07
	6.387032095925745e-07
	1.622397153566235e-10

 113	1.000000155766261e-09
	1.557662605882869e-05
	-2.860866219646144e-07
	-4.427729766002168e-07
	7.281984473914665e-07
	6.611791815798129e-10

 114	1.000000314005002e-09
	3.140050014574175e-05
	-5.825921461440454e-07
	-3.265124410149995e-07
	9.064746204808889e-07
	2.629960476257233e-09

 115	1.000000630482483e-09
	6.304824831956788e-05
	-1.175220019353550e-06
	-9.532132536693392e-08
	1.260359027641811e-06
	1.018231396880261e-08

 116	1.000001263437447e-09
	1.263437446672201e-04
	-2.358969479350461e-06
	3.623330057816743e-07
	1.958768775249832e-06
	3.786770031359915e-08

 117	1.000002529347374e-09
	2.529347373625246e-04
	-4.720609088267488e-06
	1.262399751438501e-06
	3.326269575111141e-06
	1.319397619482734e-07

 118	1.000005061167227e-09
	5.061167227324541e-04
	-9.421314074840423e-06
	3.020074061912357e-06
	5.984668271064943e-06
	4.165717430932156e-07

 119	1.000010124806935e-09
	1.012480693472313e-03
	-1.873589975088904e-05
	6.433325559163626e-06
	1.114101872632933e-05
	1.161555465556579e-06

 120	1.000015669851469e-09
	1.566985146928930e-03
	-2.880657358864708e-05
	1.006707896314285e-05
	1.664916980569669e-05
	2.090324820257658e-06

 121	1.000022723814080e-09
	2.272381408026109e-03
	-4.142615503901704e-05
	1.457221625158996e-05
	2.351795803766772e-05
	3.335980749784568e-06

 122	1.000031331758037e-09
	3.133175803712628e-03
	-5.654067307689496e-05
	1.991502947103301e-05
	3.171521327754036e-05
	4.910430328397296e-06

 123	1.000039136815957e-09
	3.913681595706373e-03
	-6.997913556497885e-05
	2.462365111851669e-05
	3.897668261493833e-05
	6.378801831476556e-06

 124	1.000047836864032e-09
	4.783686403205875e-03
	-8.466607447959611e-05
	2.973189675332465e-05
	4.688335021094319e-05
	8.050827515187129e-06

 125	1.000055776854958e-09
	5.577685495810240e-03
	-9.780585623173467e-05
	3.427356370581407e-05
	5.393188663327959e-05
	9.600405892655445e-06

 126	1.000064371742532e-09
	6.437174253219049e-03
	-1.117512241928924e-04
	3.906943394481661e-05
	6.138810579864006e-05
	1.129368444933654e-05

 127	1.000072457249772e-09
	7.245724977209372e-03
	-1.246112011026168e-04
	4.347339011694317e-05
	6.824330863594009e-05
	1.289450234955120e-05

 128	1.000081051176847e-09
	8.105117684659519e-03
	-1.380103057006276e-04
	4.804617734280452e-05
	7.536643503871184e-05
	1.459769331865028e-05

 129	1.000089305367463e-09
	8.930536746284074e-03
	-1.506233832471220e-04
	5.233816485986439e-05
	8.205507163550378e-05
	1.623014675186342e-05

 130	1.000097947573700e-09
	9.794757370038348e-03
	-1.635657869524951e-04
	5.673154260694831e-05
	8.890303537217997e-05
	1.793120897336553e-05

 131	1.000106361771769e-09
	1.063617717685847e-02
	-1.759128545896447e-04
	6.091409751694636e-05
	9.542292769615320e-05
	1.957582937665152e-05

 132	1.000115072236342e-09
	1.150722363414704e-02
	-1.884362880447914e-04
	6.514889098491311e-05
	1.020241907895083e-04
	2.126320627065090e-05

 133	1.000123634058343e-09
	1.236340583429225e-02
	-2.004950818132759e-04
	6.922023362395481e-05
	1.083705805471929e-04
	2.290426764188816e-05

 134	1.000132425917773e-09
	1.324259177732540e-02
	-2.126244191480904e-04
	7.330984884892359e-05
	1.147453648348240e-04
	2.456920546428661e-05

 135	1.000141126951629e-09
	1.411269516287499e-02
	-2.243808584499331e-04
	7.726889736615439e-05
	1.209168982793083e-04
	2.619506280461073e-05

 136	1.000150010704109e-09
	1.500107041092566e-02
	-2.361354513330467e-04
	8.122298283096840e-05
	1.270812889659843e-04
	2.783117953652874e-05

 137	1.000158845785664e-09
	1.588457856638509e-02
	-2.475816537572091e-04
	8.506941138164108e-05
	1.330789742345349e-04
	2.943326814131311e-05

 138	1.000167829781180e-09
	1.678297811801864e-02
	-2.589766319374135e-04
	8.889501293518360e-05
	1.390457948230765e-04
	3.103582417940481e-05

 139	1.000176795852496e-09
	1.767958524962538e-02
	-2.701086837644504e-04
	9.262897721250968e-05
	1.448718955918962e-04
	3.260781095975948e-05

 140	1.000185886751427e-09
	1.858867514270943e-02
	-2.811560601896114e-04
	9.633135431228871e-05
	1.506514581825000e-04
	3.417324769466393e-05

 141	1.000194982234827e-09
	1.949822348271884e-02
	-2.919727648669225e-04
	9.995337867766302e-05
	1.563089301041165e-04
	3.571045608508969e-05

 142	1.000204185485752e-09
	2.041854857516717e-02
	-3.026824113973629e-04
	1.035366080559818e-04
	1.619096936058686e-04
	3.723610973549766e-05

 143	1.000213409897826e-09
	2.134098978262726e-02
	-3.131845047840207e-04
	1.070475186500580e-04
	1.674018725927858e-04
	3.873511354129467e-05

 144	1.000222730102460e-09
	2.227301024595410e-02
	-3.235648522266903e-04
	1.105149008229506e-04
	1.728309342151081e-04
	4.021901718869275e-05

 145	1.000232083774851e-09
	2.320837748505854e-02
	-3.337544515963118e-04
	1.139157655868588e-04
	1.781613436315212e-04
	4.167734237791181e-05

 146	1.000241524945395e-09
	2.415249453945633e-02
	-3.438129648755240e-04
	1.172700913062857e-04
	1.834247931482525e-04
	4.311808042068773e-05

 147	1.000251008817777e-09
	2.510088177769522e-02
	-3.536931762085136e-04
	1.205621674984018e-04
	1.885970252271771e-04
	4.453398348273071e-05

 148	1.000260574559497e-09
	2.605745594968920e-02
	-3.634366780417753e-04
	1.238058934106786e-04
	1.937002030123193e-04
	4.593058161894695e-05

 149	1.000270190028244e-09
	2.701900282441436e-02
	-3.730113187045394e-04
	1.269905849579326e-04
	1.987178500088292e-04
	4.730288373784896e-05

 150	1.000279883669929e-09
	2.798836699286563e-02
	-3.824462107393954e-04
	1.301259500700505e-04
	2.036655367535115e-04
	4.865472391606932e-05

 151	1.000289632478186e-09
	2.896324781857725e-02
	-3.917196141808406e-04
	1.332047741919612e-04
	2.085321541052516e-04
	4.998268588344932e-05

 152	1.000299457166008e-09
	2.994571660076326e-02
	-4.008520282329506e-04
	1.362338774542560e-04
	2.133287114104859e-04
	5.128943936814028e-05

 153	1.000309341323828e-09
	3.093413238276377e-02
	-4.098289060992877e-04
	1.392084390446226e-04
	2.180478006744155e-04
	5.257266638024563e-05

 154	1.000319300088554e-09
	3.193000885542756e-02
	-4.186648067672486e-04
	1.421332909525100e-04
	2.226972755338564e-04
	5.383424028069861e-05

 155	1.000329321814764e-09
	3.293218147643769e-02
	-4.273501511211418e-04
	1.450052631145584e-04
	2.272722791239592e-04
	5.507260888242747e-05

 156	1.000339417619763e-09
	3.394176197630994e-02
	-4.358954048440777e-04
	1.478278199555389e-04
	2.317784818609553e-04
	5.628910302749862e-05

 157	1.000349579299579e-09
	3.495792995789180e-02
	-4.442944184409653e-04
	1.505989292854758e-04
	2.362127845101053e-04
	5.748270464555452e-05

 158	1.000359815074862e-09
	3.598150748622143e-02
	-4.525548393319937e-04
	1.533211156856385e-04
	2.405793470654842e-04
	5.865437658086875e-05

 159	1.000370119228559e-09
	3.701192285585270e-02
	-4.606728852503374e-04
	1.559931310242492e-04
	2.448762806515294e-04
	5.980347357447301e-05

 160	1.000380497894715e-09
	3.804978947152311e-02
	-4.686542649456782e-04
	1.586168546000360e-04
	2.491067002839692e-04
	6.093071006171287e-05

 161	1.000390947154305e-09
	3.909471543048532e-02
	-4.764968298313305e-04
	1.611915783545016e-04
	2.532695501406554e-04
	6.203570133607953e-05

 162	1.000401471639009e-09
	4.014716390088079e-02
	-4.842049563004532e-04
	1.637187389661116e-04
	2.573672222373586e-04
	6.311899509698542e-05

 163	1.000412068730376e-09
	4.120687303754923e-02
	-4.917776229602332e-04
	1.661980002026401e-04
	2.613992337059989e-04
	6.418038905139255e-05

 164	1.000422741979285e-09
	4.227419792846878e-02
	-4.992182916369625e-04
	1.686304954744046e-04
	2.653674763926414e-04
	6.522031976971756e-05

 165	1.000433489708325e-09
	4.334897083251610e-02
	-5.065267183381502e-04
	1.710161443158001e-04
	2.692718610801454e-04
	6.623871294242729e-05

 166	1.000444314691521e-09
	4.443146915207153e-02
	-5.137057378224183e-04
	1.733558725187386e-04
	2.731139335915122e-04
	6.723593171211710e-05

 167	1.000455215932888e-09
	4.552159328884040e-02
	-5.207556421930040e-04
	1.756497753850407e-04
	2.768938749624071e-04
	6.821199184534862e-05

 168	1.000466195648295e-09
	4.661956482949551e-02
	-5.276788365316534e-04
	1.778986365575510e-04
	2.806129915029969e-04
	6.916720847108737e-05

 169	1.000477253335473e-09
	4.772533354725780e-02
	-5.344759824731453e-04
	1.801026719057503e-04
	2.842716495750420e-04
	7.010166099237543e-05

 170	1.000488390809506e-09
	4.883908095059659e-02
	-5.411491908655124e-04
	1.822625676530781e-04
	2.878709896330587e-04
	7.101563357930165e-05

 171	1.000499607925921e-09
	4.996079259212004e-02
	-5.476993778285591e-04
	1.843786220894310e-04
	2.914115049463211e-04
	7.190925079266176e-05

 172	1.000510906211981e-09
	5.109062119813443e-02
	-5.541284526753785e-04
	1.864514544537235e-04
	2.948942210167223e-04
	7.278277720469147e-05

 173	1.000522285782292e-09
	5.222857822914444e-02
	-5.604375064212003e-04
	1.884814190076233e-04
	2.983197178351263e-04
	7.363636957832530e-05

 174	1.000533747957231e-09
	5.337479572313156e-02
	-5.666283101774517e-04
	1.904690886255955e-04
	3.016889411542777e-04
	7.447028039759797e-05

 175	1.000545293038537e-09
	5.452930385374202e-02
	-5.727020746988487e-04
	1.924148551243976e-04
	3.050025300620221e-04
	7.528468951246308e-05

 176	1.000556922197220e-09
	5.569221972204001e-02
	-5.786604759007000e-04
	1.943192588343548e-04
	3.082613748560388e-04
	7.607984221025133e-05

 177	1.000568635869595e-09
	5.686358695950741e-02
	-5.845048060452922e-04
	1.961827162520239e-04
	3.114661547988661e-04
	7.685593499418465e-05

 178	1.000580435117956e-09
	5.804351179561498e-02
	-5.902366749626247e-04
	1.980057443358379e-04
	3.146177215321758e-04
	7.761320909457701e-05

 179	1.000592320474071e-09
	5.923204740711597e-02
	-5.958574296086868e-04
	1.997887750912325e-04
	3.177167814448552e-04
	7.835187307283036e-05

 180	1.000604330231460e-09
	6.043302314600608e-02
	-6.013855811277474e-04
	2.015376652577365e-04
	3.207735395240920e-04
	7.907437634599778e-05

 181	1.000616446269020e-09
	6.164462690194780e-02
	-6.068128744805965e-04
	2.032497694472506e-04
	3.237834571038923e-04
	7.977964792945103e-05

 182	1.000628692552074e-09
	6.286925520740655e-02
	-6.121501102447819e-04
	2.049284642013149e-04
	3.267525439981672e-04
	8.046910204533841e-05

 183	1.000641052875075e-09
	6.410528750753258e-02
	-6.173902285648187e-04
	2.065714900351628e-04
	3.296769021358867e-04
	8.114183639378004e-05

 184	1.000653544710091e-09
	6.535447100911533e-02
	-6.225407066812204e-04
	2.081811561229524e-04
	3.325607251287784e-04
	8.179882542954671e-05

 185	1.000666156969173e-09
	6.661569691732371e-02
	-6.275970126287155e-04
	2.097560041216468e-04
	3.354015029672987e-04
	8.243950553969298e-05

 186	1.000678903351019e-09
	6.789033510194054e-02
	-6.325647221219785e-04
	2.112977299673556e-04
	3.382023907294348e-04
	8.306460142533526e-05

 187	1.000691776760557e-09
	6.917767605574372e-02
	-6.374411261593142e-04
	2.128054459440477e-04
	3.409618896898375e-04
	8.367379052537212e-05

 188	1.000704788077871e-09
	7.047880778707395e-02
	-6.422304289867329e-04
	2.142804043241212e-04
	3.436824053663896e-04
	8.426761929644561e-05

 189	1.000717933031476e-09
	7.179330314755569e-02
	-6.469311200272636e-04
	2.157220861934997e-04
	3.463631117804231e-04
	8.484592205336114e-05

 190	1.000731220422685e-09
	7.312204226844490e-02
	-6.515464264898823e-04
	2.171314254684586e-04
	3.490058811356997e-04
	8.540911988556208e-05

 191	1.000744648048735e-09
	7.446480487344696e-02
	-6.560756483495782e-04
	2.185081463850322e-04
	3.516103499043206e-04
	8.595715206029268e-05

 192	1.000758223244690e-09
	7.582232446904395e-02
	-6.605213377193210e-04
	2.198529591669734e-04
	3.541780243518872e-04
	8.649035420034484e-05

 193	1.000771945368012e-09
	7.719453680114868e-02
	-6.648833520744306e-04
	2.211657486337718e-04
	3.567088665939567e-04
	8.700873684654056e-05

 194	1.000785820749091e-09
	7.858207490905733e-02
	-6.691637805755839e-04
	2.224470694826076e-04
	3.592041318460920e-04
	8.751257924687674e-05

 195	1.000799850242407e-09
	7.998502424067196e-02
	-6.733629530992818e-04
	2.236969298955557e-04
	3.616640749814887e-04
	8.800194822237585e-05

 196	1.000814038487402e-09
	8.140384874021551e-02
	-6.774823406824707e-04
	2.249156808978163e-04
	3.640896116928455e-04
	8.847704809176859e-05

 197	1.000828388405014e-09
	8.283884050141639e-02
	-6.815228639036898e-04
	2.261034961404610e-04
	3.664813490989868e-04
	8.893801866408808e-05

 198	1.000842903962676e-09
	8.429039626762079e-02
	-6.854857148198653e-04
	2.272606192302362e-04
	3.688400648424765e-04
	8.938503074711918e-05

 199	1.000857588523387e-09
	8.575885233872275e-02
	-6.893718858229480e-04
	2.283872238921145e-04
	3.711664296245063e-04
	8.981823230619170e-05

 200	1.000872446129099e-09
	8.724461290986976e-02
	-6.931825222879925e-04
	2.294835162479546e-04
	3.734612176060077e-04
	9.023778843394034e-05

 201	1.000887480479320e-09
	8.874804793200734e-02
	-6.969186488237945e-04
	2.305496541994288e-04
	3.757251439623230e-04
	9.064385066203161e-05

 202	1.000902695798207e-09
	9.026957982073511e-02
	-7.005813918776820e-04
	2.315858104705004e-04
	3.779589999072279e-04
	9.103658149996001e-05

 203	1.000918096105644e-09
	9.180961056434474e-02
	-7.041717959832107e-04
	2.325921187744832e-04
	3.801635428753097e-04
	9.141613433331905e-05

 204	1.000933685846105e-09
	9.336858461051557e-02
	-7.076909748968347e-04
	2.335687153093914e-04
	3.823395899512275e-04
	9.178266963640684e-05

 205	1.000949469361444e-09
	9.494693614442794e-02
	-7.111399865162894e-04
	2.345157020951423e-04
	3.844879427802792e-04
	9.213634164105915e-05

 206	1.000965451351371e-09
	9.654513513708068e-02
	-7.145199362529827e-04
	2.354331740918607e-04
	3.866094530651822e-04
	9.247730909599884e-05

 207	1.000981636491779e-09
	9.816364917787497e-02
	-7.178318917057144e-04
	2.363211938924050e-04
	3.887049713920992e-04
	9.280572642111428e-05

 208	1.000998029772767e-09
	9.980297727664678e-02
	-7.210769533144963e-04
	2.371798089713326e-04
	3.907753935338054e-04
	9.312175080937563e-05

 209	1.001014636223438e-09
	1.014636223438230e-01
	-7.242561962611999e-04
	2.380090338679742e-04
	3.928216260174490e-04
	9.342553637579615e-05

 210	1.001031461159974e-09
	1.031461159974025e-01
	-7.273707185461670e-04
	2.388088605440985e-04
	3.948446192008267e-04
	9.371723880112052e-05

 211	1.001048509988756e-09
	1.048509988755819e-01
	-7.304216016003407e-04
	2.395792454228938e-04
	3.968453446961648e-04
	9.399701148133047e-05

 212	1.001065788389615e-09
	1.065788389615153e-01
	-7.334099430201671e-04
	2.403201149009756e-04
	3.988248195805439e-04
	9.426500853854561e-05

 213	1.001083302175598e-09
	1.083302175598315e-01
	-7.363368298230395e-04
	2.410313553420996e-04
	4.007840921986647e-04
	9.452138228231618e-05

 214	1.001101057430194e-09
	1.101057430193542e-01
	-7.392033608700842e-04
	2.417128150926424e-04
	4.027242606250208e-04
	9.476628515244181e-05

 215	1.001119060408351e-09
	1.119060408351199e-01
	-7.420106286878951e-04
	2.423642961003951e-04
	4.046464645550641e-04
	9.499986803242540e-05

 216	1.001137317641049e-09
	1.137317641049137e-01
	-7.447597349353574e-04
	2.429855532387786e-04
	4.065519002079949e-04
	9.522228148863723e-05

 217	1.001155835866680e-09
	1.155835866680331e-01
	-7.474517780559275e-04
	2.435762865864874e-04
	4.084418168301989e-04
	9.543367463936157e-05

 218	1.001174622112470e-09
	1.174622112469994e-01
	-7.500878640316901e-04
	2.441361384962443e-04
	4.103175296098643e-04
	9.563419592539742e-05

 219	1.001193683649225e-09
	1.193683649224868e-01
	-7.526690981223632e-04
	2.446646858000215e-04
	4.121804199830700e-04
	9.582399233935523e-05

 220	1.001213028056235e-09
	1.213028056235262e-01
	-7.551965923787182e-04
	2.451614347721855e-04
	4.140319477283193e-04
	9.600320987814089e-05

 221	1.001232663193986e-09
	1.232663193986367e-01
	-7.576714602188380e-04
	2.456258126152063e-04
	4.158736546026055e-04
	9.617199300095242e-05

 222	1.001252597258757e-09
	1.252597258756927e-01
	-7.600948218736961e-04
	2.460571602846554e-04
	4.177071767242721e-04
	9.633048486471954e-05

 223	1.001272838769090e-09
	1.272838769090291e-01
	-7.624678008886811e-04
	2.464547226143167e-04
	4.195342513618663e-04
	9.647882691247071e-05

 224	1.001293396614485e-09
	1.293396614484950e-01
	-7.647915282590931e-04
	2.468176387543314e-04
	4.213567305478690e-04
	9.661715895680535e-05

 225	1.001314280054063e-09
	1.314280054063400e-01
	-7.670671403925873e-04
	2.471449302848345e-04
	4.231765912726302e-04
	9.674561883502930e-05

 226	1.001335498762437e-09
	1.335498762437234e-01
	-7.692957823992360e-04
	2.474354887936761e-04
	4.249959512404383e-04
	9.686434236505724e-05

 227	1.001357062839997e-09
	1.357062839997270e-01
	-7.714786072254842e-04
	2.476880612025837e-04
	4.268170830024654e-04
	9.697346302042325e-05

 228	1.001378982859642e-09
	1.378982859642228e-01
	-7.736167785324186e-04
	2.479012337821441e-04
	4.286424329776599e-04
	9.707311177262547e-05

 229	1.001401269888702e-09
	1.401269888701496e-01
	-7.757114707894319e-04
	2.480734137062866e-04
	4.304746403501219e-04
	9.716341673301308e-05

 230	1.001423935540265e-09
	1.423935540265199e-01
	-7.777638720906953e-04
	2.482028084885823e-04
	4.323165607277384e-04
	9.724450287441104e-05

 231	1.001446992008563e-09
	1.446992008563341e-01
	-7.797751851779939e-04
	2.482874024643539e-04
	4.341712911193178e-04
	9.731649159421808e-05

 232	1.001470452129802e-09
	1.470452129802245e-01
	-7.817466305509425e-04
	2.483249302116024e-04
	4.360422000566943e-04
	9.737950028268819e-05

 233	1.001494329433788e-09
	1.494329433787862e-01
	-7.836794484394065e-04
	2.483128461707588e-04
	4.379329605230715e-04
	9.743364174553493e-05

 234	1.001518638220481e-09
	1.518638220480513e-01
	-7.855749025733271e-04
	2.482482899837802e-04
	4.398475890239024e-04
	9.747902356557806e-05

 235	1.001543393634427e-09
	1.543393634426457e-01
	-7.874342833748956e-04
	2.481280467405437e-04
	4.417904893344181e-04
	9.751574729994995e-05

 236	1.001568611765598e-09
	1.568611765597623e-01
	-7.892589128084787e-04
	2.479485012221549e-04
	4.437665040434383e-04
	9.754390754281901e-05

 237	1.001594309756520e-09
	1.594309756520385e-01
	-7.910501491912741e-04
	2.477055850915843e-04
	4.457809733251106e-04
	9.756359077455987e-05

 238	1.001620505940690e-09
	1.620505940690391e-01
	-7.928093937336687e-04
	2.473947155661564e-04
	4.478398041875693e-04
	9.757487397998651e-05

 239	1.001647220000228e-09
	1.647220000228217e-01
	-7.945380977522542e-04
	2.470107239791859e-04
	4.499495508140800e-04
	9.757782295897852e-05

 240	1.001674473163082e-09
	1.674473163082124e-01
	-7.962377718097238e-04
	2.465477719678397e-04
	4.521175095717539e-04
	9.757249027008883e-05

 241	1.001702288439053e-09
	1.702288439052670e-01
	-7.979099964874176e-04
	2.459992526704589e-04
	4.543518311129641e-04
	9.755891270402597e-05

 242	1.001730690915450e-09
	1.730690915450433e-01
	-7.995564358638232e-04
	2.453576732706151e-04
	4.566616544202252e-04
	9.753710817304864e-05

 243	1.001759708119756e-09
	1.759708119755766e-01
	-8.011788538187766e-04
	2.446145144486685e-04
	4.590572675094780e-04
	9.750707186057970e-05

 244	1.001789370482109e-09
	1.789370482108512e-01
	-8.027791347124222e-04
	2.437600603988337e-04
	4.615503028902615e-04
	9.746877142323345e-05

 245	1.001819711918133e-09
	1.819711918133051e-01
	-8.043593090969504e-04
	2.427831913911229e-04
	4.641539767309435e-04
	9.742214097491347e-05

 246	1.001850770587017e-09
	1.850770587016655e-01
	-8.059215868676879e-04
	2.416711272130198e-04
	4.668833861767003e-04
	9.736707347786410e-05

 247	1.001882589879040e-09
	1.882589879039686e-01
	-8.074683999159961e-04
	2.404091057646365e-04
	4.697558831258628e-04
	9.730341102541370e-05

 248	1.001915219735147e-09
	1.915219735147255e-01
	-8.090024585218482e-04
	2.389799734954079e-04
	4.727915527536819e-04
	9.723093227264842e-05

 249	1.001948718432491e-09
	1.948718432491158e-01
	-8.105268267624938e-04
	2.373636539676588e-04
	4.760138368519254e-04
	9.714933594282477e-05

 250	1.001983155061264e-09
	1.983155061263609e-01
	-8.120450259504436e-04
	2.355364426502175e-04
	4.794503645259254e-04
	9.705821877433757e-05

 251	1.002018613037406e-09
	2.018613037406359e-01
	-8.135611796587904e-04
	2.334700470436852e-04
	4.831340872438314e-04
	9.695704537125612e-05

 252	1.002055195232137e-09
	2.055195232137379e-01
	-8.150802231429105e-04
	2.311302397803094e-04
	4.871048775411918e-04
	9.684510582142680e-05

 253	1.002093031714641e-09
	2.093031714640773e-01
	-8.166082159841086e-04
	2.284748994537947e-04
	4.914118624661110e-04
	9.672145406414719e-05

 254	1.002132291919374e-09
	2.132291919373913e-01
	-8.181528281665310e-04
	2.254510349099047e-04
	4.961169788286096e-04
	9.658481442797796e-05

 255	1.002173204749867e-09
	2.173204749867116e-01
	-8.197241349923632e-04
	2.219900193678209e-04
	5.013006833667730e-04
	9.643343225775000e-05

 256	1.002216093965552e-09
	2.216093965551813e-01
	-8.213360026771950e-04
	2.179994335541214e-04
	5.070717502961233e-04
	9.626481882695679e-05

 257	1.002261445921287e-09
	2.261445921286762e-01
	-8.230087165082517e-04
	2.133478451800167e-04
	5.135855951015030e-04
	9.607527622670956e-05

 258	1.002310055128739e-09
	2.310055128738989e-01
	-8.247745806587853e-04
	2.078328547509927e-04
	5.210828244968619e-04
	9.585890141092374e-05

 259	1.002363395454541e-09
	2.363395454541035e-01
	-8.266920895644179e-04
	2.011013231855200e-04
	5.299856625375772e-04
	9.560510384129498e-05

 260	1.002424877029546e-09
	2.424877029546351e-01
	-8.288936065597385e-04
	1.923841136679858e-04
	5.412191144837214e-04
	9.529037840801555e-05

 261	1.002497662479662e-09
	2.497662479662348e-01
	-8.315171785554256e-04
	1.806107121136008e-04
	5.560214040902264e-04
	9.488506235162206e-05

 262	1.002551903006490e-09
	2.551903006489836e-01
	-8.335073618587485e-04
	1.707259624042073e-04
	5.682284700688230e-04
	9.455292938572102e-05

 263	1.002593037479516e-09
	2.593037479516354e-01
	-8.350494888527864e-04
	1.625460805819851e-04
	5.782200777106114e-04
	9.428333056012139e-05

 264	1.002629024523429e-09
	2.629024523429329e-01
	-8.364293723665981e-04
	1.548755179531176e-04
	5.875172347887164e-04
	9.403661962472092e-05

 265	1.002663998489701e-09
	2.663998489700665e-01
	-8.378038989164333e-04
	1.469397119232706e-04
	5.970769996456867e-04
	9.378718734745464e-05

 266	1.002699013885023e-09
	2.699013885022848e-01
	-8.392190773886194e-04
	1.384998939743008e-04
	6.071918630694594e-04
	9.352732034493150e-05

 267	1.002733670493516e-09
	2.733670493516085e-01
	-8.406643793809603e-04
	1.296401583019452e-04
	6.177645663712488e-04
	9.325965470775091e-05

 268	1.002767433755567e-09
	2.767433755566988e-01
	-8.421213075378237e-04
	1.205062016475132e-04
	6.286264054758679e-04
	9.298870041442076e-05

 269	1.002800085407786e-09
	2.800085407785883e-01
	-8.435821209066899e-04
	1.111846071886887e-04
	6.396803370446263e-04
	9.271717667335490e-05

 270	1.002831665221230e-09
	2.831665221229829e-01
	-8.450491237143440e-04
	1.016974181218261e-04
	6.509057821020357e-04
	9.244592349055195e-05

 271	1.002862307956750e-09
	2.862307956750243e-01
	-8.465288089497839e-04
	9.203531932057863e-05
	6.623185637583489e-04
	9.217492587076058e-05

 272	1.002892143022709e-09
	2.892143022709251e-01
	-8.480277256342284e-04
	8.218424123029222e-05
	6.739393829850074e-04
	9.190410141888878e-05

 273	1.002924190734366e-09
	2.924190734365455e-01
	-8.497073728411424e-04
	7.110182160444616e-05
	6.869990322106240e-04
	9.160651902610628e-05

 274	1.002953313934388e-09
	2.953313934387540e-01
	-8.513015200332028e-04
	6.057157124851219e-05
	6.994000305193373e-04
	9.132991826536814e-05

 275	1.002983607955483e-09
	2.983607955482792e-01
	-8.530334428310787e-04
	4.914259640481309e-05
	7.128534445485831e-04
	9.103740187776702e-05

 276	1.003011529063584e-09
	3.011529063583544e-01
	-8.547009082498745e-04
	3.817189941026110e-05
	7.257651166955661e-04
	9.076389214405039e-05

 277	1.003040103288853e-09
	3.040103288853430e-01
	-8.564825196693028e-04
	2.650198333679467e-05
	7.394991155498320e-04
	9.048142078273844e-05

 278	1.003066994092973e-09
	3.066994092972919e-01
	-8.582325798674904e-04
	1.510456815906849e-05
	7.529140746260206e-04
	9.021393708239559e-05

 279	1.003094263821718e-09
	3.094263821717946e-01
	-8.600837230216991e-04
	3.129011168145842e-06
	7.670124136554738e-04
	8.994229819805184e-05

 280	1.003120336002496e-09
	3.120336002496414e-01
	-8.619289071209943e-04
	-8.718685737688591e-06
	7.809644402476929e-04
	8.968315261094201e-05

 281	1.003146614036206e-09
	3.146614036205609e-01
	-8.638662775137104e-04
	-2.105872329311967e-05
	7.955012404345221e-04
	8.942376037237256e-05

 282	1.003172307614612e-09
	3.172307614611770e-01
	-8.658387269015987e-04
	-3.351545749021550e-05
	8.101811883116211e-04
	8.917299608026397e-05

 283	1.003198191662336e-09
	3.198191662336448e-01
	-8.679065404716482e-04
	-4.645962541840159e-05
	8.254416671303253e-04
	8.892449875965733e-05

 284	1.003223711645761e-09
	3.223711645760728e-01
	-8.700269433851368e-04
	-5.961332987331923e-05
	8.409554787505425e-04
	8.868479450790760e-05

 285	1.003249380859111e-09
	3.249380859110719e-01
	-8.722436184923502e-04
	-7.323948907726435e-05
	8.570327737933598e-04
	8.845033377623874e-05

 286	1.003274821931586e-09
	3.274821931586369e-01
	-8.745253728793300e-04
	-8.713877601270263e-05
	8.734382747729797e-04
	8.822587411908605e-05

 287	1.003300399491719e-09
	3.300399491718517e-01
	-8.769059214207729e-04
	-1.015109658380367e-04
	8.904073506200637e-04
	8.800953663866287e-05

 288	1.003325862639495e-09
	3.325862639495287e-01
	-8.793631773724520e-04
	-1.162179323327997e-04
	9.077762652815828e-04
	8.780484442355447e-05

 289	1.003351477049146e-09
	3.351477049145642e-01
	-8.819237715607517e-04
	-1.314162054887226e-04
	9.257289046506995e-04
	8.761107239878280e-05

 290	1.003377078922605e-09
	3.377078922605393e-01
	-8.845724986543142e-04
	-1.470138308886379e-04
	9.441553842190807e-04
	8.743094532388573e-05

 291	1.003402866788305e-09
	3.402866788305199e-01
	-8.873308637777945e-04
	-1.631377359140868e-04
	9.632040438424149e-04
	8.726455584940842e-05

 292	1.003428738310266e-09
	3.428738310265679e-01
	-8.901889974877271e-04
	-1.797320653660194e-04
	9.828069298117334e-04
	8.711413304204638e-05

 293	1.003454847780300e-09
	3.454847780299838e-01
	-8.931648600824160e-04
	-1.969051438698597e-04
	1.003089649901016e-03
	8.698035405123646e-05

 294	1.003481138219430e-09
	3.481138219430241e-01
	-8.962529297611077e-04
	-2.146311833227367e-04
	1.024018946938106e-03
	8.686516614584601e-05

 295	1.003507736652287e-09
	3.507736652287147e-01
	-8.994689606510401e-04
	-2.330093031076094e-04
	1.045708582178140e-03
	8.676968158045021e-05

 296	1.003534621908521e-09
	3.534621908520744e-01
	-9.028112379636244e-04
	-2.520410699562148e-04
	1.068156578070458e-03
	8.669572984936031e-05

 297	1.003561907196093e-09
	3.561907196093239e-01
	-9.062945482555835e-04
	-2.718253255447790e-04
	1.091475092412624e-03
	8.664478138782699e-05

 298	1.003589602885207e-09
	3.589602885206467e-01
	-9.099208936781261e-04
	-2.923917060650132e-04
	1.115693906545390e-03
	8.661869319768250e-05

 299	1.003617820700167e-09
	3.617820700166878e-01
	-9.137054373135741e-04
	-3.138488464910749e-04
	1.140934994591117e-03
	8.661928921346450e-05

 300	1.003646603696145e-09
	3.646603696145153e-01
	-9.176543989184386e-04
	-3.362597550776133e-04
	1.167265537842559e-03
	8.664861615350803e-05

 301	1.003676076329406e-09
	3.676076329406148e-01
	-9.217851170226100e-04
	-3.597568173169033e-04
	1.194832994054771e-03
	8.670894028470628e-05

 302	1.003706323108912e-09
	3.706323108912360e-01
	-9.261095309271048e-04
	-3.844495744884079e-04
	1.223756369338721e-03
	8.680273607672113e-05

 303	1.003737502760274e-09
	3.737502760274274e-01
	-9.306501626596920e-04
	-4.105179010418258e-04
	1.254235100038689e-03
	8.693296366283707e-05

 304	1.003769764850736e-09
	3.769764850736064e-01
	-9.354283141664831e-04
	-4.381478017589458e-04
	1.286473144756625e-03
	8.710297116889505e-05

 305	1.003803344982933e-09
	3.803344982933249e-01
	-9.404779473668788e-04
	-4.676159369607195e-04
	1.320776849994404e-03
	8.731703433327626e-05

 306	1.003838519821484e-09
	3.838519821484390e-01
	-9.458391256921515e-04
	-4.992593077205529e-04
	1.357518017543130e-03
	8.758041586954729e-05

 307	1.003875712270777e-09
	3.875712270776550e-01
	-9.515738408068372e-04
	-5.335803544764015e-04
	1.397253764013765e-03
	8.790043126943024e-05

 308	1.003915524449578e-09
	3.915524449578259e-01
	-9.577710228737112e-04
	-5.712997306146385e-04
	1.440783310262646e-03
	8.828744322558181e-05

 309	1.003958979639332e-09
	3.958979639331958e-01
	-9.645835024503112e-04
	-6.136249490182613e-04
	1.489450150170799e-03
	8.875830129776153e-05

 310	1.004008010855577e-09
	4.008010855577422e-01
	-9.723025947112355e-04
	-6.628210654013523e-04
	1.545779741759019e-03
	8.934391835354240e-05

 311	1.004060508580217e-09
	4.060508580217162e-01
	-9.805594150190094e-04
	-7.171519250711864e-04
	1.607717463901338e-03
	8.999387618885050e-05

 312	1.004112327333549e-09
	4.112327333549330e-01
	-9.886591143612664e-04
	-7.724338141623582e-04
	1.670427710650921e-03
	9.066521787270527e-05

 313	1.004153203200780e-09
	4.153203200780376e-01
	-9.949918953331216e-04
	-8.171913531665823e-04
	1.720956089766696e-03
	9.122715873299626e-05

 314	1.004191413190092e-09
	4.191413190092396e-01
	-1.000852997690422e-03
	-8.599329963069377e-04
	1.769016529437016e-03
	9.176946456032338e-05

 315	1.004229446658203e-09
	4.229446658202877e-01
	-1.006620315818073e-03
	-9.033314075454990e-04
	1.817629978900667e-03
	9.232174446288718e-05

 316	1.004268234277886e-09
	4.268234277886356e-01
	-1.012424000953020e-03
	-9.484550134464741e-04
	1.867983389929582e-03
	9.289562446992851e-05

 317	1.004307362907483e-09
	4.307362907482570e-01
	-1.018190187446595e-03
	-9.948452094623646e-04
	1.919552363766320e-03
	9.348303314261188e-05

 318	1.004350221395946e-09
	4.350221395945921e-01
	-1.024395001481637e-03
	-1.046640096975943e-03
	1.976902406237149e-03
	9.413269222047147e-05

 319	1.004389236635920e-09
	4.389236635920103e-01
	-1.029934983429300e-03
	-1.094665654991063e-03
	2.029872539847358e-03
	9.472809857303807e-05

 320	1.004430336411206e-09
	4.430336411206223e-01
	-1.035652934963147e-03
	-1.146137475993607e-03
	2.086434412034652e-03
	9.535599892208472e-05

 321	1.004468486413017e-09
	4.468486413017089e-01
	-1.040847344435293e-03
	-1.194704211664343e-03
	2.139613753092176e-03
	9.593780300748005e-05

 322	1.004508152708061e-09
	4.508152708060764e-01
	-1.046128987029413e-03
	-1.245985353801164e-03
	2.195574904092445e-03
	9.653943673815187e-05

 323	1.004545965471714e-09
	4.545965471713683e-01
	-1.051047862426861e-03
	-1.295594475199040e-03
	2.249533830341858e-03
	9.710850728407119e-05

 324	1.004584993477495e-09
	4.584993477495122e-01
	-1.056004152595692e-03
	-1.347517600026520e-03
	2.305831979466510e-03
	9.768977315570057e-05

 325	1.004622892047776e-09
	4.622892047775766e-01
	-1.060698332337118e-03
	-1.398616748763025e-03
	2.361067843310124e-03
	9.824723778998514e-05

 326	1.004661780878938e-09
	4.661780878937869e-01
	-1.065392931021244e-03
	-1.451723807125091e-03
	2.418305713689417e-03
	9.881102445683360e-05

 327	1.004700018459174e-09
	4.700018459173756e-01
	-1.069887969519390e-03
	-1.504583803221227e-03
	2.475115364657681e-03
	9.935640808294389e-05

 328	1.004739094253284e-09
	4.739094253284357e-01
	-1.074358020150774e-03
	-1.559237273614360e-03
	2.533691501407013e-03
	9.990379235820443e-05

 329	1.004777859239451e-09
	4.777859239450496e-01
	-1.078669884114531e-03
	-1.614066757152413e-03
	2.592300366641902e-03
	1.004362746249872e-04

 330	1.004817373731727e-09
	4.817373731726770e-01
	-1.082940663267579e-03
	-1.670558170719225e-03
	2.652531119055010e-03
	1.009677149319026e-04

 331	1.004856833116125e-09
	4.856833116125315e-01
	-1.087081689341437e-03
	-1.727552717802431e-03
	2.713147826388391e-03
	1.014865807554463e-04

 332	1.004897000144043e-09
	4.897000144042487e-01
	-1.091171947732658e-03
	-1.786141373821033e-03
	2.775311035214001e-03
	1.020022863397135e-04

 333	1.004937312049130e-09
	4.937312049129463e-01
	-1.095152460912604e-03
	-1.845496016363550e-03
	2.838141506647318e-03
	1.025069706288328e-04

 334	1.004978323550442e-09
	4.978323550442095e-01
	-1.099076783028044e-03
	-1.906424642928613e-03
	2.902494402981544e-03
	1.030070229751593e-04

 335	1.005019643073244e-09
	5.019643073244308e-01
	-1.102905796697324e-03
	-1.968338994739987e-03
	2.967747701163826e-03
	1.034970902735244e-04

 336	1.005061679348085e-09
	5.061679348084728e-01
	-1.106676044136419e-03
	-2.031843956903842e-03
	3.034538493826735e-03
	1.039815072135704e-04

 337	1.005104163041855e-09
	5.104163041855013e-01
	-1.110361734760618e-03
	-2.096526481268092e-03
	3.102431580682582e-03
	1.044566353461102e-04

 338	1.005147400321043e-09
	5.147400321043213e-01
	-1.113988015014340e-03
	-2.162845768516559e-03
	3.171908368591976e-03
	1.049254149389087e-04

 339	1.005191209984972e-09
	5.191209984971462e-01
	-1.117538062899399e-03
	-2.230517760849631e-03
	3.242670444733768e-03
	1.053853790153137e-04

 340	1.005235826307511e-09
	5.235826307510958e-01
	-1.121029390022487e-03
	-2.299897574482373e-03
	3.315088441450664e-03
	1.058385230541702e-04

 341	1.005281132396537e-09
	5.281132396536924e-01
	-1.124451230853307e-03
	-2.370797078087013e-03
	3.388965128920824e-03
	1.062831800195110e-04

 342	1.005327312523601e-09
	5.327312523600921e-01
	-1.127815990817457e-03
	-2.443497703449453e-03
	3.464592988070551e-03
	1.067207061963606e-04

 343	1.005374297497689e-09
	5.374297497688584e-01
	-1.131117015480505e-03
	-2.517883679806916e-03
	3.541850714947697e-03
	1.071499803396559e-04

 344	1.005422237413902e-09
	5.422237413901950e-01
	-1.134363311817025e-03
	-2.594185224655407e-03
	3.620976609642198e-03
	1.075719268302909e-04

 345	1.005471099301354e-09
	5.471099301353474e-01
	-1.137551040088437e-03
	-2.672342298205192e-03
	3.701907542011201e-03
	1.079857962824434e-04

 346	1.005521010726363e-09
	5.521010726362772e-01
	-1.140686969096043e-03
	-2.752550787454051e-03
	3.784845535186086e-03
	1.083922213640247e-04

 347	1.005571967160960e-09
	5.571967160960130e-01
	-1.143769215211515e-03
	-2.834794902296884e-03
	3.869773412159185e-03
	1.087907053492927e-04

 348	1.005624082449213e-09
	5.624082449212748e-01
	-1.146803105112268e-03
	-2.919249212305844e-03
	3.956870633834644e-03
	1.091816835834647e-04

 349	1.005677375480204e-09
	5.677375480203507e-01
	-1.149788150608996e-03
	-3.005934623294999e-03
	4.046157943823040e-03
	1.095648300809618e-04

 350	1.005731953322803e-09
	5.731953322803091e-01
	-1.152728792229678e-03
	-3.095014833631126e-03
	4.137803179872107e-03
	1.099404459887683e-04

 351	1.005787855400952e-09
	5.787855400952346e-01
	-1.155625582638074e-03
	-3.186543032658412e-03
	4.231860295829806e-03
	1.103083194667354e-04

 352	1.005845187862495e-09
	5.845187862494606e-01
	-1.158482477876491e-03
	-3.280680984798264e-03
	4.328494803440224e-03
	1.106686592345491e-04

 353	1.005904009597744e-09
	5.904009597744184e-01
	-1.161300864460361e-03
	-3.377512475843290e-03
	4.427792012152980e-03
	1.110213281506628e-04

 354	1.005964431261697e-09
	5.964431261696886e-01
	-1.164084522882573e-03
	-3.477205723867965e-03
	4.529923777079579e-03
	1.113664696709379e-04

 355	1.006026531888152e-09
	6.026531888152348e-01
	-1.166835579977463e-03
	-3.579876104652247e-03
	4.635007691158339e-03
	1.117039934713981e-04

 356	1.006090432330472e-09
	6.090432330471567e-01
	-1.169557905009919e-03
	-3.685707159539876e-03
	4.743231069656976e-03
	1.120339948928187e-04

 357	1.006156234426068e-09
	6.156234426067564e-01
	-1.172254370839726e-03
	-3.794849941233942e-03
	4.854747901772793e-03
	1.123564103008746e-04

 358	1.006224076058037e-09
	6.224076058036674e-01
	-1.174929199325115e-03
	-3.907514019711283e-03
	4.969771921842426e-03
	1.126712971940194e-04

 359	1.006294087206713e-09
	6.294087206713050e-01
	-1.177586120523464e-03
	-4.023894429659117e-03
	5.088501946494415e-03
	1.129786036881839e-04

 360	1.006366432107993e-09
	6.366432107992750e-01
	-1.180230023394960e-03
	-4.144241433131350e-03
	5.211193101519979e-03
	1.132783550063969e-04

 361	1.006441278421941e-09
	6.441278421940775e-01
	-1.182865746006739e-03
	-4.268808992023403e-03
	5.338104238430202e-03
	1.135704995999336e-04

 362	1.006518830980546e-09
	6.518830980546386e-01
	-1.185499286644749e-03
	-4.397910527489408e-03
	5.469554781227389e-03
	1.138550329068531e-04

 363	1.006599312074532e-09
	6.599312074532174e-01
	-1.188137066272812e-03
	-4.531885634206318e-03
	5.605890805534638e-03
	1.141318949445258e-04

 364	1.006682991214575e-09
	6.682991214575272e-01
	-1.190786905259908e-03
	-4.671148982396628e-03
	5.747534835335670e-03
	1.144010523208629e-04

 365	1.006770176863024e-09
	6.770176863023785e-01
	-1.193457701546748e-03
	-4.816175694403540e-03
	5.894970965265328e-03
	1.146624306849539e-04

 366	1.006861248346712e-09
	6.861248346711962e-01
	-1.196160393658633e-03
	-4.967553270063121e-03
	6.048797694032872e-03
	1.149159696888256e-04

 367	1.006956664139828e-09
	6.956664139828426e-01
	-1.198908152560638e-03
	-5.125993684754285e-03
	6.209740257073875e-03
	1.151615802410546e-04

 368	1.007057009012414e-09
	7.057009012414297e-01
	-1.201717719003268e-03
	-5.292409310507781e-03
	6.378727845043280e-03
	1.153991844677675e-04

 369	1.007163038538686e-09
	7.163038538686108e-01
	-1.204610614931535e-03
	-5.467983100499885e-03
	6.556965019940108e-03
	1.156286954913302e-04

 370	1.007275782778649e-09
	7.275782778649028e-01
	-1.207615986348781e-03
	-5.654334612555035e-03
	6.746100538647251e-03
	1.158500602565882e-04

 371	1.007396709923438e-09
	7.396709923438071e-01
	-1.210775038994858e-03
	-5.853780912009678e-03
	6.948492667552062e-03
	1.160632834524455e-04

 372	1.007528082267084e-09
	7.528082267083711e-01
	-1.214150619844249e-03
	-6.069906278996649e-03
	7.167788352725466e-03
	1.162685461154278e-04

 373	1.007664328214032e-09
	7.664328214031478e-01
	-1.217610086633930e-03
	-6.293399646165207e-03
	7.394555782092035e-03
	1.164539507070851e-04

 374	1.007790791359298e-09
	7.790791359298105e-01
	-1.220801146905637e-03
	-6.500213348848309e-03
	7.604412721598694e-03
	1.166017741552360e-04

 375	1.007912576051535e-09
	7.912576051535204e-01
	-1.223870931095801e-03
	-6.698776962296903e-03
	7.805923654730151e-03
	1.167242386625481e-04

 376	1.008029332433207e-09
	8.029332433206947e-01
	-1.226823392425806e-03
	-6.888568270686814e-03
	7.998567050165495e-03
	1.168246129471256e-04

 377	1.008142254640332e-09
	8.142254640332334e-01
	-1.229698160427700e-03
	-7.071574384545764e-03
	8.184365788565509e-03
	1.169067564079486e-04

 378	1.008251755097299e-09
	8.251755097298501e-01
	-1.232512886089191e-03
	-7.248501101450922e-03
	8.364040855276542e-03
	1.169731322635756e-04

 379	1.008358435850489e-09
	8.358435850488645e-01
	-1.235288564266622e-03
	-7.420353700175329e-03
	8.538616389855133e-03
	1.170258745868010e-04

 380	1.008462667049655e-09
	8.462667049655330e-01
	-1.238039223037911e-03
	-7.587755788308194e-03
	8.708728398041939e-03
	1.170666133041528e-04

 381	1.008564820536646e-09
	8.564820536646258e-01
	-1.240778225896105e-03
	-7.751328147308698e-03
	8.875009653438612e-03
	1.170967197661654e-04

 382	1.008665183260971e-09
	8.665183260970756e-01
	-1.243516193542127e-03
	-7.911550440086153e-03
	9.037949304575171e-03
	1.171173290531386e-04

 383	1.008764027340201e-09
	8.764027340201020e-01
	-1.246262987374390e-03
	-8.068874488167557e-03
	9.198008058976120e-03
	1.171294165658961e-04

 384	1.008861592522269e-09
	8.861592522268683e-01
	-1.249027331027492e-03
	-8.223696753008509e-03
	9.355590257141666e-03
	1.171338268943362e-04

 385	1.008958110648106e-09
	8.958110648106375e-01
	-1.251817555892929e-03
	-8.376397721742236e-03
	9.511083972552296e-03
	1.171313050828257e-04

 386	1.009053804144370e-09
	9.053804144369553e-01
	-1.254641621991289e-03
	-8.527339710912643e-03
	9.664858816856857e-03
	1.171225160470589e-04

 387	1.009148897102588e-09
	9.148897102588359e-01
	-1.257507490663234e-03
	-8.676884506818482e-03
	9.817283936752883e-03
	1.171080607288634e-04

 388	1.009243618678732e-09
	9.243618678731884e-01
	-1.260423278206812e-03
	-8.825398688424774e-03
	9.968733478154303e-03
	1.170884884773457e-04

 389	1.009338211241266e-09
	9.338211241266203e-01
	-1.263397554322539e-03
	-8.973266290513362e-03
	1.011959953806761e-02
	1.170643067682916e-04

 390	1.009432937248443e-09
	9.432937248443183e-01
	-1.266439612623241e-03
	-9.120899283710160e-03
	1.027030290713738e-02
	1.170359891959995e-04

 391	1.009528089677636e-09
	9.528089677636208e-01
	-1.269559865858187e-03
	-9.268753402011881e-03
	1.042130928619083e-02
	1.170039816792727e-04

 392	1.009624005152261e-09
	9.624005152261411e-01
	-1.272770349766566e-03
	-9.417347886185449e-03
	1.057314952848768e-02
	1.169687074643566e-04

 393	1.009721083438624e-09
	9.721083438624267e-01
	-1.276085467118802e-03
	-9.567294729478882e-03
	1.072644962596408e-02
	1.169305706335550e-04

 394	1.009819816629725e-09
	9.819816629724900e-01
	-1.279523104310145e-03
	-9.719342332840247e-03
	1.088197547909119e-02
	1.168899580591998e-04

 395	1.009920836352906e-09
	9.920836352906452e-01
	-1.283106438383880e-03
	-9.874446054963895e-03
	1.104070525450918e-02
	1.168472388386032e-04

 396	1.010000000000000e-09
	1.000000000000000e+00
	-1.285959286749554e-03
	-9.995667263002361e-03
	1.116481363247681e-02
	1.168129172750213e-04

 397	1.010000613769604e-09
	1.000000000000000e+00
	-1.284831756082818e-03
	-9.997085955216851e-03
	1.116511791806198e-02
	1.167997932388435e-04

 398	1.010001841308813e-09
	1.000000000000000e+00
	-1.282579149294319e-03
	-9.999903582944520e-03
	1.116573307628343e-02
	1.167496559505955e-04

 399	1.010004296387230e-09
	1.000000000000000e+00
	-1.278085607556236e-03
	-1.000551080143602e-02
	1.116701912709729e-02
	1.165772818970680e-04

 400	1.010009206544065e-09
	1.000000000000000e+00
	-1.269146377475421e-03
	-1.001661190674164e-02
	1.116965637709948e-02
	1.161019071184839e-04

 401	1.010017336495760e-09
	1.000000000000000e+00
	-1.254485076422927e-03
	-1.003475403487606e-02
	1.117405124523215e-02
	1.151878660671472e-04

 402	1.010029664698856e-09
	1.000000000000000e+00
	-1.232581116916921e-03
	-1.006178278986576e-02
	1.118066950572434e-02
	1.136944010577153e-04

 403	1.010045869235554e-09
	1.000000000000000e+00
	-1.204380792707318e-03
	-1.009649204549276e-02
	1.118925823533472e-02
	1.116146028650676e-04

 404	1.010063481614580e-09
	1.000000000000000e+00
	-1.174474743899090e-03
	-1.013322548749494e-02
	1.119844810911542e-02
	1.092521222789748e-04

 405	1.010081927776511e-09
	1.000000000000000e+00
	-1.143963291807239e-03
	-1.017065111695234e-02
	1.120790197570193e-02
	1.067124330577502e-04

 406	1.010100900451029e-09
	1.000000000000000e+00
	-1.113422727692139e-03
	-1.020808190259416e-02
	1.121743242091467e-02
	1.040722093717819e-04

 407	1.010120335571469e-09
	1.000000000000000e+00
	-1.082998157443341e-03
	-1.024535495015651e-02
	1.122698328821955e-02
	1.013698193800803e-04

 408	1.010139816525373e-09
	1.000000000000000e+00
	-1.053350926142938e-03
	-1.028167011239797e-02
	1.123633588950468e-02
	9.868514903590598e-05

 409	1.010159582085990e-09
	1.000000000000000e+00
	-1.024114266641257e-03
	-1.031748216420617e-02
	1.124559550319401e-02
	9.600092765345775e-05

 410	1.010179423907807e-09
	1.000000000000000e+00
	-9.955947455632004e-04
	-1.035241895036076e-02
	1.125465722090314e-02
	9.335647502134247e-05

 411	1.010199550278968e-09
	1.000000000000000e+00
	-9.674907727551946e-04
	-1.038685145155406e-02
	1.126361030314109e-02
	9.073192116829015e-05

 412	1.010219811440096e-09
	1.000000000000000e+00
	-9.400125987984870e-04
	-1.042052303519573e-02
	1.127238297171317e-02
	8.815266228099025e-05

 413	1.010240353795462e-09
	1.000000000000000e+00
	-9.129619844324699e-04
	-1.045367686099027e-02
	1.128103451610428e-02
	8.560432931852715e-05

 414	1.010261064311375e-09
	1.000000000000000e+00
	-8.864896845431659e-04
	-1.048612832274837e-02
	1.128951379377169e-02
	8.310421352009177e-05

 415	1.010282047758126e-09
	1.000000000000000e+00
	-8.604626034547092e-04
	-1.051804041785168e-02
	1.129786099167501e-02
	8.064202963150845e-05

 416	1.010303222112031e-09
	1.000000000000000e+00
	-8.349841654494115e-04
	-1.054928621691763e-02
	1.130604114672874e-02
	7.822923563847558e-05

 417	1.010324664641151e-09
	1.000000000000000e+00
	-8.099622278445913e-04
	-1.057997843478340e-02
	1.131408233307428e-02
	7.585832955369137e-05

 418	1.010346317140241e-09
	1.000000000000000e+00
	-7.854661233174312e-04
	-1.061003179548475e-02
	1.132196115181896e-02
	7.353676698327704e-05

 419	1.010368237335966e-09
	1.000000000000000e+00
	-7.614313548843891e-04
	-1.063952510222320e-02
	1.132969739196883e-02
	7.125906513882930e-05

 420	1.010390384432567e-09
	1.000000000000000e+00
	-7.379038660902740e-04
	-1.066840169693744e-02
	1.133727554361837e-02
	6.903001940919248e-05

 421	1.010412801978373e-09
	1.000000000000000e+00
	-7.148381799870936e-04
	-1.069671706079195e-02
	1.134470962333835e-02
	6.684561744056988e-05

 422	1.010435461866487e-09
	1.000000000000000e+00
	-6.922642713896622e-04
	-1.072443409715786e-02
	1.135198947821242e-02
	6.470889033490733e-05

 423	1.010458397409954e-09
	1.000000000000000e+00
	-6.701496989283719e-04
	-1.075159230788173e-02
	1.135912512784892e-02
	6.261687896122772e-05

 424	1.010481589821359e-09
	1.000000000000000e+00
	-6.485134982377322e-04
	-1.077816801292274e-02
	1.136611007139418e-02
	6.057143976614751e-05

 425	1.010505065082889e-09
	1.000000000000000e+00
	-6.273321223978917e-04
	-1.080418981574102e-02
	1.137295157942564e-02
	5.857035871325685e-05

 426	1.010528811303438e-09
	1.000000000000000e+00
	-6.066171024444317e-04
	-1.082964325320148e-02
	1.137964564734652e-02
	5.661470829945360e-05

 427	1.010552849258957e-09
	1.000000000000000e+00
	-5.863509447318373e-04
	-1.085454951673019e-02
	1.138619766392989e-02
	5.470279753203251e-05

 428	1.010577172205491e-09
	1.000000000000000e+00
	-5.665400301273944e-04
	-1.087890047885410e-02
	1.139260533403919e-02
	5.283517494266201e-05

 429	1.010601797267640e-09
	1.000000000000000e+00
	-5.471709746729149e-04
	-1.090271230417154e-02
	1.139887276431218e-02
	5.101051453214218e-05

 430	1.010626721589290e-09
	1.000000000000000e+00
	-5.282466225854203e-04
	-1.092598122470747e-02
	1.140499883317628e-02
	4.922901411663673e-05

 431	1.010651959786814e-09
	1.000000000000000e+00
	-5.097563712332144e-04
	-1.094872000854602e-02
	1.141098677870204e-02
	4.748960107732846e-05

 432	1.010677462226197e-09
	1.000000000000000e+00
	-4.917351782155813e-04
	-1.097088541008814e-02
	1.141682510279420e-02
	4.579548550941042e-05

 433	1.010703261618028e-09
	1.000000000000000e+00
	-4.741573670743772e-04
	-1.099250873405643e-02
	1.142252193026135e-02
	4.414417086953724e-05

 434	1.010729334795131e-09
	1.000000000000000e+00
	-4.570361055639301e-04
	-1.101357353384707e-02
	1.142807282591593e-02
	4.253681349511459e-05

 435	1.010755714306720e-09
	1.000000000000000e+00
	-4.403472942098585e-04
	-1.103410920951939e-02
	1.143348543291153e-02
	4.097107081770809e-05

 436	1.010782386828747e-09
	1.000000000000000e+00
	-4.240969052792462e-04
	-1.105410818434303e-02
	1.143875766314594e-02
	3.944742647646145e-05

 437	1.010809379173092e-09
	1.000000000000000e+00
	-4.082661552038992e-04
	-1.107359334833758e-02
	1.144389545916625e-02
	3.796404437521080e-05

 438	1.010836683451810e-09
	1.000000000000000e+00
	-3.928574222698301e-04
	-1.109256156493221e-02
	1.144889791139858e-02
	3.652107580324555e-05

 439	1.010864321905381e-09
	1.000000000000000e+00
	-3.778559076826268e-04
	-1.111103084565322e-02
	1.145376968781927e-02
	3.511706551686154e-05

 440	1.010892291079530e-09
	1.000000000000000e+00
	-3.632613812729162e-04
	-1.112900128190097e-02
	1.145851073739535e-02
	3.375192577861325e-05

 441	1.010920610217900e-09
	1.000000000000000e+00
	-3.490617044450382e-04
	-1.114648763294381e-02
	1.146312488005888e-02
	3.242445732997577e-05

 442	1.010949279554650e-09
	1.000000000000000e+00
	-3.352547765600629e-04
	-1.116349231008299e-02
	1.146761268370468e-02
	3.113440293829099e-05

 443	1.010978316381025e-09
	1.000000000000000e+00
	-3.218303070222743e-04
	-1.118002781731047e-02
	1.147197738169616e-02
	2.988074263634021e-05

 444	1.011007723946169e-09
	1.000000000000000e+00
	-3.087849255296940e-04
	-1.119609814592276e-02
	1.147621996546398e-02
	2.866310598833877e-05

 445	1.011037518327782e-09
	1.000000000000000e+00
	-2.961096598037040e-04
	-1.121171419454528e-02
	1.148034325217189e-02
	2.748060217684433e-05

 446	1.011067705282894e-09
	1.000000000000000e+00
	-2.838003010056309e-04
	-1.122688100298480e-02
	1.148434851625033e-02
	2.633278774002945e-05

 447	1.011098300253698e-09
	1.000000000000000e+00
	-2.718488249649695e-04
	-1.124160831853663e-02
	1.148823827762769e-02
	2.521886587399653e-05

 448	1.011129311156898e-09
	1.000000000000000e+00
	-2.602504805515916e-04
	-1.125590186384631e-02
	1.149201399686901e-02
	2.413834752896522e-05

 449	1.011160753268114e-09
	1.000000000000000e+00
	-2.489979302093721e-04
	-1.126977055537708e-02
	1.149567798057006e-02
	2.309050501624738e-05

 450	1.011192636439752e-09
	1.000000000000000e+00
	-2.380860828682906e-04
	-1.128322054843788e-02
	1.149923180900594e-02
	2.207482230017817e-05

 451	1.011224976170193e-09
	1.000000000000000e+00
	-2.275081037176364e-04
	-1.129626015379385e-02
	1.150267763428982e-02
	2.109062322165321e-05

 452	1.011257784120847e-09
	1.000000000000000e+00
	-2.172586994128242e-04
	-1.130889578885926e-02
	1.150601711097872e-02
	2.013737729328770e-05

 453	1.011291076347115e-09
	1.000000000000000e+00
	-2.073314087915161e-04
	-1.132113531654183e-02
	1.150925227787175e-02
	1.921444746155890e-05

 454	1.011324866271737e-09
	1.000000000000000e+00
	-1.977208291151500e-04
	-1.133298530096441e-02
	1.151238483294400e-02
	1.832129713566902e-05

 455	1.011359170807051e-09
	1.000000000000000e+00
	-1.884207819777967e-04
	-1.134445326808316e-02
	1.151541673051431e-02
	1.745731954667888e-05

 456	1.011394005156328e-09
	1.000000000000000e+00
	-1.794258171435165e-04
	-1.135554585152696e-02
	1.151834969120700e-02
	1.662197746343658e-05

 457	1.011429387371378e-09
	1.000000000000000e+00
	-1.707299746793109e-04
	-1.136627031852664e-02
	1.152118560511530e-02
	1.581468809060959e-05

 458	1.011465334514371e-09
	1.000000000000000e+00
	-1.623277974336576e-04
	-1.137663332131413e-02
	1.152392620170269e-02
	1.503491704517558e-05

 459	1.011501866056419e-09
	1.000000000000000e+00
	-1.542134981215582e-04
	-1.138664192396311e-02
	1.152657332114252e-02
	1.428210094207288e-05

 460	1.011539001052129e-09
	1.000000000000000e+00
	-1.463816386981474e-04
	-1.139630276439335e-02
	1.152912869270085e-02
	1.355571039053662e-05

 461	1.011576760681904e-09
	1.000000000000000e+00
	-1.388265715582572e-04
	-1.140562274331842e-02
	1.153159411680473e-02
	1.285519807191516e-05

 462	1.011615166181103e-09
	1.000000000000000e+00
	-1.315428938565601e-04
	-1.141460846371752e-02
	1.153397131675179e-02
	1.218004082232918e-05

 463	1.011654240751920e-09
	1.000000000000000e+00
	-1.245250736511307e-04
	-1.142326669177361e-02
	1.153626206052591e-02
	1.152970489885955e-05

 464	1.011694008056226e-09
	1.000000000000000e+00
	-1.177677526784209e-04
	-1.143160398321834e-02
	1.153846806190640e-02
	1.090367399030755e-05

 465	1.011734493665447e-09
	1.000000000000000e+00
	-1.112654969192030e-04
	-1.143962699085558e-02
	1.154059106173431e-02
	1.030142604030891e-05

 466	1.011775723976906e-09
	1.000000000000000e+00
	-1.050129975965486e-04
	-1.144734221643116e-02
	1.154263276221286e-02
	9.722451815029721e-06

 467	1.011817727327510e-09
	1.000000000000000e+00
	-9.900490524268266e-05
	-1.145475621518831e-02
	1.154459488095379e-02
	9.166239477233962e-06

 468	1.011860533231215e-09
	1.000000000000000e+00
	-9.323596254232069e-05
	-1.146187543180918e-02
	1.154647910751426e-02
	8.632286837079092e-06

 469	1.011904173251243e-09
	1.000000000000000e+00
	-8.770089428586716e-05
	-1.146870633604712e-02
	1.154828713922205e-02
	8.120091110894366e-06

 470	1.011948680484482e-09
	1.000000000000000e+00
	-8.239449473859337e-05
	-1.147525531477600e-02
	1.155002065255367e-02
	7.629156960867148e-06

 471	1.011994090264822e-09
	1.000000000000000e+00
	-7.731155484332064e-05
	-1.148152876168062e-02
	1.155168132681552e-02
	7.158989708359618e-06

 472	1.012040439841603e-09
	1.000000000000000e+00
	-7.244691939246178e-05
	-1.148753300656911e-02
	1.155327082538233e-02
	6.709100579248760e-06

 473	1.012087768970364e-09
	1.000000000000000e+00
	-6.779543899337534e-05
	-1.149327437452415e-02
	1.155479081130229e-02
	6.279002215226850e-06

 474	1.012136119749523e-09
	1.000000000000000e+00
	-6.335200724224416e-05
	-1.149875913989848e-02
	1.155624293507244e-02
	5.868212068223275e-06

 475	1.012185537143736e-09
	1.000000000000000e+00
	-5.911152840399475e-05
	-1.150399357592968e-02
	1.155762885389925e-02
	5.476250434526251e-06

 476	1.012236068081749e-09
	1.000000000000000e+00
	-5.506901098382283e-05
	-1.150898379920534e-02
	1.155895016516845e-02
	5.102645020676729e-06

 477	1.012287766792923e-09
	1.000000000000000e+00
	-5.121917352900879e-05
	-1.151373631676576e-02
	1.156020859026815e-02
	4.746900026591773e-06

 478	1.012340683414655e-09
	1.000000000000000e+00
	-4.755733144296004e-05
	-1.151825689052277e-02
	1.156140564700218e-02
	4.408574963619103e-06

 479	1.012394880470131e-09
	1.000000000000000e+00
	-4.407820357963874e-05
	-1.152255202050190e-02
	1.156254304932720e-02
	4.087174754320260e-06

 480	1.012450417064888e-09
	1.000000000000000e+00
	-4.077704576663926e-05
	-1.152662754552911e-02
	1.156362233676331e-02
	3.782254532355594e-06

 481	1.012507363686803e-09
	1.000000000000000e+00
	-3.764871275395432e-05
	-1.153048980112995e-02
	1.156464518093850e-02
	3.493332945321305e-06

 482	1.012565790023700e-09
	1.000000000000000e+00
	-3.468842186845830e-05
	-1.153414467670862e-02
	1.156561313590868e-02
	3.219962668491334e-06

 483	1.012625776470063e-09
	1.000000000000000e+00
	-3.189113804654212e-05
	-1.153759837466113e-02
	1.156652783913356e-02
	2.961673574151487e-06

 484	1.012687405209521e-09
	1.000000000000000e+00
	-2.925206397743491e-05
	-1.154085680517550e-02
	1.156739085118206e-02
	2.718017970921103e-06

 485	1.012750769130452e-09
	1.000000000000000e+00
	-2.676624782865095e-05
	-1.154392607045199e-02
	1.156820378393067e-02
	2.488534350044644e-06

 486	1.012815965450267e-09
	1.000000000000000e+00
	-2.442889465552670e-05
	-1.154681208015045e-02
	1.156896819869388e-02
	2.272776112147574e-06

 487	1.012883102776288e-09
	1.000000000000000e+00
	-2.223511836902184e-05
	-1.154952085754842e-02
	1.156968568727712e-02
	2.070288640365380e-06

 488	1.012952296734628e-09
	1.000000000000000e+00
	-2.018013806672631e-05
	-1.155205829706441e-02
	1.157035780773151e-02
	1.880627399603159e-06

 489	1.013023675776297e-09
	1.000000000000000e+00
	-1.825912235389054e-05
	-1.155443035640489e-02
	1.157098613521860e-02
	1.703343540185081e-06

 490	1.013097378452601e-09
	1.000000000000000e+00
	-1.646731220176362e-05
	-1.155664290480291e-02
	1.157157222178990e-02
	1.537995214857289e-06

 491	1.013173558465902e-09
	1.000000000000000e+00
	-1.479992409630232e-05
	-1.155870184254117e-02
	1.157211762802096e-02
	1.384138616574114e-06

 492	1.013252383392223e-09
	1.000000000000000e+00
	-1.325222635504067e-05
	-1.156061300665790e-02
	1.157262389801338e-02
	1.241334999588965e-06

 493	1.013334039429865e-09
	1.000000000000000e+00
	-1.181947956177543e-05
	-1.156238224443959e-02
	1.157309257883939e-02
	1.109145161905261e-06

 494	1.013418731524754e-09
	1.000000000000000e+00
	-1.049698366108881e-05
	-1.156401535521360e-02
	1.157352520510405e-02
	9.871337706077531e-07

 495	1.013506688285129e-09
	1.000000000000000e+00
	-9.280041886362833e-06
	-1.156551813483773e-02
	1.157392331070958e-02
	8.748660144711735e-07

 496	1.013598163640905e-09
	1.000000000000000e+00
	-8.163989724842280e-06
	-1.156689633988319e-02
	1.157428841934996e-02
	7.719102580252015e-07

 497	1.013693442483156e-09
	1.000000000000000e+00
	-7.144173591773495e-06
	-1.156815571392144e-02
	1.157462205145628e-02
	6.778360569385189e-07

 498	1.013792844225664e-09
	1.000000000000000e+00
	-6.215968726405036e-06
	-1.156930196537987e-02
	1.157492571831430e-02
	5.922157919702060e-07

 499	1.013896729934976e-09
	1.000000000000000e+00
	-5.374767133230901e-06
	-1.157034078239039e-02
	1.157520092598215e-02
	5.146235414732574e-07

 500	1.014005508526383e-09
	1.000000000000000e+00
	-4.615988899815682e-06
	-1.157127781877243e-02
	1.157544917156207e-02
	4.446361101906964e-07

 501	1.014119646558560e-09
	1.000000000000000e+00
	-3.935076038526220e-06
	-1.157211870160062e-02
	1.157567194519193e-02
	3.818324472086066e-07

 502	1.014239678416458e-09
	1.000000000000000e+00
	-3.327500103036257e-06
	-1.157286902176228e-02
	1.157587072752956e-02
	3.257943357211040e-07

 503	1.014366220733870e-09
	1.000000000000000e+00
	-2.788759928464002e-06
	-1.157353433671562e-02
	1.157604699047209e-02
	2.761061719993336e-07

 504	1.014499989056090e-09
	1.000000000000000e+00
	-2.314387454967204e-06
	-1.157412016326644e-02
	1.157620219523031e-02
	2.323554910437054e-07

 505	1.014641820413942e-09
	1.000000000000000e+00
	-1.899948269320356e-06
	-1.157463197686994e-02
	1.157633779213350e-02
	1.941330057052447e-07

 506	1.014792701209348e-09
	1.000000000000000e+00
	-1.541047001660245e-06
	-1.157507520493974e-02
	1.157645521884666e-02
	1.610330947439234e-07

 507	1.014953804688480e-09
	1.000000000000000e+00
	-1.233330238631369e-06
	-1.157545522322498e-02
	1.157655589940138e-02
	1.326540622022171e-07

 508	1.015126539561892e-09
	1.000000000000000e+00
	-9.724926158423408e-07
	-1.157577734826390e-02
	1.157664124218920e-02
	1.085986905992504e-07

 509	1.015312616234161e-09
	1.000000000000000e+00
	-7.542822583299358e-07
	-1.157604683064457e-02
	1.157671263816714e-02
	8.847473573094247e-08

 510	1.015514136572442e-09
	1.000000000000000e+00
	-5.745087527202208e-07
	-1.157626884514040e-02
	1.157677145823880e-02
	7.189565432529477e-08

 511	1.015733719788667e-09
	1.000000000000000e+00
	-4.290518993838033e-07
	-1.157644847988538e-02
	1.157681905037956e-02
	5.848140520074928e-08

 512	1.015974681141176e-09
	1.000000000000000e+00
	-3.138731845299392e-07
	-1.157659072219155e-02
	1.157685673587397e-02
	4.785950210808165e-08

 513	1.016241293590470e-09
	1.000000000000000e+00
	-2.250295442103589e-07
	-1.157670044153772e-02
	1.157688580480412e-02
	3.966627777864175e-08

 514	1.016539180460143e-09
	1.000000000000000e+00
	-1.586909576453688e-07
	-1.157678236783155e-02
	1.157690751028652e-02
	3.354850270100596e-08

 515	1.016875925916436e-09
	1.000000000000000e+00
	-1.111625012213679e-07
	-1.157684106416398e-02
	1.157692306124990e-02
	2.916541532026920e-08

 516	1.017262060164248e-09
	1.000000000000000e+00
	-7.891268914705929e-08
	-1.157688089180180e-02
	1.157693361315812e-02
	2.619133280614998e-08

 517	1.017712725777902e-09
	1.000000000000000e+00
	-5.860991522319003e-08
	-1.157690596517698e-02
	1.157694025608267e-02
	2.431900952517008e-08

 518	1.018250656808543e-09
	1.000000000000000e+00
	-4.716972817550569e-08
	-1.157692009349858e-02
	1.157694399923157e-02
	2.326399517855529e-08

 519	1.018911889384811e-09
	1.000000000000000e+00
	-4.181594940796951e-08
	-1.157692670527056e-02
	1.157694575095029e-02
	2.277026967894071e-08

 520	1.019757726072436e-09
	1.000000000000000e+00
	-4.015845379845562e-08
	-1.157692875223266e-02
	1.157694629327100e-02
	2.261741545805864e-08

 521	1.020902989849908e-09
	1.000000000000000e+00
	-4.028736316080694e-08
	-1.157692859303297e-02
	1.157694625109265e-02
	2.262930348673059e-08

 522	1.022595371787149e-09
	1.000000000000000e+00
	-4.087287825554897e-08
	-1.157692786993765e-02
	1.157694605951619e-02
	2.268329971785071e-08

 523	1.025513200463249e-09
	1.000000000000000e+00
	-4.123234755015748e-08
	-1.157692742600281e-02
	1.157694594190036e-02
	2.271644999299657e-08

 524	1.031348857815447e-09
	1.000000000000000e+00
	-4.127053243596635e-08
	-1.157692737884551e-02
	1.157694592940654e-02
	2.271997140019657e-08

 525	1.041348857815447e-09
	1.000000000000000e+00
	-4.122758861385689e-08
	-1.157692743187996e-02
	1.157694594345745e-02
	2.271601112015251e-08

 526	1.051348857815447e-09
	1.000000000000000e+00
	-4.121901301876174e-08
	-1.157692744247058e-02
	1.157694594626332e-02
	2.271522027941970e-08

 527	1.061348857815447e-09
	1.000000000000000e+00
	-4.121929191025497e-08
	-1.157692744212616e-02
	1.157694594617208e-02
	2.271524599872395e-08

 528	1.071348857815447e-09
	1.000000000000000e+00
	-4.121960469130603e-08
	-1.157692744173987e-02
	1.157694594606973e-02
	2.271527484281534e-08

 529	1.081348857815446e-09
	1.000000000000000e+00
	-4.121963606898427e-08
	-1.157692744170115e-02
	1.157694594605949e-02
	2.271527773661063e-08

 530	1.091348857815446e-09
	1.000000000000000e+00
	-4.121963002520768e-08
	-1.157692744170862e-02
	1.157694594606147e-02
	2.271527717904598e-08

 531	1.101348857815446e-09
	1.000000000000000e+00
	-4.121962823150360e-08
	-1.157692744171083e-02
	1.157694594606206e-02
	2.271527701311795e-08

 532	1.111348857815446e-09
	1.000000000000000e+00
	-4.121962819680913e-08
	-1.157692744171089e-02
	1.157694594606207e-02
	2.271527701065805e-08

 533	1.121348857815446e-09
	1.000000000000000e+00
	-4.121962824885084e-08
	-1.157692744171081e-02
	1.157694594606204e-02
	2.271527701591250e-08

 534	1.131348857815446e-09
	1.000000000000000e+00
	-4.121962825578973e-08
	-1.157692744171080e-02
	1.157694594606204e-02
	2.271527701560704e-08

 535	1.141348857815446e-09
	1.000000000000000e+00
	-4.121962825578973e-08
	-1.157692744171080e-02
	1.157694594606204e-02
	2.271527701611523e-08

 536	1.151348857815446e-09
	1.000000000000000e+00
	-4.121962825578973e-08
	-1.157692744171079e-02
	1.157694594606203e-02
	2.271527701608985e-08

 537	1.161348857815446e-09
	1.000000000000000e+00
	-4.121962825578973e-08
	-1.157692744171080e-02
	1.157694594606204e-02
	2.271527701608943e-08

 538	1.171348857815446e-09
	1.000000000000000e+00
	-4.121962825578973e-08
	-1.157692744171079e-02
	1.157694594606203e-02
	2.271527701606243e-08

 539	1.181348857815446e-09
	1.000000000000000e+00
	-4.121962825578973e-08
	-1.157692744171080e-02
	1.157694594606204e-02
	2.271527701608936e-08

 540	1.191348857815446e-09
	1.000000000000000e+00
	-4.121962825578973e-08
	-1.157692744171079e-02
	1.157694594606203e-02
	2.271527701606245e-08

 541	1.201348857815446e-09
	1.000000000000000e+00
	-4.121962825578973e-08
	-1.157692744171080e-02
	1.157694594606204e-02
	2.271527701608936e-08

 542	1.211348857815446e-09
	1.000000000000000e+00
	-4.121962825578973e-08
	-1.157692744171079e-02
	1.157694594606203e-02
	2.271527701606245e-08

 543	1.221348857815446e-09
	1.000000000000000e+00
	-4.121962825578973e-08
	-1.157692744171080e-02
	1.157694594606204e-02
	2.271527701608936e-08

 544	1.231348857815446e-09
	1.000000000000000e+00
	-4.121962825578973e-08
	-1.157692744171079e-02
	1.157694594606203e-02
	2.271527701606245e-08

 545	1.241348857815446e-09
	1.000000000000000e+00
	-4.121962825578973e-08
	-1.157692744171080e-02
	1.157694594606204e-02
	2.271527701608936e-08

 546	1.251348857815446e-09
	1.000000000000000e+00
	-4.121962825578973e-08
	-1.157692744171079e-02
	1.157694594606203e-02
	2.271527701606245e-08

 547	1.261348857815446e-09
	1.000000000000000e+00
	-4.121962825578973e-08
	-1.157692744171080e-02
	1.157694594606204e-02
	2.271527701608936e-08

 548	1.271348857815446e-09
	1.000000000000000e+00
	-4.121962825578973e-08
	-1.157692744171079e-02
	1.157694594606203e-02
	2.271527701606245e-08

 549	1.281348857815446e-09
	1.000000000000000e+00
	-4.121962825578973e-08
	-1.157692744171080e-02
	1.157694594606204e-02
	2.271527701608936e-08

 550	1.291348857815446e-09
	1.000000000000000e+00
	-4.121962825578973e-08
	-1.157692744171079e-02
	1.157694594606203e-02
	2.271527701606245e-08

 551	1.301348857815446e-09
	1.000000000000000e+00
	-4.121962825578973e-08
	-1.157692744171080e-02
	1.157694594606204e-02
	2.271527701608936e-08

 552	1.311348857815446e-09
	1.000000000000000e+00
	-4.121962825578973e-08
	-1.157692744171079e-02
	1.157694594606203e-02
	2.271527701606245e-08

 553	1.321348857815446e-09
	1.000000000000000e+00
	-4.121962825578973e-08
	-1.157692744171080e-02
	1.157694594606204e-02
	2.271527701608936e-08

 554	1.331348857815446e-09
	1.000000000000000e+00
	-4.121962825578973e-08
	-1.157692744171079e-02
	1.157694594606203e-02
	2.271527701606245e-08

 555	1.341348857815446e-09
	1.000000000000000e+00
	-4.121962825578973e-08
	-1.157692744171080e-02
	1.157694594606204e-02
	2.271527701608936e-08

 556	1.351348857815446e-09
	1.000000000000000e+00
	-4.121962825578973e-08
	-1.157692744171079e-02
	1.157694594606203e-02
	2.271527701606245e-08

 557	1.361348857815446e-09
	1.000000000000000e+00
	-4.121962825578973e-08
	-1.157692744171080e-02
	1.157694594606204e-02
	2.271527701608936e-08

 558	1.371348857815445e-09
	1.000000000000000e+00
	-4.121962825578973e-08
	-1.157692744171079e-02
	1.157694594606203e-02
	2.271527701606245e-08

 559	1.381348857815445e-09
	1.000000000000000e+00
	-4.121962825578973e-08
	-1.157692744171080e-02
	1.157694594606204e-02
	2.271527701608936e-08

 560	1.391348857815445e-09
	1.000000000000000e+00
	-4.121962825578973e-08
	-1.157692744171079e-02
	1.157694594606203e-02
	2.271527701606245e-08

 561	1.401348857815445e-09
	1.000000000000000e+00
	-4.121962825578973e-08
	-1.157692744171080e-02
	1.157694594606204e-02
	2.271527701608936e-08

 562	1.411348857815445e-09
	1.000000000000000e+00
	-4.121962825578973e-08
	-1.157692744171079e-02
	1.157694594606203e-02
	2.271527701606245e-08

 563	1.421348857815445e-09
	1.000000000000000e+00
	-4.121962825578973e-08
	-1.157692744171080e-02
	1.157694594606204e-02
	2.271527701608936e-08

 564	1.431348857815445e-09
	1.000000000000000e+00
	-4.121962825578973e-08
	-1.157692744171079e-02
	1.157694594606203e-02
	2.271527701606245e-08

 565	1.441348857815445e-09
	1.000000000000000e+00
	-4.121962825578973e-08
	-1.157692744171080e-02
	1.157694594606204e-02
	2.271527701608936e-08

 566	1.451348857815445e-09
	1.000000000000000e+00
	-4.121962825578973e-08
	-1.157692744171079e-02
	1.157694594606203e-02
	2.271527701606245e-08

 567	1.461348857815445e-09
	1.000000000000000e+00
	-4.121962825578973e-08
	-1.157692744171080e-02
	1.157694594606204e-02
	2.271527701608936e-08

 568	1.471348857815445e-09
	1.000000000000000e+00
	-4.121962825578973e-08
	-1.157692744171079e-02
	1.157694594606203e-02
	2.271527701606245e-08

 569	1.481348857815445e-09
	1.000000000000000e+00
	-4.121962825578973e-08
	-1.157692744171080e-02
	1.157694594606204e-02
	2.271527701608936e-08

 570	1.491348857815445e-09
	1.000000000000000e+00
	-4.121962825578973e-08
	-1.157692744171079e-02
	1.157694594606203e-02
	2.271527701606245e-08

 571	1.501348857815445e-09
	1.000000000000000e+00
	-4.121962825578973e-08
	-1.157692744171080e-02
	1.157694594606204e-02
	2.271527701608936e-08

 572	1.511348857815445e-09
	1.000000000000000e+00
	-4.121962825578973e-08
	-1.157692744171079e-02
	1.157694594606203e-02
	2.271527701606245e-08

 573	1.521348857815445e-09
	1.000000000000000e+00
	-4.121962825578973e-08
	-1.157692744171080e-02
	1.157694594606204e-02
	2.271527701608936e-08

 574	1.531348857815445e-09
	1.000000000000000e+00
	-4.121962825578973e-08
	-1.157692744171079e-02
	1.157694594606203e-02
	2.271527701606245e-08

 575	1.541348857815445e-09
	1.000000000000000e+00
	-4.121962825578973e-08
	-1.157692744171080e-02
	1.157694594606204e-02
	2.271527701608936e-08

 576	1.551348857815445e-09
	1.000000000000000e+00
	-4.121962825578973e-08
	-1.157692744171079e-02
	1.157694594606203e-02
	2.271527701606245e-08

 577	1.561348857815445e-09
	1.000000000000000e+00
	-4.121962825578973e-08
	-1.157692744171080e-02
	1.157694594606204e-02
	2.271527701608936e-08

 578	1.571348857815445e-09
	1.000000000000000e+00
	-4.121962825578973e-08
	-1.157692744171079e-02
	1.157694594606203e-02
	2.271527701606245e-08

 579	1.581348857815445e-09
	1.000000000000000e+00
	-4.121962825578973e-08
	-1.157692744171080e-02
	1.157694594606204e-02
	2.271527701608936e-08

 580	1.591348857815445e-09
	1.000000000000000e+00
	-4.121962825578973e-08
	-1.157692744171079e-02
	1.157694594606203e-02
	2.271527701606245e-08

 581	1.601348857815445e-09
	1.000000000000000e+00
	-4.121962825578973e-08
	-1.157692744171080e-02
	1.157694594606204e-02
	2.271527701608936e-08

 582	1.611348857815445e-09
	1.000000000000000e+00
	-4.121962825578973e-08
	-1.157692744171079e-02
	1.157694594606203e-02
	2.271527701606245e-08

 583	1.621348857815445e-09
	1.000000000000000e+00
	-4.121962825578973e-08
	-1.157692744171080e-02
	1.157694594606204e-02
	2.271527701608936e-08

 584	1.631348857815445e-09
	1.000000000000000e+00
	-4.121962825578973e-08
	-1.157692744171079e-02
	1.157694594606203e-02
	2.271527701606245e-08

 585	1.641348857815445e-09
	1.000000000000000e+00
	-4.121962825578973e-08
	-1.157692744171080e-02
	1.157694594606204e-02
	2.271527701608936e-08

 586	1.651348857815445e-09
	1.000000000000000e+00
	-4.121962825578973e-08
	-1.157692744171079e-02
	1.157694594606203e-02
	2.271527701606245e-08

 587	1.661348857815444e-09
	1.000000000000000e+00
	-4.121962825578973e-08
	-1.157692744171080e-02
	1.157694594606204e-02
	2.271527701608936e-08

 588	1.671348857815444e-09
	1.000000000000000e+00
	-4.121962825578973e-08
	-1.157692744171079e-02
	1.157694594606203e-02
	2.271527701606245e-08

 589	1.681348857815444e-09
	1.000000000000000e+00
	-4.121962825578973e-08
	-1.157692744171080e-02
	1.157694594606204e-02
	2.271527701608936e-08

 590	1.691348857815444e-09
	1.000000000000000e+00
	-4.121962825578973e-08
	-1.157692744171079e-02
	1.157694594606203e-02
	2.271527701606245e-08

 591	1.701348857815444e-09
	1.000000000000000e+00
	-4.121962825578973e-08
	-1.157692744171080e-02
	1.157694594606204e-02
	2.271527701608936e-08

 592	1.711348857815444e-09
	1.000000000000000e+00
	-4.121962825578973e-08
	-1.157692744171079e-02
	1.157694594606203e-02
	2.271527701606245e-08

 593	1.721348857815444e-09
	1.000000000000000e+00
	-4.121962825578973e-08
	-1.157692744171080e-02
	1.157694594606204e-02
	2.271527701608936e-08

 594	1.731348857815444e-09
	1.000000000000000e+00
	-4.121962825578973e-08
	-1.157692744171079e-02
	1.157694594606203e-02
	2.271527701606245e-08

 595	1.741348857815444e-09
	1.000000000000000e+00
	-4.121962825578973e-08
	-1.157692744171080e-02
	1.157694594606204e-02
	2.271527701608936e-08

 596	1.751348857815444e-09
	1.000000000000000e+00
	-4.121962825578973e-08
	-1.157692744171079e-02
	1.157694594606203e-02
	2.271527701606245e-08

 597	1.761348857815444e-09
	1.000000000000000e+00
	-4.121962825578973e-08
	-1.157692744171080e-02
	1.157694594606204e-02
	2.271527701608936e-08

 598	1.771348857815444e-09
	1.000000000000000e+00
	-4.121962825578973e-08
	-1.157692744171079e-02
	1.157694594606203e-02
	2.271527701606245e-08

 599	1.781348857815444e-09
	1.000000000000000e+00
	-4.121962825578973e-08
	-1.157692744171080e-02
	1.157694594606204e-02
	2.271527701608936e-08

 600	1.791348857815444e-09
	1.000000000000000e+00
	-4.121962825578973e-08
	-1.157692744171079e-02
	1.157694594606203e-02
	2.271527701606245e-08

 601	1.801348857815444e-09
	1.000000000000000e+00
	-4.121962825578973e-08
	-1.157692744171080e-02
	1.157694594606204e-02
	2.271527701608936e-08

 602	1.811348857815444e-09
	1.000000000000000e+00
	-4.121962825578973e-08
	-1.157692744171079e-02
	1.157694594606203e-02
	2.271527701606245e-08

 603	1.821348857815444e-09
	1.000000000000000e+00
	-4.121962825578973e-08
	-1.157692744171080e-02
	1.157694594606204e-02
	2.271527701608936e-08

 604	1.831348857815444e-09
	1.000000000000000e+00
	-4.121962825578973e-08
	-1.157692744171079e-02
	1.157694594606203e-02
	2.271527701606245e-08

 605	1.841348857815444e-09
	1.000000000000000e+00
	-4.121962825578973e-08
	-1.157692744171080e-02
	1.157694594606204e-02
	2.271527701608936e-08

 606	1.851348857815444e-09
	1.000000000000000e+00
	-4.121962825578973e-08
	-1.157692744171079e-02
	1.157694594606203e-02
	2.271527701606245e-08

 607	1.861348857815444e-09
	1.000000000000000e+00
	-4.121962825578973e-08
	-1.157692744171080e-02
	1.157694594606204e-02
	2.271527701608936e-08

 608	1.871348857815444e-09
	1.000000000000000e+00
	-4.121962825578973e-08
	-1.157692744171079e-02
	1.157694594606203e-02
	2.271527701606245e-08

 609	1.881348857815444e-09
	1.000000000000000e+00
	-4.121962825578973e-08
	-1.157692744171080e-02
	1.157694594606204e-02
	2.271527701608936e-08

 610	1.891348857815444e-09
	1.000000000000000e+00
	-4.121962825578973e-08
	-1.157692744171079e-02
	1.157694594606203e-02
	2.271527701606245e-08

 611	1.901348857815444e-09
	1.000000000000000e+00
	-4.121962825578973e-08
	-1.157692744171080e-02
	1.157694594606204e-02
	2.271527701608936e-08

 612	1.911348857815444e-09
	1.000000000000000e+00
	-4.121962825578973e-08
	-1.157692744171079e-02
	1.157694594606203e-02
	2.271527701606245e-08

 613	1.921348857815445e-09
	1.000000000000000e+00
	-4.121962825578973e-08
	-1.157692744171080e-02
	1.157694594606204e-02
	2.271527701608936e-08

 614	1.931348857815445e-09
	1.000000000000000e+00
	-4.121962825578973e-08
	-1.157692744171079e-02
	1.157694594606203e-02
	2.271527701606245e-08

 615	1.941348857815445e-09
	1.000000000000000e+00
	-4.121962825578973e-08
	-1.157692744171080e-02
	1.157694594606204e-02
	2.271527701608936e-08

 616	1.951348857815445e-09
	1.000000000000000e+00
	-4.121962825578973e-08
	-1.157692744171079e-02
	1.157694594606203e-02
	2.271527701606245e-08

 617	1.961348857815445e-09
	1.000000000000000e+00
	-4.121962825578973e-08
	-1.157692744171080e-02
	1.157694594606204e-02
	2.271527701608936e-08

 618	1.971348857815445e-09
	1.000000000000000e+00
	-4.121962825578973e-08
	-1.157692744171079e-02
	1.157694594606203e-02
	2.271527701606245e-08

 619	1.981348857815446e-09
	1.000000000000000e+00
	-4.121962825578973e-08
	-1.157692744171080e-02
	1.157694594606204e-02
	2.271527701608936e-08

 620	1.991348857815446e-09
	1.000000000000000e+00
	-4.121962825578973e-08
	-1.157692744171079e-02
	1.157694594606203e-02
	2.271527701606245e-08

 621	2.001348857815446e-09
	1.000000000000000e+00
	-4.121962825578973e-08
	-1.157692744171080e-02
	1.157694594606204e-02
	2.271527701608936e-08

 622	2.011348857815446e-09
	1.000000000000000e+00
	-4.121962825578973e-08
	-1.157692744171079e-02
	1.157694594606203e-02
	2.271527701606245e-08

 623	2.021348857815446e-09
	1.000000000000000e+00
	-4.121962825578973e-08
	-1.157692744171080e-02
	1.157694594606204e-02
	2.271527701608936e-08

 624	2.031348857815447e-09
	1.000000000000000e+00
	-4.121962825578973e-08
	-1.157692744171079e-02
	1.157694594606203e-02
	2.271527701606245e-08

 625	2.041348857815447e-09
	1.000000000000000e+00
	-4.121962825578973e-08
	-1.157692744171080e-02
	1.157694594606204e-02
	2.271527701608936e-08

 626	2.051348857815447e-09
	1.000000000000000e+00
	-4.121962825578973e-08
	-1.157692744171079e-02
	1.157694594606203e-02
	2.271527701606245e-08

 627	2.061348857815447e-09
	1.000000000000000e+00
	-4.121962825578973e-08
	-1.157692744171080e-02
	1.157694594606204e-02
	2.271527701608936e-08

 628	2.071348857815447e-09
	1.000000000000000e+00
	-4.121962825578973e-08
	-1.157692744171079e-02
	1.157694594606203e-02
	2.271527701606245e-08

 629	2.081348857815447e-09
	1.000000000000000e+00
	-4.121962825578973e-08
	-1.157692744171080e-02
	1.157694594606204e-02
	2.271527701608936e-08

 630	2.091348857815448e-09
	1.000000000000000e+00
	-4.121962825578973e-08
	-1.157692744171079e-02
	1.157694594606203e-02
	2.271527701606245e-08

 631	2.101348857815448e-09
	1.000000000000000e+00
	-4.121962825578973e-08
	-1.157692744171080e-02
	1.157694594606204e-02
	2.271527701608936e-08

 632	2.111348857815448e-09
	1.000000000000000e+00
	-4.121962825578973e-08
	-1.157692744171079e-02
	1.157694594606203e-02
	2.271527701606245e-08

 633	2.121348857815448e-09
	1.000000000000000e+00
	-4.121962825578973e-08
	-1.157692744171080e-02
	1.157694594606204e-02
	2.271527701608936e-08

 634	2.131348857815448e-09
	1.000000000000000e+00
	-4.121962825578973e-08
	-1.157692744171079e-02
	1.157694594606203e-02
	2.271527701606245e-08

 635	2.141348857815448e-09
	1.000000000000000e+00
	-4.121962825578973e-08
	-1.157692744171080e-02
	1.157694594606204e-02
	2.271527701608936e-08

 636	2.151348857815449e-09
	1.000000000000000e+00
	-4.121962825578973e-08
	-1.157692744171079e-02
	1.157694594606203e-02
	2.271527701606245e-08

 637	2.161348857815449e-09
	1.000000000000000e+00
	-4.121962825578973e-08
	-1.157692744171080e-02
	1.157694594606204e-02
	2.271527701608936e-08

 638	2.171348857815449e-09
	1.000000000000000e+00
	-4.121962825578973e-08
	-1.157692744171079e-02
	1.157694594606203e-02
	2.271527701606245e-08

 639	2.181348857815449e-09
	1.000000000000000e+00
	-4.121962825578973e-08
	-1.157692744171080e-02
	1.157694594606204e-02
	2.271527701608936e-08

 640	2.191348857815449e-09
	1.000000000000000e+00
	-4.121962825578973e-08
	-1.157692744171079e-02
	1.157694594606203e-02
	2.271527701606245e-08

 641	2.201348857815449e-09
	1.000000000000000e+00
	-4.121962825578973e-08
	-1.157692744171080e-02
	1.157694594606204e-02
	2.271527701608936e-08

 642	2.211348857815450e-09
	1.000000000000000e+00
	-4.121962825578973e-08
	-1.157692744171079e-02
	1.157694594606203e-02
	2.271527701606245e-08

 643	2.221348857815450e-09
	1.000000000000000e+00
	-4.121962825578973e-08
	-1.157692744171080e-02
	1.157694594606204e-02
	2.271527701608936e-08

 644	2.231348857815450e-09
	1.000000000000000e+00
	-4.121962825578973e-08
	-1.157692744171079e-02
	1.157694594606203e-02
	2.271527701606245e-08

 645	2.241348857815450e-09
	1.000000000000000e+00
	-4.121962825578973e-08
	-1.157692744171080e-02
	1.157694594606204e-02
	2.271527701608936e-08

 646	2.251348857815450e-09
	1.000000000000000e+00
	-4.121962825578973e-08
	-1.157692744171079e-02
	1.157694594606203e-02
	2.271527701606245e-08

 647	2.261348857815450e-09
	1.000000000000000e+00
	-4.121962825578973e-08
	-1.157692744171080e-02
	1.157694594606204e-02
	2.271527701608936e-08

 648	2.271348857815451e-09
	1.000000000000000e+00
	-4.121962825578973e-08
	-1.157692744171079e-02
	1.157694594606203e-02
	2.271527701606245e-08

 649	2.281348857815451e-09
	1.000000000000000e+00
	-4.121962825578973e-08
	-1.157692744171080e-02
	1.157694594606204e-02
	2.271527701608936e-08

 650	2.291348857815451e-09
	1.000000000000000e+00
	-4.121962825578973e-08
	-1.157692744171079e-02
	1.157694594606203e-02
	2.271527701606245e-08

 651	2.301348857815451e-09
	1.000000000000000e+00
	-4.121962825578973e-08
	-1.157692744171080e-02
	1.157694594606204e-02
	2.271527701608936e-08

 652	2.311348857815451e-09
	1.000000000000000e+00
	-4.121962825578973e-08
	-1.157692744171079e-02
	1.157694594606203e-02
	2.271527701606245e-08

 653	2.321348857815452e-09
	1.000000000000000e+00
	-4.121962825578973e-08
	-1.157692744171080e-02
	1.157694594606204e-02
	2.271527701608936e-08

 654	2.331348857815452e-09
	1.000000000000000e+00
	-4.121962825578973e-08
	-1.157692744171079e-02
	1.157694594606203e-02
	2.271527701606245e-08

 655	2.341348857815452e-09
	1.000000000000000e+00
	-4.121962825578973e-08
	-1.157692744171080e-02
	1.157694594606204e-02
	2.271527701608936e-08

 656	2.351348857815452e-09
	1.000000000000000e+00
	-4.121962825578973e-08
	-1.157692744171079e-02
	1.157694594606203e-02
	2.271527701606245e-08

 657	2.361348857815452e-09
	1.000000000000000e+00
	-4.121962825578973e-08
	-1.157692744171080e-02
	1.157694594606204e-02
	2.271527701608936e-08

 658	2.371348857815452e-09
	1.000000000000000e+00
	-4.121962825578973e-08
	-1.157692744171079e-02
	1.157694594606203e-02
	2.271527701606245e-08

 659	2.381348857815453e-09
	1.000000000000000e+00
	-4.121962825578973e-08
	-1.157692744171080e-02
	1.157694594606204e-02
	2.271527701608936e-08

 660	2.391348857815453e-09
	1.000000000000000e+00
	-4.121962825578973e-08
	-1.157692744171079e-02
	1.157694594606203e-02
	2.271527701606245e-08

 661	2.401348857815453e-09
	1.000000000000000e+00
	-4.121962825578973e-08
	-1.157692744171080e-02
	1.157694594606204e-02
	2.271527701608936e-08

 662	2.411348857815453e-09
	1.000000000000000e+00
	-4.121962825578973e-08
	-1.157692744171079e-02
	1.157694594606203e-02
	2.271527701606245e-08

 663	2.421348857815453e-09
	1.000000000000000e+00
	-4.121962825578973e-08
	-1.157692744171080e-02
	1.157694594606204e-02
	2.271527701608936e-08

 664	2.431348857815453e-09
	1.000000000000000e+00
	-4.121962825578973e-08
	-1.157692744171079e-02
	1.157694594606203e-02
	2.271527701606245e-08

 665	2.441348857815454e-09
	1.000000000000000e+00
	-4.121962825578973e-08
	-1.157692744171080e-02
	1.157694594606204e-02
	2.271527701608936e-08

 666	2.451348857815454e-09
	1.000000000000000e+00
	-4.121962825578973e-08
	-1.157692744171079e-02
	1.157694594606203e-02
	2.271527701606245e-08

 667	2.461348857815454e-09
	1.000000000000000e+00
	-4.121962825578973e-08
	-1.157692744171080e-02
	1.157694594606204e-02
	2.271527701608936e-08

 668	2.471348857815454e-09
	1.000000000000000e+00
	-4.121962825578973e-08
	-1.157692744171079e-02
	1.157694594606203e-02
	2.271527701606245e-08

 669	2.481348857815454e-09
	1.000000000000000e+00
	-4.121962825578973e-08
	-1.157692744171080e-02
	1.157694594606204e-02
	2.271527701608936e-08

 670	2.491348857815454e-09
	1.000000000000000e+00
	-4.121962825578973e-08
	-1.157692744171079e-02
	1.157694594606203e-02
	2.271527701606245e-08

 671	2.501348857815455e-09
	1.000000000000000e+00
	-4.121962825578973e-08
	-1.157692744171080e-02
	1.157694594606204e-02
	2.271527701608936e-08

 672	2.511348857815455e-09
	1.000000000000000e+00
	-4.121962825578973e-08
	-1.157692744171079e-02
	1.157694594606203e-02
	2.271527701606245e-08

 673	2.521348857815455e-09
	1.000000000000000e+00
	-4.121962825578973e-08
	-1.157692744171080e-02
	1.157694594606204e-02
	2.271527701608936e-08

 674	2.531348857815455e-09
	1.000000000000000e+00
	-4.121962825578973e-08
	-1.157692744171079e-02
	1.157694594606203e-02
	2.271527701606245e-08

 675	2.541348857815455e-09
	1.000000000000000e+00
	-4.121962825578973e-08
	-1.157692744171080e-02
	1.157694594606204e-02
	2.271527701608936e-08

 676	2.551348857815455e-09
	1.000000000000000e+00
	-4.121962825578973e-08
	-1.157692744171079e-02
	1.157694594606203e-02
	2.271527701606245e-08

 677	2.561348857815456e-09
	1.000000000000000e+00
	-4.121962825578973e-08
	-1.157692744171080e-02
	1.157694594606204e-02
	2.271527701608936e-08

 678	2.571348857815456e-09
	1.000000000000000e+00
	-4.121962825578973e-08
	-1.157692744171079e-02
	1.157694594606203e-02
	2.271527701606245e-08

 679	2.581348857815456e-09
	1.000000000000000e+00
	-4.121962825578973e-08
	-1.157692744171080e-02
	1.157694594606204e-02
	2.271527701608936e-08

 680	2.591348857815456e-09
	1.000000000000000e+00
	-4.121962825578973e-08
	-1.157692744171079e-02
	1.157694594606203e-02
	2.271527701606245e-08

 681	2.601348857815456e-09
	1.000000000000000e+00
	-4.121962825578973e-08
	-1.157692744171080e-02
	1.157694594606204e-02
	2.271527701608936e-08

 682	2.611348857815457e-09
	1.000000000000000e+00
	-4.121962825578973e-08
	-1.157692744171079e-02
	1.157694594606203e-02
	2.271527701606245e-08

 683	2.621348857815457e-09
	1.000000000000000e+00
	-4.121962825578973e-08
	-1.157692744171080e-02
	1.157694594606204e-02
	2.271527701608936e-08

 684	2.631348857815457e-09
	1.000000000000000e+00
	-4.121962825578973e-08
	-1.157692744171079e-02
	1.157694594606203e-02
	2.271527701606245e-08

 685	2.641348857815457e-09
	1.000000000000000e+00
	-4.121962825578973e-08
	-1.157692744171080e-02
	1.157694594606204e-02
	2.271527701608936e-08

 686	2.651348857815457e-09
	1.000000000000000e+00
	-4.121962825578973e-08
	-1.157692744171079e-02
	1.157694594606203e-02
	2.271527701606245e-08

 687	2.661348857815457e-09
	1.000000000000000e+00
	-4.121962825578973e-08
	-1.157692744171080e-02
	1.157694594606204e-02
	2.271527701608936e-08

 688	2.671348857815458e-09
	1.000000000000000e+00
	-4.121962825578973e-08
	-1.157692744171079e-02
	1.157694594606203e-02
	2.271527701606245e-08

 689	2.681348857815458e-09
	1.000000000000000e+00
	-4.121962825578973e-08
	-1.157692744171080e-02
	1.157694594606204e-02
	2.271527701608936e-08

 690	2.691348857815458e-09
	1.000000000000000e+00
	-4.121962825578973e-08
	-1.157692744171079e-02
	1.157694594606203e-02
	2.271527701606245e-08

 691	2.701348857815458e-09
	1.000000000000000e+00
	-4.121962825578973e-08
	-1.157692744171080e-02
	1.157694594606204e-02
	2.271527701608936e-08

 692	2.711348857815458e-09
	1.000000000000000e+00
	-4.121962825578973e-08
	-1.157692744171079e-02
	1.157694594606203e-02
	2.271527701606245e-08

 693	2.721348857815458e-09
	1.000000000000000e+00
	-4.121962825578973e-08
	-1.157692744171080e-02
	1.157694594606204e-02
	2.271527701608936e-08

 694	2.731348857815459e-09
	1.000000000000000e+00
	-4.121962825578973e-08
	-1.157692744171079e-02
	1.157694594606203e-02
	2.271527701606245e-08

 695	2.741348857815459e-09
	1.000000000000000e+00
	-4.121962825578973e-08
	-1.157692744171080e-02
	1.157694594606204e-02
	2.271527701608936e-08

 696	2.751348857815459e-09
	1.000000000000000e+00
	-4.121962825578973e-08
	-1.157692744171079e-02
	1.157694594606203e-02
	2.271527701606245e-08

 697	2.761348857815459e-09
	1.000000000000000e+00
	-4.121962825578973e-08
	-1.157692744171080e-02
	1.157694594606204e-02
	2.271527701608936e-08

 698	2.771348857815459e-09
	1.000000000000000e+00
	-4.121962825578973e-08
	-1.157692744171079e-02
	1.157694594606203e-02
	2.271527701606245e-08

 699	2.781348857815459e-09
	1.000000000000000e+00
	-4.121962825578973e-08
	-1.157692744171080e-02
	1.157694594606204e-02
	2.271527701608936e-08

 700	2.791348857815460e-09
	1.000000000000000e+00
	-4.121962825578973e-08
	-1.157692744171079e-02
	1.157694594606203e-02
	2.271527701606245e-08

 701	2.801348857815460e-09
	1.000000000000000e+00
	-4.121962825578973e-08
	-1.157692744171080e-02
	1.157694594606204e-02
	2.271527701608936e-08

 702	2.811348857815460e-09
	1.000000000000000e+00
	-4.121962825578973e-08
	-1.157692744171079e-02
	1.157694594606203e-02
	2.271527701606245e-08

 703	2.821348857815460e-09
	1.000000000000000e+00
	-4.121962825578973e-08
	-1.157692744171080e-02
	1.157694594606204e-02
	2.271527701608936e-08

 704	2.831348857815460e-09
	1.000000000000000e+00
	-4.121962825578973e-08
	-1.157692744171079e-02
	1.157694594606203e-02
	2.271527701606245e-08

 705	2.841348857815460e-09
	1.000000000000000e+00
	-4.121962825578973e-08
	-1.157692744171080e-02
	1.157694594606204e-02
	2.271527701608936e-08

 706	2.851348857815461e-09
	1.000000000000000e+00
	-4.121962825578973e-08
	-1.157692744171079e-02
	1.157694594606203e-02
	2.271527701606245e-08

 707	2.861348857815461e-09
	1.000000000000000e+00
	-4.121962825578973e-08
	-1.157692744171080e-02
	1.157694594606204e-02
	2.271527701608936e-08

 708	2.871348857815461e-09
	1.000000000000000e+00
	-4.121962825578973e-08
	-1.157692744171079e-02
	1.157694594606203e-02
	2.271527701606245e-08

 709	2.881348857815461e-09
	1.000000000000000e+00
	-4.121962825578973e-08
	-1.157692744171080e-02
	1.157694594606204e-02
	2.271527701608936e-08

 710	2.891348857815461e-09
	1.000000000000000e+00
	-4.121962825578973e-08
	-1.157692744171079e-02
	1.157694594606203e-02
	2.271527701606245e-08

 711	2.901348857815462e-09
	1.000000000000000e+00
	-4.121962825578973e-08
	-1.157692744171080e-02
	1.157694594606204e-02
	2.271527701608936e-08

 712	2.911348857815462e-09
	1.000000000000000e+00
	-4.121962825578973e-08
	-1.157692744171079e-02
	1.157694594606203e-02
	2.271527701606245e-08

 713	2.921348857815462e-09
	1.000000000000000e+00
	-4.121962825578973e-08
	-1.157692744171080e-02
	1.157694594606204e-02
	2.271527701608936e-08

 714	2.931348857815462e-09
	1.000000000000000e+00
	-4.121962825578973e-08
	-1.157692744171079e-02
	1.157694594606203e-02
	2.271527701606245e-08

 715	2.941348857815462e-09
	1.000000000000000e+00
	-4.121962825578973e-08
	-1.157692744171080e-02
	1.157694594606204e-02
	2.271527701608936e-08

 716	2.951348857815462e-09
	1.000000000000000e+00
	-4.121962825578973e-08
	-1.157692744171079e-02
	1.157694594606203e-02
	2.271527701606245e-08

 717	2.961348857815463e-09
	1.000000000000000e+00
	-4.121962825578973e-08
	-1.157692744171080e-02
	1.157694594606204e-02
	2.271527701608936e-08

 718	2.971348857815463e-09
	1.000000000000000e+00
	-4.121962825578973e-08
	-1.157692744171079e-02
	1.157694594606203e-02
	2.271527701606245e-08

 719	2.981348857815463e-09
	1.000000000000000e+00
	-4.121962825578973e-08
	-1.157692744171080e-02
	1.157694594606204e-02
	2.271527701608936e-08

 720	2.991348857815463e-09
	1.000000000000000e+00
	-4.121962825578973e-08
	-1.157692744171079e-02
	1.157694594606203e-02
	2.271527701606245e-08

 721	3.001348857815463e-09
	1.000000000000000e+00
	-4.121962825578973e-08
	-1.157692744171080e-02
	1.157694594606204e-02
	2.271527701608936e-08

 722	3.011348857815463e-09
	1.000000000000000e+00
	-4.121962825578973e-08
	-1.157692744171079e-02
	1.157694594606203e-02
	2.271527701606245e-08

 723	3.021348857815464e-09
	1.000000000000000e+00
	-4.121962825578973e-08
	-1.157692744171080e-02
	1.157694594606204e-02
	2.271527701608936e-08

 724	3.031348857815464e-09
	1.000000000000000e+00
	-4.121962825578973e-08
	-1.157692744171079e-02
	1.157694594606203e-02
	2.271527701606245e-08

 725	3.041348857815464e-09
	1.000000000000000e+00
	-4.121962825578973e-08
	-1.157692744171080e-02
	1.157694594606204e-02
	2.271527701608936e-08

 726	3.051348857815464e-09
	1.000000000000000e+00
	-4.121962825578973e-08
	-1.157692744171079e-02
	1.157694594606203e-02
	2.271527701606245e-08

 727	3.061348857815464e-09
	1.000000000000000e+00
	-4.121962825578973e-08
	-1.157692744171080e-02
	1.157694594606204e-02
	2.271527701608936e-08

 728	3.071348857815464e-09
	1.000000000000000e+00
	-4.121962825578973e-08
	-1.157692744171079e-02
	1.157694594606203e-02
	2.271527701606245e-08

 729	3.081348857815465e-09
	1.000000000000000e+00
	-4.121962825578973e-08
	-1.157692744171080e-02
	1.157694594606204e-02
	2.271527701608936e-08

 730	3.091348857815465e-09
	1.000000000000000e+00
	-4.121962825578973e-08
	-1.157692744171079e-02
	1.157694594606203e-02
	2.271527701606245e-08

 731	3.101348857815465e-09
	1.000000000000000e+00
	-4.121962825578973e-08
	-1.157692744171080e-02
	1.157694594606204e-02
	2.271527701608936e-08

 732	3.111348857815465e-09
	1.000000000000000e+00
	-4.121962825578973e-08
	-1.157692744171079e-02
	1.157694594606203e-02
	2.271527701606245e-08

 733	3.121348857815465e-09
	1.000000000000000e+00
	-4.121962825578973e-08
	-1.157692744171080e-02
	1.157694594606204e-02
	2.271527701608936e-08

 734	3.131348857815465e-09
	1.000000000000000e+00
	-4.121962825578973e-08
	-1.157692744171079e-02
	1.157694594606203e-02
	2.271527701606245e-08

 735	3.141348857815466e-09
	1.000000000000000e+00
	-4.121962825578973e-08
	-1.157692744171080e-02
	1.157694594606204e-02
	2.271527701608936e-08

 736	3.151348857815466e-09
	1.000000000000000e+00
	-4.121962825578973e-08
	-1.157692744171079e-02
	1.157694594606203e-02
	2.271527701606245e-08

 737	3.161348857815466e-09
	1.000000000000000e+00
	-4.121962825578973e-08
	-1.157692744171080e-02
	1.157694594606204e-02
	2.271527701608936e-08

 738	3.171348857815466e-09
	1.000000000000000e+00
	-4.121962825578973e-08
	-1.157692744171079e-02
	1.157694594606203e-02
	2.271527701606245e-08

 739	3.181348857815466e-09
	1.000000000000000e+00
	-4.121962825578973e-08
	-1.157692744171080e-02
	1.157694594606204e-02
	2.271527701608936e-08

 740	3.191348857815466e-09
	1.000000000000000e+00
	-4.121962825578973e-08
	-1.157692744171079e-02
	1.157694594606203e-02
	2.271527701606245e-08

 741	3.201348857815467e-09
	1.000000000000000e+00
	-4.121962825578973e-08
	-1.157692744171080e-02
	1.157694594606204e-02
	2.271527701608936e-08

 742	3.211348857815467e-09
	1.000000000000000e+00
	-4.121962825578973e-08
	-1.157692744171079e-02
	1.157694594606203e-02
	2.271527701606245e-08

 743	3.221348857815467e-09
	1.000000000000000e+00
	-4.121962825578973e-08
	-1.157692744171080e-02
	1.157694594606204e-02
	2.271527701608936e-08

 744	3.231348857815467e-09
	1.000000000000000e+00
	-4.121962825578973e-08
	-1.157692744171079e-02
	1.157694594606203e-02
	2.271527701606245e-08

 745	3.241348857815467e-09
	1.000000000000000e+00
	-4.121962825578973e-08
	-1.157692744171080e-02
	1.157694594606204e-02
	2.271527701608936e-08

 746	3.251348857815468e-09
	1.000000000000000e+00
	-4.121962825578973e-08
	-1.157692744171079e-02
	1.157694594606203e-02
	2.271527701606245e-08

 747	3.261348857815468e-09
	1.000000000000000e+00
	-4.121962825578973e-08
	-1.157692744171080e-02
	1.157694594606204e-02
	2.271527701608936e-08

 748	3.271348857815468e-09
	1.000000000000000e+00
	-4.121962825578973e-08
	-1.157692744171079e-02
	1.157694594606203e-02
	2.271527701606245e-08

 749	3.281348857815468e-09
	1.000000000000000e+00
	-4.121962825578973e-08
	-1.157692744171080e-02
	1.157694594606204e-02
	2.271527701608936e-08

 750	3.291348857815468e-09
	1.000000000000000e+00
	-4.121962825578973e-08
	-1.157692744171079e-02
	1.157694594606203e-02
	2.271527701606245e-08

 751	3.301348857815468e-09
	1.000000000000000e+00
	-4.121962825578973e-08
	-1.157692744171080e-02
	1.157694594606204e-02
	2.271527701608936e-08

 752	3.311348857815469e-09
	1.000000000000000e+00
	-4.121962825578973e-08
	-1.157692744171079e-02
	1.157694594606203e-02
	2.271527701606245e-08

 753	3.321348857815469e-09
	1.000000000000000e+00
	-4.121962825578973e-08
	-1.157692744171080e-02
	1.157694594606204e-02
	2.271527701608936e-08

 754	3.331348857815469e-09
	1.000000000000000e+00
	-4.121962825578973e-08
	-1.157692744171079e-02
	1.157694594606203e-02
	2.271527701606245e-08

 755	3.341348857815469e-09
	1.000000000000000e+00
	-4.121962825578973e-08
	-1.157692744171080e-02
	1.157694594606204e-02
	2.271527701608936e-08

 756	3.351348857815469e-09
	1.000000000000000e+00
	-4.121962825578973e-08
	-1.157692744171079e-02
	1.157694594606203e-02
	2.271527701606245e-08

 757	3.361348857815469e-09
	1.000000000000000e+00
	-4.121962825578973e-08
	-1.157692744171080e-02
	1.157694594606204e-02
	2.271527701608936e-08

 758	3.371348857815470e-09
	1.000000000000000e+00
	-4.121962825578973e-08
	-1.157692744171079e-02
	1.157694594606203e-02
	2.271527701606245e-08

 759	3.381348857815470e-09
	1.000000000000000e+00
	-4.121962825578973e-08
	-1.157692744171080e-02
	1.157694594606204e-02
	2.271527701608936e-08

 760	3.391348857815470e-09
	1.000000000000000e+00
	-4.121962825578973e-08
	-1.157692744171079e-02
	1.157694594606203e-02
	2.271527701606245e-08

 761	3.401348857815470e-09
	1.000000000000000e+00
	-4.121962825578973e-08
	-1.157692744171080e-02
	1.157694594606204e-02
	2.271527701608936e-08

 762	3.411348857815470e-09
	1.000000000000000e+00
	-4.121962825578973e-08
	-1.157692744171079e-02
	1.157694594606203e-02
	2.271527701606245e-08

 763	3.421348857815470e-09
	1.000000000000000e+00
	-4.121962825578973e-08
	-1.157692744171080e-02
	1.157694594606204e-02
	2.271527701608936e-08

 764	3.431348857815471e-09
	1.000000000000000e+00
	-4.121962825578973e-08
	-1.157692744171079e-02
	1.157694594606203e-02
	2.271527701606245e-08

 765	3.441348857815471e-09
	1.000000000000000e+00
	-4.121962825578973e-08
	-1.157692744171080e-02
	1.157694594606204e-02
	2.271527701608936e-08

 766	3.451348857815471e-09
	1.000000000000000e+00
	-4.121962825578973e-08
	-1.157692744171079e-02
	1.157694594606203e-02
	2.271527701606245e-08

 767	3.461348857815471e-09
	1.000000000000000e+00
	-4.121962825578973e-08
	-1.157692744171080e-02
	1.157694594606204e-02
	2.271527701608936e-08

 768	3.471348857815471e-09
	1.000000000000000e+00
	-4.121962825578973e-08
	-1.157692744171079e-02
	1.157694594606203e-02
	2.271527701606245e-08

 769	3.481348857815471e-09
	1.000000000000000e+00
	-4.121962825578973e-08
	-1.157692744171080e-02
	1.157694594606204e-02
	2.271527701608936e-08

 770	3.491348857815472e-09
	1.000000000000000e+00
	-4.121962825578973e-08
	-1.157692744171079e-02
	1.157694594606203e-02
	2.271527701606245e-08

 771	3.501348857815472e-09
	1.000000000000000e+00
	-4.121962825578973e-08
	-1.157692744171080e-02
	1.157694594606204e-02
	2.271527701608936e-08

 772	3.511348857815472e-09
	1.000000000000000e+00
	-4.121962825578973e-08
	-1.157692744171079e-02
	1.157694594606203e-02
	2.271527701606245e-08

 773	3.521348857815472e-09
	1.000000000000000e+00
	-4.121962825578973e-08
	-1.157692744171080e-02
	1.157694594606204e-02
	2.271527701608936e-08

 774	3.531348857815472e-09
	1.000000000000000e+00
	-4.121962825578973e-08
	-1.157692744171079e-02
	1.157694594606203e-02
	2.271527701606245e-08

 775	3.541348857815473e-09
	1.000000000000000e+00
	-4.121962825578973e-08
	-1.157692744171080e-02
	1.157694594606204e-02
	2.271527701608936e-08

 776	3.551348857815473e-09
	1.000000000000000e+00
	-4.121962825578973e-08
	-1.157692744171079e-02
	1.157694594606203e-02
	2.271527701606245e-08

 777	3.561348857815473e-09
	1.000000000000000e+00
	-4.121962825578973e-08
	-1.157692744171080e-02
	1.157694594606204e-02
	2.271527701608936e-08

 778	3.571348857815473e-09
	1.000000000000000e+00
	-4.121962825578973e-08
	-1.157692744171079e-02
	1.157694594606203e-02
	2.271527701606245e-08

 779	3.581348857815473e-09
	1.000000000000000e+00
	-4.121962825578973e-08
	-1.157692744171080e-02
	1.157694594606204e-02
	2.271527701608936e-08

 780	3.591348857815473e-09
	1.000000000000000e+00
	-4.121962825578973e-08
	-1.157692744171079e-02
	1.157694594606203e-02
	2.271527701606245e-08

 781	3.601348857815474e-09
	1.000000000000000e+00
	-4.121962825578973e-08
	-1.157692744171080e-02
	1.157694594606204e-02
	2.271527701608936e-08

 782	3.611348857815474e-09
	1.000000000000000e+00
	-4.121962825578973e-08
	-1.157692744171079e-02
	1.157694594606203e-02
	2.271527701606245e-08

 783	3.621348857815474e-09
	1.000000000000000e+00
	-4.121962825578973e-08
	-1.157692744171080e-02
	1.157694594606204e-02
	2.271527701608936e-08

 784	3.631348857815474e-09
	1.000000000000000e+00
	-4.121962825578973e-08
	-1.157692744171079e-02
	1.157694594606203e-02
	2.271527701606245e-08

 785	3.641348857815474e-09
	1.000000000000000e+00
	-4.121962825578973e-08
	-1.157692744171080e-02
	1.157694594606204e-02
	2.271527701608936e-08

 786	3.651348857815474e-09
	1.000000000000000e+00
	-4.121962825578973e-08
	-1.157692744171079e-02
	1.157694594606203e-02
	2.271527701606245e-08

 787	3.661348857815475e-09
	1.000000000000000e+00
	-4.121962825578973e-08
	-1.157692744171080e-02
	1.157694594606204e-02
	2.271527701608936e-08

 788	3.671348857815475e-09
	1.000000000000000e+00
	-4.121962825578973e-08
	-1.157692744171079e-02
	1.157694594606203e-02
	2.271527701606245e-08

 789	3.681348857815475e-09
	1.000000000000000e+00
	-4.121962825578973e-08
	-1.157692744171080e-02
	1.157694594606204e-02
	2.271527701608936e-08

 790	3.691348857815475e-09
	1.000000000000000e+00
	-4.121962825578973e-08
	-1.157692744171079e-02
	1.157694594606203e-02
	2.271527701606245e-08

 791	3.701348857815475e-09
	1.000000000000000e+00
	-4.121962825578973e-08
	-1.157692744171080e-02
	1.157694594606204e-02
	2.271527701608936e-08

 792	3.711348857815475e-09
	1.000000000000000e+00
	-4.121962825578973e-08
	-1.157692744171079e-02
	1.157694594606203e-02
	2.271527701606245e-08

 793	3.721348857815476e-09
	1.000000000000000e+00
	-4.121962825578973e-08
	-1.157692744171080e-02
	1.157694594606204e-02
	2.271527701608936e-08

 794	3.731348857815475e-09
	1.000000000000000e+00
	-4.121962825578973e-08
	-1.157692744171079e-02
	1.157694594606203e-02
	2.271527701606245e-08

 795	3.741348857815475e-09
	1.000000000000000e+00
	-4.121962825578973e-08
	-1.157692744171080e-02
	1.157694594606204e-02
	2.271527701608936e-08

 796	3.751348857815475e-09
	1.000000000000000e+00
	-4.121962825578973e-08
	-1.157692744171079e-02
	1.157694594606203e-02
	2.271527701606245e-08

 797	3.761348857815475e-09
	1.000000000000000e+00
	-4.121962825578973e-08
	-1.157692744171080e-02
	1.157694594606204e-02
	2.271527701608936e-08

 798	3.771348857815474e-09
	1.000000000000000e+00
	-4.121962825578973e-08
	-1.157692744171079e-02
	1.157694594606203e-02
	2.271527701606245e-08

 799	3.781348857815474e-09
	1.000000000000000e+00
	-4.121962825578973e-08
	-1.157692744171080e-02
	1.157694594606204e-02
	2.271527701608936e-08

 800	3.791348857815474e-09
	1.000000000000000e+00
	-4.121962825578973e-08
	-1.157692744171079e-02
	1.157694594606203e-02
	2.271527701606245e-08

 801	3.801348857815474e-09
	1.000000000000000e+00
	-4.121962825578973e-08
	-1.157692744171080e-02
	1.157694594606204e-02
	2.271527701608936e-08

 802	3.811348857815473e-09
	1.000000000000000e+00
	-4.121962825578973e-08
	-1.157692744171079e-02
	1.157694594606203e-02
	2.271527701606245e-08

 803	3.821348857815473e-09
	1.000000000000000e+00
	-4.121962825578973e-08
	-1.157692744171080e-02
	1.157694594606204e-02
	2.271527701608936e-08

 804	3.831348857815473e-09
	1.000000000000000e+00
	-4.121962825578973e-08
	-1.157692744171079e-02
	1.157694594606203e-02
	2.271527701606245e-08

 805	3.841348857815473e-09
	1.000000000000000e+00
	-4.121962825578973e-08
	-1.157692744171080e-02
	1.157694594606204e-02
	2.271527701608936e-08

 806	3.851348857815472e-09
	1.000000000000000e+00
	-4.121962825578973e-08
	-1.157692744171079e-02
	1.157694594606203e-02
	2.271527701606245e-08

 807	3.861348857815472e-09
	1.000000000000000e+00
	-4.121962825578973e-08
	-1.157692744171080e-02
	1.157694594606204e-02
	2.271527701608936e-08

 808	3.871348857815472e-09
	1.000000000000000e+00
	-4.121962825578973e-08
	-1.157692744171079e-02
	1.157694594606203e-02
	2.271527701606245e-08

 809	3.881348857815472e-09
	1.000000000000000e+00
	-4.121962825578973e-08
	-1.157692744171080e-02
	1.157694594606204e-02
	2.271527701608936e-08

 810	3.891348857815472e-09
	1.000000000000000e+00
	-4.121962825578973e-08
	-1.157692744171079e-02
	1.157694594606203e-02
	2.271527701606245e-08

 811	3.901348857815471e-09
	1.000000000000000e+00
	-4.121962825578973e-08
	-1.157692744171080e-02
	1.157694594606204e-02
	2.271527701608936e-08

 812	3.911348857815471e-09
	1.000000000000000e+00
	-4.121962825578973e-08
	-1.157692744171079e-02
	1.157694594606203e-02
	2.271527701606245e-08

 813	3.921348857815471e-09
	1.000000000000000e+00
	-4.121962825578973e-08
	-1.157692744171080e-02
	1.157694594606204e-02
	2.271527701608936e-08

 814	3.931348857815471e-09
	1.000000000000000e+00
	-4.121962825578973e-08
	-1.157692744171079e-02
	1.157694594606203e-02
	2.271527701606245e-08

 815	3.941348857815470e-09
	1.000000000000000e+00
	-4.121962825578973e-08
	-1.157692744171080e-02
	1.157694594606204e-02
	2.271527701608936e-08

 816	3.951348857815470e-09
	1.000000000000000e+00
	-4.121962825578973e-08
	-1.157692744171079e-02
	1.157694594606203e-02
	2.271527701606245e-08

 817	3.961348857815470e-09
	1.000000000000000e+00
	-4.121962825578973e-08
	-1.157692744171080e-02
	1.157694594606204e-02
	2.271527701608936e-08

 818	3.971348857815470e-09
	1.000000000000000e+00
	-4.121962825578973e-08
	-1.157692744171079e-02
	1.157694594606203e-02
	2.271527701606245e-08

 819	3.981348857815469e-09
	1.000000000000000e+00
	-4.121962825578973e-08
	-1.157692744171080e-02
	1.157694594606204e-02
	2.271527701608936e-08

 820	3.991348857815469e-09
	1.000000000000000e+00
	-4.121962825578973e-08
	-1.157692744171079e-02
	1.157694594606203e-02
	2.271527701606245e-08

 821	4.001348857815469e-09
	1.000000000000000e+00
	-4.121962825578973e-08
	-1.157692744171080e-02
	1.157694594606204e-02
	2.271527701608936e-08

 822	4.011348857815469e-09
	1.000000000000000e+00
	-4.121962825578973e-08
	-1.157692744171079e-02
	1.157694594606203e-02
	2.271527701606245e-08

 823	4.021348857815468e-09
	1.000000000000000e+00
	-4.121962825578973e-08
	-1.157692744171080e-02
	1.157694594606204e-02
	2.271527701608936e-08

 824	4.031348857815468e-09
	1.000000000000000e+00
	-4.121962825578973e-08
	-1.157692744171079e-02
	1.157694594606203e-02
	2.271527701606245e-08

 825	4.041348857815468e-09
	1.000000000000000e+00
	-4.121962825578973e-08
	-1.157692744171080e-02
	1.157694594606204e-02
	2.271527701608936e-08

 826	4.051348857815468e-09
	1.000000000000000e+00
	-4.121962825578973e-08
	-1.157692744171079e-02
	1.157694594606203e-02
	2.271527701606245e-08

 827	4.061348857815467e-09
	1.000000000000000e+00
	-4.121962825578973e-08
	-1.157692744171080e-02
	1.157694594606204e-02
	2.271527701608936e-08

 828	4.071348857815467e-09
	1.000000000000000e+00
	-4.121962825578973e-08
	-1.157692744171079e-02
	1.157694594606203e-02
	2.271527701606245e-08

 829	4.081348857815467e-09
	1.000000000000000e+00
	-4.121962825578973e-08
	-1.157692744171080e-02
	1.157694594606204e-02
	2.271527701608936e-08

 830	4.091348857815467e-09
	1.000000000000000e+00
	-4.121962825578973e-08
	-1.157692744171079e-02
	1.157694594606203e-02
	2.271527701606245e-08

 831	4.101348857815466e-09
	1.000000000000000e+00
	-4.121962825578973e-08
	-1.157692744171080e-02
	1.157694594606204e-02
	2.271527701608936e-08

 832	4.111348857815466e-09
	1.000000000000000e+00
	-4.121962825578973e-08
	-1.157692744171079e-02
	1.157694594606203e-02
	2.271527701606245e-08

 833	4.121348857815466e-09
	1.000000000000000e+00
	-4.121962825578973e-08
	-1.157692744171080e-02
	1.157694594606204e-02
	2.271527701608936e-08

 834	4.131348857815466e-09
	1.000000000000000e+00
	-4.121962825578973e-08
	-1.157692744171079e-02
	1.157694594606203e-02
	2.271527701606245e-08

 835	4.141348857815465e-09
	1.000000000000000e+00
	-4.121962825578973e-08
	-1.157692744171080e-02
	1.157694594606204e-02
	2.271527701608936e-08

 836	4.151348857815465e-09
	1.000000000000000e+00
	-4.121962825578973e-08
	-1.157692744171079e-02
	1.157694594606203e-02
	2.271527701606245e-08

 837	4.161348857815465e-09
	1.000000000000000e+00
	-4.121962825578973e-08
	-1.157692744171080e-02
	1.157694594606204e-02
	2.271527701608936e-08

 838	4.171348857815465e-09
	1.000000000000000e+00
	-4.121962825578973e-08
	-1.157692744171079e-02
	1.157694594606203e-02
	2.271527701606245e-08

 839	4.181348857815465e-09
	1.000000000000000e+00
	-4.121962825578973e-08
	-1.157692744171080e-02
	1.157694594606204e-02
	2.271527701608936e-08

 840	4.191348857815464e-09
	1.000000000000000e+00
	-4.121962825578973e-08
	-1.157692744171079e-02
	1.157694594606203e-02
	2.271527701606245e-08

 841	4.201348857815464e-09
	1.000000000000000e+00
	-4.121962825578973e-08
	-1.157692744171080e-02
	1.157694594606204e-02
	2.271527701608936e-08

 842	4.211348857815464e-09
	1.000000000000000e+00
	-4.121962825578973e-08
	-1.157692744171079e-02
	1.157694594606203e-02
	2.271527701606245e-08

 843	4.221348857815464e-09
	1.000000000000000e+00
	-4.121962825578973e-08
	-1.157692744171080e-02
	1.157694594606204e-02
	2.271527701608936e-08

 844	4.231348857815463e-09
	1.000000000000000e+00
	-4.121962825578973e-08
	-1.157692744171079e-02
	1.157694594606203e-02
	2.271527701606245e-08

 845	4.241348857815463e-09
	1.000000000000000e+00
	-4.121962825578973e-08
	-1.157692744171080e-02
	1.157694594606204e-02
	2.271527701608936e-08

 846	4.251348857815463e-09
	1.000000000000000e+00
	-4.121962825578973e-08
	-1.157692744171079e-02
	1.157694594606203e-02
	2.271527701606245e-08

 847	4.261348857815463e-09
	1.000000000000000e+00
	-4.121962825578973e-08
	-1.157692744171080e-02
	1.157694594606204e-02
	2.271527701608936e-08

 848	4.271348857815462e-09
	1.000000000000000e+00
	-4.121962825578973e-08
	-1.157692744171079e-02
	1.157694594606203e-02
	2.271527701606245e-08

 849	4.281348857815462e-09
	1.000000000000000e+00
	-4.121962825578973e-08
	-1.157692744171080e-02
	1.157694594606204e-02
	2.271527701608936e-08

 850	4.291348857815462e-09
	1.000000000000000e+00
	-4.121962825578973e-08
	-1.157692744171079e-02
	1.157694594606203e-02
	2.271527701606245e-08

 851	4.301348857815462e-09
	1.000000000000000e+00
	-4.121962825578973e-08
	-1.157692744171080e-02
	1.157694594606204e-02
	2.271527701608936e-08

 852	4.311348857815461e-09
	1.000000000000000e+00
	-4.121962825578973e-08
	-1.157692744171079e-02
	1.157694594606203e-02
	2.271527701606245e-08

 853	4.321348857815461e-09
	1.000000000000000e+00
	-4.121962825578973e-08
	-1.157692744171080e-02
	1.157694594606204e-02
	2.271527701608936e-08

 854	4.331348857815461e-09
	1.000000000000000e+00
	-4.121962825578973e-08
	-1.157692744171079e-02
	1.157694594606203e-02
	2.271527701606245e-08

 855	4.341348857815461e-09
	1.000000000000000e+00
	-4.121962825578973e-08
	-1.157692744171080e-02
	1.157694594606204e-02
	2.271527701608936e-08

 856	4.351348857815460e-09
	1.000000000000000e+00
	-4.121962825578973e-08
	-1.157692744171079e-02
	1.157694594606203e-02
	2.271527701606245e-08

 857	4.361348857815460e-09
	1.000000000000000e+00
	-4.121962825578973e-08
	-1.157692744171080e-02
	1.157694594606204e-02
	2.271527701608936e-08

 858	4.371348857815460e-09
	1.000000000000000e+00
	-4.121962825578973e-08
	-1.157692744171079e-02
	1.157694594606203e-02
	2.271527701606245e-08

 859	4.381348857815460e-09
	1.000000000000000e+00
	-4.121962825578973e-08
	-1.157692744171080e-02
	1.157694594606204e-02
	2.271527701608936e-08

 860	4.391348857815459e-09
	1.000000000000000e+00
	-4.121962825578973e-08
	-1.157692744171079e-02
	1.157694594606203e-02
	2.271527701606245e-08

 861	4.401348857815459e-09
	1.000000000000000e+00
	-4.121962825578973e-08
	-1.157692744171080e-02
	1.157694594606204e-02
	2.271527701608936e-08

 862	4.411348857815459e-09
	1.000000000000000e+00
	-4.121962825578973e-08
	-1.157692744171079e-02
	1.157694594606203e-02
	2.271527701606245e-08

 863	4.421348857815459e-09
	1.000000000000000e+00
	-4.121962825578973e-08
	-1.157692744171080e-02
	1.157694594606204e-02
	2.271527701608936e-08

 864	4.431348857815458e-09
	1.000000000000000e+00
	-4.121962825578973e-08
	-1.157692744171079e-02
	1.157694594606203e-02
	2.271527701606245e-08

 865	4.441348857815458e-09
	1.000000000000000e+00
	-4.121962825578973e-08
	-1.157692744171080e-02
	1.157694594606204e-02
	2.271527701608936e-08

 866	4.451348857815458e-09
	1.000000000000000e+00
	-4.121962825578973e-08
	-1.157692744171079e-02
	1.157694594606203e-02
	2.271527701606245e-08

 867	4.461348857815458e-09
	1.000000000000000e+00
	-4.121962825578973e-08
	-1.157692744171080e-02
	1.157694594606204e-02
	2.271527701608936e-08

 868	4.471348857815458e-09
	1.000000000000000e+00
	-4.121962825578973e-08
	-1.157692744171079e-02
	1.157694594606203e-02
	2.271527701606245e-08

 869	4.481348857815457e-09
	1.000000000000000e+00
	-4.121962825578973e-08
	-1.157692744171080e-02
	1.157694594606204e-02
	2.271527701608936e-08

 870	4.491348857815457e-09
	1.000000000000000e+00
	-4.121962825578973e-08
	-1.157692744171079e-02
	1.157694594606203e-02
	2.271527701606245e-08

 871	4.501348857815457e-09
	1.000000000000000e+00
	-4.121962825578973e-08
	-1.157692744171080e-02
	1.157694594606204e-02
	2.271527701608936e-08

 872	4.511348857815457e-09
	1.000000000000000e+00
	-4.121962825578973e-08
	-1.157692744171079e-02
	1.157694594606203e-02
	2.271527701606245e-08

 873	4.521348857815456e-09
	1.000000000000000e+00
	-4.121962825578973e-08
	-1.157692744171080e-02
	1.157694594606204e-02
	2.271527701608936e-08

 874	4.531348857815456e-09
	1.000000000000000e+00
	-4.121962825578973e-08
	-1.157692744171079e-02
	1.157694594606203e-02
	2.271527701606245e-08

 875	4.541348857815456e-09
	1.000000000000000e+00
	-4.121962825578973e-08
	-1.157692744171080e-02
	1.157694594606204e-02
	2.271527701608936e-08

 876	4.551348857815456e-09
	1.000000000000000e+00
	-4.121962825578973e-08
	-1.157692744171079e-02
	1.157694594606203e-02
	2.271527701606245e-08

 877	4.561348857815455e-09
	1.000000000000000e+00
	-4.121962825578973e-08
	-1.157692744171080e-02
	1.157694594606204e-02
	2.271527701608936e-08

 878	4.571348857815455e-09
	1.000000000000000e+00
	-4.121962825578973e-08
	-1.157692744171079e-02
	1.157694594606203e-02
	2.271527701606245e-08

 879	4.581348857815455e-09
	1.000000000000000e+00
	-4.121962825578973e-08
	-1.157692744171080e-02
	1.157694594606204e-02
	2.271527701608936e-08

 880	4.591348857815455e-09
	1.000000000000000e+00
	-4.121962825578973e-08
	-1.157692744171079e-02
	1.157694594606203e-02
	2.271527701606245e-08

 881	4.601348857815454e-09
	1.000000000000000e+00
	-4.121962825578973e-08
	-1.157692744171080e-02
	1.157694594606204e-02
	2.271527701608936e-08

 882	4.611348857815454e-09
	1.000000000000000e+00
	-4.121962825578973e-08
	-1.157692744171079e-02
	1.157694594606203e-02
	2.271527701606245e-08

 883	4.621348857815454e-09
	1.000000000000000e+00
	-4.121962825578973e-08
	-1.157692744171080e-02
	1.157694594606204e-02
	2.271527701608936e-08

 884	4.631348857815454e-09
	1.000000000000000e+00
	-4.121962825578973e-08
	-1.157692744171079e-02
	1.157694594606203e-02
	2.271527701606245e-08

 885	4.641348857815453e-09
	1.000000000000000e+00
	-4.121962825578973e-08
	-1.157692744171080e-02
	1.157694594606204e-02
	2.271527701608936e-08

 886	4.651348857815453e-09
	1.000000000000000e+00
	-4.121962825578973e-08
	-1.157692744171079e-02
	1.157694594606203e-02
	2.271527701606245e-08

 887	4.661348857815453e-09
	1.000000000000000e+00
	-4.121962825578973e-08
	-1.157692744171080e-02
	1.157694594606204e-02
	2.271527701608936e-08

 888	4.671348857815453e-09
	1.000000000000000e+00
	-4.121962825578973e-08
	-1.157692744171079e-02
	1.157694594606203e-02
	2.271527701606245e-08

 889	4.681348857815452e-09
	1.000000000000000e+00
	-4.121962825578973e-08
	-1.157692744171080e-02
	1.157694594606204e-02
	2.271527701608936e-08

 890	4.691348857815452e-09
	1.000000000000000e+00
	-4.121962825578973e-08
	-1.157692744171079e-02
	1.157694594606203e-02
	2.271527701606245e-08

 891	4.701348857815452e-09
	1.000000000000000e+00
	-4.121962825578973e-08
	-1.157692744171080e-02
	1.157694594606204e-02
	2.271527701608936e-08

 892	4.711348857815452e-09
	1.000000000000000e+00
	-4.121962825578973e-08
	-1.157692744171079e-02
	1.157694594606203e-02
	2.271527701606245e-08

 893	4.721348857815451e-09
	1.000000000000000e+00
	-4.121962825578973e-08
	-1.157692744171080e-02
	1.157694594606204e-02
	2.271527701608936e-08

 894	4.731348857815451e-09
	1.000000000000000e+00
	-4.121962825578973e-08
	-1.157692744171079e-02
	1.157694594606203e-02
	2.271527701606245e-08

 895	4.741348857815451e-09
	1.000000000000000e+00
	-4.121962825578973e-08
	-1.157692744171080e-02
	1.157694594606204e-02
	2.271527701608936e-08

 896	4.751348857815451e-09
	1.000000000000000e+00
	-4.121962825578973e-08
	-1.157692744171079e-02
	1.157694594606203e-02
	2.271527701606245e-08

 897	4.761348857815451e-09
	1.000000000000000e+00
	-4.121962825578973e-08
	-1.157692744171080e-02
	1.157694594606204e-02
	2.271527701608936e-08

 898	4.771348857815450e-09
	1.000000000000000e+00
	-4.121962825578973e-08
	-1.157692744171079e-02
	1.157694594606203e-02
	2.271527701606245e-08

 899	4.781348857815450e-09
	1.000000000000000e+00
	-4.121962825578973e-08
	-1.157692744171080e-02
	1.157694594606204e-02
	2.271527701608936e-08

 900	4.791348857815450e-09
	1.000000000000000e+00
	-4.121962825578973e-08
	-1.157692744171079e-02
	1.157694594606203e-02
	2.271527701606245e-08

 901	4.801348857815450e-09
	1.000000000000000e+00
	-4.121962825578973e-08
	-1.157692744171080e-02
	1.157694594606204e-02
	2.271527701608936e-08

 902	4.811348857815449e-09
	1.000000000000000e+00
	-4.121962825578973e-08
	-1.157692744171079e-02
	1.157694594606203e-02
	2.271527701606245e-08

 903	4.821348857815449e-09
	1.000000000000000e+00
	-4.121962825578973e-08
	-1.157692744171080e-02
	1.157694594606204e-02
	2.271527701608936e-08

 904	4.831348857815449e-09
	1.000000000000000e+00
	-4.121962825578973e-08
	-1.157692744171079e-02
	1.157694594606203e-02
	2.271527701606245e-08

 905	4.841348857815449e-09
	1.000000000000000e+00
	-4.121962825578973e-08
	-1.157692744171080e-02
	1.157694594606204e-02
	2.271527701608936e-08

 906	4.851348857815448e-09
	1.000000000000000e+00
	-4.121962825578973e-08
	-1.157692744171079e-02
	1.157694594606203e-02
	2.271527701606245e-08

 907	4.861348857815448e-09
	1.000000000000000e+00
	-4.121962825578973e-08
	-1.157692744171080e-02
	1.157694594606204e-02
	2.271527701608936e-08

 908	4.871348857815448e-09
	1.000000000000000e+00
	-4.121962825578973e-08
	-1.157692744171079e-02
	1.157694594606203e-02
	2.271527701606245e-08

 909	4.881348857815448e-09
	1.000000000000000e+00
	-4.121962825578973e-08
	-1.157692744171080e-02
	1.157694594606204e-02
	2.271527701608936e-08

 910	4.891348857815447e-09
	1.000000000000000e+00
	-4.121962825578973e-08
	-1.157692744171079e-02
	1.157694594606203e-02
	2.271527701606245e-08

 911	4.901348857815447e-09
	1.000000000000000e+00
	-4.121962825578973e-08
	-1.157692744171080e-02
	1.157694594606204e-02
	2.271527701608936e-08

 912	4.911348857815447e-09
	1.000000000000000e+00
	-4.121962825578973e-08
	-1.157692744171079e-02
	1.157694594606203e-02
	2.271527701606245e-08

 913	4.921348857815447e-09
	1.000000000000000e+00
	-4.121962825578973e-08
	-1.157692744171080e-02
	1.157694594606204e-02
	2.271527701608936e-08

 914	4.931348857815446e-09
	1.000000000000000e+00
	-4.121962825578973e-08
	-1.157692744171079e-02
	1.157694594606203e-02
	2.271527701606245e-08

 915	4.941348857815446e-09
	1.000000000000000e+00
	-4.121962825578973e-08
	-1.157692744171080e-02
	1.157694594606204e-02
	2.271527701608936e-08

 916	4.951348857815446e-09
	1.000000000000000e+00
	-4.121962825578973e-08
	-1.157692744171079e-02
	1.157694594606203e-02
	2.271527701606245e-08

 917	4.961348857815446e-09
	1.000000000000000e+00
	-4.121962825578973e-08
	-1.157692744171080e-02
	1.157694594606204e-02
	2.271527701608936e-08

 918	4.971348857815445e-09
	1.000000000000000e+00
	-4.121962825578973e-08
	-1.157692744171079e-02
	1.157694594606203e-02
	2.271527701606245e-08

 919	4.981348857815445e-09
	1.000000000000000e+00
	-4.121962825578973e-08
	-1.157692744171080e-02
	1.157694594606204e-02
	2.271527701608936e-08

 920	4.991348857815445e-09
	1.000000000000000e+00
	-4.121962825578973e-08
	-1.157692744171079e-02
	1.157694594606203e-02
	2.271527701606245e-08

 921	5.000000000000000e-09
	1.000000000000000e+00
	-4.121962825578973e-08
	-1.157692744171079e-02
	1.157694594606204e-02
	2.271527701601380e-08

