 v-sweep         v(drain_iv)     v(gate_iv)      id              is              ib              ig              kcl            
 0.00000000e+00  0.00000000e+00  0.00000000e+00  8.63977704e-39  6.83264076e-40 -1.27759506e-38  3.45290947e-39  0.00000000e+00 
 1.00000000e-02  1.00000000e-02  0.00000000e+00 -4.58842237e-09  4.58827688e-09  3.23428528e-15  1.42255127e-13  5.86220288e-25 
 2.00000000e-02  2.00000000e-02  0.00000000e+00 -8.04727962e-09  8.04686527e-09  5.42919202e-15  4.08921762e-13  2.36115299e-24 
 3.00000000e-02  3.00000000e-02  0.00000000e+00 -1.05617177e-08  1.05608960e-08  6.91991157e-15  8.14795476e-13  2.12992444e-25 
 4.00000000e-02  4.00000000e-02  0.00000000e+00 -1.23728849e-08  1.23715062e-08  7.93355755e-15  1.37068935e-12  1.80525138e-24 
 5.00000000e-02  5.00000000e-02  0.00000000e+00 -1.37220723e-08  1.37199768e-08  8.62400318e-15  2.08687356e-12  1.77368433e-24 
 6.00000000e-02  6.00000000e-02  0.00000000e+00 -1.47984694e-08  1.47954866e-08  9.09549676e-15  2.97375780e-12  8.90390459e-25 
 7.00000000e-02  7.00000000e-02  0.00000000e+00 -1.57249796e-08  1.57209281e-08  9.41866896e-15  4.04209048e-12  1.13094413e-24 
 8.00000000e-02  8.00000000e-02  0.00000000e+00 -1.65736134e-08  1.65683007e-08  9.64137724e-15  5.30303898e-12  7.49670295e-26 
 9.00000000e-02  9.00000000e-02  0.00000000e+00 -1.73853286e-08  1.73785506e-08  9.79605051e-15  6.76823303e-12  3.65398162e-24 
 1.00000000e-01  1.00000000e-01  0.00000000e+00 -1.81838230e-08  1.81753633e-08  9.90466413e-15  8.44979477e-12  1.31810453e-24 
 1.10000000e-01  1.10000000e-01  0.00000000e+00 -1.89833960e-08  1.89730257e-08  9.98211039e-15  1.03603636e-11  2.28866850e-24 
 1.20000000e-01  1.20000000e-01  0.00000000e+00 -1.97931565e-08  1.97806334e-08  1.00384823e-14  1.25131188e-11  2.25504725e-24 
 1.30000000e-01  1.30000000e-01  0.00000000e+00 -2.06192643e-08  2.06043324e-08  1.00806209e-14  1.49218017e-11  1.24692403e-24 
 1.40000000e-01  1.40000000e-01  0.00000000e+00 -2.14661502e-08  2.14485393e-08  1.01131641e-14  1.76007378e-11  1.32384271e-24 
 1.50000000e-01  1.50000000e-01  0.00000000e+00 -2.23372012e-08  2.23166262e-08  1.01392568e-14  2.05648585e-11  9.32610295e-25 
 1.60000000e-01  1.60000000e-01  0.00000000e+00 -2.32351585e-08  2.32113186e-08  1.01610326e-14  2.38297247e-11  7.70578265e-25 
 1.70000000e-01  1.70000000e-01  0.00000000e+00 -2.41623569e-08  2.41349352e-08  1.01799401e-14  2.74115496e-11  9.64141065e-25 
 1.80000000e-01  1.80000000e-01  0.00000000e+00 -2.51208740e-08  2.50895365e-08  1.01969636e-14  3.13272228e-11  4.73161926e-25 
 1.90000000e-01  1.90000000e-01  0.00000000e+00 -2.61126252e-08  2.60770207e-08  1.02127731e-14  3.55943356e-11  4.35760138e-24 
 2.00000000e-01  2.00000000e-01  0.00000000e+00 -2.71394277e-08  2.70991862e-08  1.02278259e-14  4.02312058e-11  8.75260107e-25 
 2.10000000e-01  2.10000000e-01  0.00000000e+00 -2.82030425e-08  2.81577754e-08  1.02424353e-14  4.52569050e-11  3.87430259e-24 
 2.20000000e-01  2.20000000e-01  0.00000000e+00 -2.93052056e-08  2.92545040e-08  1.02568171e-14  5.06912851e-11  6.03797292e-25 
 2.30000000e-01  2.30000000e-01  0.00000000e+00 -3.04476487e-08  3.03910834e-08  1.02711211e-14  5.65550071e-11  5.29724673e-24 
 2.40000000e-01  2.40000000e-01  0.00000000e+00 -3.16321158e-08  3.15692360e-08  1.02854531e-14  6.28695697e-11  3.78108132e-24 
 2.50000000e-01  2.50000000e-01  0.00000000e+00 -3.28603755e-08  3.27907079e-08  1.02998885e-14  6.96573397e-11  5.66994722e-24 
 2.60000000e-01  2.60000000e-01  0.00000000e+00 -3.41342304e-08  3.40572785e-08  1.03144830e-14  7.69415831e-11  3.40687568e-24 
 2.70000000e-01  2.70000000e-01  0.00000000e+00 -3.54555249e-08  3.53707680e-08  1.03292788e-14  8.47464966e-11  8.80101820e-24 
 2.80000000e-01  2.80000000e-01  0.00000000e+00 -3.68261519e-08  3.67330443e-08  1.03443091e-14  9.30972415e-11  9.28104006e-24 
 2.90000000e-01  2.90000000e-01  0.00000000e+00 -3.82480584e-08  3.81460280e-08  1.03596016e-14  1.02019977e-10  5.68049587e-24 
 3.00000000e-01  3.00000000e-01  0.00000000e+00 -3.97232502e-08  3.96116979e-08  1.03751801e-14  1.11541898e-10  3.62589502e-24 
 3.10000000e-01  3.10000000e-01  0.00000000e+00 -4.12537967e-08  4.11320951e-08  1.03910662e-14  1.21691266e-10  5.72997323e-24 
 3.20000000e-01  3.20000000e-01  0.00000000e+00 -4.28418350e-08  4.27093271e-08  1.04072804e-14  1.32497454e-10  2.27254418e-24 
 3.30000000e-01  3.30000000e-01  0.00000000e+00 -4.44895735e-08  4.43455721e-08  1.04238423e-14  1.43990980e-10  2.06408611e-24 
 3.40000000e-01  3.40000000e-01  0.00000000e+00 -4.61992962e-08  4.60430823e-08  1.04407718e-14  1.56203549e-10  4.21679286e-24 
 3.50000000e-01  3.50000000e-01  0.00000000e+00 -4.79733664e-08  4.78041878e-08  1.04580885e-14  1.69168097e-10  6.06788653e-25 
 3.60000000e-01  3.60000000e-01  0.00000000e+00 -4.98142298e-08  4.96313005e-08  1.04758129e-14  1.82918829e-10  6.36996661e-24 
 3.70000000e-01  3.70000000e-01  0.00000000e+00 -5.17244187e-08  5.15269170e-08  1.04939659e-14  1.97491266e-10  3.44536578e-24 
 3.80000000e-01  3.80000000e-01  0.00000000e+00 -5.37065557e-08  5.34936229e-08  1.05125692e-14  2.12922291e-10  6.39595169e-24 
 3.90000000e-01  3.90000000e-01  0.00000000e+00 -5.57633571e-08  5.55340964e-08  1.05316453e-14  2.29250196e-10  1.22576710e-23 
 4.00000000e-01  4.00000000e-01  0.00000000e+00 -5.78976369e-08  5.76511117e-08  1.05512178e-14  2.46514729e-10  1.13326180e-23 
 4.10000000e-01  4.10000000e-01  0.00000000e+00 -6.01123107e-08  5.98475429e-08  1.05713111e-14  2.64757147e-10  1.87688532e-23 
 4.20000000e-01  4.20000000e-01  0.00000000e+00 -6.24103993e-08  6.21263685e-08  1.05919508e-14  2.84020266e-10  1.80172470e-23 
 4.30000000e-01  4.30000000e-01  0.00000000e+00 -6.47950335e-08  6.44906744e-08  1.06131638e-14  3.04348514e-10  3.86539635e-24 
 4.40000000e-01  4.40000000e-01  0.00000000e+00 -6.72694576e-08  6.69436590e-08  1.06349778e-14  3.25787990e-10  3.03222670e-24 
 4.50000000e-01  4.50000000e-01  0.00000000e+00 -6.98370339e-08  6.94886367e-08  1.06574222e-14  3.48386516e-10  7.42867948e-24 
 4.60000000e-01  4.60000000e-01  0.00000000e+00 -7.25012473e-08  7.21290429e-08  1.06805274e-14  3.72193700e-10  1.95208522e-23 
 4.70000000e-01  4.70000000e-01  0.00000000e+00 -7.52657098e-08  7.48684381e-08  1.07043254e-14  3.97260994e-10  3.60015922e-24 
 4.80000000e-01  4.80000000e-01  0.00000000e+00 -7.81341654e-08  7.77105129e-08  1.07288494e-14  4.23641758e-10  2.29718852e-23 
 4.90000000e-01  4.90000000e-01  0.00000000e+00 -8.11104947e-08  8.06590926e-08  1.07541344e-14  4.51391326e-10  1.40207467e-23 
 5.00000000e-01  5.00000000e-01  0.00000000e+00 -8.41987204e-08  8.37181425e-08  1.07802169e-14  4.80567071e-10  1.43022375e-23 
 5.10000000e-01  5.10000000e-01  0.00000000e+00 -8.74030123e-08  8.68917730e-08  1.08071347e-14  5.11228473e-10  1.65434860e-23 
 5.20000000e-01  5.20000000e-01  0.00000000e+00 -9.07276931e-08  9.01842451e-08  1.08349279e-14  5.43437195e-10  2.57944358e-23 
 5.30000000e-01  5.30000000e-01  0.00000000e+00 -9.41772438e-08  9.35999758e-08  1.08636378e-14  5.77257151e-10  2.44334724e-23 
 5.40000000e-01  5.40000000e-01  0.00000000e+00 -9.77563101e-08  9.71435447e-08  1.08933081e-14  6.12754584e-10  8.00754403e-24 
 5.50000000e-01  5.50000000e-01  0.00000000e+00 -1.01469708e-07  1.00819699e-07  1.09239840e-14  6.49998143e-10  6.52285985e-23 
 5.60000000e-01  5.60000000e-01  0.00000000e+00 -1.05322431e-07  1.04633361e-07  1.09557129e-14  6.89058968e-10  9.93553744e-24 
 5.70000000e-01  5.70000000e-01  0.00000000e+00 -1.09319656e-07  1.08589634e-07  1.09885444e-14  7.30010768e-10  2.95368803e-23 
 5.80000000e-01  5.80000000e-01  0.00000000e+00 -1.13466750e-07  1.12693809e-07  1.10225303e-14  7.72929907e-10  1.44673083e-23 
 5.90000000e-01  5.90000000e-01  0.00000000e+00 -1.17769279e-07  1.16951373e-07  1.10577244e-14  8.17895498e-10  1.51463219e-23 
 6.00000000e-01  6.00000000e-01  0.00000000e+00 -1.22233015e-07  1.21368014e-07  1.10941833e-14  8.64989489e-10  2.93586892e-23 
 6.10000000e-01  6.10000000e-01  0.00000000e+00 -1.26863942e-07  1.25949634e-07  1.11319659e-14  9.14296758e-10  9.28098168e-24 
 6.20000000e-01  6.20000000e-01  0.00000000e+00 -1.31668266e-07  1.30702350e-07  1.11711336e-14  9.65905212e-10  4.06517379e-25 
 6.30000000e-01  6.30000000e-01  0.00000000e+00 -1.36652424e-07  1.35632507e-07  1.12117506e-14  1.01990589e-09  2.43178459e-23 
 6.40000000e-01  6.40000000e-01  0.00000000e+00 -1.41823092e-07  1.40746687e-07  1.12538841e-14  1.07639305e-09  9.69019381e-24 
 6.50000000e-01  6.50000000e-01  0.00000000e+00 -1.47187192e-07  1.46051717e-07  1.12976039e-14  1.13546431e-09  9.17869040e-23 
 6.60000000e-01  6.60000000e-01  0.00000000e+00 -1.52751909e-07  1.51554677e-07  1.13429832e-14  1.19722071e-09  1.80288354e-23 
 6.70000000e-01  6.70000000e-01  0.00000000e+00 -1.58524690e-07  1.57262912e-07  1.13900981e-14  1.26176687e-09  4.76567912e-23 
 6.80000000e-01  6.80000000e-01  0.00000000e+00 -1.64513266e-07  1.63184044e-07  1.14390283e-14  1.32921110e-09  5.29709527e-23 
 6.90000000e-01  6.90000000e-01  0.00000000e+00 -1.70725655e-07  1.69325978e-07  1.14898567e-14  1.39966547e-09  7.64493465e-24 
 7.00000000e-01  7.00000000e-01  0.00000000e+00 -1.77170177e-07  1.75696919e-07  1.15426700e-14  1.47324601e-09  1.29992602e-24 
 7.10000000e-01  7.10000000e-01  0.00000000e+00 -1.83855464e-07  1.82305379e-07  1.15975586e-14  1.55007279e-09  6.04868944e-23 
 7.20000000e-01  7.20000000e-01  0.00000000e+00 -1.90790474e-07  1.89160192e-07  1.16546168e-14  1.63027006e-09  3.33448349e-25 
 7.30000000e-01  7.30000000e-01  0.00000000e+00 -1.97984505e-07  1.96270527e-07  1.17139429e-14  1.71396639e-09  3.78680797e-23 
 7.40000000e-01  7.40000000e-01  0.00000000e+00 -2.05447204e-07  2.03645898e-07  1.17756396e-14  1.80129483e-09  1.03475784e-22 
 7.50000000e-01  7.50000000e-01  0.00000000e+00 -2.13188588e-07  2.11296183e-07  1.18398139e-14  1.89239301e-09  9.79208940e-23 
 7.60000000e-01  7.60000000e-01  0.00000000e+00 -2.21219050e-07  2.19231635e-07  1.19065775e-14  1.98740333e-09  8.44806384e-23 
 7.70000000e-01  7.70000000e-01  0.00000000e+00 -2.29549383e-07  2.27462898e-07  1.19760468e-14  2.08647309e-09  1.83632840e-23 
 7.80000000e-01  7.80000000e-01  0.00000000e+00 -2.38190791e-07  2.36001025e-07  1.20483432e-14  2.18975467e-09  6.41445206e-24 
 7.90000000e-01  7.90000000e-01  0.00000000e+00 -2.47154907e-07  2.44857489e-07  1.21235932e-14  2.29740569e-09  1.37977337e-22 
 8.00000000e-01  8.00000000e-01  0.00000000e+00 -2.56453809e-07  2.54044208e-07  1.22019290e-14  2.40958914e-09  1.01963270e-22 
 8.10000000e-01  8.10000000e-01  0.00000000e+00 -2.66100040e-07  2.63573554e-07  1.22834880e-14  2.52647361e-09  3.07360751e-23 
 8.20000000e-01  8.20000000e-01  0.00000000e+00 -2.76106628e-07  2.73458382e-07  1.23684138e-14  2.64823344e-09  1.56863129e-23 
 8.30000000e-01  8.30000000e-01  0.00000000e+00 -2.86487101e-07  2.83712039e-07  1.24568559e-14  2.77504890e-09  9.76318553e-23 
 8.40000000e-01  8.40000000e-01  0.00000000e+00 -2.97255512e-07  2.94348393e-07  1.25489701e-14  2.90710641e-09  2.83473569e-23 
 8.50000000e-01  8.50000000e-01  0.00000000e+00 -3.08426459e-07  3.05381848e-07  1.26449189e-14  3.04459869e-09  7.49907900e-23 
 8.60000000e-01  8.60000000e-01  0.00000000e+00 -3.20015108e-07  3.16827370e-07  1.27448717e-14  3.18772500e-09  5.50221378e-23 
 8.70000000e-01  8.70000000e-01  0.00000000e+00 -3.32037214e-07  3.28700510e-07  1.28490047e-14  3.33669135e-09  6.03837666e-23 
 8.80000000e-01  8.80000000e-01  0.00000000e+00 -3.44509148e-07  3.41017424e-07  1.29575019e-14  3.49171069e-09  4.02708507e-23 
 8.90000000e-01  8.90000000e-01  0.00000000e+00 -3.57447920e-07  3.53794904e-07  1.30705548e-14  3.65300313e-09  1.60662498e-22 
 9.00000000e-01  9.00000000e-01  0.00000000e+00 -3.70871207e-07  3.67050398e-07  1.31883630e-14  3.82079622e-09  7.27506018e-23 
 9.10000000e-01  9.10000000e-01  0.00000000e+00 -3.84797382e-07  3.80802043e-07  1.33111342e-14  3.99532510e-09  2.64558041e-23 
 9.20000000e-01  9.20000000e-01  0.00000000e+00 -3.99245537e-07  3.95068690e-07  1.34390851e-14  4.17683283e-09  1.66201494e-22 
 9.30000000e-01  9.30000000e-01  0.00000000e+00 -4.14235520e-07  4.09869934e-07  1.47532729e-14  4.36557059e-09  1.47976236e-22 
 9.40000000e-01  9.40000000e-01  0.00000000e+00 -4.29787961e-07  4.25226146e-07  1.67636245e-14  4.56179792e-09  5.07505775e-25 
 9.50000000e-01  9.50000000e-01  0.00000000e+00 -4.45924306e-07  4.41158504e-07  1.97469949e-14  4.76578306e-09  7.21362495e-24 
 9.60000000e-01  9.60000000e-01  0.00000000e+00 -4.62666853e-07  4.57689025e-07  2.41418079e-14  4.97780314e-09  3.03914924e-22 
 9.70000000e-01  9.70000000e-01  0.00000000e+00 -4.80038782e-07  4.74840607e-07  3.05687202e-14  5.19814450e-09  3.33509186e-23 
 9.80000000e-01  9.80000000e-01  0.00000000e+00 -4.98064198e-07  4.92637055e-07  3.99003985e-14  5.42710301e-09  1.71489866e-22 
 9.90000000e-01  9.90000000e-01  0.00000000e+00 -5.16768166e-07  5.11103128e-07  5.33573634e-14  5.66498429e-09  1.02787541e-22 
 1.00000000e+00  1.00000000e+00  0.00000000e+00 -5.36176750e-07  5.30264574e-07  7.26462799e-14  5.91210411e-09  3.89880656e-22 
 1.01000000e+00  1.01000000e+00  0.00000000e+00 -5.56317058e-07  5.50148169e-07  1.00188639e-13  6.16878864e-09  4.08394553e-23 
 1.02000000e+00  1.02000000e+00  0.00000000e+00 -5.77217283e-07  5.70781769e-07  1.39591023e-13  6.43537480e-09  1.54487844e-22 
 1.03000000e+00  1.03000000e+00  0.00000000e+00 -5.98906750e-07  5.92194343e-07  1.96803737e-13  6.71221061e-09  6.02498385e-23 
 1.04000000e+00  1.04000000e+00  0.00000000e+00 -6.21415967e-07  6.14416028e-07  2.83155634e-13  6.99965549e-09  2.55354452e-22 
 1.05000000e+00  1.05000000e+00  0.00000000e+00 -6.44776679e-07  6.37478175e-07  4.23098334e-13  7.29808071e-09  5.31773534e-22 
 1.06000000e+00  1.06000000e+00  0.00000000e+00 -6.69021942e-07  6.61413399e-07  6.72770385e-13  7.60786964e-09  2.84254983e-22 
 1.07000000e+00  1.07000000e+00  0.00000000e+00 -6.94186212e-07  6.86255632e-07  1.16141655e-12  7.92941823e-09  4.87418599e-23 
 1.08000000e+00  1.08000000e+00  0.00000000e+00 -7.20305491e-07  7.12040178e-07  2.17751793e-12  8.26313534e-09  5.82491863e-23 
 1.09000000e+00  1.09000000e+00  0.00000000e+00 -7.47417549e-07  7.38803769e-07  4.33654377e-12  8.60944317e-09  5.71017156e-22 
 1.10000000e+00  1.10000000e+00  0.00000000e+00 -7.75562293e-07  7.66584627e-07  8.88873558e-12  8.96877767e-09  1.29403683e-22 
 1.11000000e+00  1.11000000e+00  0.00000000e+00 -8.04782366e-07  7.95422523e-07  1.82541039e-11  9.34158896e-09  1.39412245e-22 
 1.12000000e+00  1.12000000e+00  0.00000000e+00 -8.35124095e-07  8.25358845e-07  3.69080525e-11  9.72834177e-09  5.91020548e-22 
 1.13000000e+00  1.13000000e+00  0.00000000e+00 -8.66638960e-07  8.56436660e-07  7.27841356e-11  1.01295159e-08  8.09990765e-23 
 1.14000000e+00  1.14000000e+00  0.00000000e+00 -8.99385804e-07  8.88700788e-07  1.39408917e-10  1.05456067e-08  8.73709522e-23 
 1.15000000e+00  1.15000000e+00  0.00000000e+00 -9.33434036e-07  9.22197875e-07  2.59035425e-10  1.09771255e-08  2.77570794e-22 
 1.16000000e+00  1.16000000e+00  0.00000000e+00 -9.68868160e-07  9.56976466e-07  4.67093338e-10  1.14246002e-08  2.76174927e-22 
 1.17000000e+00  1.17000000e+00  0.00000000e+00 -1.00579398e-06  9.93087086e-07  8.18322397e-10  1.18885757e-08  8.70607595e-23 
 1.18000000e+00  1.18000000e+00  0.00000000e+00 -1.04434693e-06  1.03058232e-06  1.39499724e-09  1.23696144e-08  3.34594558e-22 
 1.19000000e+00  1.19000000e+00  0.00000000e+00 -1.08470288e-06  1.06951690e-06  2.31768353e-09  1.28682967e-08  2.89513214e-24 
 1.20000000e+00  1.20000000e+00  0.00000000e+00 -1.12709201e-06  1.10994780e-06  3.75898430e-09  1.33852220e-08  1.31521717e-21 
 0.00000000e+00  0.00000000e+00  2.00000000e-01  3.45586492e-11  3.45586492e-11  3.08115742e-14 -6.91481100e-11  8.06706505e-20 
 1.00000000e-02  1.00000000e-02  2.00000000e-01 -1.06645381e-06  1.06651878e-06  3.40702042e-14 -6.49983474e-11  3.00305191e-19 
 2.00000000e-02  2.00000000e-02  2.00000000e-01 -1.86819722e-06  1.86825837e-06  3.63290486e-14 -6.11909265e-11  2.89954331e-19 
 3.00000000e-02  3.00000000e-02  2.00000000e-01 -2.44883000e-06  2.44888767e-06  3.79274203e-14 -5.77087215e-11  1.61420681e-19 
 4.00000000e-02  4.00000000e-02  2.00000000e-01 -2.86443597e-06  2.86449047e-06  3.90940261e-14 -5.45352834e-11  1.22330157e-19 
 5.00000000e-02  5.00000000e-02  2.00000000e-01 -3.17101991e-06  3.17107153e-06  3.99804977e-14 -5.16548176e-11  2.16305868e-19 
 6.00000000e-02  6.00000000e-02  2.00000000e-01 -3.41263566e-06  3.41268467e-06  4.06864589e-14 -4.90521660e-11  4.21440307e-19 
 7.00000000e-02  7.00000000e-02  2.00000000e-01 -3.61801569e-06  3.61806236e-06  4.12779477e-14 -4.67127855e-11  6.32539911e-19 
 8.00000000e-02  8.00000000e-02  2.00000000e-01 -3.80402933e-06  3.80407391e-06  4.17995066e-14 -4.46227270e-11  9.75873426e-20 
 9.00000000e-02  9.00000000e-02  2.00000000e-01 -3.98026234e-06  3.98030507e-06  4.22816163e-14 -4.27686181e-11  8.64908346e-20 
 1.00000000e-01  1.00000000e-01  2.00000000e-01 -4.15223581e-06  4.15227690e-06  4.27453505e-14 -4.11376393e-11  4.85962215e-20 
 1.10000000e-01  1.10000000e-01  2.00000000e-01 -4.32325179e-06  4.32329146e-06  4.32054183e-14 -3.97175101e-11  4.73335364e-19 
 1.20000000e-01  1.20000000e-01  2.00000000e-01 -4.49538397e-06  4.49542242e-06  4.36722118e-14 -3.84964755e-11  2.30954308e-19 
 1.30000000e-01  1.30000000e-01  2.00000000e-01 -4.67000631e-06  4.67004372e-06  4.41532012e-14 -3.74632911e-11  2.54610042e-19 
 1.40000000e-01  1.40000000e-01  2.00000000e-01 -4.84808068e-06  4.84811725e-06  4.46538881e-14 -3.66072298e-11  5.64058402e-19 
 1.50000000e-01  1.50000000e-01  2.00000000e-01 -5.03031843e-06  5.03035430e-06  4.51784565e-14 -3.59181014e-11  6.26145074e-19 
 1.60000000e-01  1.60000000e-01  2.00000000e-01 -5.21727402e-06  5.21730936e-06  4.57302182e-14 -3.53863544e-11  2.67349437e-19 
 1.70000000e-01  1.70000000e-01  2.00000000e-01 -5.40940137e-06  5.40943633e-06  4.63119147e-14 -3.50033813e-11  6.64520242e-20 
 1.80000000e-01  1.80000000e-01  2.00000000e-01 -5.60708868e-06  5.60712340e-06  4.69259247e-14 -3.47625227e-11  3.53663489e-19 
 1.90000000e-01  1.90000000e-01  2.00000000e-01 -5.81068075e-06  5.81071536e-06  4.75744041e-14 -3.46544460e-11  8.56748924e-20 
 2.00000000e-01  2.00000000e-01  2.00000000e-01 -6.02049363e-06  6.02052818e-06  4.82593821e-14 -3.45937628e-11  3.74479688e-19 
 2.10000000e-01  2.10000000e-01  2.00000000e-01 -6.23682449e-06  6.23685889e-06  4.89828268e-14 -3.44515189e-11  1.98949700e-19 
 2.20000000e-01  2.20000000e-01  2.00000000e-01 -6.45995825e-06  6.45999238e-06  4.97466904e-14 -3.41848646e-11  5.91380653e-19 
 2.30000000e-01  2.30000000e-01  2.00000000e-01 -6.69017247e-06  6.69020620e-06  5.05529401e-14 -3.37790022e-11  3.51168135e-20 
 2.40000000e-01  2.40000000e-01  2.00000000e-01 -6.92774085e-06  6.92777402e-06  5.14035801e-14 -3.32231209e-11  1.96578861e-19 
 2.50000000e-01  2.50000000e-01  2.00000000e-01 -7.17293576e-06  7.17296821e-06  5.23006670e-14 -3.25069494e-11  1.81906303e-19 
 2.60000000e-01  2.60000000e-01  2.00000000e-01 -7.42603018e-06  7.42606175e-06  5.32463212e-14 -3.16200781e-11  7.51194701e-20 
 2.70000000e-01  2.70000000e-01  2.00000000e-01 -7.68729920e-06  7.68732970e-06  5.42427353e-14 -3.05517590e-11  5.99044025e-20 
 2.80000000e-01  2.80000000e-01  2.00000000e-01 -7.95702117e-06  7.95705041e-06  5.52921804e-14 -2.92908245e-11  1.46395055e-19 
 2.90000000e-01  2.90000000e-01  2.00000000e-01 -8.23547860e-06  8.23550637e-06  5.63970120e-14 -2.78256446e-11  5.69069433e-19 
 3.00000000e-01  3.00000000e-01  2.00000000e-01 -8.52295897e-06  8.52298506e-06  5.75596744e-14 -2.61440986e-11  2.39444244e-19 
 3.10000000e-01  3.10000000e-01  2.00000000e-01 -8.81975533e-06  8.81977950e-06  5.87827045e-14 -2.42335444e-11  5.76321934e-19 
 3.20000000e-01  3.20000000e-01  2.00000000e-01 -9.12616683e-06  9.12618886e-06  6.00687359e-14 -2.20808055e-11  2.01817639e-19 
 3.30000000e-01  3.30000000e-01  2.00000000e-01 -9.44249925e-06  9.44251886e-06  6.14205023e-14 -1.96721389e-11  2.73038709e-19 
 3.40000000e-01  3.40000000e-01  2.00000000e-01 -9.76906534e-06  9.76908227e-06  6.28408412e-14 -1.69932202e-11  1.40161993e-19 
 3.50000000e-01  3.50000000e-01  2.00000000e-01 -1.01061852e-05  1.01061992e-05  6.43326972e-14 -1.40291164e-11  3.28001924e-19 
 3.60000000e-01  3.60000000e-01  2.00000000e-01 -1.04541868e-05  1.04541975e-05  6.58991257e-14 -1.07642684e-11  9.11590065e-20 
 3.70000000e-01  3.70000000e-01  2.00000000e-01 -1.08134058e-05  1.08134129e-05  6.75432964e-14 -7.18246252e-12  4.32217548e-19 
 3.80000000e-01  3.80000000e-01  2.00000000e-01 -1.11841866e-05  1.11841898e-05  6.92684967e-14 -3.26680783e-12  4.63948692e-20 
 3.90000000e-01  3.90000000e-01  2.00000000e-01 -1.15668820e-05  1.15668809e-05  7.10781358e-14  1.00028492e-12  3.08739255e-19 
 4.00000000e-01  4.00000000e-01  2.00000000e-01 -1.19618536e-05  1.19618479e-05  7.29757480e-14  5.63713486e-12  4.50073639e-19 
 4.10000000e-01  4.10000000e-01  2.00000000e-01 -1.23694723e-05  1.23694616e-05  7.49649971e-14  1.06628144e-11  7.17821162e-19 
 4.20000000e-01  4.20000000e-01  2.00000000e-01 -1.27901185e-05  1.27901023e-05  7.70496798e-14  1.60971722e-11  1.70786302e-19 
 4.30000000e-01  4.30000000e-01  2.00000000e-01 -1.32241819e-05  1.32241598e-05  7.92337301e-14  2.19608732e-11  8.99383088e-19 
 4.40000000e-01  4.40000000e-01  2.00000000e-01 -1.36720624e-05  1.36720340e-05  8.15212232e-14  2.82754124e-11  1.02489212e-19 
 4.50000000e-01  4.50000000e-01  2.00000000e-01 -1.41341701e-05  1.41341349e-05  8.39163800e-14  3.50631590e-11  7.53583732e-20 
 4.60000000e-01  4.60000000e-01  2.00000000e-01 -1.46109252e-05  1.46108828e-05  8.64235711e-14  4.23473786e-11  2.64216218e-19 
 4.70000000e-01  4.70000000e-01  2.00000000e-01 -1.51027590e-05  1.51027088e-05  8.90473217e-14  5.01522669e-11  3.71097573e-19 
 4.80000000e-01  4.80000000e-01  2.00000000e-01 -1.56101133e-05  1.56100547e-05  9.17923156e-14  5.85029867e-11  2.15216253e-20 
 4.90000000e-01  4.90000000e-01  2.00000000e-01 -1.61334414e-05  1.61333738e-05  9.46633999e-14  6.74256961e-11  3.78867903e-19 
 5.00000000e-01  5.00000000e-01  2.00000000e-01 -1.66732077e-05  1.66731306e-05  9.76655902e-14  7.69475898e-11  5.55574594e-21 
 5.10000000e-01  5.10000000e-01  2.00000000e-01 -1.72298886e-05  1.72298014e-05  1.00804075e-13  8.70969299e-11  4.21652839e-19 
 5.20000000e-01  5.20000000e-01  2.00000000e-01 -1.78039723e-05  1.78038743e-05  1.04084220e-13  9.79030897e-11  4.19795816e-20 
 5.30000000e-01  5.30000000e-01  2.00000000e-01 -1.83959594e-05  1.83958499e-05  1.07511576e-13  1.09396586e-10  1.20651175e-19 
 5.40000000e-01  5.40000000e-01  2.00000000e-01 -1.90063628e-05  1.90062410e-05  1.11091879e-13  1.21609126e-10  9.22882965e-20 
 5.50000000e-01  5.50000000e-01  2.00000000e-01 -1.96357083e-05  1.96355736e-05  1.14831059e-13  1.34573644e-10  6.18468105e-19 
 5.60000000e-01  5.60000000e-01  2.00000000e-01 -2.02845348e-05  2.02843864e-05  1.18735247e-13  1.48324343e-10  3.82166815e-20 
 5.70000000e-01  5.70000000e-01  2.00000000e-01 -2.09533948e-05  2.09532317e-05  1.22810774e-13  1.62896747e-10  6.14456110e-19 
 5.80000000e-01  5.80000000e-01  2.00000000e-01 -2.16428541e-05  2.16426757e-05  1.27064184e-13  1.78327739e-10  1.63838287e-19 
 5.90000000e-01  5.90000000e-01  2.00000000e-01 -2.23534931e-05  2.23532983e-05  1.31502234e-13  1.94655609e-10  8.38919365e-20 
 6.00000000e-01  6.00000000e-01  2.00000000e-01 -2.30859061e-05  2.30856940e-05  1.36131902e-13  2.11920107e-10  8.93272498e-20 
 6.10000000e-01  6.10000000e-01  2.00000000e-01 -2.38407022e-05  2.38404719e-05  1.40960393e-13  2.30162489e-10  2.33001105e-19 
 6.20000000e-01  6.20000000e-01  2.00000000e-01 -2.46185059e-05  2.46182564e-05  1.45995145e-13  2.49425570e-10  5.24268824e-19 
 6.30000000e-01  6.30000000e-01  2.00000000e-01 -2.54199568e-05  2.54196869e-05  1.51243833e-13  2.69753781e-10  1.23910433e-19 
 6.40000000e-01  6.40000000e-01  2.00000000e-01 -2.62457104e-05  2.62454191e-05  1.56714378e-13  2.91193217e-10  2.17845484e-19 
 6.50000000e-01  6.50000000e-01  2.00000000e-01 -2.70964385e-05  2.70961245e-05  1.62414949e-13  3.13791703e-10  1.89713576e-19 
 6.60000000e-01  6.60000000e-01  2.00000000e-01 -2.79728292e-05  2.79724914e-05  1.68353975e-13  3.37598845e-10  1.99936553e-19 
 6.70000000e-01  6.70000000e-01  2.00000000e-01 -2.88755880e-05  2.88752252e-05  1.74540146e-13  3.62666096e-10  1.43482419e-19 
 6.80000000e-01  6.80000000e-01  2.00000000e-01 -2.98054376e-05  2.98050484e-05  1.80982421e-13  3.89046815e-10  9.40067220e-19 
 6.90000000e-01  6.90000000e-01  2.00000000e-01 -3.07631186e-05  3.07627016e-05  1.87690038e-13  4.16796339e-10  1.95029016e-19 
 7.00000000e-01  7.00000000e-01  2.00000000e-01 -3.17493898e-05  3.17489437e-05  1.94672514e-13  4.45972037e-10  3.63373803e-19 
 7.10000000e-01  7.10000000e-01  2.00000000e-01 -3.27650291e-05  3.27645523e-05  2.01939657e-13  4.76633392e-10  2.48161746e-19 
 7.20000000e-01  7.20000000e-01  2.00000000e-01 -3.38108334e-05  3.38103243e-05  2.09501570e-13  5.08842065e-10  2.79523917e-19 
 7.30000000e-01  7.30000000e-01  2.00000000e-01 -3.48876193e-05  3.48870764e-05  2.17368658e-13  5.42661971e-10  2.17381532e-19 
 7.40000000e-01  7.40000000e-01  2.00000000e-01 -3.59962238e-05  3.59956454e-05  2.25551637e-13  5.78159352e-10  2.34349864e-19 
 7.50000000e-01  7.50000000e-01  2.00000000e-01 -3.71375047e-05  3.71368891e-05  2.34061537e-13  6.15402859e-10  1.76921513e-19 
 7.60000000e-01  7.60000000e-01  2.00000000e-01 -3.83123410e-05  3.83116863e-05  2.42909711e-13  6.54463630e-10  4.46241991e-19 
 7.70000000e-01  7.70000000e-01  2.00000000e-01 -3.95216336e-05  3.95209379e-05  2.52107843e-13  6.95415374e-10  3.98774709e-19 
 7.80000000e-01  7.80000000e-01  2.00000000e-01 -4.07663057e-05  4.07655671e-05  2.61667953e-13  7.38334456e-10  3.38451776e-19 
 7.90000000e-01  7.90000000e-01  2.00000000e-01 -4.20473038e-05  4.20465202e-05  2.71602404e-13  7.83299989e-10  2.07963576e-21 
 8.00000000e-01  8.00000000e-01  2.00000000e-01 -4.33655976e-05  4.33647669e-05  2.81923911e-13  8.30393919e-10  9.55799890e-20 
 8.10000000e-01  8.10000000e-01  2.00000000e-01 -4.47221812e-05  4.47213012e-05  2.92645546e-13  8.79701127e-10  1.88863411e-19 
 8.20000000e-01  8.20000000e-01  2.00000000e-01 -4.61180735e-05  4.61171419e-05  3.03780744e-13  9.31309518e-10  3.59748469e-19 
 8.30000000e-01  8.30000000e-01  2.00000000e-01 -4.75543189e-05  4.75533333e-05  3.15343314e-13  9.85310128e-10  3.30467563e-19 
 8.40000000e-01  8.40000000e-01  2.00000000e-01 -4.90319877e-05  4.90309456e-05  3.27347442e-13  1.04179722e-09  2.17948801e-19 
 8.50000000e-01  8.50000000e-01  2.00000000e-01 -5.05521772e-05  5.05510760e-05  3.39807699e-13  1.10086841e-09  6.14446743e-19 
 8.60000000e-01  8.60000000e-01  2.00000000e-01 -5.21160120e-05  5.21148490e-05  3.52739051e-13  1.16262475e-09  4.60876752e-19 
 8.70000000e-01  8.70000000e-01  2.00000000e-01 -5.37246448e-05  5.37234173e-05  3.66156860e-13  1.22717084e-09  4.12408157e-19 
 8.80000000e-01  8.80000000e-01  2.00000000e-01 -5.53792573e-05  5.53779623e-05  3.80076896e-13  1.29461499e-09  6.87507824e-20 
 8.90000000e-01  8.90000000e-01  2.00000000e-01 -5.70810605e-05  5.70796950e-05  3.94515341e-13  1.36506928e-09  3.77938977e-19 
 9.00000000e-01  9.00000000e-01  2.00000000e-01 -5.88312960e-05  5.88298569e-05  4.09488796e-13  1.43864975e-09  2.99668640e-19 
 9.10000000e-01  9.10000000e-01  2.00000000e-01 -6.06312362e-05  6.06297203e-05  4.25014290e-13  1.51547645e-09  3.88367403e-19 
 9.20000000e-01  9.20000000e-01  2.00000000e-01 -6.24821854e-05  6.24805892e-05  4.41109282e-13  1.59567364e-09  4.58825743e-19 
 9.30000000e-01  9.30000000e-01  2.00000000e-01 -6.43854805e-05  6.43838006e-05  5.57187462e-13  1.67936989e-09  1.07749268e-19 
 9.40000000e-01  9.40000000e-01  2.00000000e-01 -6.63424919e-05  6.63407244e-05  8.19824225e-13  1.76669824e-09  2.62411307e-19 
 9.50000000e-01  9.50000000e-01  2.00000000e-01 -6.83546239e-05  6.83527649e-05  1.20710073e-12  1.85779633e-09  1.98743048e-19 
 9.60000000e-01  9.60000000e-01  2.00000000e-01 -7.04233159e-05  7.04213613e-05  1.77362419e-12  1.95280656e-09  3.26586255e-19 
 9.70000000e-01  9.70000000e-01  2.00000000e-01 -7.25500431e-05  7.25479886e-05  2.59596616e-12  2.05187623e-09  1.70867111e-19 
 9.80000000e-01  9.80000000e-01  2.00000000e-01 -7.47363173e-05  7.47341583e-05  3.78072075e-12  2.15515772e-09  2.24830852e-19 
 9.90000000e-01  9.90000000e-01  2.00000000e-01 -7.69836879e-05  7.69814196e-05  5.47523759e-12  2.26280864e-09  1.92041351e-19 
 1.00000000e+00  1.00000000e+00  2.00000000e-01 -7.92937426e-05  7.92913598e-05  7.88182415e-12  2.37499199e-09  1.61789180e-19 
 1.01000000e+00  1.01000000e+00  2.00000000e-01 -8.16681085e-05  8.16656053e-05  1.12764208e-11  2.49187636e-09  4.77497670e-19 
 1.02000000e+00  1.02000000e+00  2.00000000e-01 -8.41084525e-05  8.41058228e-05  1.60330068e-11  2.61363609e-09  2.60698161e-19 
 1.03000000e+00  1.03000000e+00  2.00000000e-01 -8.66164828e-05  8.66137197e-05  2.26553093e-11  2.74045144e-09  4.97800621e-20 
 1.04000000e+00  1.04000000e+00  2.00000000e-01 -8.91939496e-05  8.91910453e-05  3.18177618e-11  2.87250884e-09  1.84763637e-19 
 1.05000000e+00  1.05000000e+00  2.00000000e-01 -9.18426458e-05  9.18395914e-05  4.44181215e-11  3.01000101e-09  2.72439037e-19 
 1.06000000e+00  1.06000000e+00  2.00000000e-01 -9.45644085e-05  9.45611937e-05  6.16446965e-11  3.15312721e-09  2.32190141e-19 
 1.07000000e+00  1.07000000e+00  2.00000000e-01 -9.73611193e-05  9.73577322e-05  8.50617953e-11  3.30209345e-09  8.94599839e-20 
 1.08000000e+00  1.08000000e+00  2.00000000e-01 -1.00234706e-04  1.00231132e-04  1.16717788e-10  3.45711266e-09  9.47268109e-20 
 1.09000000e+00  1.09000000e+00  2.00000000e-01 -1.03187143e-04  1.03183365e-04  1.59281093e-10  3.61840499e-09  1.35394525e-19 
 1.10000000e+00  1.10000000e+00  2.00000000e-01 -1.06220453e-04  1.06216451e-04  2.16210487e-10  3.78619794e-09  6.01806259e-19 
 1.11000000e+00  1.11000000e+00  2.00000000e-01 -1.09336708e-04  1.09332456e-04  2.91967430e-10  3.96072670e-09  6.04886163e-21 
 1.12000000e+00  1.12000000e+00  2.00000000e-01 -1.12538030e-04  1.12533496e-04  3.92279558e-10  4.14223430e-09  3.89666330e-19 
 1.13000000e+00  1.13000000e+00  2.00000000e-01 -1.15826593e-04  1.15821737e-04  5.24466278e-10  4.33097192e-09  5.78595157e-19 
 1.14000000e+00  1.14000000e+00  2.00000000e-01 -1.19204622e-04  1.19199397e-04  6.97839363e-10  4.52719912e-09  4.83680422e-20 
 1.15000000e+00  1.15000000e+00  2.00000000e-01 -1.22674399e-04  1.22668744e-04  9.24193832e-10  4.73118412e-09  9.70576508e-20 
 1.16000000e+00  1.16000000e+00  2.00000000e-01 -1.26238261e-04  1.26232100e-04  1.21840701e-09  4.94320405e-09  6.64889431e-19 
 1.17000000e+00  1.17000000e+00  2.00000000e-01 -1.29898602e-04  1.29891839e-04  1.59916680e-09  5.16354527e-09  1.65767202e-19 
 1.18000000e+00  1.18000000e+00  2.00000000e-01 -1.33657874e-04  1.33650392e-04  2.08985363e-09  5.39250362e-09  3.45775145e-19 
 1.19000000e+00  1.19000000e+00  2.00000000e-01 -1.37518592e-04  1.37510242e-04  2.71960461e-09  5.63038476e-09  9.37485147e-20 
 1.20000000e+00  1.20000000e+00  2.00000000e-01 -1.41483335e-04  1.41473933e-04  3.52459294e-09  5.87750442e-09  3.55826216e-19 
 0.00000000e+00  0.00000000e+00  4.00000000e-01  2.40987500e-10  2.40987500e-10  1.76080302e-13 -4.82151079e-10  1.37327756e-18 
 1.00000000e-02  1.00000000e-02  4.00000000e-01 -6.96958388e-05  6.96963049e-05  1.81559847e-13 -4.66250209e-10  1.24900539e-18 
 2.00000000e-02  2.00000000e-02  4.00000000e-01 -1.27617517e-04  1.27617968e-04  1.87842007e-13 -4.51136191e-10  1.85665903e-19 
 3.00000000e-02  3.00000000e-02  4.00000000e-01 -1.74772402e-04  1.74772839e-04  1.95540940e-13 -4.36842628e-10  1.73894915e-20 
 4.00000000e-02  4.00000000e-02  4.00000000e-01 -2.12434548e-04  2.12434971e-04  2.05204442e-13 -4.23363580e-10  1.20173503e-18 
 5.00000000e-02  5.00000000e-02  4.00000000e-01 -2.42111337e-04  2.42111748e-04  2.17271044e-13 -4.10670526e-10  6.85907502e-19 
 6.00000000e-02  6.00000000e-02  4.00000000e-01 -2.65478227e-04  2.65478625e-04  2.31990083e-13 -3.98730486e-10  3.08326165e-19 
 7.00000000e-02  7.00000000e-02  4.00000000e-01 -2.84193550e-04  2.84193937e-04  2.49381663e-13 -3.87509476e-10  6.35222307e-19 
 8.00000000e-02  8.00000000e-02  4.00000000e-01 -2.99684480e-04  2.99684857e-04  2.69287088e-13 -3.76973551e-10  1.40896293e-18 
 9.00000000e-02  9.00000000e-02  4.00000000e-01 -3.13034501e-04  3.13034868e-04  2.91470635e-13 -3.67089694e-10  4.22507749e-19 
 1.00000000e-01  1.00000000e-01  4.00000000e-01 -3.24996495e-04  3.24996853e-04  3.15702579e-13 -3.57826393e-10  9.03703342e-19 
 1.10000000e-01  1.10000000e-01  4.00000000e-01 -3.36068845e-04  3.36069194e-04  3.41797485e-13 -3.49153844e-10  1.80327718e-18 
 1.20000000e-01  1.20000000e-01  4.00000000e-01 -3.46575943e-04  3.46576283e-04  3.69620479e-13 -3.41043862e-10  3.04260694e-19 
 1.30000000e-01  1.30000000e-01  4.00000000e-01 -3.56729724e-04  3.56730057e-04  3.99079907e-13 -3.33469746e-10  8.18069410e-19 
 1.40000000e-01  1.40000000e-01  4.00000000e-01 -3.66670797e-04  3.66671123e-04  4.30117148e-13 -3.26406099e-10  1.65320131e-19 
 1.50000000e-01  1.50000000e-01  4.00000000e-01 -3.76494431e-04  3.76494750e-04  4.62697679e-13 -3.19828715e-10  3.43241250e-19 
 1.60000000e-01  1.60000000e-01  4.00000000e-01 -3.86266690e-04  3.86267003e-04  4.96804278e-13 -3.13714457e-10  1.01006965e-18 
 1.70000000e-01  1.70000000e-01  4.00000000e-01 -3.96034467e-04  3.96034774e-04  5.32432142e-13 -3.08041191e-10  4.63083391e-19 
 1.80000000e-01  1.80000000e-01  4.00000000e-01 -4.05831804e-04  4.05832106e-04  5.69585456e-13 -3.02787711e-10  5.88795519e-19 
 1.90000000e-01  1.90000000e-01  4.00000000e-01 -4.15683945e-04  4.15684242e-04  6.08274989e-13 -2.97933688e-10  1.60154588e-19 
 2.00000000e-01  2.00000000e-01  4.00000000e-01 -4.25609981e-04  4.25610274e-04  6.48516397e-13 -2.93459630e-10  8.66836036e-19 
 2.10000000e-01  2.10000000e-01  4.00000000e-01 -4.35624617e-04  4.35624906e-04  6.90329024e-13 -2.89346836e-10  1.58122706e-18 
 2.20000000e-01  2.20000000e-01  4.00000000e-01 -4.45739368e-04  4.45739653e-04  7.33735027e-13 -2.85577360e-10  7.73429732e-19 
 2.30000000e-01  2.30000000e-01  4.00000000e-01 -4.55963390e-04  4.55963671e-04  7.78758749e-13 -2.82133997e-10  1.04782230e-18 
 2.40000000e-01  2.40000000e-01  4.00000000e-01 -4.66304063e-04  4.66304341e-04  8.25426241e-13 -2.79000227e-10  2.92010214e-19 
 2.50000000e-01  2.50000000e-01  4.00000000e-01 -4.76767415e-04  4.76767690e-04  8.73764916e-13 -2.76160208e-10  3.13490501e-19 
 2.60000000e-01  2.60000000e-01  4.00000000e-01 -4.87358419e-04  4.87358692e-04  9.23803275e-13 -2.73598743e-10  1.00785952e-18 
 2.70000000e-01  2.70000000e-01  4.00000000e-01 -4.98081223e-04  4.98081494e-04  9.75570701e-13 -2.71301261e-10  4.85825793e-19 
 2.80000000e-01  2.80000000e-01  4.00000000e-01 -5.08939317e-04  5.08939585e-04  1.02909729e-12 -2.69253783e-10  5.23437542e-19 
 2.90000000e-01  2.90000000e-01  4.00000000e-01 -5.19935655e-04  5.19935922e-04  1.08441373e-12 -2.67442915e-10  5.12088164e-19 
 3.00000000e-01  3.00000000e-01  4.00000000e-01 -5.31072760e-04  5.31073025e-04  1.14155119e-12 -2.65855819e-10  7.91023193e-19 
 3.10000000e-01  3.10000000e-01  4.00000000e-01 -5.42352793e-04  5.42353057e-04  1.20054122e-12 -2.64480201e-10  6.13607508e-19 
 3.20000000e-01  3.20000000e-01  4.00000000e-01 -5.53777615e-04  5.53777877e-04  1.26141572e-12 -2.63304287e-10  1.02862194e-18 
 3.30000000e-01  3.30000000e-01  4.00000000e-01 -5.65348830e-04  5.65349091e-04  1.32420684e-12 -2.62316825e-10  3.95358081e-19 
 3.40000000e-01  3.40000000e-01  4.00000000e-01 -5.77067826e-04  5.77068086e-04  1.38894694e-12 -2.61507076e-10  1.04373792e-18 
 3.50000000e-01  3.50000000e-01  4.00000000e-01 -5.88935802e-04  5.88936061e-04  1.45566856e-12 -2.60864840e-10  9.37476233e-19 
 3.60000000e-01  3.60000000e-01  4.00000000e-01 -6.00953793e-04  6.00954052e-04  1.52440435e-12 -2.60380560e-10  4.99169181e-20 
 3.70000000e-01  3.70000000e-01  4.00000000e-01 -6.13122688e-04  6.13122946e-04  1.59518709e-12 -2.60045620e-10  1.73488532e-18 
 3.80000000e-01  3.80000000e-01  4.00000000e-01 -6.25443247e-04  6.25443506e-04  1.66804960e-12 -2.59853357e-10  2.08109363e-19 
 3.90000000e-01  3.90000000e-01  4.00000000e-01 -6.37916117e-04  6.37916375e-04  1.74302477e-12 -2.59794429e-10  2.04063322e-19 
 4.00000000e-01  4.00000000e-01  4.00000000e-01 -6.50541838e-04  6.50542096e-04  1.82014546e-12 -2.59783447e-10  1.00402411e-18 
 4.10000000e-01  4.10000000e-01  4.00000000e-01 -6.63320855e-04  6.63321112e-04  1.89944457e-12 -2.59691449e-10  1.30896992e-18 
 4.20000000e-01  4.20000000e-01  4.00000000e-01 -6.76253527e-04  6.76253784e-04  1.98095495e-12 -2.59475581e-10  4.84337148e-19 
 4.30000000e-01  4.30000000e-01  4.00000000e-01 -6.89340132e-04  6.89340389e-04  2.06470940e-12 -2.59121047e-10  3.20454963e-19 
 4.40000000e-01  4.40000000e-01  4.00000000e-01 -7.02580873e-04  7.02581130e-04  2.15074067e-12 -2.58617031e-10  2.82460966e-19 
 4.50000000e-01  4.50000000e-01  4.00000000e-01 -7.15975886e-04  7.15976141e-04  2.23908143e-12 -2.57953257e-10  3.20946171e-19 
 4.60000000e-01  4.60000000e-01  4.00000000e-01 -7.29525238e-04  7.29525493e-04  2.32976423e-12 -2.57119313e-10  1.11169121e-18 
 4.70000000e-01  4.70000000e-01  4.00000000e-01 -7.43228939e-04  7.43229192e-04  2.42282153e-12 -2.56104450e-10  4.73695803e-19 
 4.80000000e-01  4.80000000e-01  4.00000000e-01 -7.57086939e-04  7.57087192e-04  2.51828566e-12 -2.54897499e-10  6.02826155e-19 
 4.90000000e-01  4.90000000e-01  4.00000000e-01 -7.71099137e-04  7.71099388e-04  2.61618881e-12 -2.53486828e-10  1.16205338e-18 
 5.00000000e-01  5.00000000e-01  4.00000000e-01 -7.85265379e-04  7.85265628e-04  2.71656301e-12 -2.51860311e-10  2.09636402e-18 
 5.10000000e-01  5.10000000e-01  4.00000000e-01 -7.99585463e-04  7.99585710e-04  2.81944015e-12 -2.50005310e-10  5.84980480e-19 
 5.20000000e-01  5.20000000e-01  4.00000000e-01 -8.14059144e-04  8.14059389e-04  2.92485190e-12 -2.47908643e-10  2.03116463e-18 
 5.30000000e-01  5.30000000e-01  4.00000000e-01 -8.28686133e-04  8.28686376e-04  3.03282980e-12 -2.45556566e-10  1.73392077e-19 
 5.40000000e-01  5.40000000e-01  4.00000000e-01 -8.43466103e-04  8.43466343e-04  3.14340516e-12 -2.42934755e-10  9.49957761e-19 
 5.50000000e-01  5.50000000e-01  4.00000000e-01 -8.58398687e-04  8.58398924e-04  3.25660908e-12 -2.40028272e-10  9.89227547e-19 
 5.60000000e-01  5.60000000e-01  4.00000000e-01 -8.73483487e-04  8.73483721e-04  3.37247246e-12 -2.36821561e-10  4.10778365e-19 
 5.70000000e-01  5.70000000e-01  4.00000000e-01 -8.88720072e-04  8.88720301e-04  3.49102598e-12 -2.33298405e-10  5.00268964e-19 
 5.80000000e-01  5.80000000e-01  4.00000000e-01 -9.04107980e-04  9.04108206e-04  3.61230006e-12 -2.29441913e-10  1.66836178e-18 
 5.90000000e-01  5.90000000e-01  4.00000000e-01 -9.19646726e-04  9.19646947e-04  3.73632491e-12 -2.25234493e-10  1.16427992e-18 
 6.00000000e-01  6.00000000e-01  4.00000000e-01 -9.35335799e-04  9.35336016e-04  3.86313048e-12 -2.20657829e-10  6.86219155e-19 
 6.10000000e-01  6.10000000e-01  4.00000000e-01 -9.51174668e-04  9.51174880e-04  3.99274646e-12 -2.15692844e-10  6.57459289e-19 
 6.20000000e-01  6.20000000e-01  4.00000000e-01 -9.67162786e-04  9.67162992e-04  4.12520228e-12 -2.10319688e-10  6.68620671e-20 
 6.30000000e-01  6.30000000e-01  4.00000000e-01 -9.83299588e-04  9.83299788e-04  4.26052711e-12 -2.04517699e-10  1.15159699e-18 
 6.40000000e-01  6.40000000e-01  4.00000000e-01 -9.99584500e-04  9.99584694e-04  4.39874984e-12 -1.98265377e-10  1.49120911e-18 
 6.50000000e-01  6.50000000e-01  4.00000000e-01 -1.01601694e-03  1.01601713e-03  4.53989907e-12 -1.91540356e-10  2.32870936e-19 
 6.60000000e-01  6.60000000e-01  4.00000000e-01 -1.03259632e-03  1.03259650e-03  4.68400314e-12 -1.84319367e-10  1.77851062e-18 
 6.70000000e-01  6.70000000e-01  4.00000000e-01 -1.04932204e-03  1.04932221e-03  4.83109008e-12 -1.76578215e-10  2.03886978e-18 
 6.80000000e-01  6.80000000e-01  4.00000000e-01 -1.06619353e-03  1.06619369e-03  4.98118765e-12 -1.68291735e-10  5.59118034e-19 
 6.90000000e-01  6.90000000e-01  4.00000000e-01 -1.08321019e-03  1.08321034e-03  5.13432327e-12 -1.59433770e-10  1.98410129e-18 
 7.00000000e-01  7.00000000e-01  4.00000000e-01 -1.10037145e-03  1.10037159e-03  5.29052411e-12 -1.49977124e-10  8.83737935e-19 
 7.10000000e-01  7.10000000e-01  4.00000000e-01 -1.11767675e-03  1.11767688e-03  5.44981701e-12 -1.39893536e-10  1.10806873e-18 
 7.20000000e-01  7.20000000e-01  4.00000000e-01 -1.13512554e-03  1.13512566e-03  5.61222849e-12 -1.29153630e-10  5.05098478e-19 
 7.30000000e-01  7.30000000e-01  4.00000000e-01 -1.15271730e-03  1.15271741e-03  5.77778480e-12 -1.17726889e-10  5.70408960e-19 
 7.40000000e-01  7.40000000e-01  4.00000000e-01 -1.17045151e-03  1.17045161e-03  5.94651184e-12 -1.05581608e-10  9.75213361e-19 
 7.50000000e-01  7.50000000e-01  4.00000000e-01 -1.18832771e-03  1.18832780e-03  6.11843522e-12 -9.26848511e-11  8.36460325e-19 
 7.60000000e-01  7.60000000e-01  4.00000000e-01 -1.20634545e-03  1.20634552e-03  6.29358022e-12 -7.90024123e-11  8.86724743e-19 
 7.70000000e-01  7.70000000e-01  4.00000000e-01 -1.22450431e-03  1.22450437e-03  6.47197182e-12 -6.44987692e-11  1.29510528e-18 
 7.80000000e-01  7.80000000e-01  4.00000000e-01 -1.24280392e-03  1.24280397e-03  6.65363468e-12 -4.91370408e-11  4.26417280e-19 
 7.90000000e-01  7.90000000e-01  4.00000000e-01 -1.26124396e-03  1.26124398e-03  6.83859313e-12 -3.28789331e-11  7.94545877e-19 
 8.00000000e-01  8.00000000e-01  4.00000000e-01 -1.27982412e-03  1.27982413e-03  7.02687120e-12 -1.56846983e-11  7.41627616e-20 
 8.10000000e-01  8.10000000e-01  4.00000000e-01 -1.29854418e-03  1.29854417e-03  7.21849258e-12  2.48691866e-12  1.44968183e-18 
 8.20000000e-01  8.20000000e-01  4.00000000e-01 -1.31740396e-03  1.31740393e-03  7.41348067e-12  2.16787378e-11  6.16414844e-19 
 8.30000000e-01  8.30000000e-01  4.00000000e-01 -1.33640332e-03  1.33640327e-03  7.61185853e-12  4.19351854e-11  2.94428534e-18 
 8.40000000e-01  8.40000000e-01  4.00000000e-01 -1.35554220e-03  1.35554213e-03  7.81364893e-12  6.33023564e-11  1.05681968e-19 
 8.50000000e-01  8.50000000e-01  4.00000000e-01 -1.37482059e-03  1.37482050e-03  8.01887429e-12  8.58280790e-11  2.07187775e-18 
 8.60000000e-01  8.60000000e-01  4.00000000e-01 -1.39423857e-03  1.39423845e-03  8.22755675e-12  1.09561957e-10  7.77403108e-19 
 8.70000000e-01  8.70000000e-01  4.00000000e-01 -1.41379626e-03  1.41379611e-03  8.43971811e-12  1.34555446e-10  4.28704615e-19 
 8.80000000e-01  8.80000000e-01  4.00000000e-01 -1.43349387e-03  1.43349370e-03  8.65537989e-12  1.60861899e-10  2.07280290e-18 
 8.90000000e-01  8.90000000e-01  4.00000000e-01 -1.45333169e-03  1.45333149e-03  8.87456328e-12  1.88536659e-10  1.25835166e-19 
 9.00000000e-01  9.00000000e-01  4.00000000e-01 -1.47331008e-03  1.47330985e-03  9.09728918e-12  2.17637091e-10  5.85428257e-19 
 9.10000000e-01  9.10000000e-01  4.00000000e-01 -1.49342949e-03  1.49342924e-03  9.32357816e-12  2.48222679e-10  1.07894644e-18 
 9.20000000e-01  9.20000000e-01  4.00000000e-01 -1.51369046e-03  1.51369017e-03  9.55345051e-12  2.80355084e-10  4.01844065e-19 
 9.30000000e-01  9.30000000e-01  4.00000000e-01 -1.53409361e-03  1.53409329e-03  9.78692623e-12  3.14098218e-10  2.49569183e-19 
 9.40000000e-01  9.40000000e-01  4.00000000e-01 -1.55463965e-03  1.55463929e-03  1.00240250e-11  3.49518327e-10  8.56967470e-19 
 9.50000000e-01  9.50000000e-01  4.00000000e-01 -1.57532940e-03  1.57532900e-03  1.02647662e-11  3.86684057e-10  2.31688281e-19 
 9.60000000e-01  9.60000000e-01  4.00000000e-01 -1.59616375e-03  1.59616332e-03  1.05091690e-11  4.25666550e-10  1.72023363e-18 
 9.70000000e-01  9.70000000e-01  4.00000000e-01 -1.61714372e-03  1.61714324e-03  1.07572522e-11  4.66539508e-10  1.25527007e-18 
 9.80000000e-01  9.80000000e-01  4.00000000e-01 -1.63827041e-03  1.63826989e-03  1.10090344e-11  5.09379302e-10  4.26388399e-19 
 9.90000000e-01  9.90000000e-01  4.00000000e-01 -1.65954503e-03  1.65954446e-03  1.41041999e-11  5.54265040e-10  5.77902384e-19 
 1.00000000e+00  1.00000000e+00  4.00000000e-01 -1.68096890e-03  1.68096827e-03  2.03338335e-11  6.01278669e-10  7.69553262e-19 
 1.01000000e+00  1.01000000e+00  4.00000000e-01 -1.70254343e-03  1.70254275e-03  2.92105381e-11  6.50505069e-10  3.02719949e-18 
 1.02000000e+00  1.02000000e+00  4.00000000e-01 -1.72427017e-03  1.72426943e-03  4.17686816e-11  7.02032142e-10  7.08584335e-19 
 1.03000000e+00  1.03000000e+00  4.00000000e-01 -1.74615076e-03  1.74614994e-03  5.94113344e-11  7.55950925e-10  4.41197459e-21 
 1.04000000e+00  1.04000000e+00  4.00000000e-01 -1.76818695e-03  1.76818605e-03  8.40291247e-11  8.12355684e-10  9.58867146e-19 
 1.05000000e+00  1.05000000e+00  4.00000000e-01 -1.79038061e-03  1.79037962e-03  1.18153357e-10  8.71344025e-10  4.18172939e-19 
 1.06000000e+00  1.06000000e+00  4.00000000e-01 -1.81273374e-03  1.81273264e-03  1.65152094e-10  9.33016997e-10  6.68388146e-19 
 1.07000000e+00  1.07000000e+00  4.00000000e-01 -1.83524843e-03  1.83524720e-03  2.29479798e-10  9.97479216e-10  1.15071026e-18 
 1.08000000e+00  1.08000000e+00  4.00000000e-01 -1.85792691e-03  1.85792553e-03  3.16993389e-10  1.06483897e-09  1.61157800e-18 
 1.09000000e+00  1.09000000e+00  4.00000000e-01 -1.88077154e-03  1.88076997e-03  4.35350203e-10  1.13520836e-09  1.43167547e-18 
 1.10000000e+00  1.10000000e+00  4.00000000e-01 -1.90378476e-03  1.90378296e-03  5.94506436e-10  1.20870340e-09  1.62764288e-18 
 1.11000000e+00  1.11000000e+00  4.00000000e-01 -1.92696917e-03  1.92696708e-03  8.07338265e-10  1.28544415e-09  1.00150882e-18 
 1.12000000e+00  1.12000000e+00  4.00000000e-01 -1.95032749e-03  1.95032504e-03  1.09041198e-09  1.36555487e-09  1.02998586e-18 
 1.13000000e+00  1.13000000e+00  4.00000000e-01 -1.97386256e-03  1.97385964e-03  1.46493427e-09  1.44916414e-09  1.33066891e-19 
 1.14000000e+00  1.14000000e+00  4.00000000e-01 -1.99757733e-03  1.99757384e-03  1.95791943e-09  1.53640497e-09  2.15475090e-18 
 1.15000000e+00  1.15000000e+00  4.00000000e-01 -2.02147491e-03  2.02147068e-03  2.60361626e-09  1.62741502e-09  1.08136949e-18 
 1.16000000e+00  1.16000000e+00  4.00000000e-01 -2.04555852e-03  2.04555336e-03  3.44524511e-09  1.72233667e-09  6.74595568e-19 
 1.17000000e+00  1.17000000e+00  4.00000000e-01 -2.06983153e-03  2.06982517e-03  4.53710300e-09  1.82131724e-09  3.05260252e-19 
 1.18000000e+00  1.18000000e+00  4.00000000e-01 -2.09429743e-03  2.09428956e-03  5.94710463e-09  1.92450909e-09  1.90376445e-19 
 1.19000000e+00  1.19000000e+00  4.00000000e-01 -2.11895986e-03  2.11895007e-03  7.75983678e-09  2.03206984e-09  8.51125837e-19 
 1.20000000e+00  1.20000000e+00  4.00000000e-01 -2.14382260e-03  2.14381037e-03  1.00802156e-08  2.14416248e-09  1.20540068e-18 
 0.00000000e+00  0.00000000e+00  6.00000000e-01  1.34145816e-09  1.34145816e-09  4.31188226e-12 -2.68722819e-09  1.64508740e-18 
 1.00000000e-02  1.00000000e-02  6.00000000e-01 -2.71383560e-04  2.71386200e-04  4.39236962e-12 -2.64444084e-09  8.02504572e-19 
 2.00000000e-02  2.00000000e-02  6.00000000e-01 -5.25681152e-04  5.25683748e-04  4.47607865e-12 -2.60034939e-09  7.91431773e-19 
 3.00000000e-02  3.00000000e-02  6.00000000e-01 -7.63331315e-04  7.63333868e-04  4.56365892e-12 -2.55747971e-09  2.13415689e-19 
 4.00000000e-02  4.00000000e-02  6.00000000e-01 -9.84828799e-04  9.84831311e-04  4.65572745e-12 -2.51659224e-09  6.10830756e-19 
 5.00000000e-02  5.00000000e-02  6.00000000e-01 -1.19066588e-03  1.19066836e-03  4.75292138e-12 -2.47770157e-09  1.75004363e-18 
 6.00000000e-02  6.00000000e-02  6.00000000e-01 -1.38131450e-03  1.38131694e-03  4.85594112e-12 -2.44072396e-09  1.03039687e-18 
 7.00000000e-02  7.00000000e-02  6.00000000e-01 -1.55722269e-03  1.55722510e-03  4.96558672e-12 -2.40557961e-09  6.81841153e-19 
 8.00000000e-02  8.00000000e-02  6.00000000e-01 -1.71881977e-03  1.71882213e-03  5.08278664e-12 -2.37220330e-09  2.61959342e-18 
 9.00000000e-02  9.00000000e-02  6.00000000e-01 -1.86652958e-03  1.86653192e-03  5.20861420e-12 -2.34054263e-09  2.80167256e-19 
 1.00000000e-01  1.00000000e-01  6.00000000e-01 -2.00079342e-03  2.00079573e-03  5.34428294e-12 -2.31055510e-09  2.36174192e-18 
 1.10000000e-01  1.10000000e-01  6.00000000e-01 -2.12210316e-03  2.12210544e-03  5.49110823e-12 -2.28220514e-09  2.01419920e-19 
 1.20000000e-01  1.20000000e-01  6.00000000e-01 -2.23104284e-03  2.23104509e-03  5.65042384e-12 -2.25546066e-09  1.43125827e-18 
 1.30000000e-01  1.30000000e-01  6.00000000e-01 -2.32833074e-03  2.32833296e-03  5.82345167e-12 -2.23028892e-09  2.96632003e-19 
 1.40000000e-01  1.40000000e-01  6.00000000e-01 -2.41484764e-03  2.41484984e-03  6.01114494e-12 -2.20665221e-09  2.29768610e-19 
 1.50000000e-01  1.50000000e-01  6.00000000e-01 -2.49163512e-03  2.49163730e-03  6.21404823e-12 -2.18450425e-09  7.28379493e-19 
 1.60000000e-01  1.60000000e-01  6.00000000e-01 -2.55985522e-03  2.55985738e-03  6.43222588e-12 -2.16378872e-09  4.70567969e-19 
 1.70000000e-01  1.70000000e-01  6.00000000e-01 -2.62071944e-03  2.62072158e-03  6.66528690e-12 -2.14444015e-09  1.21049574e-18 
 1.80000000e-01  1.80000000e-01  6.00000000e-01 -2.67540835e-03  2.67541047e-03  6.91249293e-12 -2.12638701e-09  1.08116238e-18 
 1.90000000e-01  1.90000000e-01  6.00000000e-01 -2.72500500e-03  2.72500710e-03  7.17290416e-12 -2.10955546e-09  2.12750835e-18 
 2.00000000e-01  2.00000000e-01  6.00000000e-01 -2.77045486e-03  2.77045695e-03  7.44551619e-12 -2.09387276e-09  2.36073111e-19 
 2.10000000e-01  2.10000000e-01  6.00000000e-01 -2.81255271e-03  2.81255478e-03  7.72936046e-12 -2.07926964e-09  2.51035128e-18 
 2.20000000e-01  2.20000000e-01  6.00000000e-01 -2.85194908e-03  2.85195114e-03  8.02356279e-12 -2.06568155e-09  7.92274777e-19 
 2.30000000e-01  2.30000000e-01  6.00000000e-01 -2.88916736e-03  2.88916940e-03  8.32736814e-12 -2.05304902e-09  1.03235586e-18 
 2.40000000e-01  2.40000000e-01  6.00000000e-01 -2.92462449e-03  2.92462652e-03  8.64014334e-12 -2.04131754e-09  9.17925166e-19 
 2.50000000e-01  2.50000000e-01  6.00000000e-01 -2.95865126e-03  2.95865328e-03  8.96136782e-12 -2.03043714e-09  2.85147126e-19 
 2.60000000e-01  2.60000000e-01  6.00000000e-01 -2.99151005e-03  2.99151206e-03  9.29061939e-12 -2.02036187e-09  9.95211513e-20 
 2.70000000e-01  2.70000000e-01  6.00000000e-01 -3.02340951e-03  3.02341151e-03  9.62755893e-12 -2.01104934e-09  6.27910926e-19 
 2.80000000e-01  2.80000000e-01  6.00000000e-01 -3.05451629e-03  3.05451828e-03  9.97191614e-12 -2.00246021e-09  3.86638775e-19 
 2.90000000e-01  2.90000000e-01  6.00000000e-01 -3.08496424e-03  3.08496622e-03  1.03234771e-11 -1.99455781e-09  2.81517491e-18 
 3.00000000e-01  3.00000000e-01  6.00000000e-01 -3.11486154e-03  3.11486352e-03  1.06820739e-11 -1.98730784e-09  3.20465625e-18 
 3.10000000e-01  3.10000000e-01  6.00000000e-01 -3.14429621e-03  3.14429818e-03  1.10475759e-11 -1.98067804e-09  2.50061157e-18 
 3.20000000e-01  3.20000000e-01  6.00000000e-01 -3.17334031e-03  3.17334228e-03  1.14198833e-11 -1.97463802e-09  3.45726808e-18 
 3.30000000e-01  3.30000000e-01  6.00000000e-01 -3.20205329e-03  3.20205525e-03  1.17989207e-11 -1.96915904e-09  1.22780024e-18 
 3.40000000e-01  3.40000000e-01  6.00000000e-01 -3.23048444e-03  3.23048639e-03  1.21846337e-11 -1.96421384e-09  1.89765607e-18 
 3.50000000e-01  3.50000000e-01  6.00000000e-01 -3.25867494e-03  3.25867688e-03  1.25769844e-11 -1.95977656e-09  1.56439693e-18 
 3.60000000e-01  3.60000000e-01  6.00000000e-01 -3.28665936e-03  3.28666130e-03  1.29759493e-11 -1.95582258e-09  4.88836729e-20 
 3.70000000e-01  3.70000000e-01  6.00000000e-01 -3.31446692e-03  3.31446885e-03  1.33815162e-11 -1.95232846e-09  1.64128470e-19 
 3.80000000e-01  3.80000000e-01  6.00000000e-01 -3.34212242e-03  3.34212435e-03  1.37936832e-11 -1.94927183e-09  1.72242348e-18 
 3.90000000e-01  3.90000000e-01  6.00000000e-01 -3.36964704e-03  3.36964897e-03  1.42124565e-11 -1.94663138e-09  1.13505669e-18 
 4.00000000e-01  4.00000000e-01  6.00000000e-01 -3.39705895e-03  3.39706088e-03  1.46378494e-11 -1.94438670e-09  2.06492988e-18 
 4.10000000e-01  4.10000000e-01  6.00000000e-01 -3.42437379e-03  3.42437571e-03  1.50698816e-11 -1.94251833e-09  2.96086258e-18 
 4.20000000e-01  4.20000000e-01  6.00000000e-01 -3.45160510e-03  3.45160703e-03  1.55085779e-11 -1.94100765e-09  2.00292189e-20 
 4.30000000e-01  4.30000000e-01  6.00000000e-01 -3.47876465e-03  3.47876657e-03  1.59539678e-11 -1.93983684e-09  1.37159450e-18 
 4.40000000e-01  4.40000000e-01  6.00000000e-01 -3.50586269e-03  3.50586461e-03  1.64060850e-11 -1.93898887e-09  7.38159955e-19 
 4.50000000e-01  4.50000000e-01  6.00000000e-01 -3.53290819e-03  3.53291012e-03  1.68649666e-11 -1.93844743e-09  3.30184671e-19 
 4.60000000e-01  4.60000000e-01  6.00000000e-01 -3.55990904e-03  3.55991096e-03  1.73306531e-11 -1.93819692e-09  1.45886072e-18 
 4.70000000e-01  4.70000000e-01  6.00000000e-01 -3.58687216e-03  3.58687408e-03  1.78031881e-11 -1.93822242e-09  1.22260742e-18 
 4.80000000e-01  4.80000000e-01  6.00000000e-01 -3.61380368e-03  3.61380560e-03  1.82826176e-11 -1.93850964e-09  9.09107275e-19 
 4.90000000e-01  4.90000000e-01  6.00000000e-01 -3.64070903e-03  3.64071095e-03  1.87689901e-11 -1.93904490e-09  1.10963166e-18 
 5.00000000e-01  5.00000000e-01  6.00000000e-01 -3.66759301e-03  3.66759493e-03  1.92623564e-11 -1.93981514e-09  8.40033251e-19 
 5.10000000e-01  5.10000000e-01  6.00000000e-01 -3.69445990e-03  3.69446182e-03  1.97627696e-11 -1.94080784e-09  1.91406750e-20 
 5.20000000e-01  5.20000000e-01  6.00000000e-01 -3.72131352e-03  3.72131544e-03  2.02702843e-11 -1.94201105e-09  6.22594364e-19 
 5.30000000e-01  5.30000000e-01  6.00000000e-01 -3.74815728e-03  3.74815921e-03  2.07849575e-11 -1.94341335e-09  4.49369034e-19 
 5.40000000e-01  5.40000000e-01  6.00000000e-01 -3.77499424e-03  3.77499616e-03  2.13068476e-11 -1.94500387e-09  1.54655987e-18 
 5.50000000e-01  5.50000000e-01  6.00000000e-01 -3.80182713e-03  3.80182905e-03  2.18360148e-11 -1.94677229e-09  3.79910549e-20 
 5.60000000e-01  5.60000000e-01  6.00000000e-01 -3.82865841e-03  3.82866034e-03  2.23725210e-11 -1.94870895e-09  1.24304363e-18 
 5.70000000e-01  5.70000000e-01  6.00000000e-01 -3.85549030e-03  3.85549223e-03  2.29164296e-11 -1.95080513e-09  2.19076810e-18 
 5.80000000e-01  5.80000000e-01  6.00000000e-01 -3.88232480e-03  3.88232673e-03  2.34678055e-11 -1.95305411e-09  3.76702964e-18 
 5.90000000e-01  5.90000000e-01  6.00000000e-01 -3.90916372e-03  3.90916565e-03  2.40267153e-11 -1.95544649e-09  6.37094676e-19 
 6.00000000e-01  6.00000000e-01  6.00000000e-01 -3.93600870e-03  3.93601064e-03  2.45932268e-11 -1.95789681e-09  8.46751108e-19 
 6.10000000e-01  6.10000000e-01  6.00000000e-01 -3.96286124e-03  3.96286318e-03  2.51674094e-11 -1.96027608e-09  4.22762667e-19 
 6.20000000e-01  6.20000000e-01  6.00000000e-01 -3.98972271e-03  3.98972464e-03  2.57493339e-11 -1.96254143e-09  7.27462452e-19 
 6.30000000e-01  6.30000000e-01  6.00000000e-01 -4.01659435e-03  4.01659629e-03  2.63390727e-11 -1.96467802e-09  1.10719075e-18 
 6.40000000e-01  6.40000000e-01  6.00000000e-01 -4.04347733e-03  4.04347927e-03  2.69366992e-11 -1.96667503e-09  1.10312550e-18 
 6.50000000e-01  6.50000000e-01  6.00000000e-01 -4.07037271e-03  4.07037465e-03  2.75422885e-11 -1.96852218e-09  6.23449139e-19 
 6.60000000e-01  6.60000000e-01  6.00000000e-01 -4.09728151e-03  4.09728345e-03  2.81559172e-11 -1.97020906e-09  3.42496879e-19 
 6.70000000e-01  6.70000000e-01  6.00000000e-01 -4.12420467e-03  4.12420661e-03  2.87776630e-11 -1.97172493e-09  2.19135330e-18 
 6.80000000e-01  6.80000000e-01  6.00000000e-01 -4.15114309e-03  4.15114504e-03  2.94076053e-11 -1.97305863e-09  3.04613449e-18 
 6.90000000e-01  6.90000000e-01  6.00000000e-01 -4.17809765e-03  4.17809959e-03  3.00458247e-11 -1.97419856e-09  3.13489816e-18 
 7.00000000e-01  7.00000000e-01  6.00000000e-01 -4.20506919e-03  4.20507113e-03  3.06924033e-11 -1.97513260e-09  1.01657902e-18 
 7.10000000e-01  7.10000000e-01  6.00000000e-01 -4.23205854e-03  4.23206048e-03  3.13474248e-11 -1.97584816e-09  7.13859557e-19 
 7.20000000e-01  7.20000000e-01  6.00000000e-01 -4.25906654e-03  4.25906848e-03  3.20109741e-11 -1.97633208e-09  4.83035195e-19 
 7.30000000e-01  7.30000000e-01  6.00000000e-01 -4.28609402e-03  4.28609596e-03  3.26831377e-11 -1.97657067e-09  5.85743045e-19 
 7.40000000e-01  7.40000000e-01  6.00000000e-01 -4.31314185e-03  4.31314379e-03  3.33640036e-11 -1.97654964e-09  1.95720290e-19 
 7.50000000e-01  7.50000000e-01  6.00000000e-01 -4.34021090e-03  4.34021284e-03  3.40536612e-11 -1.97625411e-09  1.49657608e-18 
 7.60000000e-01  7.60000000e-01  6.00000000e-01 -4.36730209e-03  4.36730403e-03  3.47522014e-11 -1.97566856e-09  5.67972414e-19 
 7.70000000e-01  7.70000000e-01  6.00000000e-01 -4.39441639e-03  4.39441833e-03  3.54597168e-11 -1.97477685e-09  6.78717719e-20 
 7.80000000e-01  7.80000000e-01  6.00000000e-01 -4.42155480e-03  4.42155674e-03  3.61763015e-11 -1.97356213e-09  1.81737576e-18 
 7.90000000e-01  7.90000000e-01  6.00000000e-01 -4.44871842e-03  4.44872035e-03  3.69020509e-11 -1.97200689e-09  2.66268041e-18 
 8.00000000e-01  8.00000000e-01  6.00000000e-01 -4.47590836e-03  4.47591030e-03  3.76370624e-11 -1.97009286e-09  2.95913389e-19 
 8.10000000e-01  8.10000000e-01  6.00000000e-01 -4.50312587e-03  4.50312780e-03  3.83814349e-11 -1.96780105e-09  4.00982256e-18 
 8.20000000e-01  8.20000000e-01  6.00000000e-01 -4.53037225e-03  4.53037418e-03  3.91352686e-11 -1.96511169e-09  1.03433225e-18 
 8.30000000e-01  8.30000000e-01  6.00000000e-01 -4.55764889e-03  4.55765081e-03  3.98986660e-11 -1.96200417e-09  8.85085763e-19 
 8.40000000e-01  8.40000000e-01  6.00000000e-01 -4.58495729e-03  4.58495921e-03  4.06717306e-11 -1.95845709e-09  1.23135392e-19 
 8.50000000e-01  8.50000000e-01  6.00000000e-01 -4.61229906e-03  4.61230098e-03  4.14545682e-11 -1.95444816e-09  2.72659597e-18 
 8.60000000e-01  8.60000000e-01  6.00000000e-01 -4.63967591e-03  4.63967782e-03  4.22472860e-11 -1.94995420e-09  1.34420339e-18 
 8.70000000e-01  8.70000000e-01  6.00000000e-01 -4.66708969e-03  4.66709159e-03  4.30499931e-11 -1.94495110e-09  7.24531718e-19 
 8.80000000e-01  8.80000000e-01  6.00000000e-01 -4.69454234e-03  4.69454423e-03  4.38628004e-11 -1.93941379e-09  7.25822178e-19 
 8.90000000e-01  8.90000000e-01  6.00000000e-01 -4.72203596e-03  4.72203785e-03  4.46858206e-11 -1.93331621e-09  1.29898447e-18 
 9.00000000e-01  9.00000000e-01  6.00000000e-01 -4.74957279e-03  4.74957467e-03  4.55191682e-11 -1.92663126e-09  2.66606119e-18 
 9.10000000e-01  9.10000000e-01  6.00000000e-01 -4.77715519e-03  4.77715707e-03  4.63629598e-11 -1.91933077e-09  2.06784896e-18 
 9.20000000e-01  9.20000000e-01  6.00000000e-01 -4.80478569e-03  4.80478755e-03  4.72173137e-11 -1.91138548e-09  1.18742891e-18 
 9.30000000e-01  9.30000000e-01  6.00000000e-01 -4.83246694e-03  4.83246880e-03  4.80823503e-11 -1.90276498e-09  3.14733664e-18 
 9.40000000e-01  9.40000000e-01  6.00000000e-01 -4.86020179e-03  4.86020363e-03  4.89581918e-11 -1.89343767e-09  1.55902779e-18 
 9.50000000e-01  9.50000000e-01  6.00000000e-01 -4.88799320e-03  4.88799503e-03  4.98449628e-11 -1.88337072e-09  4.67526127e-19 
 9.60000000e-01  9.60000000e-01  6.00000000e-01 -4.91584433e-03  4.91584615e-03  5.07427894e-11 -1.87253005e-09  7.42614539e-19 
 9.70000000e-01  9.70000000e-01  6.00000000e-01 -4.94375850e-03  4.94376031e-03  5.16518004e-11 -1.86088025e-09  5.19702851e-19 
 9.80000000e-01  9.80000000e-01  6.00000000e-01 -4.97173918e-03  4.97174097e-03  5.25721262e-11 -1.84838455e-09  2.74755001e-18 
 9.90000000e-01  9.90000000e-01  6.00000000e-01 -4.99979003e-03  4.99979181e-03  5.35038997e-11 -1.83500479e-09  4.60302947e-19 
 1.00000000e+00  1.00000000e+00  6.00000000e-01 -5.02791489e-03  5.02791665e-03  5.44472558e-11 -1.82070135e-09  1.62801813e-18 
 1.01000000e+00  1.01000000e+00  6.00000000e-01 -5.05611775e-03  5.05611950e-03  5.54023319e-11 -1.80543310e-09  2.76346289e-18 
 1.02000000e+00  1.02000000e+00  6.00000000e-01 -5.08440281e-03  5.08440454e-03  5.63692673e-11 -1.78915734e-09  1.24010106e-18 
 1.03000000e+00  1.03000000e+00  6.00000000e-01 -5.11277442e-03  5.11277613e-03  5.73482038e-11 -1.77182979e-09  1.26899767e-18 
 1.04000000e+00  1.04000000e+00  6.00000000e-01 -5.14123713e-03  5.14123883e-03  5.83392858e-11 -1.75340449e-09  9.70104084e-19 
 1.05000000e+00  1.05000000e+00  6.00000000e-01 -5.16979567e-03  5.16979734e-03  5.93426596e-11 -1.73383376e-09  2.04591844e-18 
 1.06000000e+00  1.06000000e+00  6.00000000e-01 -5.19845494e-03  5.19845660e-03  6.03584743e-11 -1.71306812e-09  3.51077487e-18 
 1.07000000e+00  1.07000000e+00  6.00000000e-01 -5.22722004e-03  5.22722167e-03  6.13868813e-11 -1.69105627e-09  2.15023413e-18 
 1.08000000e+00  1.08000000e+00  6.00000000e-01 -5.25609624e-03  5.25609785e-03  6.24280346e-11 -1.66774500e-09  5.56091470e-18 
 1.09000000e+00  1.09000000e+00  6.00000000e-01 -5.28508900e-03  5.28509058e-03  7.00492220e-11 -1.64307913e-09  2.05896418e-18 
 1.10000000e+00  1.10000000e+00  6.00000000e-01 -5.31420397e-03  5.31420550e-03  8.87856329e-11 -1.61700145e-09  4.55181206e-19 
 1.11000000e+00  1.11000000e+00  6.00000000e-01 -5.34344695e-03  5.34344843e-03  1.15091136e-10 -1.58945261e-09  2.19473487e-18 
 1.12000000e+00  1.12000000e+00  6.00000000e-01 -5.37282396e-03  5.37282536e-03  1.51843492e-10 -1.56037113e-09  5.52428126e-19 
 1.13000000e+00  1.13000000e+00  6.00000000e-01 -5.40234116e-03  5.40234249e-03  2.02917522e-10 -1.52969326e-09  3.20354850e-19 
 1.14000000e+00  1.14000000e+00  6.00000000e-01 -5.43200494e-03  5.43200616e-03  2.73496679e-10 -1.49735292e-09  2.50560292e-18 
 1.15000000e+00  1.15000000e+00  6.00000000e-01 -5.46182182e-03  5.46182291e-03  3.70471374e-10 -1.46328162e-09  4.12224734e-19 
 1.16000000e+00  1.16000000e+00  6.00000000e-01 -5.49179852e-03  5.49179944e-03  5.02945201e-10 -1.42740841e-09  1.03845619e-18 
 1.17000000e+00  1.17000000e+00  6.00000000e-01 -5.52194194e-03  5.52194264e-03  6.82874632e-10 -1.38965974e-09  2.55377063e-18 
 1.18000000e+00  1.18000000e+00  6.00000000e-01 -5.55225914e-03  5.55225956e-03  9.25872902e-10 -1.34995944e-09  3.98980270e-18 
 1.19000000e+00  1.19000000e+00  6.00000000e-01 -5.58275737e-03  5.58275743e-03  1.25221483e-09 -1.30822858e-09  1.33098861e-18 
 1.20000000e+00  1.20000000e+00  6.00000000e-01 -5.61344404e-03  5.61344362e-03  1.68808626e-09 -1.26438540e-09  2.36004017e-18 
 0.00000000e+00  0.00000000e+00  8.00000000e-01  4.46926798e-09  4.46926798e-09  1.51660053e-10 -9.09019601e-09  9.34857479e-19 
 1.00000000e-02  1.00000000e-02  8.00000000e-01 -3.66432694e-04  3.66441531e-04  1.54384699e-10 -8.99166523e-09  1.77080822e-18 
 2.00000000e-02  2.00000000e-02  8.00000000e-01 -7.19837907e-04  7.19846633e-04  1.57158836e-10 -8.88333992e-09  3.17676750e-19 
 3.00000000e-02  3.00000000e-02  8.00000000e-01 -1.06041311e-03  1.06042172e-03  1.59983787e-10 -8.77632880e-09  3.83157711e-19 
 4.00000000e-02  4.00000000e-02  8.00000000e-01 -1.38837686e-03  1.38838537e-03  1.62860810e-10 -8.67379699e-09  2.49625531e-19 
 5.00000000e-02  5.00000000e-02  8.00000000e-01 -1.70395094e-03  1.70395935e-03  1.65791135e-10 -8.57585206e-09  2.98272475e-18 
 6.00000000e-02  6.00000000e-02  8.00000000e-01 -2.00735322e-03  2.00736153e-03  1.68775991e-10 -8.48222699e-09  2.89352622e-18 
 7.00000000e-02  7.00000000e-02  8.00000000e-01 -2.29879343e-03  2.29880165e-03  1.71816629e-10 -8.39266974e-09  2.39577918e-18 
 8.00000000e-02  8.00000000e-02  8.00000000e-01 -2.57847035e-03  2.57847848e-03  1.74914342e-10 -8.30697583e-09  2.41058365e-18 
 9.00000000e-02  9.00000000e-02  8.00000000e-01 -2.84656969e-03  2.84657773e-03  1.78070480e-10 -8.22497817e-09  6.37419228e-19 
 1.00000000e-01  1.00000000e-01  8.00000000e-01 -3.10326240e-03  3.10327037e-03  1.81286468e-10 -8.14653648e-09  4.54524890e-20 
 1.10000000e-01  1.10000000e-01  8.00000000e-01 -3.34870329e-03  3.34871118e-03  1.84563815e-10 -8.07153045e-09  1.88769109e-18 
 1.20000000e-01  1.20000000e-01  8.00000000e-01 -3.58302979e-03  3.58303760e-03  1.87904141e-10 -7.99985569e-09  8.10238325e-19 
 1.30000000e-01  1.30000000e-01  8.00000000e-01 -3.80636111e-03  3.80636885e-03  1.91309181e-10 -7.93142147e-09  9.28438428e-19 
 1.40000000e-01  1.40000000e-01  8.00000000e-01 -4.01879800e-03  4.01880567e-03  1.94780815e-10 -7.86614950e-09  3.28600846e-18 
 1.50000000e-01  1.50000000e-01  8.00000000e-01 -4.22042327e-03  4.22043088e-03  1.98321075e-10 -7.80397324e-09  9.04696742e-19 
 1.60000000e-01  1.60000000e-01  8.00000000e-01 -4.41130393e-03  4.41131147e-03  2.01932164e-10 -7.74483757e-09  1.33964284e-18 
 1.70000000e-01  1.70000000e-01  8.00000000e-01 -4.59149537e-03  4.59150286e-03  2.05616465e-10 -7.68869835e-09  1.51452446e-18 
 1.80000000e-01  1.80000000e-01  8.00000000e-01 -4.76104876e-03  4.76105618e-03  2.09376535e-10 -7.63552170e-09  3.53401104e-19 
 1.90000000e-01  1.90000000e-01  8.00000000e-01 -4.92002238e-03  4.92002976e-03  2.13215092e-10 -7.58528261e-09  3.67935274e-18 
 2.00000000e-01  2.00000000e-01  8.00000000e-01 -5.06849780e-03  5.06850512e-03  2.17134968e-10 -7.53796262e-09  6.27876174e-19 
 2.10000000e-01  2.10000000e-01  8.00000000e-01 -5.20660054e-03  5.20660782e-03  2.21139044e-10 -7.49354631e-09  9.88428616e-19 
 2.20000000e-01  2.20000000e-01  8.00000000e-01 -5.33452397e-03  5.33453119e-03  2.25230143e-10 -7.45201660e-09  1.88835511e-20 
 2.30000000e-01  2.30000000e-01  8.00000000e-01 -5.45255279e-03  5.45255997e-03  2.29410910e-10 -7.41334919e-09  2.66380902e-19 
 2.40000000e-01  2.40000000e-01  8.00000000e-01 -5.56108125e-03  5.56108840e-03  2.33683683e-10 -7.37750689e-09  2.68174203e-18 
 2.50000000e-01  2.50000000e-01  8.00000000e-01 -5.66062036e-03  5.66062747e-03  2.38050376e-10 -7.34443504e-09  8.06483106e-19 
 2.60000000e-01  2.60000000e-01  8.00000000e-01 -5.75179025e-03  5.75179732e-03  2.42512422e-10 -7.31405907e-09  4.42933990e-18 
 2.70000000e-01  2.70000000e-01  8.00000000e-01 -5.83529761e-03  5.83530465e-03  2.47070763e-10 -7.28628481e-09  2.17042525e-18 
 2.80000000e-01  2.80000000e-01  8.00000000e-01 -5.91190202e-03  5.91190903e-03  2.51725909e-10 -7.26100154e-09  8.93895831e-20 
 2.90000000e-01  2.90000000e-01  8.00000000e-01 -5.98237828e-03  5.98238526e-03  2.56478048e-10 -7.23808688e-09  2.59989794e-18 
 3.00000000e-01  3.00000000e-01  8.00000000e-01 -6.04748147e-03  6.04748842e-03  2.61327162e-10 -7.21741235e-09  2.31850836e-18 
 3.10000000e-01  3.10000000e-01  8.00000000e-01 -6.10791988e-03  6.10792681e-03  2.66273153e-10 -7.19884858e-09  4.47665443e-19 
 3.20000000e-01  3.20000000e-01  8.00000000e-01 -6.16433760e-03  6.16434451e-03  2.71315936e-10 -7.18226946e-09  1.35845416e-18 
 3.30000000e-01  3.30000000e-01  8.00000000e-01 -6.21730621e-03  6.21731310e-03  2.76455513e-10 -7.16755504e-09  1.61760075e-18 
 3.40000000e-01  3.40000000e-01  8.00000000e-01 -6.26732375e-03  6.26733063e-03  2.81692015e-10 -7.15459311e-09  3.33746744e-18 
 3.50000000e-01  3.50000000e-01  8.00000000e-01 -6.31481838e-03  6.31482523e-03  2.87025726e-10 -7.14327994e-09  9.79252133e-19 
 3.60000000e-01  3.60000000e-01  8.00000000e-01 -6.36015482e-03  6.36016166e-03  2.92457087e-10 -7.13352032e-09  1.74525235e-19 
 3.70000000e-01  3.70000000e-01  8.00000000e-01 -6.40364195e-03  6.40364878e-03  2.97986695e-10 -7.12522709e-09  1.64823078e-19 
 3.80000000e-01  3.80000000e-01  8.00000000e-01 -6.44554054e-03  6.44554735e-03  3.03615291e-10 -7.11832058e-09  8.24279742e-19 
 3.90000000e-01  3.90000000e-01  8.00000000e-01 -6.48607042e-03  6.48607722e-03  3.09343750e-10 -7.11272790e-09  3.14448838e-18 
 4.00000000e-01  4.00000000e-01  8.00000000e-01 -6.52541701e-03  6.52542380e-03  3.15173067e-10 -7.10838220e-09  2.60552370e-18 
 4.10000000e-01  4.10000000e-01  8.00000000e-01 -6.56373692e-03  6.56374370e-03  3.21104348e-10 -7.10522203e-09  7.50162033e-19 
 4.20000000e-01  4.20000000e-01  8.00000000e-01 -6.60116272e-03  6.60116950e-03  3.27138793e-10 -7.10319071e-09  1.94067780e-18 
 4.30000000e-01  4.30000000e-01  8.00000000e-01 -6.63780696e-03  6.63781373e-03  3.33277691e-10 -7.10223579e-09  1.99436389e-18 
 4.40000000e-01  4.40000000e-01  8.00000000e-01 -6.67376551e-03  6.67377227e-03  3.39522411e-10 -7.10230856e-09  2.74475898e-19 
 4.50000000e-01  4.50000000e-01  8.00000000e-01 -6.70912029e-03  6.70912704e-03  3.45874393e-10 -7.10336371e-09  1.12878385e-18 
 4.60000000e-01  4.60000000e-01  8.00000000e-01 -6.74394158e-03  6.74394833e-03  3.52335141e-10 -7.10535890e-09  1.73420215e-18 
 4.70000000e-01  4.70000000e-01  8.00000000e-01 -6.77828990e-03  6.77829665e-03  3.58906222e-10 -7.10825449e-09  9.09408311e-19 
 4.80000000e-01  4.80000000e-01  8.00000000e-01 -6.81221755e-03  6.81222430e-03  3.65589259e-10 -7.11201331e-09  7.56189077e-19 
 4.90000000e-01  4.90000000e-01  8.00000000e-01 -6.84576991e-03  6.84577665e-03  3.72385928e-10 -7.11660041e-09  4.34592164e-18 
 5.00000000e-01  5.00000000e-01  8.00000000e-01 -6.87898646e-03  6.87899320e-03  3.79297953e-10 -7.12198286e-09  1.03338061e-18 
 5.10000000e-01  5.10000000e-01  8.00000000e-01 -6.91190173e-03  6.91190847e-03  3.86327108e-10 -7.12812962e-09  1.26118253e-18 
 5.20000000e-01  5.20000000e-01  8.00000000e-01 -6.94454598e-03  6.94455273e-03  3.93475213e-10 -7.13501135e-09  3.05490694e-18 
 5.30000000e-01  5.30000000e-01  8.00000000e-01 -6.97694584e-03  6.97695258e-03  4.00744132e-10 -7.14260033e-09  3.07309555e-18 
 5.40000000e-01  5.40000000e-01  8.00000000e-01 -7.00912480e-03  7.00913154e-03  4.08135772e-10 -7.15087031e-09  3.71999236e-18 
 5.50000000e-01  5.50000000e-01  8.00000000e-01 -7.04110367e-03  7.04111041e-03  4.15652083e-10 -7.15979647e-09  1.76030031e-18 
 5.60000000e-01  5.60000000e-01  8.00000000e-01 -7.07290092e-03  7.07290767e-03  4.23295057e-10 -7.16935524e-09  5.71196342e-18 
 5.70000000e-01  5.70000000e-01  8.00000000e-01 -7.10453302e-03  7.10453977e-03  4.31066726e-10 -7.17952431e-09  6.68458353e-19 
 5.80000000e-01  5.80000000e-01  8.00000000e-01 -7.13601466e-03  7.13602141e-03  4.38969163e-10 -7.19028254e-09  1.14592861e-18 
 5.90000000e-01  5.90000000e-01  8.00000000e-01 -7.16735901e-03  7.16736577e-03  4.47004485e-10 -7.20160984e-09  8.22676924e-19 
 6.00000000e-01  6.00000000e-01  8.00000000e-01 -7.19857789e-03  7.19858465e-03  4.55174844e-10 -7.21348720e-09  1.01598883e-18 
 6.10000000e-01  6.10000000e-01  8.00000000e-01 -7.22968194e-03  7.22968870e-03  4.63482438e-10 -7.22589657e-09  2.76698636e-19 
 6.20000000e-01  6.20000000e-01  8.00000000e-01 -7.26068076e-03  7.26068752e-03  4.71929501e-10 -7.23882084e-09  1.18676254e-18 
 6.30000000e-01  6.30000000e-01  8.00000000e-01 -7.29158303e-03  7.29158980e-03  4.80518312e-10 -7.25224381e-09  2.12124699e-18 
 6.40000000e-01  6.40000000e-01  8.00000000e-01 -7.32239662e-03  7.32240340e-03  4.89251189e-10 -7.26615011e-09  3.90602026e-19 
 6.50000000e-01  6.50000000e-01  8.00000000e-01 -7.35312870e-03  7.35313548e-03  4.98130490e-10 -7.28052521e-09  8.57741834e-19 
 6.60000000e-01  6.60000000e-01  8.00000000e-01 -7.38378578e-03  7.38379256e-03  5.07158618e-10 -7.29535533e-09  1.34175664e-18 
 6.70000000e-01  6.70000000e-01  8.00000000e-01 -7.41437380e-03  7.41438059e-03  5.16338015e-10 -7.31062746e-09  3.43373622e-18 
 6.80000000e-01  6.80000000e-01  8.00000000e-01 -7.44489822e-03  7.44490502e-03  5.25671167e-10 -7.32632930e-09  9.56038602e-19 
 6.90000000e-01  6.90000000e-01  8.00000000e-01 -7.47536402e-03  7.47537083e-03  5.35160604e-10 -7.34244924e-09  2.34228143e-18 
 7.00000000e-01  7.00000000e-01  8.00000000e-01 -7.50577582e-03  7.50578264e-03  5.44808896e-10 -7.35897632e-09  9.64203081e-19 
 7.10000000e-01  7.10000000e-01  8.00000000e-01 -7.53613786e-03  7.53614468e-03  5.54618660e-10 -7.37590025e-09  2.43085469e-18 
 7.20000000e-01  7.20000000e-01  8.00000000e-01 -7.56645406e-03  7.56646089e-03  5.64592556e-10 -7.39321135e-09  2.44315342e-18 
 7.30000000e-01  7.30000000e-01  8.00000000e-01 -7.59672809e-03  7.59673492e-03  5.74733290e-10 -7.41090053e-09  1.45022339e-20 
 7.40000000e-01  7.40000000e-01  8.00000000e-01 -7.62696335e-03  7.62697019e-03  5.85043611e-10 -7.42895931e-09  1.74658359e-19 
 7.50000000e-01  7.50000000e-01  8.00000000e-01 -7.65716305e-03  7.65716990e-03  5.95526319e-10 -7.44737984e-09  1.05917458e-18 
 7.60000000e-01  7.60000000e-01  8.00000000e-01 -7.68733020e-03  7.68733706e-03  6.06184255e-10 -7.46615501e-09  9.69106504e-19 
 7.70000000e-01  7.70000000e-01  8.00000000e-01 -7.71746767e-03  7.71747454e-03  6.17020311e-10 -7.48527869e-09  3.48544504e-18 
 7.80000000e-01  7.80000000e-01  8.00000000e-01 -7.74757818e-03  7.74758506e-03  6.28037426e-10 -7.50474681e-09  3.25244749e-18 
 7.90000000e-01  7.90000000e-01  8.00000000e-01 -7.77766435e-03  7.77767123e-03  6.39238589e-10 -7.52455269e-09  3.11257208e-19 
 8.00000000e-01  8.00000000e-01  8.00000000e-01 -7.80772871e-03  7.80773561e-03  6.50626835e-10 -7.54461368e-09  5.96674244e-18 
 8.10000000e-01  8.10000000e-01  8.00000000e-01 -7.83777374e-03  7.83778064e-03  6.62205254e-10 -7.56480360e-09  1.81778771e-18 
 8.20000000e-01  8.20000000e-01  8.00000000e-01 -7.86780186e-03  7.86780877e-03  6.73976983e-10 -7.58508251e-09  1.18248291e-18 
 8.30000000e-01  8.30000000e-01  8.00000000e-01 -7.89781546e-03  7.89782238e-03  6.85945212e-10 -7.60543853e-09  5.22880097e-19 
 8.40000000e-01  8.40000000e-01  8.00000000e-01 -7.92781695e-03  7.92782388e-03  6.98113182e-10 -7.62586388e-09  3.41327518e-18 
 8.50000000e-01  8.50000000e-01  8.00000000e-01 -7.95780872e-03  7.95781565e-03  7.10484189e-10 -7.64635138e-09  3.59731977e-18 
 8.60000000e-01  8.60000000e-01  8.00000000e-01 -7.98779321e-03  7.98780015e-03  7.23061581e-10 -7.66689375e-09  1.77606441e-18 
 8.70000000e-01  8.70000000e-01  8.00000000e-01 -8.01777288e-03  8.01777984e-03  7.35848762e-10 -7.68748349e-09  3.17127905e-18 
 8.80000000e-01  8.80000000e-01  8.00000000e-01 -8.04775029e-03  8.04775725e-03  7.48849191e-10 -7.70811271e-09  3.11808451e-18 
 8.90000000e-01  8.90000000e-01  8.00000000e-01 -8.07772804e-03  8.07773501e-03  7.62066383e-10 -7.72877312e-09  5.79178216e-19 
 9.00000000e-01  9.00000000e-01  8.00000000e-01 -8.10770883e-03  8.10771580e-03  7.75503909e-10 -7.74945606e-09  2.35469772e-18 
 9.10000000e-01  9.10000000e-01  8.00000000e-01 -8.13769546e-03  8.13770245e-03  7.89165399e-10 -7.77015236e-09  4.25997333e-18 
 9.20000000e-01  9.20000000e-01  8.00000000e-01 -8.16769087e-03  8.16769786e-03  8.03054542e-10 -7.79085241e-09  4.86568936e-19 
 9.30000000e-01  9.30000000e-01  8.00000000e-01 -8.19769810e-03  8.19770509e-03  8.17175085e-10 -7.81154609e-09  7.16889726e-19 
 9.40000000e-01  9.40000000e-01  8.00000000e-01 -8.22772035e-03  8.22772735e-03  8.31530838e-10 -7.83222280e-09  2.30160534e-18 
 9.50000000e-01  9.50000000e-01  8.00000000e-01 -8.25776095e-03  8.25776796e-03  8.46125669e-10 -7.85287136e-09  2.19250529e-18 
 9.60000000e-01  9.60000000e-01  8.00000000e-01 -8.28782344e-03  8.28783045e-03  8.60963511e-10 -7.87348004e-09  3.82162199e-18 
 9.70000000e-01  9.70000000e-01  8.00000000e-01 -8.31791148e-03  8.31791850e-03  8.76048358e-10 -7.89403654e-09  1.14330495e-18 
 9.80000000e-01  9.80000000e-01  8.00000000e-01 -8.34802895e-03  8.34803597e-03  8.91384270e-10 -7.91452796e-09  1.11507462e-19 
 9.90000000e-01  9.90000000e-01  8.00000000e-01 -8.37817991e-03  8.37818694e-03  9.06975370e-10 -7.93494075e-09  1.21159047e-18 
 1.00000000e+00  1.00000000e+00  8.00000000e-01 -8.40836863e-03  8.40837566e-03  9.22825849e-10 -7.95526071e-09  1.17131877e-20 
 1.01000000e+00  1.01000000e+00  8.00000000e-01 -8.43859957e-03  8.43860660e-03  9.38939962e-10 -7.97547296e-09  1.44765065e-18 
 1.02000000e+00  1.02000000e+00  8.00000000e-01 -8.46887742e-03  8.46888446e-03  9.55322034e-10 -7.99556191e-09  2.32480435e-18 
 1.03000000e+00  1.03000000e+00  8.00000000e-01 -8.49920709e-03  8.49921413e-03  9.71976459e-10 -8.01551125e-09  1.76140501e-18 
 1.04000000e+00  1.04000000e+00  8.00000000e-01 -8.52959371e-03  8.52960076e-03  9.88907700e-10 -8.03530389e-09  2.88740421e-18 
 1.05000000e+00  1.05000000e+00  8.00000000e-01 -8.56004266e-03  8.56004971e-03  1.00612029e-09 -8.05492194e-09  4.88944185e-18 
 1.06000000e+00  1.06000000e+00  8.00000000e-01 -8.59055953e-03  8.59056658e-03  1.02361883e-09 -8.07434671e-09  7.99702086e-19 
 1.07000000e+00  1.07000000e+00  8.00000000e-01 -8.62115018e-03  8.62115724e-03  1.04140801e-09 -8.09355864e-09  2.24960908e-18 
 1.08000000e+00  1.08000000e+00  8.00000000e-01 -8.65182070e-03  8.65182776e-03  1.05949258e-09 -8.11253727e-09  4.07991534e-19 
 1.09000000e+00  1.09000000e+00  8.00000000e-01 -8.68257743e-03  8.68258448e-03  1.07787735e-09 -8.13126125e-09  1.72122844e-19 
 1.10000000e+00  1.10000000e+00  8.00000000e-01 -8.71342695e-03  8.71343401e-03  1.09656725e-09 -8.14970826e-09  3.96716752e-18 
 1.11000000e+00  1.11000000e+00  8.00000000e-01 -8.74437611e-03  8.74438316e-03  1.11556724e-09 -8.16785498e-09  9.96207940e-19 
 1.12000000e+00  1.12000000e+00  8.00000000e-01 -8.77543199e-03  8.77543904e-03  1.13488239e-09 -8.18567709e-09  2.47349420e-18 
 1.13000000e+00  1.13000000e+00  8.00000000e-01 -8.80660195e-03  8.80660900e-03  1.15451783e-09 -8.20314917e-09  1.92976274e-19 
 1.14000000e+00  1.14000000e+00  8.00000000e-01 -8.83789358e-03  8.83790062e-03  1.17447878e-09 -8.22024473e-09  5.77399985e-19 
 1.15000000e+00  1.15000000e+00  8.00000000e-01 -8.86931472e-03  8.86932177e-03  1.19477054e-09 -8.23693610e-09  1.22491283e-18 
 1.16000000e+00  1.16000000e+00  8.00000000e-01 -8.90087350e-03  8.90088054e-03  1.21539850e-09 -8.25319445e-09  2.29470655e-19 
 1.17000000e+00  1.17000000e+00  8.00000000e-01 -8.93257825e-03  8.93258529e-03  1.23636812e-09 -8.26898972e-09  6.77503935e-19 
 1.18000000e+00  1.18000000e+00  8.00000000e-01 -8.96443760e-03  8.96444462e-03  1.25768495e-09 -8.28429055e-09  7.35456871e-18 
 1.19000000e+00  1.19000000e+00  8.00000000e-01 -8.99646039e-03  8.99646739e-03  1.29228503e-09 -8.29906430e-09  1.79405342e-18 
 1.20000000e+00  1.20000000e+00  8.00000000e-01 -9.02865573e-03  9.02866270e-03  1.34509551e-09 -8.31327692e-09  5.56664221e-18 
 0.00000000e+00  0.00000000e+00  1.00000000e+00  1.17430398e-08  1.17430398e-08  4.33048793e-09 -2.78165675e-08  2.47723719e-18 
 1.00000000e-02  1.00000000e-02  1.00000000e+00 -4.09159042e-04  4.09182305e-04  4.40492846e-09 -2.76687129e-08  3.09728185e-18 
 2.00000000e-02  2.00000000e-02  1.00000000e+00 -8.08220085e-04  8.08243095e-04  4.48060098e-09 -2.74908516e-08  4.44821255e-18 
 3.00000000e-02  3.00000000e-02  1.00000000e+00 -1.19729039e-03  1.19731315e-03  4.55752486e-09 -2.73148292e-08  3.63359929e-18 
 4.00000000e-02  4.00000000e-02  1.00000000e+00 -1.57649342e-03  1.57651593e-03  4.63571972e-09 -2.71494953e-08  3.83732064e-18 
 5.00000000e-02  5.00000000e-02  1.00000000e+00 -1.94595394e-03  1.94597622e-03  4.71520543e-09 -2.69951972e-08  1.11179195e-18 
 6.00000000e-02  6.00000000e-02  1.00000000e+00 -2.30579596e-03  2.30581801e-03  4.79600207e-09 -2.68512809e-08  1.24303905e-18 
 7.00000000e-02  7.00000000e-02  1.00000000e+00 -2.65614130e-03  2.65616314e-03  4.87812998e-09 -2.67171431e-08  3.36447442e-20 
 8.00000000e-02  8.00000000e-02  1.00000000e+00 -2.99710855e-03  2.99713018e-03  4.96160978e-09 -2.65923096e-08  3.96906073e-19 
 9.00000000e-02  9.00000000e-02  1.00000000e+00 -3.32881221e-03  3.32883364e-03  5.04646236e-09 -2.64764032e-08  1.20944145e-18 
 1.00000000e-01  1.00000000e-01  1.00000000e+00 -3.65136199e-03  3.65138323e-03  5.13270890e-09 -2.63691124e-08  2.24798408e-18 
 1.10000000e-01  1.10000000e-01  1.00000000e+00 -3.96486217e-03  3.96488322e-03  5.22037088e-09 -2.62701705e-08  5.94289565e-19 
 1.20000000e-01  1.20000000e-01  1.00000000e+00 -4.26941094e-03  4.26943181e-03  5.30947008e-09 -2.61793436e-08  6.25682724e-19 
 1.30000000e-01  1.30000000e-01  1.00000000e+00 -4.56509978e-03  4.56512048e-03  5.40002861e-09 -2.60964231e-08  2.81537539e-19 
 1.40000000e-01  1.40000000e-01  1.00000000e+00 -4.85201281e-03  4.85203334e-03  5.49206891e-09 -2.60212204e-08  4.62124302e-19 
 1.50000000e-01  1.50000000e-01  1.00000000e+00 -5.13022605e-03  5.13024641e-03  5.58561375e-09 -2.59535647e-08  1.93784429e-18 
 1.60000000e-01  1.60000000e-01  1.00000000e+00 -5.39980667e-03  5.39982688e-03  5.68068624e-09 -2.58933008e-08  6.58048647e-19 
 1.70000000e-01  1.70000000e-01  1.00000000e+00 -5.66081219e-03  5.66083226e-03  5.77730987e-09 -2.58402885e-08  1.35683098e-18 
 1.80000000e-01  1.80000000e-01  1.00000000e+00 -5.91328963e-03  5.91330955e-03  5.87550848e-09 -2.57944020e-08  7.30509669e-19 
 1.90000000e-01  1.90000000e-01  1.00000000e+00 -6.15727462e-03  6.15729440e-03  5.97530631e-09 -2.57555297e-08  2.50076221e-18 
 2.00000000e-01  2.00000000e-01  1.00000000e+00 -6.39279058e-03  6.39281023e-03  6.07672798e-09 -2.57235745e-08  1.20897410e-19 
 2.10000000e-01  2.10000000e-01  1.00000000e+00 -6.61984800e-03  6.61986752e-03  6.17979854e-09 -2.56984539e-08  1.74027055e-18 
 2.20000000e-01  2.20000000e-01  1.00000000e+00 -6.83844397e-03  6.83846336e-03  6.28454346e-09 -2.56801009e-08  2.42768328e-18 
 2.30000000e-01  2.30000000e-01  1.00000000e+00 -7.04856207e-03  7.04858135e-03  6.39098868e-09 -2.56684640e-08  1.12758449e-18 
 2.40000000e-01  2.40000000e-01  1.00000000e+00 -7.25017302e-03  7.25019219e-03  6.49916057e-09 -2.56635078e-08  1.64695796e-18 
 2.50000000e-01  2.50000000e-01  1.00000000e+00 -7.44323626e-03  7.44325532e-03  6.60908597e-09 -2.56652129e-08  8.34077645e-19 
 2.60000000e-01  2.60000000e-01  1.00000000e+00 -7.62770296e-03  7.62772191e-03  6.72079220e-09 -2.56735758e-08  4.14781281e-18 
 2.70000000e-01  2.70000000e-01  1.00000000e+00 -7.80352093e-03  7.80353979e-03  6.83430706e-09 -2.56886074e-08  1.55651982e-18 
 2.80000000e-01  2.80000000e-01  1.00000000e+00 -7.97064188e-03  7.97066064e-03  6.94965877e-09 -2.57103312e-08  1.70731402e-18 
 2.90000000e-01  2.90000000e-01  1.00000000e+00 -8.12903129e-03  8.12904997e-03  7.06687597e-09 -2.57387795e-08  2.87202899e-19 
 3.00000000e-01  3.00000000e-01  1.00000000e+00 -8.27868100e-03  8.27869958e-03  7.18598765e-09 -2.57739886e-08  3.12025183e-18 
 3.10000000e-01  3.10000000e-01  1.00000000e+00 -8.41962374e-03  8.41964225e-03  7.30702307e-09 -2.58159924e-08  1.34233712e-18 
 3.20000000e-01  3.20000000e-01  1.00000000e+00 -8.55194860e-03  8.55196704e-03  7.43001167e-09 -2.58648147e-08  3.72735608e-18 
 3.30000000e-01  3.30000000e-01  1.00000000e+00 -8.67581506e-03  8.67583343e-03  7.55498293e-09 -2.59204612e-08  2.59592934e-18 
 3.40000000e-01  3.40000000e-01  1.00000000e+00 -8.79146329e-03  8.79148160e-03  7.68196635e-09 -2.59829120e-08  8.52594910e-19 
 3.50000000e-01  3.50000000e-01  1.00000000e+00 -8.89921819e-03  8.89923643e-03  7.81099129e-09 -2.60521162e-08  9.92219688e-19 
 3.60000000e-01  3.60000000e-01  1.00000000e+00 -8.99948561e-03  8.99950380e-03  7.94208696e-09 -2.61279894e-08  1.11103260e-18 
 3.70000000e-01  3.70000000e-01  1.00000000e+00 -9.09274074e-03  9.09275887e-03  8.07528246e-09 -2.62104138e-08  3.72094129e-18 
 3.80000000e-01  3.80000000e-01  1.00000000e+00 -9.17951022e-03  9.17952831e-03  8.21060675e-09 -2.62992432e-08  5.29092844e-19 
 3.90000000e-01  3.90000000e-01  1.00000000e+00 -9.26035075e-03  9.26036880e-03  8.34808881e-09 -2.63943088e-08  2.53980513e-18 
 4.00000000e-01  4.00000000e-01  1.00000000e+00 -9.33582736e-03  9.33584537e-03  8.48775770e-09 -2.64954272e-08  2.30901181e-18 
 4.10000000e-01  4.10000000e-01  1.00000000e+00 -9.40649401e-03  9.40651198e-03  8.62964266e-09 -2.66024082e-08  7.73711658e-19 
 4.20000000e-01  4.20000000e-01  1.00000000e+00 -9.47287832e-03  9.47289626e-03  8.77377323e-09 -2.67150617e-08  1.35667547e-18 
 4.30000000e-01  4.30000000e-01  1.00000000e+00 -9.53547096e-03  9.53548887e-03  8.92017931e-09 -2.68332035e-08  6.39268338e-19 
 4.40000000e-01  4.40000000e-01  1.00000000e+00 -9.59471956e-03  9.59473745e-03  9.06889122e-09 -2.69566589e-08  1.65348441e-19 
 4.50000000e-01  4.50000000e-01  1.00000000e+00 -9.65102636e-03  9.65104423e-03  9.21993976e-09 -2.70852655e-08  1.26602971e-18 
 4.60000000e-01  4.60000000e-01  1.00000000e+00 -9.70474860e-03  9.70476645e-03  9.37335620e-09 -2.72188743e-08  9.33956395e-19 
 4.70000000e-01  4.70000000e-01  1.00000000e+00 -9.75620084e-03  9.75621867e-03  9.52917231e-09 -2.73573504e-08  2.03580233e-18 
 4.80000000e-01  4.80000000e-01  1.00000000e+00 -9.80565832e-03  9.80567613e-03  9.68742037e-09 -2.75005723e-08  1.95759737e-18 
 4.90000000e-01  4.90000000e-01  1.00000000e+00 -9.85336086e-03  9.85337866e-03  9.84813316e-09 -2.76484314e-08  2.68842633e-18 
 5.00000000e-01  5.00000000e-01  1.00000000e+00 -9.89951692e-03  9.89953471e-03  1.00113439e-08 -2.78008313e-08  3.98952518e-18 
 5.10000000e-01  5.10000000e-01  1.00000000e+00 -9.94430740e-03  9.94432518e-03  1.01770864e-08 -2.79576865e-08  3.84445425e-18 
 5.20000000e-01  5.20000000e-01  1.00000000e+00 -9.98788929e-03  9.98790706e-03  1.03453949e-08 -2.81189217e-08  9.53400102e-19 
 5.30000000e-01  5.30000000e-01  1.00000000e+00 -1.00303989e-02  1.00304167e-02  1.05163040e-08 -2.82844706e-08  1.27712716e-18 
 5.40000000e-01  5.40000000e-01  1.00000000e+00 -1.00719547e-02  1.00719724e-02  1.06898488e-08 -2.84542751e-08  1.12198778e-18 
 5.50000000e-01  5.50000000e-01  1.00000000e+00 -1.01126597e-02  1.01126775e-02  1.08660651e-08 -2.86282845e-08  5.12898798e-18 
 5.60000000e-01  5.60000000e-01  1.00000000e+00 -1.01526041e-02  1.01526218e-02  1.10449887e-08 -2.88064549e-08  1.99836910e-18 
 5.70000000e-01  5.70000000e-01  1.00000000e+00 -1.01918663e-02  1.01918840e-02  1.12266562e-08 -2.89887481e-08  1.54588145e-18 
 5.80000000e-01  5.80000000e-01  1.00000000e+00 -1.02305153e-02  1.02305331e-02  1.14111045e-08 -2.91751317e-08  2.85783126e-18 
 5.90000000e-01  5.90000000e-01  1.00000000e+00 -1.02686117e-02  1.02686295e-02  1.15983709e-08 -2.93655781e-08  2.86867560e-18 
 6.00000000e-01  6.00000000e-01  1.00000000e+00 -1.03062087e-02  1.03062265e-02  1.17884931e-08 -2.95600640e-08  1.06230836e-18 
 6.10000000e-01  6.10000000e-01  1.00000000e+00 -1.03433535e-02  1.03433712e-02  1.19815094e-08 -2.97585706e-08  1.45604964e-18 
 6.20000000e-01  6.20000000e-01  1.00000000e+00 -1.03800876e-02  1.03801054e-02  1.21774584e-08 -2.99610826e-08  1.72181946e-18 
 6.30000000e-01  6.30000000e-01  1.00000000e+00 -1.04164481e-02  1.04164659e-02  1.23763790e-08 -3.01675884e-08  2.49112059e-19 
 6.40000000e-01  6.40000000e-01  1.00000000e+00 -1.04524680e-02  1.04524858e-02  1.25783107e-08 -3.03780795e-08  3.18765960e-18 
 6.50000000e-01  6.50000000e-01  1.00000000e+00 -1.04881765e-02  1.04881943e-02  1.27832934e-08 -3.05925506e-08  4.10943825e-18 
 6.60000000e-01  6.60000000e-01  1.00000000e+00 -1.05235999e-02  1.05236177e-02  1.29913673e-08 -3.08109989e-08  4.24117834e-18 
 6.70000000e-01  6.70000000e-01  1.00000000e+00 -1.05587618e-02  1.05587796e-02  1.32025731e-08 -3.10334244e-08  3.83581517e-18 
 6.80000000e-01  6.80000000e-01  1.00000000e+00 -1.05936834e-02  1.05937012e-02  1.34169519e-08 -3.12598298e-08  4.19544021e-18 
 6.90000000e-01  6.90000000e-01  1.00000000e+00 -1.06283836e-02  1.06284015e-02  1.36345453e-08 -3.14902197e-08  5.68456549e-18 
 7.00000000e-01  7.00000000e-01  1.00000000e+00 -1.06628798e-02  1.06628976e-02  1.38553950e-08 -3.17246013e-08  2.67190918e-19 
 7.10000000e-01  7.10000000e-01  1.00000000e+00 -1.06971874e-02  1.06972053e-02  1.40795436e-08 -3.19629836e-08  2.09574149e-18 
 7.20000000e-01  7.20000000e-01  1.00000000e+00 -1.07313206e-02  1.07313385e-02  1.43070337e-08 -3.22053777e-08  5.14290943e-18 
 7.30000000e-01  7.30000000e-01  1.00000000e+00 -1.07652921e-02  1.07653101e-02  1.45379085e-08 -3.24517967e-08  2.78254955e-18 
 7.40000000e-01  7.40000000e-01  1.00000000e+00 -1.07991138e-02  1.07991317e-02  1.47722115e-08 -3.27022554e-08  2.99700771e-19 
 7.50000000e-01  7.50000000e-01  1.00000000e+00 -1.08327962e-02  1.08328141e-02  1.50099869e-08 -3.29567702e-08  5.14645307e-19 
 7.60000000e-01  7.60000000e-01  1.00000000e+00 -1.08663491e-02  1.08663670e-02  1.52512789e-08 -3.32153595e-08  1.16697979e-18 
 7.70000000e-01  7.70000000e-01  1.00000000e+00 -1.08997813e-02  1.08997993e-02  1.54961325e-08 -3.34780430e-08  1.73532897e-18 
 7.80000000e-01  7.80000000e-01  1.00000000e+00 -1.09331012e-02  1.09331192e-02  1.57445928e-08 -3.37448421e-08  4.86887111e-18 
 7.90000000e-01  7.90000000e-01  1.00000000e+00 -1.09663163e-02  1.09663343e-02  1.59967055e-08 -3.40157795e-08  2.41173772e-18 
 8.00000000e-01  8.00000000e-01  1.00000000e+00 -1.09994335e-02  1.09994515e-02  1.62525166e-08 -3.42908795e-08  1.34926062e-18 
 8.10000000e-01  8.10000000e-01  1.00000000e+00 -1.10324593e-02  1.10324773e-02  1.65120727e-08 -3.45701677e-08  3.39868992e-18 
 8.20000000e-01  8.20000000e-01  1.00000000e+00 -1.10653997e-02  1.10654178e-02  1.67754207e-08 -3.48536710e-08  2.64085021e-18 
 8.30000000e-01  8.30000000e-01  1.00000000e+00 -1.10982603e-02  1.10982784e-02  1.70426078e-08 -3.51414177e-08  5.31918162e-18 
 8.40000000e-01  8.40000000e-01  1.00000000e+00 -1.11310465e-02  1.11310646e-02  1.73136818e-08 -3.54334373e-08  2.63820985e-19 
 8.50000000e-01  8.50000000e-01  1.00000000e+00 -1.11637630e-02  1.11637811e-02  1.75886908e-08 -3.57297605e-08  1.35310535e-18 
 8.60000000e-01  8.60000000e-01  1.00000000e+00 -1.11964146e-02  1.11964327e-02  1.78676834e-08 -3.60304190e-08  6.36957527e-18 
 8.70000000e-01  8.70000000e-01  1.00000000e+00 -1.12290057e-02  1.12290238e-02  1.81507085e-08 -3.63354460e-08  1.08113830e-18 
 8.80000000e-01  8.80000000e-01  1.00000000e+00 -1.12615405e-02  1.12615587e-02  1.84378155e-08 -3.66448756e-08  6.07290529e-18 
 8.90000000e-01  8.90000000e-01  1.00000000e+00 -1.12940231e-02  1.12940413e-02  1.87290542e-08 -3.69587429e-08  1.78325582e-18 
 9.00000000e-01  9.00000000e-01  1.00000000e+00 -1.13264574e-02  1.13264757e-02  1.90244747e-08 -3.72770842e-08  1.32547090e-18 
 9.10000000e-01  9.10000000e-01  1.00000000e+00 -1.13588473e-02  1.13588656e-02  1.93241278e-08 -3.75999369e-08  1.18031725e-18 
 9.20000000e-01  9.20000000e-01  1.00000000e+00 -1.13911966e-02  1.13912149e-02  1.96280644e-08 -3.79273391e-08  4.45375879e-18 
 9.30000000e-01  9.30000000e-01  1.00000000e+00 -1.14235089e-02  1.14235272e-02  1.99363360e-08 -3.82593302e-08  5.81038794e-18 
 9.40000000e-01  9.40000000e-01  1.00000000e+00 -1.14557880e-02  1.14558064e-02  2.02489944e-08 -3.85959505e-08  4.91100769e-18 
 9.50000000e-01  9.50000000e-01  1.00000000e+00 -1.14880376e-02  1.14880560e-02  2.05660918e-08 -3.89372413e-08  1.87762720e-18 
 9.60000000e-01  9.60000000e-01  1.00000000e+00 -1.15202615e-02  1.15202799e-02  2.08876810e-08 -3.92832448e-08  2.17034657e-18 
 9.70000000e-01  9.70000000e-01  1.00000000e+00 -1.15524634e-02  1.15524818e-02  2.12138149e-08 -3.96340050e-08  5.14077531e-18 
 9.80000000e-01  9.80000000e-01  1.00000000e+00 -1.15846472e-02  1.15846657e-02  2.15445471e-08 -3.99895680e-08  3.63033689e-18 
 9.90000000e-01  9.90000000e-01  1.00000000e+00 -1.16168170e-02  1.16168354e-02  2.18799314e-08 -4.03499776e-08  2.42511158e-18 
 1.00000000e+00  1.00000000e+00  1.00000000e+00 -1.16489767e-02  1.16489952e-02  2.22200221e-08 -4.07152024e-08  3.97164485e-18 
 1.01000000e+00  1.01000000e+00  1.00000000e+00 -1.16811308e-02  1.16811493e-02  2.25648739e-08 -4.10851674e-08  1.84276650e-18 
 1.02000000e+00  1.02000000e+00  1.00000000e+00 -1.17132835e-02  1.17133020e-02  2.29145419e-08 -4.14598845e-08  3.97347788e-19 
 1.03000000e+00  1.03000000e+00  1.00000000e+00 -1.17454394e-02  1.17454579e-02  2.32690816e-08 -4.18393939e-08  3.11840473e-18 
 1.04000000e+00  1.04000000e+00  1.00000000e+00 -1.17776033e-02  1.17776219e-02  2.36285488e-08 -4.22237402e-08  1.02450289e-18 
 1.05000000e+00  1.05000000e+00  1.00000000e+00 -1.18097801e-02  1.18097987e-02  2.39929998e-08 -4.26129690e-08  2.90165694e-18 
 1.06000000e+00  1.06000000e+00  1.00000000e+00 -1.18419751e-02  1.18419938e-02  2.43624914e-08 -4.30071264e-08  6.77254457e-18 
 1.07000000e+00  1.07000000e+00  1.00000000e+00 -1.18741937e-02  1.18742124e-02  2.47370805e-08 -4.34062582e-08  2.06579755e-18 
 1.08000000e+00  1.08000000e+00  1.00000000e+00 -1.19064415e-02  1.19064602e-02  2.51168246e-08 -4.38104103e-08  2.41519864e-18 
 1.09000000e+00  1.09000000e+00  1.00000000e+00 -1.19387244e-02  1.19387432e-02  2.55017816e-08 -4.42196289e-08  1.53068449e-18 
 1.10000000e+00  1.10000000e+00  1.00000000e+00 -1.19710487e-02  1.19710675e-02  2.58920097e-08 -4.46339596e-08  5.52057694e-18 
 1.11000000e+00  1.11000000e+00  1.00000000e+00 -1.20034209e-02  1.20034396e-02  2.62875676e-08 -4.50534482e-08  3.30381231e-18 
 1.12000000e+00  1.12000000e+00  1.00000000e+00 -1.20358475e-02  1.20358663e-02  2.66885143e-08 -4.54781403e-08  2.32426833e-18 
 1.13000000e+00  1.13000000e+00  1.00000000e+00 -1.20683359e-02  1.20683547e-02  2.70949091e-08 -4.59080813e-08  1.84745165e-18 
 1.14000000e+00  1.14000000e+00  1.00000000e+00 -1.21008931e-02  1.21009120e-02  2.75068118e-08 -4.63433165e-08  1.24507226e-19 
 1.15000000e+00  1.15000000e+00  1.00000000e+00 -1.21335270e-02  1.21335459e-02  2.79242827e-08 -4.67838909e-08  2.84354585e-18 
 1.16000000e+00  1.16000000e+00  1.00000000e+00 -1.21662456e-02  1.21662644e-02  2.83473822e-08 -4.72298493e-08  3.90390537e-18 
 1.17000000e+00  1.17000000e+00  1.00000000e+00 -1.21990569e-02  1.21990758e-02  2.87761712e-08 -4.76812362e-08  1.13558994e-18 
 1.18000000e+00  1.18000000e+00  1.00000000e+00 -1.22319698e-02  1.22319887e-02  2.92107110e-08 -4.81380958e-08  6.66257587e-19 
 1.19000000e+00  1.19000000e+00  1.00000000e+00 -1.22649931e-02  1.22650121e-02  2.96510633e-08 -4.86004721e-08  5.48817793e-19 
 1.20000000e+00  1.20000000e+00  1.00000000e+00 -1.22981361e-02  1.22981550e-02  3.00972900e-08 -4.90684087e-08  1.97206475e-19 
 0.00000000e+00  0.00000000e+00  1.20000000e+00  2.71160087e-08  2.71160087e-08  7.87781631e-08 -1.33010181e-07  1.55316726e-18 
 1.00000000e-02  1.00000000e-02  1.20000000e+00 -4.31962353e-04  4.32016121e-04  7.98587499e-08 -1.33626357e-07  2.07687185e-18 
 2.00000000e-02  2.00000000e-02  1.20000000e+00 -8.55777148e-04  8.55830374e-04  8.09517204e-08 -1.34177841e-07  1.14075486e-18 
 3.00000000e-02  3.00000000e-02  1.20000000e+00 -1.27149635e-03  1.27154903e-03  8.20571717e-08 -1.34740331e-07  1.51669190e-18 
 4.00000000e-02  4.00000000e-02  1.20000000e+00 -1.67920007e-03  1.67925223e-03  8.31752037e-08 -1.35334576e-07  2.09861677e-18 
 5.00000000e-02  5.00000000e-02  1.20000000e+00 -2.07896859e-03  2.07902024e-03  8.43059176e-08 -1.35961461e-07  3.18950256e-18 
 6.00000000e-02  6.00000000e-02  1.20000000e+00 -2.47088174e-03  2.47093291e-03  8.54494151e-08 -1.36619587e-07  2.13904936e-18 
 7.00000000e-02  7.00000000e-02  1.20000000e+00 -2.85501842e-03  2.85506912e-03  8.66057980e-08 -1.37307685e-07  3.29493170e-18 
 8.00000000e-02  8.00000000e-02  1.20000000e+00 -3.23145620e-03  3.23150645e-03  8.77751685e-08 -1.38024790e-07  2.09672418e-18 
 9.00000000e-02  9.00000000e-02  1.20000000e+00 -3.60027104e-03  3.60032086e-03  8.89576289e-08 -1.38770158e-07  2.13653473e-18 
 1.00000000e-01  1.00000000e-01  1.20000000e+00 -3.96153697e-03  3.96158636e-03  9.01532820e-08 -1.39543194e-07  5.21285252e-18 
 1.10000000e-01  1.10000000e-01  1.20000000e+00 -4.31532588e-03  4.31537486e-03  9.13622306e-08 -1.40343398e-07  3.56256764e-19 
 1.20000000e-01  1.20000000e-01  1.20000000e+00 -4.66170724e-03  4.66175582e-03  9.25845781e-08 -1.41170342e-07  3.53789780e-18 
 1.30000000e-01  1.30000000e-01  1.20000000e+00 -5.00074791e-03  5.00079611e-03  9.38204280e-08 -1.42023646e-07  1.66989899e-18 
 1.40000000e-01  1.40000000e-01  1.20000000e+00 -5.33251187e-03  5.33255970e-03  9.50698840e-08 -1.42902971e-07  1.78273966e-20 
 1.50000000e-01  1.50000000e-01  1.20000000e+00 -5.65705997e-03  5.65710745e-03  9.63330504e-08 -1.43808009e-07  1.14565177e-18 
 1.60000000e-01  1.60000000e-01  1.20000000e+00 -5.97444968e-03  5.97449681e-03  9.76100315e-08 -1.44738477e-07  2.17655704e-18 
 1.70000000e-01  1.70000000e-01  1.20000000e+00 -6.28473477e-03  6.28478156e-03  9.89009319e-08 -1.45694117e-07  5.11729661e-18 
 1.80000000e-01  1.80000000e-01  1.20000000e+00 -6.58796499e-03  6.58801146e-03  1.00205857e-07 -1.46674691e-07  1.51732718e-18 
 1.90000000e-01  1.90000000e-01  1.20000000e+00 -6.88418575e-03  6.88423191e-03  1.01524912e-07 -1.47679984e-07  3.39457718e-18 
 2.00000000e-01  2.00000000e-01  1.20000000e+00 -7.17343766e-03  7.17348351e-03  1.02858202e-07 -1.48709796e-07  2.45875136e-18 
 2.10000000e-01  2.10000000e-01  1.20000000e+00 -7.45575614e-03  7.45580170e-03  1.04205833e-07 -1.49763947e-07  1.43537674e-18 
 2.20000000e-01  2.20000000e-01  1.20000000e+00 -7.73117090e-03  7.73121618e-03  1.05567912e-07 -1.50842275e-07  5.72978084e-19 
 2.30000000e-01  2.30000000e-01  1.20000000e+00 -7.99970544e-03  7.99975044e-03  1.06944545e-07 -1.51944636e-07  2.30615308e-18 
 2.40000000e-01  2.40000000e-01  1.20000000e+00 -8.26137640e-03  8.26142114e-03  1.08335839e-07 -1.53070905e-07  3.09055853e-18 
 2.50000000e-01  2.50000000e-01  1.20000000e+00 -8.51619301e-03  8.51623749e-03  1.09741901e-07 -1.54220974e-07  1.64878934e-18 
 2.60000000e-01  2.60000000e-01  1.20000000e+00 -8.76415636e-03  8.76420059e-03  1.11162839e-07 -1.55394755e-07  4.21091842e-18 
 2.70000000e-01  2.70000000e-01  1.20000000e+00 -9.00525875e-03  9.00530274e-03  1.12598761e-07 -1.56592180e-07  5.51286100e-19 
 2.80000000e-01  2.80000000e-01  1.20000000e+00 -9.23948304e-03  9.23952680e-03  1.14049775e-07 -1.57813201e-07  2.86201845e-18 
 2.90000000e-01  2.90000000e-01  1.20000000e+00 -9.46680203e-03  9.46684558e-03  1.15515990e-07 -1.59057791e-07  1.41298330e-18 
 3.00000000e-01  3.00000000e-01  1.20000000e+00 -9.68717803e-03  9.68722135e-03  1.16997515e-07 -1.60325947e-07  6.29742527e-19 
 3.10000000e-01  3.10000000e-01  1.20000000e+00 -9.90056258e-03  9.90060570e-03  1.18494459e-07 -1.61617688e-07  5.50833467e-18 
 3.20000000e-01  3.20000000e-01  1.20000000e+00 -1.01068966e-02  1.01069396e-02  1.20006933e-07 -1.62933056e-07  4.97851556e-18 
 3.30000000e-01  3.30000000e-01  1.20000000e+00 -1.03061113e-02  1.03061540e-02  1.21535046e-07 -1.64272119e-07  5.10639106e-18 
 3.40000000e-01  3.40000000e-01  1.20000000e+00 -1.04981291e-02  1.04981716e-02  1.23078910e-07 -1.65634966e-07  4.45224340e-18 
 3.50000000e-01  3.50000000e-01  1.20000000e+00 -1.06828666e-02  1.06829090e-02  1.24638635e-07 -1.67021712e-07  3.34233907e-19 
 3.60000000e-01  3.60000000e-01  1.20000000e+00 -1.08602382e-02  1.08602804e-02  1.26214333e-07 -1.68432490e-07  9.74564345e-19 
 3.70000000e-01  3.70000000e-01  1.20000000e+00 -1.10301612e-02  1.10302033e-02  1.27806116e-07 -1.69867451e-07  5.84998011e-18 
 3.80000000e-01  3.80000000e-01  1.20000000e+00 -1.11925629e-02  1.11926048e-02  1.29414096e-07 -1.71326757e-07  3.16022699e-18 
 3.90000000e-01  3.90000000e-01  1.20000000e+00 -1.13473891e-02  1.13474309e-02  1.31038387e-07 -1.72810574e-07  1.91884726e-18 
 4.00000000e-01  4.00000000e-01  1.20000000e+00 -1.14946141e-02  1.14946557e-02  1.32679100e-07 -1.74319063e-07  4.91623217e-18 
 4.10000000e-01  4.10000000e-01  1.20000000e+00 -1.16342510e-02  1.16342925e-02  1.34336349e-07 -1.75852369e-07  2.04529340e-18 
 4.20000000e-01  4.20000000e-01  1.20000000e+00 -1.17663624e-02  1.17664038e-02  1.36010246e-07 -1.77410612e-07  4.14432045e-18 
 4.30000000e-01  4.30000000e-01  1.20000000e+00 -1.18910684e-02  1.18911097e-02  1.37700906e-07 -1.78993870e-07  2.96149188e-18 
 4.40000000e-01  4.40000000e-01  1.20000000e+00 -1.20085522e-02  1.20085934e-02  1.39408440e-07 -1.80602180e-07  1.58395161e-19 
 4.50000000e-01  4.50000000e-01  1.20000000e+00 -1.21190614e-02  1.21191025e-02  1.41132961e-07 -1.82235521e-07  2.15096076e-18 
 4.60000000e-01  4.60000000e-01  1.20000000e+00 -1.22229042e-02  1.22229452e-02  1.42874583e-07 -1.83893822e-07  2.30895887e-18 
 4.70000000e-01  4.70000000e-01  1.20000000e+00 -1.23204413e-02  1.23204823e-02  1.44633417e-07 -1.85576957e-07  1.41851549e-18 
 4.80000000e-01  4.80000000e-01  1.20000000e+00 -1.24120743e-02  1.24121152e-02  1.46409576e-07 -1.87284756e-07  1.21371880e-18 
 4.90000000e-01  4.90000000e-01  1.20000000e+00 -1.24982316e-02  1.24982724e-02  1.48203172e-07 -1.89017013e-07  5.43927501e-18 
 5.00000000e-01  5.00000000e-01  1.20000000e+00 -1.25793542e-02  1.25793950e-02  1.50014318e-07 -1.90773497e-07  2.42015842e-18 
 5.10000000e-01  5.10000000e-01  1.20000000e+00 -1.26558826e-02  1.26559233e-02  1.51843126e-07 -1.92553962e-07  4.07327556e-18 
 5.20000000e-01  5.20000000e-01  1.20000000e+00 -1.27282451e-02  1.27282858e-02  1.53689709e-07 -1.94358159e-07  2.10283870e-18 
 5.30000000e-01  5.30000000e-01  1.20000000e+00 -1.27968497e-02  1.27968904e-02  1.55554181e-07 -1.96185844e-07  9.88116873e-19 
 5.40000000e-01  5.40000000e-01  1.20000000e+00 -1.28620779e-02  1.28621185e-02  1.57436654e-07 -1.98036782e-07  2.48143596e-18 
 5.50000000e-01  5.50000000e-01  1.20000000e+00 -1.29242810e-02  1.29243216e-02  1.59337242e-07 -1.99910758e-07  4.96070140e-19 
 5.60000000e-01  5.60000000e-01  1.20000000e+00 -1.29837793e-02  1.29838199e-02  1.61256060e-07 -2.01807572e-07  2.77842689e-18 
 5.70000000e-01  5.70000000e-01  1.20000000e+00 -1.30408617e-02  1.30409022e-02  1.63193222e-07 -2.03727049e-07  3.38479660e-18 
 5.80000000e-01  5.80000000e-01  1.20000000e+00 -1.30957868e-02  1.30958273e-02  1.65148844e-07 -2.05669031e-07  6.28074930e-19 
 5.90000000e-01  5.90000000e-01  1.20000000e+00 -1.31487854e-02  1.31488259e-02  1.67123041e-07 -2.07633383e-07  1.87906318e-18 
 6.00000000e-01  6.00000000e-01  1.20000000e+00 -1.32000622e-02  1.32001027e-02  1.69115930e-07 -2.09619990e-07  1.44659993e-18 
 6.10000000e-01  6.10000000e-01  1.20000000e+00 -1.32497985e-02  1.32498390e-02  1.71127626e-07 -2.11628754e-07  4.48032783e-18 
 6.20000000e-01  6.20000000e-01  1.20000000e+00 -1.32981544e-02  1.32981949e-02  1.73158248e-07 -2.13659597e-07  4.58461877e-18 
 6.30000000e-01  6.30000000e-01  1.20000000e+00 -1.33452716e-02  1.33453121e-02  1.75207912e-07 -2.15712455e-07  6.94154088e-18 
 6.40000000e-01  6.40000000e-01  1.20000000e+00 -1.33912750e-02  1.33913155e-02  1.77276737e-07 -2.17787278e-07  1.16647025e-18 
 6.50000000e-01  6.50000000e-01  1.20000000e+00 -1.34362751e-02  1.34363156e-02  1.79364840e-07 -2.19884032e-07  7.88640613e-19 
 6.60000000e-01  6.60000000e-01  1.20000000e+00 -1.34803696e-02  1.34804101e-02  1.81472342e-07 -2.22002692e-07  8.05872440e-19 
 6.70000000e-01  6.70000000e-01  1.20000000e+00 -1.35236449e-02  1.35236854e-02  1.83599360e-07 -2.24143247e-07  7.59735614e-19 
 6.80000000e-01  6.80000000e-01  1.20000000e+00 -1.35661777e-02  1.35662183e-02  1.85746015e-07 -2.26305693e-07  8.49838744e-19 
 6.90000000e-01  6.90000000e-01  1.20000000e+00 -1.36080361e-02  1.36080767e-02  1.87912428e-07 -2.28490036e-07  2.60573804e-18 
 7.00000000e-01  7.00000000e-01  1.20000000e+00 -1.36492807e-02  1.36493213e-02  1.90098717e-07 -2.30696291e-07  5.05040748e-18 
 7.10000000e-01  7.10000000e-01  1.20000000e+00 -1.36899654e-02  1.36900060e-02  1.92305006e-07 -2.32924481e-07  1.31475395e-18 
 7.20000000e-01  7.20000000e-01  1.20000000e+00 -1.37301385e-02  1.37301791e-02  1.94531414e-07 -2.35174632e-07  1.76603723e-18 
 7.30000000e-01  7.30000000e-01  1.20000000e+00 -1.37698431e-02  1.37698837e-02  1.96778064e-07 -2.37446782e-07  1.37034049e-18 
 7.40000000e-01  7.40000000e-01  1.20000000e+00 -1.38091178e-02  1.38091585e-02  1.99045079e-07 -2.39740969e-07  2.42444652e-18 
 7.50000000e-01  7.50000000e-01  1.20000000e+00 -1.38479975e-02  1.38480382e-02  2.01332581e-07 -2.42057240e-07  4.59901833e-18 
 7.60000000e-01  7.60000000e-01  1.20000000e+00 -1.38865133e-02  1.38865541e-02  2.03640693e-07 -2.44395646e-07  2.06188995e-18 
 7.70000000e-01  7.70000000e-01  1.20000000e+00 -1.39246935e-02  1.39247343e-02  2.05969538e-07 -2.46756243e-07  1.39633381e-18 
 7.80000000e-01  7.80000000e-01  1.20000000e+00 -1.39625637e-02  1.39626045e-02  2.08319242e-07 -2.49139089e-07  1.94674641e-18 
 7.90000000e-01  7.90000000e-01  1.20000000e+00 -1.40001468e-02  1.40001876e-02  2.10689929e-07 -2.51544248e-07  6.37445232e-18 
 8.00000000e-01  8.00000000e-01  1.20000000e+00 -1.40374638e-02  1.40375047e-02  2.13081723e-07 -2.53971787e-07  6.64841454e-18 
 8.10000000e-01  8.10000000e-01  1.20000000e+00 -1.40745338e-02  1.40745748e-02  2.15494750e-07 -2.56421777e-07  4.53003808e-18 
 8.20000000e-01  8.20000000e-01  1.20000000e+00 -1.41113741e-02  1.41114151e-02  2.17929135e-07 -2.58894291e-07  4.62236467e-18 
 8.30000000e-01  8.30000000e-01  1.20000000e+00 -1.41480006e-02  1.41480416e-02  2.20385007e-07 -2.61389408e-07  1.33465923e-18 
 8.40000000e-01  8.40000000e-01  1.20000000e+00 -1.41844276e-02  1.41844687e-02  2.22862490e-07 -2.63907205e-07  3.65711769e-18 
 8.50000000e-01  8.50000000e-01  1.20000000e+00 -1.42206685e-02  1.42207096e-02  2.25361713e-07 -2.66447766e-07  2.28802128e-18 
 8.60000000e-01  8.60000000e-01  1.20000000e+00 -1.42567355e-02  1.42567766e-02  2.27882803e-07 -2.69011176e-07  3.55023272e-18 
 8.70000000e-01  8.70000000e-01  1.20000000e+00 -1.42926396e-02  1.42926808e-02  2.30425889e-07 -2.71597523e-07  3.86339668e-18 
 8.80000000e-01  8.80000000e-01  1.20000000e+00 -1.43283913e-02  1.43284325e-02  2.32991099e-07 -2.74206896e-07  2.90691120e-19 
 8.90000000e-01  8.90000000e-01  1.20000000e+00 -1.43640001e-02  1.43640414e-02  2.35578563e-07 -2.76839388e-07  2.06901032e-18 
 9.00000000e-01  9.00000000e-01  1.20000000e+00 -1.43994748e-02  1.43995161e-02  2.38188410e-07 -2.79495094e-07  2.68782083e-18 
 9.10000000e-01  9.10000000e-01  1.20000000e+00 -1.44348237e-02  1.44348651e-02  2.40820771e-07 -2.82174110e-07  3.98004900e-18 
 9.20000000e-01  9.20000000e-01  1.20000000e+00 -1.44700544e-02  1.44700958e-02  2.43475776e-07 -2.84876534e-07  3.28961127e-18 
 9.30000000e-01  9.30000000e-01  1.20000000e+00 -1.45051741e-02  1.45052156e-02  2.46153557e-07 -2.87602468e-07  3.59057266e-18 
 9.40000000e-01  9.40000000e-01  1.20000000e+00 -1.45401896e-02  1.45402311e-02  2.48854246e-07 -2.90352013e-07  2.06114880e-18 
 9.50000000e-01  9.50000000e-01  1.20000000e+00 -1.45751072e-02  1.45751488e-02  2.51577975e-07 -2.93125274e-07  6.53411803e-18 
 9.60000000e-01  9.60000000e-01  1.20000000e+00 -1.46099330e-02  1.46099746e-02  2.54324876e-07 -2.95922357e-07  3.16335042e-18 
 9.70000000e-01  9.70000000e-01  1.20000000e+00 -1.46446727e-02  1.46447143e-02  2.57095084e-07 -2.98743371e-07  2.97451501e-18 
 9.80000000e-01  9.80000000e-01  1.20000000e+00 -1.46793318e-02  1.46793735e-02  2.59888731e-07 -3.01588423e-07  2.88986466e-18 
 9.90000000e-01  9.90000000e-01  1.20000000e+00 -1.47139157e-02  1.47139575e-02  2.62705954e-07 -3.04457626e-07  2.58657392e-18 
 1.00000000e+00  1.00000000e+00  1.20000000e+00 -1.47484296e-02  1.47484714e-02  2.65546886e-07 -3.07351091e-07  5.48009141e-18 
 1.01000000e+00  1.01000000e+00  1.20000000e+00 -1.47828785e-02  1.47829204e-02  2.68411663e-07 -3.10268934e-07  3.86405843e-18 
 1.02000000e+00  1.02000000e+00  1.20000000e+00 -1.48172675e-02  1.48173094e-02  2.71300422e-07 -3.13211269e-07  4.69955055e-18 
 1.03000000e+00  1.03000000e+00  1.20000000e+00 -1.48516014e-02  1.48516434e-02  2.74213299e-07 -3.16178214e-07  3.15604476e-18 
 1.04000000e+00  1.04000000e+00  1.20000000e+00 -1.48858852e-02  1.48859272e-02  2.77150432e-07 -3.19169887e-07  2.24019039e-18 
 1.05000000e+00  1.05000000e+00  1.20000000e+00 -1.49201239e-02  1.49201660e-02  2.80111958e-07 -3.22186409e-07  1.91778847e-18 
 1.06000000e+00  1.06000000e+00  1.20000000e+00 -1.49543224e-02  1.49543645e-02  2.83098016e-07 -3.25227900e-07  9.17866077e-19 
 1.07000000e+00  1.07000000e+00  1.20000000e+00 -1.49884859e-02  1.49885281e-02  2.86108744e-07 -3.28294483e-07  7.02936761e-18 
 1.08000000e+00  1.08000000e+00  1.20000000e+00 -1.50226195e-02  1.50226617e-02  2.89144284e-07 -3.31386283e-07  6.19048736e-18 
 1.09000000e+00  1.09000000e+00  1.20000000e+00 -1.50567286e-02  1.50567709e-02  2.92204774e-07 -3.34503423e-07  6.57006399e-18 
 1.10000000e+00  1.10000000e+00  1.20000000e+00 -1.50908186e-02  1.50908610e-02  2.95290356e-07 -3.37646032e-07  4.86832186e-18 
 1.11000000e+00  1.11000000e+00  1.20000000e+00 -1.51248952e-02  1.51249377e-02  2.98401172e-07 -3.40814236e-07  3.06308290e-19 
 1.12000000e+00  1.12000000e+00  1.20000000e+00 -1.51589644e-02  1.51590068e-02  3.01537362e-07 -3.44008165e-07  2.66926551e-18 
 1.13000000e+00  1.13000000e+00  1.20000000e+00 -1.51930321e-02  1.51930746e-02  3.04699071e-07 -3.47227949e-07  3.25901220e-18 
 1.14000000e+00  1.14000000e+00  1.20000000e+00 -1.52271047e-02  1.52271473e-02  3.07886442e-07 -3.50473719e-07  2.34299901e-18 
 1.15000000e+00  1.15000000e+00  1.20000000e+00 -1.52611888e-02  1.52612315e-02  3.11099618e-07 -3.53745609e-07  4.04315296e-18 
 1.16000000e+00  1.16000000e+00  1.20000000e+00 -1.52952914e-02  1.52953341e-02  3.14338744e-07 -3.57043751e-07  8.62173661e-19 
 1.17000000e+00  1.17000000e+00  1.20000000e+00 -1.53294195e-02  1.53294623e-02  3.17603966e-07 -3.60368282e-07  4.89050354e-18 
 1.18000000e+00  1.18000000e+00  1.20000000e+00 -1.53635807e-02  1.53636236e-02  3.20895430e-07 -3.63719341e-07  2.17168660e-18 
 1.19000000e+00  1.19000000e+00  1.20000000e+00 -1.53977829e-02  1.53978257e-02  3.24213281e-07 -3.67097063e-07  1.54636452e-18 
 1.20000000e+00  1.20000000e+00  1.20000000e+00 -1.54320340e-02  1.54320770e-02  3.27557668e-07 -3.70501510e-07  1.60851557e-18 
