 v-sweep         v(drain_iv)     v(gate_iv)      id              is              ib              ig              kcl            
 0.00000000e+00  0.00000000e+00  0.00000000e+00  3.41152069e-39  2.96352229e-42 -3.84435724e-39  4.29873021e-40  0.00000000e+00 
 1.00000000e-02  1.00000000e-02  0.00000000e+00 -2.33717195e-09  2.33702622e-09  3.47138431e-15  1.42255127e-13  3.38328243e-25 
 2.00000000e-02  2.00000000e-02  0.00000000e+00 -3.98529715e-09  3.98488248e-09  5.74477788e-15  4.08921762e-13  6.56554732e-25 
 3.00000000e-02  3.00000000e-02  0.00000000e+00 -5.11562425e-09  5.11480222e-09  7.23488329e-15  8.14795476e-13  1.85981847e-26 
 4.00000000e-02  4.00000000e-02  0.00000000e+00 -5.90397389e-09  5.90259499e-09  8.21285466e-15  1.37068935e-12  7.99620968e-26 
 5.00000000e-02  5.00000000e-02  0.00000000e+00 -6.49246665e-09  6.49037092e-09  8.85598255e-15  2.08687356e-12  4.01818924e-25 
 6.00000000e-02  6.00000000e-02  0.00000000e+00 -6.97380058e-09  6.97081754e-09  9.28018674e-15  2.97375780e-12  2.21586295e-25 
 7.00000000e-02  7.00000000e-02  0.00000000e+00 -7.40070786e-09  7.39665621e-09  9.56126239e-15  4.04209048e-12  4.41389765e-25 
 8.00000000e-02  8.00000000e-02  0.00000000e+00 -7.80177974e-09  7.79646695e-09  9.74877017e-15  5.30303898e-12  4.70214742e-25 
 9.00000000e-02  9.00000000e-02  0.00000000e+00 -8.19272948e-09  8.18595137e-09  9.87511731e-15  6.76823303e-12  9.19996409e-25 
 1.00000000e-01  1.00000000e-01  0.00000000e+00 -8.58260016e-09  8.57414040e-09  9.96149500e-15  8.44979477e-12  8.50300548e-25 
 1.10000000e-01  1.10000000e-01  0.00000000e+00 -8.97692378e-09  8.96655339e-09  1.00217607e-14  1.03603636e-11  8.87967078e-25 
 1.20000000e-01  1.20000000e-01  0.00000000e+00 -9.37932051e-09  9.36679733e-09  1.00649766e-14  1.25131188e-11  4.30822184e-25 
 1.30000000e-01  1.30000000e-01  0.00000000e+00 -9.79232967e-09  9.77739777e-09  1.00970694e-14  1.49218017e-11  1.79481633e-25 
 1.40000000e-01  1.40000000e-01  0.00000000e+00 -1.02178579e-08  1.02002470e-08  1.01219159e-14  1.76007378e-11  4.07148468e-25 
 1.50000000e-01  1.50000000e-01  0.00000000e+00 -1.06574308e-08  1.06368558e-08  1.01420524e-14  2.05648585e-11  2.80280386e-24 
 1.60000000e-01  1.60000000e-01  0.00000000e+00 -1.11123405e-08  1.10885007e-08  1.01591388e-14  2.38297247e-11  6.57875285e-25 
 1.70000000e-01  1.70000000e-01  0.00000000e+00 -1.15837345e-08  1.15563127e-08  1.01742620e-14  2.74115496e-11  2.17692162e-24 
 1.80000000e-01  1.80000000e-01  0.00000000e+00 -1.20726717e-08  1.20413343e-08  1.01881347e-14  3.13272228e-11  2.93954817e-24 
 1.90000000e-01  1.90000000e-01  0.00000000e+00 -1.25801596e-08  1.25445550e-08  1.02012246e-14  3.55943356e-11  2.06378319e-24 
 2.00000000e-01  2.00000000e-01  0.00000000e+00 -1.31071780e-08  1.30669366e-08  1.02138392e-14  4.02312058e-11  3.12531229e-24 
 2.10000000e-01  2.10000000e-01  0.00000000e+00 -1.36546967e-08  1.36094296e-08  1.02261819e-14  4.52569050e-11  1.30487533e-24 
 2.20000000e-01  2.20000000e-01  0.00000000e+00 -1.42236871e-08  1.41729856e-08  1.02383877e-14  5.06912851e-11  6.84215351e-25 
 2.30000000e-01  2.30000000e-01  0.00000000e+00 -1.48151316e-08  1.47585663e-08  1.02505470e-14  5.65550071e-11  2.49949000e-25 
 2.40000000e-01  2.40000000e-01  0.00000000e+00 -1.54300301e-08  1.53671503e-08  1.02627215e-14  6.28695697e-11  3.39023387e-24 
 2.50000000e-01  2.50000000e-01  0.00000000e+00 -1.60694057e-08  1.59997381e-08  1.02749538e-14  6.96573397e-11  3.27924745e-24 
 2.60000000e-01  2.60000000e-01  0.00000000e+00 -1.67343090e-08  1.66573571e-08  1.02872744e-14  7.69415831e-11  2.97477239e-24 
 2.70000000e-01  2.70000000e-01  0.00000000e+00 -1.74258219e-08  1.73410651e-08  1.02997061e-14  8.47464966e-11  2.45511500e-24 
 2.80000000e-01  2.80000000e-01  0.00000000e+00 -1.81450609e-08  1.80519533e-08  1.03122666e-14  9.30972415e-11  2.07691772e-24 
 2.90000000e-01  2.90000000e-01  0.00000000e+00 -1.88931796e-08  1.87911493e-08  1.03249705e-14  1.02019977e-10  1.91168134e-24 
 3.00000000e-01  3.00000000e-01  0.00000000e+00 -1.96713722e-08  1.95598200e-08  1.03378304e-14  1.11541898e-10  1.85501588e-24 
 3.10000000e-01  3.10000000e-01  0.00000000e+00 -2.04808753e-08  2.03591737e-08  1.03508581e-14  1.21691266e-10  2.82895302e-24 
 3.20000000e-01  3.20000000e-01  0.00000000e+00 -2.13229706e-08  2.11904628e-08  1.03640646e-14  1.32497454e-10  3.35411351e-24 
 3.30000000e-01  3.30000000e-01  0.00000000e+00 -2.21989874e-08  2.20549860e-08  1.03774609e-14  1.43990980e-10  1.70417937e-24 
 3.40000000e-01  3.40000000e-01  0.00000000e+00 -2.31103048e-08  2.29540908e-08  1.03910579e-14  1.56203549e-10  2.17625267e-24 
 3.50000000e-01  3.50000000e-01  0.00000000e+00 -2.40583542e-08  2.38891756e-08  1.04048670e-14  1.69168097e-10  7.90609652e-24 
 3.60000000e-01  3.60000000e-01  0.00000000e+00 -2.50446214e-08  2.48616921e-08  1.04188996e-14  1.82918829e-10  2.32702292e-24 
 3.70000000e-01  3.70000000e-01  0.00000000e+00 -2.60706493e-08  2.58731476e-08  1.04331679e-14  1.97491266e-10  5.00039680e-24 
 3.80000000e-01  3.80000000e-01  0.00000000e+00 -2.71380403e-08  2.69251076e-08  1.04476843e-14  2.12922291e-10  2.03714178e-24 
 3.90000000e-01  3.90000000e-01  0.00000000e+00 -2.82484586e-08  2.80191980e-08  1.04624620e-14  2.29250196e-10  2.36552406e-24 
 4.00000000e-01  4.00000000e-01  0.00000000e+00 -2.94036331e-08  2.91571079e-08  1.04775147e-14  2.46514729e-10  4.59908274e-24 
 4.10000000e-01  4.10000000e-01  0.00000000e+00 -3.06053596e-08  3.03405919e-08  1.04928566e-14  2.64757147e-10  3.79161261e-25 
 4.20000000e-01  4.20000000e-01  0.00000000e+00 -3.18555040e-08  3.15714732e-08  1.05085030e-14  2.84020266e-10  6.53659928e-24 
 4.30000000e-01  4.30000000e-01  0.00000000e+00 -3.31560049e-08  3.28516458e-08  1.05244695e-14  3.04348514e-10  7.55660274e-24 
 4.40000000e-01  4.40000000e-01  0.00000000e+00 -3.45088764e-08  3.41830779e-08  1.05407726e-14  3.25787990e-10  1.11663261e-24 
 4.50000000e-01  4.50000000e-01  0.00000000e+00 -3.59162115e-08  3.55678144e-08  1.05574297e-14  3.48386516e-10  1.38799130e-24 
 4.60000000e-01  4.60000000e-01  0.00000000e+00 -3.73801848e-08  3.70079805e-08  1.05744589e-14  3.72193700e-10  7.46573859e-24 
 4.70000000e-01  4.70000000e-01  0.00000000e+00 -3.89030561e-08  3.85057845e-08  1.05918794e-14  3.97260994e-10  7.96473413e-24 
 4.80000000e-01  4.80000000e-01  0.00000000e+00 -4.04871734e-08  4.00635210e-08  1.06097109e-14  4.23641758e-10  1.17460127e-24 
 4.90000000e-01  4.90000000e-01  0.00000000e+00 -4.21349769e-08  4.16835749e-08  1.06279746e-14  4.51391326e-10  1.54651605e-24 
 5.00000000e-01  5.00000000e-01  0.00000000e+00 -4.38490022e-08  4.33684245e-08  1.06466922e-14  4.80567071e-10  5.54220382e-24 
 5.10000000e-01  5.10000000e-01  0.00000000e+00 -4.56318844e-08  4.51206453e-08  1.06658868e-14  5.11228473e-10  1.30344182e-23 
 5.20000000e-01  5.20000000e-01  0.00000000e+00 -4.74863619e-08  4.69429140e-08  1.06855824e-14  5.43437195e-10  1.63748702e-23 
 5.30000000e-01  5.30000000e-01  0.00000000e+00 -4.94152805e-08  4.88380126e-08  1.07058043e-14  5.77257151e-10  1.94690067e-23 
 5.40000000e-01  5.40000000e-01  0.00000000e+00 -5.14215976e-08  5.08088323e-08  1.07265789e-14  6.12754584e-10  8.46175910e-24 
 5.50000000e-01  5.50000000e-01  0.00000000e+00 -5.35083871e-08  5.28583782e-08  1.07479339e-14  6.49998143e-10  3.62419424e-24 
 5.60000000e-01  5.60000000e-01  0.00000000e+00 -5.56788434e-08  5.49897736e-08  1.07698983e-14  6.89058968e-10  3.10582427e-24 
 5.70000000e-01  5.70000000e-01  0.00000000e+00 -5.79362868e-08  5.72062652e-08  1.07925025e-14  7.30010768e-10  2.13061107e-23 
 5.80000000e-01  5.80000000e-01  0.00000000e+00 -6.02841681e-08  5.95112274e-08  1.08157784e-14  7.72929907e-10  5.94520604e-24 
 5.90000000e-01  5.90000000e-01  0.00000000e+00 -6.27260744e-08  6.19081680e-08  1.08397592e-14  8.17895498e-10  9.08256581e-25 
 6.00000000e-01  6.00000000e-01  0.00000000e+00 -6.52657339e-08  6.44007336e-08  1.08644798e-14  8.64989489e-10  1.64667583e-23 
 6.10000000e-01  6.10000000e-01  0.00000000e+00 -6.79070224e-08  6.69927147e-08  1.08899769e-14  9.14296758e-10  3.13639263e-24 
 6.20000000e-01  6.20000000e-01  0.00000000e+00 -7.06539686e-08  6.96880524e-08  1.09162886e-14  9.65905212e-10  3.26226548e-23 
 6.30000000e-01  6.30000000e-01  0.00000000e+00 -7.35107607e-08  7.24908438e-08  1.09434550e-14  1.01990589e-09  6.75199617e-24 
 6.40000000e-01  6.40000000e-01  0.00000000e+00 -7.64817529e-08  7.54053489e-08  1.09715181e-14  1.07639305e-09  3.54336755e-24 
 6.50000000e-01  6.50000000e-01  0.00000000e+00 -7.95714722e-08  7.84359969e-08  1.10005217e-14  1.13546431e-09  1.73823181e-23 
 6.60000000e-01  6.60000000e-01  0.00000000e+00 -8.27846252e-08  8.15873935e-08  1.10305118e-14  1.19722071e-09  6.00649580e-24 
 6.70000000e-01  6.70000000e-01  0.00000000e+00 -8.61261061e-08  8.48643282e-08  1.10615365e-14  1.26176687e-09  3.14291777e-23 
 6.80000000e-01  6.80000000e-01  0.00000000e+00 -8.96010038e-08  8.82717816e-08  1.10936460e-14  1.32921110e-09  5.11154604e-23 
 6.90000000e-01  6.90000000e-01  0.00000000e+00 -9.32146103e-08  9.18149337e-08  1.11268930e-14  1.39966547e-09  3.51887452e-23 
 7.00000000e-01  7.00000000e-01  0.00000000e+00 -9.69724292e-08  9.54991720e-08  1.11613327e-14  1.47324601e-09  4.14334991e-24 
 7.10000000e-01  7.10000000e-01  0.00000000e+00 -1.00880184e-07  9.93301004e-08  1.11970226e-14  1.55007279e-09  2.20746774e-23 
 7.20000000e-01  7.20000000e-01  0.00000000e+00 -1.04943829e-07  1.03313548e-07  1.12340230e-14  1.63027006e-09  2.60743205e-23 
 7.30000000e-01  7.30000000e-01  0.00000000e+00 -1.09169556e-07  1.07455578e-07  1.12723970e-14  1.71396639e-09  6.88585009e-24 
 7.40000000e-01  7.40000000e-01  0.00000000e+00 -1.13563806e-07  1.11762500e-07  1.13122106e-14  1.80129483e-09  2.27731837e-24 
 7.50000000e-01  7.50000000e-01  0.00000000e+00 -1.18133281e-07  1.16240876e-07  1.13535327e-14  1.89239301e-09  5.69118336e-24 
 7.60000000e-01  7.60000000e-01  0.00000000e+00 -1.22884952e-07  1.20897537e-07  1.13964355e-14  1.98740333e-09  2.77117622e-23 
 7.70000000e-01  7.70000000e-01  0.00000000e+00 -1.27826073e-07  1.25739588e-07  1.14409945e-14  2.08647309e-09  6.44638483e-23 
 7.80000000e-01  7.80000000e-01  0.00000000e+00 -1.32964191e-07  1.30774425e-07  1.14872885e-14  2.18975467e-09  1.71470940e-23 
 7.90000000e-01  7.90000000e-01  0.00000000e+00 -1.38307161e-07  1.36009744e-07  1.15354000e-14  2.29740569e-09  4.72341448e-23 
 8.00000000e-01  8.00000000e-01  0.00000000e+00 -1.43863156e-07  1.41453555e-07  1.15854153e-14  2.40958914e-09  5.81974213e-23 
 8.10000000e-01  8.10000000e-01  0.00000000e+00 -1.49640682e-07  1.47114196e-07  1.16374245e-14  2.52647361e-09  2.95645504e-23 
 8.20000000e-01  8.20000000e-01  0.00000000e+00 -1.55648591e-07  1.53000346e-07  1.16915219e-14  2.64823344e-09  3.17761787e-23 
 8.30000000e-01  8.30000000e-01  0.00000000e+00 -1.61896100e-07  1.59121040e-07  1.17478059e-14  2.77504890e-09  7.12986370e-24 
 8.40000000e-01  8.40000000e-01  0.00000000e+00 -1.68392802e-07  1.65485684e-07  1.18063795e-14  2.90710641e-09  6.76808168e-23 
 8.50000000e-01  8.50000000e-01  0.00000000e+00 -1.75148683e-07  1.72104072e-07  1.18673503e-14  3.04459869e-09  3.04971291e-23 
 8.60000000e-01  8.60000000e-01  0.00000000e+00 -1.82174139e-07  1.78986402e-07  1.19308307e-14  3.18772500e-09  1.09077859e-22 
 8.70000000e-01  8.70000000e-01  0.00000000e+00 -1.89479997e-07  1.86143294e-07  1.19969381e-14  3.33669135e-09  4.52518462e-23 
 8.80000000e-01  8.80000000e-01  0.00000000e+00 -1.97077528e-07  1.93585805e-07  1.20657953e-14  3.49171069e-09  1.06072541e-23 
 8.90000000e-01  8.90000000e-01  0.00000000e+00 -2.04978470e-07  2.01325454e-07  1.21375305e-14  3.65300313e-09  1.55726822e-24 
 9.00000000e-01  9.00000000e-01  0.00000000e+00 -2.13195046e-07  2.09374237e-07  1.22122777e-14  3.82079622e-09  1.70004022e-23 
 9.10000000e-01  9.10000000e-01  0.00000000e+00 -2.21739987e-07  2.17744650e-07  1.22901767e-14  3.99532510e-09  1.62645953e-23 
 9.20000000e-01  9.20000000e-01  0.00000000e+00 -2.30626554e-07  2.26449708e-07  1.26344840e-14  4.17683283e-09  6.40198490e-25 
 9.30000000e-01  9.30000000e-01  0.00000000e+00 -2.39868557e-07  2.35502972e-07  1.35592193e-14  4.36557059e-09  1.61690603e-22 
 9.40000000e-01  9.40000000e-01  0.00000000e+00 -2.49480383e-07  2.44918570e-07  1.49379989e-14  4.56179792e-09  1.13766150e-22 
 9.50000000e-01  9.50000000e-01  0.00000000e+00 -2.59477020e-07  2.54711220e-07  1.69797639e-14  4.76578306e-09  1.66654471e-23 
 9.60000000e-01  9.60000000e-01  0.00000000e+00 -2.69874083e-07  2.64896260e-07  1.99822326e-14  4.97780314e-09  1.27034172e-22 
 9.70000000e-01  9.70000000e-01  0.00000000e+00 -2.80687841e-07  2.75489672e-07  2.43665878e-14  5.19814450e-09  1.72122255e-23 
 9.80000000e-01  9.80000000e-01  0.00000000e+00 -2.91935244e-07  2.86508110e-07  3.07247891e-14  5.42710301e-09  1.50951993e-22 
 9.90000000e-01  9.90000000e-01  0.00000000e+00 -3.03633955e-07  2.97968931e-07  3.98851473e-14  5.66498429e-09  1.60242647e-22 
 1.00000000e+00  1.00000000e+00  0.00000000e+00 -3.15802382e-07  3.09890225e-07  5.30100936e-14  5.91210411e-09  3.08298201e-22 
 1.01000000e+00  1.01000000e+00  0.00000000e+00 -3.28459706e-07  3.22290846e-07  7.17709638e-14  6.16878864e-09  3.32158808e-22 
 1.02000000e+00  1.02000000e+00  0.00000000e+00 -3.41625920e-07  3.35190447e-07  9.87470120e-14  6.43537480e-09  8.98812969e-23 
 1.03000000e+00  1.03000000e+00  0.00000000e+00 -3.55321863e-07  3.48609513e-07  1.38490411e-13  6.71221061e-09  4.74670355e-23 
 1.04000000e+00  1.04000000e+00  0.00000000e+00 -3.69569257e-07  3.62569402e-07  2.00438735e-13  6.99965549e-09  6.94407118e-23 
 1.05000000e+00  1.05000000e+00  0.00000000e+00 -3.84390761e-07  3.77092374e-07  3.06500224e-13  7.29808071e-09  2.08103728e-22 
 1.06000000e+00  1.06000000e+00  0.00000000e+00 -3.99810020e-07  3.92201641e-07  5.09412510e-13  7.60786964e-09  1.69770743e-22 
 1.07000000e+00  1.07000000e+00  0.00000000e+00 -4.15851755e-07  4.07921403e-07  9.33897803e-13  7.92941823e-09  1.51729885e-22 
 1.08000000e+00  1.08000000e+00  0.00000000e+00 -4.32541887e-07  4.24276889e-07  1.86245520e-12  8.26313534e-09  2.01676165e-22 
 1.09000000e+00  1.09000000e+00  0.00000000e+00 -4.49907755e-07  4.41294409e-07  3.90268244e-12  8.60944317e-09  1.93014195e-23 
 1.10000000e+00  1.10000000e+00  0.00000000e+00 -4.67978467e-07  4.59001394e-07  8.29451536e-12  8.96877767e-09  2.67344128e-22 
 1.11000000e+00  1.11000000e+00  0.00000000e+00 -4.86785485e-07  4.77426451e-07  1.74445376e-11  9.34158896e-09  3.43292879e-22 
 1.12000000e+00  1.12000000e+00  0.00000000e+00 -5.06363562e-07  4.96599410e-07  3.58107425e-11  9.72834177e-09  1.30261559e-22 
 1.13000000e+00  1.13000000e+00  0.00000000e+00 -5.26752199e-07  5.16551379e-07  7.13042124e-11  1.01295159e-08  1.28665359e-22 
 1.14000000e+00  1.14000000e+00  0.00000000e+00 -5.47997829e-07  5.37314800e-07  1.37422635e-10  1.05456067e-08  3.97046694e-23 
 1.15000000e+00  1.15000000e+00  0.00000000e+00 -5.70157016e-07  5.58923508e-07  2.56382099e-10  1.09771255e-08  7.93679798e-22 
 1.16000000e+00  1.16000000e+00  0.00000000e+00 -5.93300957e-07  5.81412792e-07  4.63565216e-10  1.14246002e-08  3.94513453e-22 
 1.17000000e+00  1.17000000e+00  0.00000000e+00 -6.17521682e-07  6.04819454e-07  8.13652022e-10  1.18885757e-08  4.53915361e-22 
 1.18000000e+00  1.18000000e+00  0.00000000e+00 -6.42940338e-07  6.29181882e-07  1.38884170e-09  1.23696144e-08  3.15569404e-22 
 1.19000000e+00  1.19000000e+00  0.00000000e+00 -6.69718016e-07  6.54540114e-07  2.30960494e-09  1.28682967e-08  3.38316871e-22 
 1.20000000e+00  1.20000000e+00  0.00000000e+00 -6.98069562e-07  6.80935914e-07  3.74842568e-09  1.33852220e-08  2.53117267e-22 
 0.00000000e+00  0.00000000e+00  2.00000000e-01  3.45562205e-11  3.45562205e-11  1.11131315e-14 -6.91235545e-11  3.37006340e-19 
 1.00000000e-02  1.00000000e-02  2.00000000e-01 -9.18637008e-07  9.18701967e-07  1.46038495e-14 -6.49737915e-11  1.18973762e-21 
 2.00000000e-02  2.00000000e-02  2.00000000e-01 -1.56392052e-06  1.56398166e-06  1.69338888e-14 -6.11663806e-11  2.88654484e-19 
 3.00000000e-02  3.00000000e-02  2.00000000e-01 -2.00390320e-06  2.00396087e-06  1.85194122e-14 -5.76841864e-11  3.92260762e-19 
 4.00000000e-02  4.00000000e-02  2.00000000e-01 -2.30801540e-06  2.30806989e-06  1.96301776e-14 -5.45107553e-11  4.07613951e-19 
 5.00000000e-02  5.00000000e-02  2.00000000e-01 -2.53230174e-06  2.53235335e-06  2.04393944e-14 -5.16302947e-11  2.81436073e-19 
 6.00000000e-02  6.00000000e-02  2.00000000e-01 -2.71334671e-06  2.71339572e-06  2.10584591e-14 -4.90276439e-11  3.62786491e-19 
 7.00000000e-02  7.00000000e-02  2.00000000e-01 -2.87196934e-06  2.87201601e-06  2.15597951e-14 -4.66882635e-11  3.22373705e-19 
 8.00000000e-02  8.00000000e-02  2.00000000e-01 -3.01943980e-06  3.01948438e-06  2.19909843e-14 -4.45982036e-11  3.37314926e-19 
 9.00000000e-02  9.00000000e-02  2.00000000e-01 -3.16192418e-06  3.16196690e-06  2.23835213e-14 -4.27440917e-11  6.69411126e-19 
 1.00000000e-01  1.00000000e-01  2.00000000e-01 -3.30294102e-06  3.30298211e-06  2.27583952e-14 -4.11131086e-11  3.36542561e-19 
 1.10000000e-01  1.10000000e-01  2.00000000e-01 -3.44461310e-06  3.44465277e-06  2.31297215e-14 -3.96929750e-11  1.97043992e-19 
 1.20000000e-01  1.20000000e-01  2.00000000e-01 -3.58830138e-06  3.58833983e-06  2.35071253e-14 -3.84719340e-11  3.65167993e-19 
 1.30000000e-01  1.30000000e-01  2.00000000e-01 -3.73493428e-06  3.73497170e-06  2.38973080e-14 -3.74387444e-11  1.71442218e-19 
 1.40000000e-01  1.40000000e-01  2.00000000e-01 -3.88518517e-06  3.88522173e-06  2.43050772e-14 -3.65826766e-11  7.24579320e-20 
 1.50000000e-01  1.50000000e-01  2.00000000e-01 -4.03957191e-06  4.03960778e-06  2.47340223e-14 -3.58935425e-11  3.01121682e-19 
 1.60000000e-01  1.60000000e-01  2.00000000e-01 -4.19851493e-06  4.19855026e-06  2.51869588e-14 -3.53617877e-11  4.23920434e-19 
 1.70000000e-01  1.70000000e-01  2.00000000e-01 -4.36237229e-06  4.36240724e-06  2.56662186e-14 -3.49788076e-11  5.74833179e-19 
 1.80000000e-01  1.80000000e-01  2.00000000e-01 -4.53146168e-06  4.53149639e-06  2.61738417e-14 -3.47379426e-11  5.23247417e-20 
 1.90000000e-01  1.90000000e-01  2.00000000e-01 -4.70607455e-06  4.70610915e-06  2.67117011e-14 -3.46298576e-11  4.27971179e-20 
 2.00000000e-01  2.00000000e-01  2.00000000e-01 -4.88648559e-06  4.88652014e-06  2.72815857e-14 -3.45691674e-11  5.62880878e-19 
 2.10000000e-01  2.10000000e-01  2.00000000e-01 -5.07295914e-06  5.07299354e-06  2.78852548e-14 -3.44269144e-11  1.03445941e-19 
 2.20000000e-01  2.20000000e-01  2.00000000e-01 -5.26575349e-06  5.26578762e-06  2.85244746e-14 -3.41602510e-11  1.66243096e-19 
 2.30000000e-01  2.30000000e-01  2.00000000e-01 -5.46512416e-06  5.46515789e-06  2.92010430e-14 -3.37543804e-11  1.67148746e-19 
 2.40000000e-01  2.40000000e-01  2.00000000e-01 -5.67132629e-06  5.67135946e-06  2.99168059e-14 -3.31984891e-11  4.18721601e-19 
 2.50000000e-01  2.50000000e-01  2.00000000e-01 -5.88461639e-06  5.88464884e-06  3.06736695e-14 -3.24823085e-11  1.02684380e-19 
 2.60000000e-01  2.60000000e-01  2.00000000e-01 -6.10525367e-06  6.10528524e-06  3.14736090e-14 -3.15954281e-11  2.75221354e-19 
 2.70000000e-01  2.70000000e-01  2.00000000e-01 -6.33350115e-06  6.33353164e-06  3.23186748e-14 -3.05270986e-11  7.51196307e-20 
 2.80000000e-01  2.80000000e-01  2.00000000e-01 -6.56962644e-06  6.56965567e-06  3.32109982e-14 -2.92661537e-11  1.74636774e-19 
 2.90000000e-01  2.90000000e-01  2.00000000e-01 -6.81390251e-06  6.81393027e-06  3.41527956e-14 -2.78009634e-11  3.45819036e-19 
 3.00000000e-01  3.00000000e-01  2.00000000e-01 -7.06660820e-06  7.06663429e-06  3.51463726e-14 -2.61194057e-11  2.51592944e-19 
 3.10000000e-01  3.10000000e-01  2.00000000e-01 -7.32802879e-06  7.32805296e-06  3.61941280e-14 -2.42088415e-11  3.01368005e-19 
 3.20000000e-01  3.20000000e-01  2.00000000e-01 -7.59845636e-06  7.59847838e-06  3.72985567e-14 -2.20560900e-11  2.67221523e-19 
 3.30000000e-01  3.30000000e-01  2.00000000e-01 -7.87819026e-06  7.87820987e-06  3.84622538e-14 -1.96474122e-11  4.14573441e-19 
 3.40000000e-01  3.40000000e-01  2.00000000e-01 -8.16753741e-06  8.16755434e-06  3.96879179e-14 -1.69684800e-11  2.97582476e-19 
 3.50000000e-01  3.50000000e-01  2.00000000e-01 -8.46681263e-06  8.46682659e-06  4.09783545e-14 -1.40043645e-11  2.72758191e-19 
 3.60000000e-01  3.60000000e-01  2.00000000e-01 -8.77633896e-06  8.77634966e-06  4.23364798e-14 -1.07395026e-11  3.22977039e-19 
 3.70000000e-01  3.70000000e-01  2.00000000e-01 -9.09644796e-06  9.09645507e-06  4.37653241e-14 -7.15768330e-12  1.97432545e-19 
 3.80000000e-01  3.80000000e-01  2.00000000e-01 -9.42747994e-06  9.42748314e-06  4.52680358e-14 -3.24201473e-12  3.18239494e-19 
 3.90000000e-01  3.90000000e-01  2.00000000e-01 -9.76978429e-06  9.76978321e-06  4.68478849e-14  1.02509234e-12  4.43653929e-20 
 4.00000000e-01  4.00000000e-01  2.00000000e-01 -1.01237197e-05  1.01237140e-05  4.85082674e-14  5.66195658e-12  3.87952130e-19 
 4.10000000e-01  4.10000000e-01  2.00000000e-01 -1.04896543e-05  1.04896436e-05  5.02527086e-14  1.06876500e-11  4.07645404e-19 
 4.20000000e-01  4.20000000e-01  2.00000000e-01 -1.08679663e-05  1.08679502e-05  5.20848681e-14  1.61220243e-11  2.44969984e-19 
 4.30000000e-01  4.30000000e-01  2.00000000e-01 -1.12590438e-05  1.12590217e-05  5.40085429e-14  2.19857405e-11  8.23575794e-20 
 4.40000000e-01  4.40000000e-01  2.00000000e-01 -1.16632851e-05  1.16632568e-05  5.60276729e-14  2.83002970e-11  3.46552656e-19 
 4.50000000e-01  4.50000000e-01  2.00000000e-01 -1.20810994e-05  1.20810642e-05  5.81463442e-14  3.50880601e-11  1.29786010e-19 
 4.60000000e-01  4.60000000e-01  2.00000000e-01 -1.25129063e-05  1.25128639e-05  6.03687945e-14  4.23722962e-11  5.58272402e-19 
 4.70000000e-01  4.70000000e-01  2.00000000e-01 -1.29591368e-05  1.29590866e-05  6.26994169e-14  5.01772035e-11  1.67899438e-19 
 4.80000000e-01  4.80000000e-01  2.00000000e-01 -1.34202331e-05  1.34201745e-05  6.51427653e-14  5.85279412e-11  1.31179550e-19 
 4.90000000e-01  4.90000000e-01  2.00000000e-01 -1.38966490e-05  1.38965815e-05  6.77035587e-14  6.74506700e-11  5.60861197e-19 
 5.00000000e-01  5.00000000e-01  2.00000000e-01 -1.43888500e-05  1.43887730e-05  7.03866865e-14  7.69725824e-11  3.62760645e-19 
 5.10000000e-01  5.10000000e-01  2.00000000e-01 -1.48973139e-05  1.48972267e-05  7.31972130e-14  8.71219425e-11  1.89976406e-19 
 5.20000000e-01  5.20000000e-01  2.00000000e-01 -1.54225309e-05  1.54224329e-05  7.61403829e-14  9.79281218e-11  1.94751144e-19 
 5.30000000e-01  5.30000000e-01  2.00000000e-01 -1.59650036e-05  1.59648941e-05  7.92216266e-14  1.09421639e-10  2.67204967e-19 
 5.40000000e-01  5.40000000e-01  2.00000000e-01 -1.65252478e-05  1.65251261e-05  8.24465650e-14  1.21634201e-10  2.67501620e-19 
 5.50000000e-01  5.50000000e-01  2.00000000e-01 -1.71037925e-05  1.71036578e-05  8.58210154e-14  1.34598739e-10  3.49263886e-19 
 5.60000000e-01  5.60000000e-01  2.00000000e-01 -1.77011800e-05  1.77010316e-05  8.93509967e-14  1.48349463e-10  8.52113315e-19 
 5.70000000e-01  5.70000000e-01  2.00000000e-01 -1.83179668e-05  1.83178038e-05  9.30427351e-14  1.62921890e-10  5.02681606e-19 
 5.80000000e-01  5.80000000e-01  2.00000000e-01 -1.89547232e-05  1.89545447e-05  9.69026699e-14  1.78352904e-10  2.03147563e-19 
 5.90000000e-01  5.90000000e-01  2.00000000e-01 -1.96120342e-05  1.96118394e-05  1.00937459e-13  1.94680798e-10  8.68604897e-19 
 6.00000000e-01  6.00000000e-01  2.00000000e-01 -2.02904995e-05  2.02902874e-05  1.05153986e-13  2.11945322e-10  3.19767538e-20 
 6.10000000e-01  6.10000000e-01  2.00000000e-01 -2.09907340e-05  2.09905037e-05  1.09559362e-13  2.30187729e-10  2.02161646e-19 
 6.20000000e-01  6.20000000e-01  2.00000000e-01 -2.17133681e-05  2.17131185e-05  1.14160940e-13  2.49450838e-10  5.09315921e-19 
 6.30000000e-01  6.30000000e-01  2.00000000e-01 -2.24590480e-05  2.24587781e-05  1.18966311e-13  2.69779075e-10  1.13878208e-19 
 6.40000000e-01  6.40000000e-01  2.00000000e-01 -2.32284362e-05  2.32281448e-05  1.23983319e-13  2.91218539e-10  7.21035175e-19 
 6.50000000e-01  6.50000000e-01  2.00000000e-01 -2.40222118e-05  2.40218978e-05  1.29220060e-13  3.13817052e-10  3.59283718e-19 
 6.60000000e-01  6.60000000e-01  2.00000000e-01 -2.48410709e-05  2.48407332e-05  1.34684894e-13  3.37624224e-10  1.22281865e-20 
 6.70000000e-01  6.70000000e-01  2.00000000e-01 -2.56857271e-05  2.56853643e-05  1.40386450e-13  3.62691505e-10  3.75006148e-19 
 6.80000000e-01  6.80000000e-01  2.00000000e-01 -2.65569118e-05  2.65565226e-05  1.46333631e-13  3.89072255e-10  1.74222803e-19 
 6.90000000e-01  6.90000000e-01  2.00000000e-01 -2.74553747e-05  2.74549577e-05  1.52535621e-13  4.16821810e-10  2.20110923e-19 
 7.00000000e-01  7.00000000e-01  2.00000000e-01 -2.83818841e-05  2.83814379e-05  1.59001894e-13  4.45997541e-10  8.53315721e-19 
 7.10000000e-01  7.10000000e-01  2.00000000e-01 -2.93372278e-05  2.93367509e-05  1.65742218e-13  4.76658928e-10  4.86569026e-19 
 7.20000000e-01  7.20000000e-01  2.00000000e-01 -3.03222129e-05  3.03217039e-05  1.72766664e-13  5.08867636e-10  2.07099419e-19 
 7.30000000e-01  7.30000000e-01  2.00000000e-01 -3.13376670e-05  3.13371242e-05  1.80085611e-13  5.42687576e-10  2.34418527e-19 
 7.40000000e-01  7.40000000e-01  2.00000000e-01 -3.23844382e-05  3.23838599e-05  1.87709755e-13  5.78184993e-10  3.08445678e-19 
 7.50000000e-01  7.50000000e-01  2.00000000e-01 -3.34633959e-05  3.34627802e-05  1.95650114e-13  6.15428537e-10  4.38502197e-19 
 7.60000000e-01  7.60000000e-01  2.00000000e-01 -3.45754309e-05  3.45747762e-05  2.03918038e-13  6.54489345e-10  3.05928705e-19 
 7.70000000e-01  7.70000000e-01  2.00000000e-01 -3.57214567e-05  3.57207610e-05  2.12525211e-13  6.95441127e-10  1.80108669e-19 
 7.80000000e-01  7.80000000e-01  2.00000000e-01 -3.69024093e-05  3.69016708e-05  2.21483664e-13  7.38360249e-10  3.27012758e-19 
 7.90000000e-01  7.90000000e-01  2.00000000e-01 -3.81192484e-05  3.81184648e-05  2.30805778e-13  7.83325822e-10  3.45516707e-19 
 8.00000000e-01  8.00000000e-01  2.00000000e-01 -3.93729574e-05  3.93721267e-05  2.40504294e-13  8.30419794e-10  9.04829539e-20 
 8.10000000e-01  8.10000000e-01  2.00000000e-01 -4.06645444e-05  4.06636645e-05  2.50592318e-13  8.79727044e-10  1.82165226e-19 
 8.20000000e-01  8.20000000e-01  2.00000000e-01 -4.19950430e-05  4.19941114e-05  2.61083329e-13  9.31335478e-10  1.43873581e-19 
 8.30000000e-01  8.30000000e-01  2.00000000e-01 -4.33655123e-05  4.33645267e-05  2.71991185e-13  9.85336133e-10  4.22094144e-19 
 8.40000000e-01  8.40000000e-01  2.00000000e-01 -4.47770382e-05  4.47759961e-05  2.83330135e-13  1.04182327e-09  1.07773772e-19 
 8.50000000e-01  8.50000000e-01  2.00000000e-01 -4.62307336e-05  4.62296324e-05  2.95114819e-13  1.10089451e-09  3.81483996e-19 
 8.60000000e-01  8.60000000e-01  2.00000000e-01 -4.77277394e-05  4.77265764e-05  3.07360280e-13  1.16265089e-09  3.83298935e-19 
 8.70000000e-01  8.70000000e-01  2.00000000e-01 -4.92692252e-05  4.92679976e-05  3.20081971e-13  1.22719703e-09  2.60118155e-19 
 8.80000000e-01  8.80000000e-01  2.00000000e-01 -5.08563896e-05  5.08550946e-05  3.33295759e-13  1.29464123e-09  6.20080048e-19 
 8.90000000e-01  8.90000000e-01  2.00000000e-01 -5.24904616e-05  5.24890962e-05  3.47017934e-13  1.36509558e-09  3.53224589e-19 
 9.00000000e-01  9.00000000e-01  2.00000000e-01 -5.41727007e-05  5.41712617e-05  3.61265217e-13  1.43867610e-09  1.35414209e-19 
 9.10000000e-01  9.10000000e-01  2.00000000e-01 -5.59043981e-05  5.59028823e-05  3.76054764e-13  1.51550285e-09  2.70695896e-19 
 9.20000000e-01  9.20000000e-01  2.00000000e-01 -5.76868773e-05  5.76852812e-05  4.13882182e-13  1.59570009e-09  1.79491088e-19 
 9.30000000e-01  9.30000000e-01  2.00000000e-01 -5.95214950e-05  5.95198150e-05  6.17481082e-13  1.67939640e-09  3.25541678e-19 
 9.40000000e-01  9.40000000e-01  2.00000000e-01 -6.14096417e-05  6.14078741e-05  9.19335455e-13  1.76672481e-09  1.54977348e-19 
 9.50000000e-01  9.50000000e-01  2.00000000e-01 -6.33527426e-05  6.33508834e-05  1.36323147e-12  1.85782296e-09  1.14275126e-19 
 9.60000000e-01  9.60000000e-01  2.00000000e-01 -6.53522585e-05  6.53503036e-05  2.01087822e-12  1.95283325e-09  2.40346660e-19 
 9.70000000e-01  9.70000000e-01  2.00000000e-01 -6.74096868e-05  6.74076319e-05  2.94860367e-12  2.05190298e-09  2.85734859e-19 
 9.80000000e-01  9.80000000e-01  2.00000000e-01 -6.95265619e-05  6.95244024e-05  4.29631575e-12  2.15518454e-09  1.63299025e-19 
 9.90000000e-01  9.90000000e-01  2.00000000e-01 -7.17044567e-05  7.17021876e-05  6.21941520e-12  2.26283552e-09  4.09064189e-19 
 1.00000000e+00  1.00000000e+00  2.00000000e-01 -7.39449829e-05  7.39425989e-05  8.94453089e-12  2.37501894e-09  1.71301059e-19 
 1.01000000e+00  1.01000000e+00  2.00000000e-01 -7.62497922e-05  7.62472875e-05  1.27801748e-11  2.49190337e-09  8.69325239e-20 
 1.02000000e+00  1.02000000e+00  2.00000000e-01 -7.86205774e-05  7.86179456e-05  1.81436922e-11  2.61366317e-09  2.57679795e-19 
 1.03000000e+00  1.03000000e+00  2.00000000e-01 -8.10590728e-05  8.10563067e-05  2.55962193e-11  2.74047860e-09  2.03216531e-19 
 1.04000000e+00  1.04000000e+00  2.00000000e-01 -8.35670558e-05  8.35641474e-05  3.58877742e-11  2.87253607e-09  4.09015661e-19 
 1.05000000e+00  1.05000000e+00  2.00000000e-01 -8.61463474e-05  8.61432873e-05  5.00150968e-11  3.01002831e-09  4.30466910e-19 
 1.06000000e+00  1.06000000e+00  2.00000000e-01 -8.87988133e-05  8.87955909e-05  6.92954506e-11  3.15315459e-09  1.60486235e-19 
 1.07000000e+00  1.07000000e+00  2.00000000e-01 -9.15263653e-05  9.15229678e-05  9.54603068e-11  3.30212090e-09  5.58454046e-19 
 1.08000000e+00  1.08000000e+00  2.00000000e-01 -9.43309618e-05  9.43273739e-05  1.30773671e-10  3.45714020e-09  2.81490390e-19 
 1.09000000e+00  1.09000000e+00  2.00000000e-01 -9.72146093e-05  9.72108127e-05  1.78180810e-10  3.61843260e-09  3.88044281e-19 
 1.10000000e+00  1.10000000e+00  2.00000000e-01 -1.00179363e-04  1.00175335e-04  2.41494314e-10  3.78622564e-09  7.64263187e-22 
 1.11000000e+00  1.11000000e+00  2.00000000e-01 -1.03227329e-04  1.03223043e-04  3.25625790e-10  3.96075448e-09  1.32412177e-19 
 1.12000000e+00  1.12000000e+00  2.00000000e-01 -1.06360665e-04  1.06356086e-04  4.36873107e-10  4.14226217e-09  5.02689911e-19 
 1.13000000e+00  1.13000000e+00  2.00000000e-01 -1.09581581e-04  1.09576667e-04  5.83274975e-10  4.33099988e-09  7.64037780e-20 
 1.14000000e+00  1.14000000e+00  2.00000000e-01 -1.12892341e-04  1.12887038e-04  7.75046792e-10  4.52722717e-09  1.40913940e-19 
 1.15000000e+00  1.15000000e+00  2.00000000e-01 -1.16295264e-04  1.16289508e-04  1.02511420e-09  4.73121226e-09  3.44769086e-19 
 1.16000000e+00  1.16000000e+00  2.00000000e-01 -1.19792730e-04  1.19786437e-04  1.34976370e-09  4.94323228e-09  3.26873654e-19 
 1.17000000e+00  1.17000000e+00  2.00000000e-01 -1.23387173e-04  1.23380240e-04  1.76943282e-09  5.16357360e-09  1.28448948e-19 
 1.18000000e+00  1.18000000e+00  2.00000000e-01 -1.27081092e-04  1.27073389e-04  2.30966639e-09  5.39253205e-09  4.24146785e-19 
 1.19000000e+00  1.19000000e+00  2.00000000e-01 -1.30877046e-04  1.30868413e-04  3.00226928e-09  5.63041329e-09  2.25272300e-19 
 1.20000000e+00  1.20000000e+00  2.00000000e-01 -1.34777661e-04  1.34767897e-04  3.88669136e-09  5.87753305e-09  3.36435862e-19 
 0.00000000e+00  0.00000000e+00  4.00000000e-01  2.38809241e-10  2.38809241e-10  6.42002820e-14 -4.77682682e-10  6.13191745e-20 
 1.00000000e-02  1.00000000e-02  4.00000000e-01 -8.71045450e-05  8.71050067e-05  6.94012681e-14 -4.61781483e-10  9.44907746e-19 
 2.00000000e-02  2.00000000e-02  4.00000000e-01 -1.55648684e-04  1.55649131e-04  7.60345519e-14 -4.46684018e-10  5.46421137e-19 
 3.00000000e-02  3.00000000e-02  4.00000000e-01 -2.08295410e-04  2.08295842e-04  8.48399532e-14 -4.32411762e-10  3.84667193e-19 
 4.00000000e-02  4.00000000e-02  4.00000000e-01 -2.47996538e-04  2.47996957e-04  9.63983669e-14 -4.18954781e-10  4.33833529e-19 
 5.00000000e-02  5.00000000e-02  4.00000000e-01 -2.77818948e-04  2.77819354e-04  1.11025965e-13 -4.06283140e-10  8.91363063e-19 
 6.00000000e-02  6.00000000e-02  4.00000000e-01 -3.00649167e-04  3.00649561e-04  1.28716117e-13 -3.94362181e-10  1.01568101e-18 
 7.00000000e-02  7.00000000e-02  4.00000000e-01 -3.18845622e-04  3.18846005e-04  1.49223619e-13 -3.83156543e-10  9.71019633e-19 
 8.00000000e-02  8.00000000e-02  4.00000000e-01 -3.34096968e-04  3.34097341e-04  1.72221680e-13 -3.72631818e-10  3.65572222e-19 
 9.00000000e-02  9.00000000e-02  4.00000000e-01 -3.47508671e-04  3.47509033e-04  1.97414921e-13 -3.62755305e-10  3.54087989e-19 
 1.00000000e-01  1.00000000e-01  4.00000000e-01 -3.59773964e-04  3.59774317e-04  2.24579643e-13 -3.53496172e-10  2.59848661e-19 
 1.10000000e-01  1.10000000e-01  4.00000000e-01 -3.71324075e-04  3.71324420e-04  2.53561664e-13 -3.44825309e-10  1.03664786e-18 
 1.20000000e-01  1.20000000e-01  4.00000000e-01 -3.82430697e-04  3.82431033e-04  2.84260911e-13 -3.36715127e-10  4.19244786e-19 
 1.30000000e-01  1.30000000e-01  4.00000000e-01 -3.93269011e-04  3.93269340e-04  3.16616025e-13 -3.29139366e-10  3.67223395e-19 
 1.40000000e-01  1.40000000e-01  4.00000000e-01 -4.03955080e-04  4.03955402e-04  3.50592536e-13 -3.22072975e-10  2.82812467e-19 
 1.50000000e-01  1.50000000e-01  4.00000000e-01 -4.14567967e-04  4.14568282e-04  3.86174571e-13 -3.15491985e-10  8.95178733e-19 
 1.60000000e-01  1.60000000e-01  4.00000000e-01 -4.25162982e-04  4.25163291e-04  4.23359227e-13 -3.09373444e-10  4.70930091e-19 
 1.70000000e-01  1.70000000e-01  4.00000000e-01 -4.35779802e-04  4.35780105e-04  4.62152770e-13 -3.03695348e-10  3.18342861e-19 
 1.80000000e-01  1.80000000e-01  4.00000000e-01 -4.46447541e-04  4.46447839e-04  5.02568060e-13 -2.98436591e-10  4.12607969e-19 
 1.90000000e-01  1.90000000e-01  4.00000000e-01 -4.57188014e-04  4.57188307e-04  5.44622777e-13 -2.93576921e-10  5.97627198e-19 
 2.00000000e-01  2.00000000e-01  4.00000000e-01 -4.68017877e-04  4.68018166e-04  5.88338177e-13 -2.89096897e-10  2.04695532e-19 
 2.10000000e-01  2.10000000e-01  4.00000000e-01 -4.78950064e-04  4.78950348e-04  6.33738218e-13 -2.84977864e-10  3.64116583e-19 
 2.20000000e-01  2.20000000e-01  4.00000000e-01 -4.89994770e-04  4.89995050e-04  6.80848919e-13 -2.81201918e-10  5.54603356e-19 
 2.30000000e-01  2.30000000e-01  4.00000000e-01 -5.01160143e-04  5.01160420e-04  7.29697895e-13 -2.77751867e-10  1.20988332e-18 
 2.40000000e-01  2.40000000e-01  4.00000000e-01 -5.12452774e-04  5.12453048e-04  7.80314003e-13 -2.74611224e-10  6.89110494e-19 
 2.50000000e-01  2.50000000e-01  4.00000000e-01 -5.23878046e-04  5.23878317e-04  8.32727082e-13 -2.71764162e-10  4.68245962e-19 
 2.60000000e-01  2.60000000e-01  4.00000000e-01 -5.35440401e-04  5.35440669e-04  8.86967744e-13 -2.69195496e-10  5.94581402e-19 
 2.70000000e-01  2.70000000e-01  4.00000000e-01 -5.47143527e-04  5.47143793e-04  9.43067215e-13 -2.66890665e-10  2.43211763e-20 
 2.80000000e-01  2.80000000e-01  4.00000000e-01 -5.58990508e-04  5.58990772e-04  1.00105721e-12 -2.64835703e-10  1.19824996e-18 
 2.90000000e-01  2.90000000e-01  4.00000000e-01 -5.70983936e-04  5.70984198e-04  1.06096982e-12 -2.63017224e-10  7.96086231e-19 
 3.00000000e-01  3.00000000e-01  4.00000000e-01 -5.83125992e-04  5.83126252e-04  1.12283744e-12 -2.61422397e-10  4.95142786e-19 
 3.10000000e-01  3.10000000e-01  4.00000000e-01 -5.95418519e-04  5.95418778e-04  1.18669269e-12 -2.60038928e-10  2.35794151e-20 
 3.20000000e-01  3.20000000e-01  4.00000000e-01 -6.07863071e-04  6.07863329e-04  1.25256838e-12 -2.58855054e-10  1.66570214e-20 
 3.30000000e-01  3.30000000e-01  4.00000000e-01 -6.20460958e-04  6.20461215e-04  1.32049740e-12 -2.57859523e-10  1.30279437e-19 
 3.40000000e-01  3.40000000e-01  4.00000000e-01 -6.33213275e-04  6.33213531e-04  1.39051275e-12 -2.57041601e-10  3.89721319e-19 
 3.50000000e-01  3.50000000e-01  4.00000000e-01 -6.46120935e-04  6.46121190e-04  1.46264745e-12 -2.56391093e-10  1.56408533e-18 
 3.60000000e-01  3.60000000e-01  4.00000000e-01 -6.59184687e-04  6.59184941e-04  1.53693453e-12 -2.55898437e-10  3.18413805e-19 
 3.70000000e-01  3.70000000e-01  4.00000000e-01 -6.72405136e-04  6.72405390e-04  1.61340699e-12 -2.55555028e-10  7.71521686e-19 
 3.80000000e-01  3.80000000e-01  4.00000000e-01 -6.85782758e-04  6.85783012e-04  1.69209778e-12 -2.55354195e-10  7.92594702e-19 
 3.90000000e-01  3.90000000e-01  4.00000000e-01 -6.99317914e-04  6.99318168e-04  1.77303977e-12 -2.55286607e-10  2.83081203e-19 
 4.00000000e-01  4.00000000e-01  4.00000000e-01 -7.13010859e-04  7.13011113e-04  1.85626572e-12 -2.55266868e-10  1.47740612e-19 
 4.10000000e-01  4.10000000e-01  4.00000000e-01 -7.26861752e-04  7.26862005e-04  1.94180830e-12 -2.55166023e-10  2.20648970e-18 
 4.20000000e-01  4.20000000e-01  4.00000000e-01 -7.40870661e-04  7.40870914e-04  2.02969999e-12 -2.54941221e-10  6.31852453e-19 
 4.30000000e-01  4.30000000e-01  4.00000000e-01 -7.55037575e-04  7.55037828e-04  2.11997316e-12 -2.54577655e-10  1.86208171e-18 
 4.40000000e-01  4.40000000e-01  4.00000000e-01 -7.69362407e-04  7.69362659e-04  2.21265997e-12 -2.54064519e-10  2.26070539e-19 
 4.50000000e-01  4.50000000e-01  4.00000000e-01 -7.83844999e-04  7.83845250e-04  2.30779240e-12 -2.53391535e-10  1.49801593e-20 
 4.60000000e-01  4.60000000e-01  4.00000000e-01 -7.98485127e-04  7.98485377e-04  2.40540222e-12 -2.52548294e-10  1.34891980e-18 
 4.70000000e-01  4.70000000e-01  4.00000000e-01 -8.13282504e-04  8.13282754e-04  2.50552099e-12 -2.51524043e-10  2.14721108e-18 
 4.80000000e-01  4.80000000e-01  4.00000000e-01 -8.28236790e-04  8.28237037e-04  2.60818002e-12 -2.50307613e-10  2.86186317e-19 
 4.90000000e-01  4.90000000e-01  4.00000000e-01 -8.43347585e-04  8.43347831e-04  2.71341039e-12 -2.48887373e-10  7.05885624e-19 
 5.00000000e-01  5.00000000e-01  4.00000000e-01 -8.58614444e-04  8.58614688e-04  2.82124291e-12 -2.47251200e-10  1.19611883e-18 
 5.10000000e-01  5.10000000e-01  4.00000000e-01 -8.74036871e-04  8.74037113e-04  2.93170813e-12 -2.45386450e-10  1.60689017e-18 
 5.20000000e-01  5.20000000e-01  4.00000000e-01 -8.89614328e-04  8.89614568e-04  3.04483633e-12 -2.43279946e-10  2.40995780e-19 
 5.30000000e-01  5.30000000e-01  4.00000000e-01 -9.05346236e-04  9.05346473e-04  3.16065747e-12 -2.40917940e-10  1.70057445e-18 
 5.40000000e-01  5.40000000e-01  4.00000000e-01 -9.21231977e-04  9.21232212e-04  3.27920123e-12 -2.38286110e-10  1.05478209e-19 
 5.50000000e-01  5.50000000e-01  4.00000000e-01 -9.37270900e-04  9.37271132e-04  3.40049701e-12 -2.35369520e-10  3.22460481e-19 
 5.60000000e-01  5.60000000e-01  4.00000000e-01 -9.53462321e-04  9.53462549e-04  3.52457385e-12 -2.32152608e-10  8.79975250e-19 
 5.70000000e-01  5.70000000e-01  4.00000000e-01 -9.69805528e-04  9.69805753e-04  3.65146049e-12 -2.28619159e-10  1.15111345e-18 
 5.80000000e-01  5.80000000e-01  4.00000000e-01 -9.86299784e-04  9.86300005e-04  3.78118535e-12 -2.24752283e-10  3.53852293e-19 
 5.90000000e-01  5.90000000e-01  4.00000000e-01 -1.00294433e-03  1.00294455e-03  3.91377650e-12 -2.20534387e-10  8.32351113e-20 
 6.00000000e-01  6.00000000e-01  4.00000000e-01 -1.01973839e-03  1.01973860e-03  4.04926168e-12 -2.15947151e-10  7.50837090e-19 
 6.10000000e-01  6.10000000e-01  4.00000000e-01 -1.03668116e-03  1.03668137e-03  4.18766826e-12 -2.10971501e-10  1.55403994e-18 
 6.20000000e-01  6.20000000e-01  4.00000000e-01 -1.05377185e-03  1.05377205e-03  4.32902329e-12 -2.05587586e-10  3.73228860e-20 
 6.30000000e-01  6.30000000e-01  4.00000000e-01 -1.07100963e-03  1.07100983e-03  4.47335344e-12 -1.99774743e-10  2.06235482e-18 
 6.40000000e-01  6.40000000e-01  4.00000000e-01 -1.08839369e-03  1.08839388e-03  4.62068503e-12 -1.93511471e-10  1.19833247e-19 
 6.50000000e-01  6.50000000e-01  4.00000000e-01 -1.10592321e-03  1.10592339e-03  4.77104402e-12 -1.86775402e-10  6.53341889e-19 
 6.60000000e-01  6.60000000e-01  4.00000000e-01 -1.12359737e-03  1.12359754e-03  4.92445598e-12 -1.79543268e-10  6.91914887e-19 
 6.70000000e-01  6.70000000e-01  4.00000000e-01 -1.14141536e-03  1.14141552e-03  5.08094615e-12 -1.71790872e-10  6.64285526e-20 
 6.80000000e-01  6.80000000e-01  4.00000000e-01 -1.15937636e-03  1.15937652e-03  5.24053935e-12 -1.63493052e-10  4.43913662e-19 
 6.90000000e-01  6.90000000e-01  4.00000000e-01 -1.17747961e-03  1.17747976e-03  5.40326006e-12 -1.54623646e-10  6.22741372e-19 
 7.00000000e-01  7.00000000e-01  4.00000000e-01 -1.19572432e-03  1.19572446e-03  5.56913237e-12 -1.45155460e-10  4.08724934e-19 
 7.10000000e-01  7.10000000e-01  4.00000000e-01 -1.21410975e-03  1.21410988e-03  5.73817999e-12 -1.35060228e-10  9.73971874e-20 
 7.20000000e-01  7.20000000e-01  4.00000000e-01 -1.23263517e-03  1.23263529e-03  5.91042627e-12 -1.24308576e-10  4.73115244e-19 
 7.30000000e-01  7.30000000e-01  4.00000000e-01 -1.25129990e-03  1.25130000e-03  6.08589415e-12 -1.12869988e-10  6.60918786e-19 
 7.40000000e-01  7.40000000e-01  4.00000000e-01 -1.27010326e-03  1.27010336e-03  6.26460621e-12 -1.00712752e-10  6.76592716e-19 
 7.50000000e-01  7.50000000e-01  4.00000000e-01 -1.28904465e-03  1.28904473e-03  6.44658466e-12 -8.78039360e-11  7.30041707e-20 
 7.60000000e-01  7.60000000e-01  4.00000000e-01 -1.30812347e-03  1.30812354e-03  6.63185131e-12 -7.41093324e-11  1.74594592e-18 
 7.70000000e-01  7.70000000e-01  4.00000000e-01 -1.32733920e-03  1.32733925e-03  6.82042760e-12 -5.95934170e-11  5.63216946e-19 
 7.80000000e-01  7.80000000e-01  4.00000000e-01 -1.34669135e-03  1.34669139e-03  7.01233460e-12 -4.42193088e-11  5.57411135e-19 
 7.90000000e-01  7.90000000e-01  4.00000000e-01 -1.36617949e-03  1.36617952e-03  7.20759300e-12 -2.79487102e-11  8.36654864e-19 
 8.00000000e-01  8.00000000e-01  4.00000000e-01 -1.38580326e-03  1.38580326e-03  7.40622311e-12 -1.07418753e-11  7.75180983e-19 
 8.10000000e-01  8.10000000e-01  4.00000000e-01 -1.40556232e-03  1.40556231e-03  7.60824488e-12  7.44245464e-12  7.47070191e-19 
 8.20000000e-01  8.20000000e-01  4.00000000e-01 -1.42545645e-03  1.42545641e-03  7.81367789e-12  2.66470969e-11  6.35512457e-19 
 8.30000000e-01  8.30000000e-01  4.00000000e-01 -1.44548546e-03  1.44548540e-03  8.02254133e-12  4.69164829e-11  1.23516720e-18 
 8.40000000e-01  8.40000000e-01  4.00000000e-01 -1.46564924e-03  1.46564917e-03  8.23485406e-12  6.82967094e-11  2.88960380e-19 
 8.50000000e-01  8.50000000e-01  4.00000000e-01 -1.48594778e-03  1.48594768e-03  8.45063455e-12  9.08356003e-11  6.05498175e-19 
 8.60000000e-01  8.60000000e-01  4.00000000e-01 -1.50638111e-03  1.50638099e-03  8.66990093e-12  1.14582767e-10  1.06193464e-18 
 8.70000000e-01  8.70000000e-01  4.00000000e-01 -1.52694937e-03  1.52694922e-03  8.89267096e-12  1.39589660e-10  5.07337545e-19 
 8.80000000e-01  8.80000000e-01  4.00000000e-01 -1.54765279e-03  1.54765261e-03  9.11896206e-12  1.65909642e-10  4.65962200e-19 
 8.90000000e-01  8.90000000e-01  4.00000000e-01 -1.56849166e-03  1.56849146e-03  9.34879130e-12  1.93598046e-10  1.26994200e-18 
 9.00000000e-01  9.00000000e-01  4.00000000e-01 -1.58946639e-03  1.58946616e-03  9.58217541e-12  2.22712250e-10  7.40879955e-20 
 9.10000000e-01  9.10000000e-01  4.00000000e-01 -1.61057748e-03  1.61057721e-03  9.81913075e-12  2.53311733e-10  8.66724318e-19 
 9.20000000e-01  9.20000000e-01  4.00000000e-01 -1.63182551e-03  1.63182521e-03  1.00596734e-11  2.85458158e-10  6.79945205e-19 
 9.30000000e-01  9.30000000e-01  4.00000000e-01 -1.65321119e-03  1.65321086e-03  1.03038190e-11  3.19215438e-10  3.86009565e-19 
 9.40000000e-01  9.40000000e-01  4.00000000e-01 -1.67473530e-03  1.67473494e-03  1.05515831e-11  3.54649822e-10  1.78404809e-18 
 9.50000000e-01  9.50000000e-01  4.00000000e-01 -1.69639876e-03  1.69639835e-03  1.08029806e-11  3.91829957e-10  5.73349608e-19 
 9.60000000e-01  9.60000000e-01  4.00000000e-01 -1.71820257e-03  1.71820212e-03  1.10580263e-11  4.30826984e-10  1.19058797e-18 
 9.70000000e-01  9.70000000e-01  4.00000000e-01 -1.74014785e-03  1.74014736e-03  1.13167347e-11  4.71714612e-10  1.41913211e-19 
 9.80000000e-01  9.80000000e-01  4.00000000e-01 -1.76223584e-03  1.76223531e-03  1.58980778e-11  5.14569208e-10  2.28782431e-19 
 9.90000000e-01  9.90000000e-01  4.00000000e-01 -1.78446788e-03  1.78446730e-03  2.30838924e-11  5.59469884e-10  8.44875179e-19 
 1.00000000e+00  1.00000000e+00  4.00000000e-01 -1.80684545e-03  1.80684481e-03  3.33093734e-11  6.06498591e-10  7.55017130e-19 
 1.01000000e+00  1.01000000e+00  4.00000000e-01 -1.82937010e-03  1.82936940e-03  4.77553999e-11  6.55740204e-10  2.17856378e-18 
 1.02000000e+00  1.02000000e+00  4.00000000e-01 -1.85204356e-03  1.85204278e-03  6.80211059e-11  7.07282634e-10  2.12801467e-19 
 1.03000000e+00  1.03000000e+00  4.00000000e-01 -1.87486763e-03  1.87486678e-03  9.62577680e-11  7.61216915e-10  2.07491213e-19 
 1.04000000e+00  1.04000000e+00  4.00000000e-01 -1.89784427e-03  1.89784331e-03  1.35340989e-10  8.17637317e-10  2.06197257e-20 
 1.05000000e+00  1.05000000e+00  4.00000000e-01 -1.92097553e-03  1.92097446e-03  1.89090814e-10  8.76641443e-10  9.84175874e-20 
 1.06000000e+00  1.06000000e+00  4.00000000e-01 -1.94426361e-03  1.94426241e-03  2.62551495e-10  9.38330351e-10  1.23634447e-19 
 1.07000000e+00  1.07000000e+00  4.00000000e-01 -1.96771082e-03  1.96770946e-03  3.62345091e-10  1.00280865e-09  2.27074199e-18 
 1.08000000e+00  1.08000000e+00  4.00000000e-01 -1.99131962e-03  1.99131805e-03  4.97115959e-10  1.07018465e-09  1.81691162e-18 
 1.09000000e+00  1.09000000e+00  4.00000000e-01 -2.01509256e-03  2.01509074e-03  6.78086575e-10  1.14057042e-09  7.27369588e-19 
 1.10000000e+00  1.10000000e+00  4.00000000e-01 -2.03903236e-03  2.03903023e-03  9.19749022e-10  1.21408201e-09  5.62683511e-19 
 1.11000000e+00  1.11000000e+00  4.00000000e-01 -2.06314186e-03  2.06313932e-03  1.24072102e-09  1.29083946e-09  2.82182326e-19 
 1.12000000e+00  1.12000000e+00  4.00000000e-01 -2.08742400e-03  2.08742096e-03  1.66480054e-09  1.37096704e-09  1.04629662e-19 
 1.13000000e+00  1.13000000e+00  4.00000000e-01 -2.11188190e-03  2.11187822e-03  2.22225912e-09  1.45459332e-09  3.50796544e-19 
 1.14000000e+00  1.14000000e+00  4.00000000e-01 -2.13651878e-03  2.13651429e-03  2.95142055e-09  1.54185133e-09  4.23193873e-20 
 1.15000000e+00  1.15000000e+00  4.00000000e-01 -2.16133803e-03  2.16133250e-03  3.90057970e-09  1.63287872e-09  2.68519370e-20 
 1.16000000e+00  1.16000000e+00  4.00000000e-01 -2.18634315e-03  2.18633629e-03  5.13032462e-09  1.72781789e-09  1.55261801e-19 
 1.17000000e+00  1.17000000e+00  4.00000000e-01 -2.21153779e-03  2.21152925e-03  6.71633512e-09  1.82681614e-09  4.15957697e-19 
 1.18000000e+00  1.18000000e+00  4.00000000e-01 -2.23692576e-03  2.23691508e-03  8.75274206e-09  1.93002584e-09  1.18209238e-18 
 1.19000000e+00  1.19000000e+00  4.00000000e-01 -2.26251100e-03  2.26249760e-03  1.13561437e-08  2.03760461e-09  8.34757587e-19 
 1.20000000e+00  1.20000000e+00  4.00000000e-01 -2.28829761e-03  2.28828079e-03  1.46703900e-08  2.14971545e-09  1.87429201e-18 
 0.00000000e+00  0.00000000e+00  6.00000000e-01  1.33160638e-09  1.33160638e-09  1.80489753e-12 -2.66501767e-09  2.23100951e-20 
 1.00000000e-02  1.00000000e-02  6.00000000e-01 -3.37600540e-04  3.37603160e-04  1.84395761e-12 -2.62218581e-09  1.25176093e-18 
 2.00000000e-02  2.00000000e-02  6.00000000e-01 -6.50090347e-04  6.50092924e-04  1.88653195e-12 -2.57815919e-09  4.79536271e-21 
 3.00000000e-02  3.00000000e-02  6.00000000e-01 -9.38348440e-04  9.38350974e-04  1.93348805e-12 -2.53537031e-09  2.13051303e-18 
 4.00000000e-02  4.00000000e-02  6.00000000e-01 -1.20335641e-03  1.20335890e-03  1.98567852e-12 -2.49457323e-09  1.05611939e-18 
 5.00000000e-02  5.00000000e-02  6.00000000e-01 -1.44605871e-03  1.44606117e-03  2.04401944e-12 -2.45579143e-09  1.97619459e-18 
 6.00000000e-02  6.00000000e-02  6.00000000e-01 -1.66733818e-03  1.66734060e-03  2.10955093e-12 -2.41894986e-09  1.84966634e-18 
 7.00000000e-02  7.00000000e-02  6.00000000e-01 -1.86802349e-03  1.86802587e-03  2.18347999e-12 -2.38397736e-09  1.27416552e-18 
 8.00000000e-02  8.00000000e-02  6.00000000e-01 -2.04891661e-03  2.04891896e-03  2.26719768e-12 -2.35081744e-09  9.04480829e-19 
 9.00000000e-02  9.00000000e-02  6.00000000e-01 -2.21083998e-03  2.21084229e-03  2.36225467e-12 -2.31942575e-09  2.34580501e-18 
 1.00000000e-01  1.00000000e-01  6.00000000e-01 -2.35470256e-03  2.35470485e-03  2.47027539e-12 -2.28976550e-09  1.06396618e-19 
 1.10000000e-01  1.10000000e-01  6.00000000e-01 -2.48157590e-03  2.48157816e-03  2.59279963e-12 -2.26180194e-09  3.08144047e-18 
 1.20000000e-01  1.20000000e-01  6.00000000e-01 -2.59275771e-03  2.59275994e-03  2.73106845e-12 -2.23549648e-09  3.07736079e-18 
 1.30000000e-01  1.30000000e-01  6.00000000e-01 -2.68979155e-03  2.68979376e-03  2.88581315e-12 -2.21080144e-09  3.23900962e-20 
 1.40000000e-01  1.40000000e-01  6.00000000e-01 -2.77441909e-03  2.77442128e-03  3.05712969e-12 -2.18765723e-09  4.85059533e-19 
 1.50000000e-01  1.50000000e-01  6.00000000e-01 -2.84847122e-03  2.84847338e-03  3.24449532e-12 -2.16599300e-09  3.74185596e-19 
 1.60000000e-01  1.60000000e-01  6.00000000e-01 -2.91373474e-03  2.91373688e-03  3.44691572e-12 -2.14573023e-09  6.42677728e-19 
 1.70000000e-01  1.70000000e-01  6.00000000e-01 -2.97183947e-03  2.97184160e-03  3.66313349e-12 -2.12678750e-09  1.19228364e-18 
 1.80000000e-01  1.80000000e-01  6.00000000e-01 -3.02419196e-03  3.02419407e-03  3.89182231e-12 -2.10908483e-09  1.18243309e-18 
 1.90000000e-01  1.90000000e-01  6.00000000e-01 -3.07195673e-03  3.07195882e-03  4.13172372e-12 -2.09254648e-09  1.06813322e-19 
 2.00000000e-01  2.00000000e-01  6.00000000e-01 -3.11607089e-03  3.11607296e-03  4.38172083e-12 -2.07710242e-09  1.58643986e-18 
 2.10000000e-01  2.10000000e-01  6.00000000e-01 -3.15727540e-03  3.15727746e-03  4.64086401e-12 -2.06268856e-09  2.67013510e-18 
 2.20000000e-01  2.20000000e-01  6.00000000e-01 -3.19615077e-03  3.19615282e-03  4.90836738e-12 -2.04924652e-09  2.59769218e-19 
 2.30000000e-01  2.30000000e-01  6.00000000e-01 -3.23315043e-03  3.23315247e-03  5.18359119e-12 -2.03672300e-09  2.08865785e-19 
 2.40000000e-01  2.40000000e-01  6.00000000e-01 -3.26862895e-03  3.26863097e-03  5.46601971e-12 -2.02506910e-09  2.31198001e-18 
 2.50000000e-01  2.50000000e-01  6.00000000e-01 -3.30286471e-03  3.30286672e-03  5.75523921e-12 -2.01423979e-09  2.56121945e-18 
 2.60000000e-01  2.60000000e-01  6.00000000e-01 -3.33607756e-03  3.33607956e-03  6.05091864e-12 -2.00419327e-09  1.06141774e-18 
 2.70000000e-01  2.70000000e-01  6.00000000e-01 -3.36844229e-03  3.36844428e-03  6.35279333e-12 -1.99489061e-09  2.64024751e-18 
 2.80000000e-01  2.80000000e-01  6.00000000e-01 -3.40009893e-03  3.40010091e-03  6.66065174e-12 -1.98629533e-09  3.25212327e-19 
 2.90000000e-01  2.90000000e-01  6.00000000e-01 -3.43116050e-03  3.43116247e-03  6.97432489e-12 -1.97837311e-09  7.37003052e-19 
 3.00000000e-01  3.00000000e-01  6.00000000e-01 -3.46171892e-03  3.46172089e-03  7.29367799e-12 -1.97109155e-09  1.90709645e-18 
 3.10000000e-01  3.10000000e-01  6.00000000e-01 -3.49184951e-03  3.49185147e-03  7.61860376e-12 -1.96441998e-09  9.62551403e-19 
 3.20000000e-01  3.20000000e-01  6.00000000e-01 -3.52161443e-03  3.52161638e-03  7.94901728e-12 -1.95832930e-09  9.04019756e-19 
 3.30000000e-01  3.30000000e-01  6.00000000e-01 -3.55106534e-03  3.55106728e-03  8.28485179e-12 -1.95279184e-09  6.84733077e-19 
 3.40000000e-01  3.40000000e-01  6.00000000e-01 -3.58024544e-03  3.58024738e-03  8.62605547e-12 -1.94778121e-09  2.47011950e-18 
 3.50000000e-01  3.50000000e-01  6.00000000e-01 -3.60919109e-03  3.60919303e-03  8.97258879e-12 -1.94327230e-09  4.91415893e-19 
 3.60000000e-01  3.60000000e-01  6.00000000e-01 -3.63793309e-03  3.63793502e-03  9.32442246e-12 -1.93924108e-09  1.01194595e-18 
 3.70000000e-01  3.70000000e-01  6.00000000e-01 -3.66649764e-03  3.66649957e-03  9.68153572e-12 -1.93566464e-09  6.30051887e-19 
 3.80000000e-01  3.80000000e-01  6.00000000e-01 -3.69490717e-03  3.69490910e-03  1.00439150e-11 -1.93252103e-09  2.06220917e-18 
 3.90000000e-01  3.90000000e-01  6.00000000e-01 -3.72318097e-03  3.72318289e-03  1.04115529e-11 -1.92978929e-09  2.30603150e-19 
 4.00000000e-01  4.00000000e-01  6.00000000e-01 -3.75133569e-03  3.75133760e-03  1.07844472e-11 -1.92744933e-09  3.71672370e-19 
 4.10000000e-01  4.10000000e-01  6.00000000e-01 -3.77938578e-03  3.77938769e-03  1.11626000e-11 -1.92548193e-09  1.20236343e-18 
 4.20000000e-01  4.20000000e-01  6.00000000e-01 -3.80734384e-03  3.80734575e-03  1.15460176e-11 -1.92386870e-09  1.79331176e-18 
 4.30000000e-01  4.30000000e-01  6.00000000e-01 -3.83522088e-03  3.83522279e-03  1.19347093e-11 -1.92259200e-09  1.77039587e-18 
 4.40000000e-01  4.40000000e-01  6.00000000e-01 -3.86302657e-03  3.86302848e-03  1.23286876e-11 -1.92163496e-09  3.47239371e-20 
 4.50000000e-01  4.50000000e-01  6.00000000e-01 -3.89076940e-03  3.89077131e-03  1.27279676e-11 -1.92098141e-09  1.33778268e-18 
 4.60000000e-01  4.60000000e-01  6.00000000e-01 -3.91845690e-03  3.91845880e-03  1.31325667e-11 -1.92061586e-09  1.28316532e-18 
 4.70000000e-01  4.70000000e-01  6.00000000e-01 -3.94609572e-03  3.94609762e-03  1.35425043e-11 -1.92052347e-09  3.82007445e-19 
 4.80000000e-01  4.80000000e-01  6.00000000e-01 -3.97369178e-03  3.97369368e-03  1.39578019e-11 -1.92069005e-09  4.76139119e-20 
 4.90000000e-01  4.90000000e-01  6.00000000e-01 -4.00125035e-03  4.00125225e-03  1.43784825e-11 -1.92110199e-09  1.43910726e-18 
 5.00000000e-01  5.00000000e-01  6.00000000e-01 -4.02877613e-03  4.02877803e-03  1.48045708e-11 -1.92174628e-09  4.35639242e-18 
 5.10000000e-01  5.10000000e-01  6.00000000e-01 -4.05627334e-03  4.05627524e-03  1.52360929e-11 -1.92261045e-09  4.20629359e-18 
 5.20000000e-01  5.20000000e-01  6.00000000e-01 -4.08374575e-03  4.08374766e-03  1.56730763e-11 -1.92368258e-09  6.19853976e-19 
 5.30000000e-01  5.30000000e-01  6.00000000e-01 -4.11119678e-03  4.11119869e-03  1.61155497e-11 -1.92495131e-09  1.00348208e-18 
 5.40000000e-01  5.40000000e-01  6.00000000e-01 -4.13862947e-03  4.13863138e-03  1.65635431e-11 -1.92640577e-09  1.76501161e-18 
 5.50000000e-01  5.50000000e-01  6.00000000e-01 -4.16604661e-03  4.16604852e-03  1.70170875e-11 -1.92803567e-09  1.81169166e-18 
 5.60000000e-01  5.60000000e-01  6.00000000e-01 -4.19345070e-03  4.19345261e-03  1.74762150e-11 -1.92983135e-09  2.63828022e-18 
 5.70000000e-01  5.70000000e-01  6.00000000e-01 -4.22084401e-03  4.22084592e-03  1.79409587e-11 -1.93178413e-09  7.64359731e-19 
 5.80000000e-01  5.80000000e-01  6.00000000e-01 -4.24822863e-03  4.24823055e-03  1.84113529e-11 -1.93388727e-09  5.98086541e-19 
 5.90000000e-01  5.90000000e-01  6.00000000e-01 -4.27560645e-03  4.27560837e-03  1.88874326e-11 -1.93613138e-09  1.06959473e-18 
 6.00000000e-01  6.00000000e-01  6.00000000e-01 -4.30297921e-03  4.30298112e-03  1.93692339e-11 -1.93843100e-09  2.33387086e-18 
 6.10000000e-01  6.10000000e-01  6.00000000e-01 -4.33034851e-03  4.33035043e-03  1.98567938e-11 -1.94065714e-09  4.62953615e-19 
 6.20000000e-01  6.20000000e-01  6.00000000e-01 -4.35771583e-03  4.35771775e-03  2.03501500e-11 -1.94276691e-09  4.84473203e-19 
 6.30000000e-01  6.30000000e-01  6.00000000e-01 -4.38508256e-03  4.38508448e-03  2.08493414e-11 -1.94474547e-09  1.78389923e-18 
 6.40000000e-01  6.40000000e-01  6.00000000e-01 -4.41244999e-03  4.41245191e-03  2.13544076e-11 -1.94658199e-09  1.98531108e-18 
 6.50000000e-01  6.50000000e-01  6.00000000e-01 -4.43981934e-03  4.43982127e-03  2.18653890e-11 -1.94826617e-09  1.04631770e-18 
 6.60000000e-01  6.60000000e-01  6.00000000e-01 -4.46719178e-03  4.46719370e-03  2.23823271e-11 -1.94978759e-09  2.79565633e-18 
 6.70000000e-01  6.70000000e-01  6.00000000e-01 -4.49456841e-03  4.49457034e-03  2.29052640e-11 -1.95113549e-09  1.35676184e-18 
 6.80000000e-01  6.80000000e-01  6.00000000e-01 -4.52195033e-03  4.52195226e-03  2.34342428e-11 -1.95229869e-09  1.29157417e-18 
 6.90000000e-01  6.90000000e-01  6.00000000e-01 -4.54933860e-03  4.54934052e-03  2.39693075e-11 -1.95326555e-09  9.62441952e-19 
 7.00000000e-01  7.00000000e-01  6.00000000e-01 -4.57673426e-03  4.57673619e-03  2.45105029e-11 -1.95402396e-09  9.62540564e-19 
 7.10000000e-01  7.10000000e-01  6.00000000e-01 -4.60413836e-03  4.60414029e-03  2.50578746e-11 -1.95456128e-09  1.28923375e-18 
 7.20000000e-01  7.20000000e-01  6.00000000e-01 -4.63155198e-03  4.63155391e-03  2.56114692e-11 -1.95486435e-09  5.63129071e-19 
 7.30000000e-01  7.30000000e-01  6.00000000e-01 -4.65897619e-03  4.65897812e-03  2.61713342e-11 -1.95491942e-09  1.44008009e-20 
 7.40000000e-01  7.40000000e-01  6.00000000e-01 -4.68641210e-03  4.68641403e-03  2.67375178e-11 -1.95471220e-09  1.53687262e-18 
 7.50000000e-01  7.50000000e-01  6.00000000e-01 -4.71386088e-03  4.71386281e-03  2.73100693e-11 -1.95422775e-09  1.14043333e-19 
 7.60000000e-01  7.60000000e-01  6.00000000e-01 -4.74132372e-03  4.74132565e-03  2.78890387e-11 -1.95345056e-09  6.51466963e-18 
 7.70000000e-01  7.70000000e-01  6.00000000e-01 -4.76880189e-03  4.76880382e-03  2.84744773e-11 -1.95236442e-09  7.31730775e-19 
 7.80000000e-01  7.80000000e-01  6.00000000e-01 -4.79629673e-03  4.79629865e-03  2.90664368e-11 -1.95095246e-09  9.21066281e-19 
 7.90000000e-01  7.90000000e-01  6.00000000e-01 -4.82380963e-03  4.82381155e-03  2.96649703e-11 -1.94919714e-09  1.05971256e-18 
 8.00000000e-01  8.00000000e-01  6.00000000e-01 -4.85134209e-03  4.85134401e-03  3.02701317e-11 -1.94708016e-09  1.52172439e-18 
 8.10000000e-01  8.10000000e-01  6.00000000e-01 -4.87889571e-03  4.87889762e-03  3.08819757e-11 -1.94458248e-09  1.82426648e-18 
 8.20000000e-01  8.20000000e-01  6.00000000e-01 -4.90647215e-03  4.90647406e-03  3.15005583e-11 -1.94168429e-09  2.58422393e-18 
 8.30000000e-01  8.30000000e-01  6.00000000e-01 -4.93407323e-03  4.93407513e-03  3.21259362e-11 -1.93836495e-09  5.63820238e-19 
 8.40000000e-01  8.40000000e-01  6.00000000e-01 -4.96170084e-03  4.96170274e-03  3.27581673e-11 -1.93460302e-09  1.28333056e-18 
 8.50000000e-01  8.50000000e-01  6.00000000e-01 -4.98935702e-03  4.98935891e-03  3.33973104e-11 -1.93037618e-09  5.26718836e-19 
 8.60000000e-01  8.60000000e-01  6.00000000e-01 -5.01704392e-03  5.01704581e-03  3.40434256e-11 -1.92566119e-09  4.17590927e-19 
 8.70000000e-01  8.70000000e-01  6.00000000e-01 -5.04476384e-03  5.04476573e-03  3.46965738e-11 -1.92043390e-09  5.73100972e-20 
 8.80000000e-01  8.80000000e-01  6.00000000e-01 -5.07251922e-03  5.07252110e-03  3.53568171e-11 -1.91466921e-09  6.21007616e-19 
 8.90000000e-01  8.90000000e-01  6.00000000e-01 -5.10031262e-03  5.10031449e-03  3.60242186e-11 -1.90834100e-09  1.49989098e-18 
 9.00000000e-01  9.00000000e-01  6.00000000e-01 -5.12814678e-03  5.12814864e-03  3.66988426e-11 -1.90142214e-09  9.87046313e-19 
 9.10000000e-01  9.10000000e-01  6.00000000e-01 -5.15602458e-03  5.15602643e-03  3.73807547e-11 -1.89388441e-09  4.39246414e-18 
 9.20000000e-01  9.20000000e-01  6.00000000e-01 -5.18394906e-03  5.18395091e-03  3.80700213e-11 -1.88569849e-09  2.84117124e-18 
 9.30000000e-01  9.30000000e-01  6.00000000e-01 -5.21192344e-03  5.21192528e-03  3.87667104e-11 -1.87683393e-09  2.23911523e-20 
 9.40000000e-01  9.40000000e-01  6.00000000e-01 -5.23995108e-03  5.23995291e-03  3.94708907e-11 -1.86725907e-09  2.35552019e-18 
 9.50000000e-01  9.50000000e-01  6.00000000e-01 -5.26803554e-03  5.26803735e-03  4.01826326e-11 -1.85694106e-09  1.11410763e-18 
 9.60000000e-01  9.60000000e-01  6.00000000e-01 -5.29618052e-03  5.29618233e-03  4.09020076e-11 -1.84584574e-09  1.64272163e-18 
 9.70000000e-01  9.70000000e-01  6.00000000e-01 -5.32438994e-03  5.32439173e-03  4.16290882e-11 -1.83393765e-09  4.35002060e-18 
 9.80000000e-01  9.80000000e-01  6.00000000e-01 -5.35266785e-03  5.35266963e-03  4.23639486e-11 -1.82118000e-09  3.17995668e-18 
 9.90000000e-01  9.90000000e-01  6.00000000e-01 -5.38101852e-03  5.38102029e-03  4.31066640e-11 -1.80753454e-09  1.64575881e-18 
 1.00000000e+00  1.00000000e+00  6.00000000e-01 -5.40944639e-03  5.40944814e-03  4.38573111e-11 -1.79296159e-09  7.94943988e-19 
 1.01000000e+00  1.01000000e+00  6.00000000e-01 -5.43795608e-03  5.43795781e-03  4.46159679e-11 -1.77741999e-09  2.46218323e-18 
 1.02000000e+00  1.02000000e+00  6.00000000e-01 -5.46655238e-03  5.46655410e-03  4.53827138e-11 -1.76086698e-09  1.12066303e-18 
 1.03000000e+00  1.03000000e+00  6.00000000e-01 -5.49524031e-03  5.49524201e-03  4.61576297e-11 -1.74325821e-09  1.61632898e-18 
 1.04000000e+00  1.04000000e+00  6.00000000e-01 -5.52402503e-03  5.52402671e-03  4.69407977e-11 -1.72454767e-09  7.50567790e-19 
 1.05000000e+00  1.05000000e+00  6.00000000e-01 -5.55291191e-03  5.55291356e-03  4.77323017e-11 -1.70468760e-09  1.70156036e-18 
 1.06000000e+00  1.06000000e+00  6.00000000e-01 -5.58190650e-03  5.58190813e-03  4.85322267e-11 -1.68362849e-09  4.17155181e-18 
 1.07000000e+00  1.07000000e+00  6.00000000e-01 -5.61101454e-03  5.61101615e-03  5.30096662e-11 -1.66131897e-09  1.60194512e-18 
 1.08000000e+00  1.08000000e+00  6.00000000e-01 -5.64024197e-03  5.64024353e-03  7.11345014e-11 -1.63770575e-09  2.09494618e-18 
 1.09000000e+00  1.09000000e+00  6.00000000e-01 -5.66959488e-03  5.66959640e-03  9.67079061e-11 -1.61273360e-09  2.91801739e-19 
 1.10000000e+00  1.10000000e+00  6.00000000e-01 -5.69907957e-03  5.69908103e-03  1.32572672e-10 -1.58634523e-09  2.60080109e-18 
 1.11000000e+00  1.11000000e+00  6.00000000e-01 -5.72870252e-03  5.72870389e-03  1.82559682e-10 -1.55848124e-09  7.60618061e-19 
 1.12000000e+00  1.12000000e+00  6.00000000e-01 -5.75847038e-03  5.75847166e-03  2.51797623e-10 -1.52908008e-09  2.33908376e-19 
 1.13000000e+00  1.13000000e+00  6.00000000e-01 -5.78838999e-03  5.78839114e-03  3.47109195e-10 -1.49807792e-09  1.15693720e-18 
 1.14000000e+00  1.14000000e+00  6.00000000e-01 -5.81846838e-03  5.81846937e-03  4.77514945e-10 -1.46540862e-09  2.71276984e-19 
 1.15000000e+00  1.15000000e+00  6.00000000e-01 -5.84871273e-03  5.84871351e-03  6.54870304e-10 -1.43100362e-09  7.59153279e-19 
 1.16000000e+00  1.16000000e+00  6.00000000e-01 -5.87913043e-03  5.87913093e-03  8.94666583e-10 -1.39479190e-09  2.93468668e-18 
 1.17000000e+00  1.17000000e+00  6.00000000e-01 -5.90972901e-03  5.90972915e-03  1.21703268e-09 -1.35669984e-09  1.56225756e-18 
 1.18000000e+00  1.18000000e+00  6.00000000e-01 -5.94051621e-03  5.94051588e-03  1.64798125e-09 -1.31665118e-09  1.40489182e-19 
 1.19000000e+00  1.19000000e+00  6.00000000e-01 -5.97149992e-03  5.97149897e-03  2.22095127e-09 -1.27456691e-09  1.54100357e-18 
 1.20000000e+00  1.20000000e+00  6.00000000e-01 -6.00268821e-03  6.00268646e-03  2.97870782e-09 -1.23036521e-09  5.67846256e-19 
 0.00000000e+00  0.00000000e+00  8.00000000e-01  4.42483353e-09  4.42483353e-09  7.83671342e-11 -8.92803420e-09  3.27691994e-19 
 1.00000000e-02  1.00000000e-02  8.00000000e-01 -4.39736778e-04  4.39745526e-04  7.98725016e-11 -8.82825093e-09  2.28980605e-18 
 2.00000000e-02  2.00000000e-02  8.00000000e-01 -8.61794336e-04  8.61802974e-04  8.14082004e-11 -8.71901880e-09  5.41279024e-19 
 3.00000000e-02  3.00000000e-02  8.00000000e-01 -1.26647613e-03  1.26648466e-03  8.29753932e-11 -8.61112760e-09  5.57948471e-19 
 4.00000000e-02  4.00000000e-02  8.00000000e-01 -1.65414375e-03  1.65415218e-03  8.45751492e-11 -8.50769214e-09  6.19941858e-19 
 5.00000000e-02  5.00000000e-02  8.00000000e-01 -2.02516600e-03  2.02517432e-03  8.62085017e-11 -8.40882810e-09  8.44800684e-19 
 6.00000000e-02  6.00000000e-02  8.00000000e-01 -2.37990091e-03  2.37990914e-03  8.78764901e-11 -8.31427817e-09  1.36704973e-19 
 7.00000000e-02  7.00000000e-02  8.00000000e-01 -2.71868717e-03  2.71869530e-03  8.95801913e-11 -8.22379848e-09  4.83731539e-19 
 8.00000000e-02  8.00000000e-02  8.00000000e-01 -3.04183904e-03  3.04184709e-03  9.13207473e-11 -8.13719224e-09  7.65777445e-20 
 9.00000000e-02  9.00000000e-02  8.00000000e-01 -3.34964308e-03  3.34965104e-03  9.30993891e-11 -8.05430042e-09  6.52714444e-19 
 1.00000000e-01  1.00000000e-01  8.00000000e-01 -3.64235566e-03  3.64236354e-03  9.49174600e-11 -7.97499179e-09  2.46944574e-19 
 1.10000000e-01  1.10000000e-01  8.00000000e-01 -3.92020125e-03  3.92020905e-03  9.67764393e-11 -7.89915643e-09  4.79542450e-21 
 1.20000000e-01  1.20000000e-01  8.00000000e-01 -4.18337162e-03  4.18337935e-03  9.86779657e-11 -7.82670207e-09  1.17678628e-18 
 1.30000000e-01  1.30000000e-01  8.00000000e-01 -4.43202638e-03  4.43203404e-03  1.00623860e-10 -7.75755191e-09  1.10578011e-18 
 1.40000000e-01  1.40000000e-01  8.00000000e-01 -4.66629584e-03  4.66630342e-03  1.02616143e-10 -7.69164345e-09  1.62028412e-18 
 1.50000000e-01  1.50000000e-01  8.00000000e-01 -4.88628726e-03  4.88629478e-03  1.04657049e-10 -7.62892747e-09  1.78513937e-18 
 1.60000000e-01  1.60000000e-01  8.00000000e-01 -5.09209628e-03  5.09210375e-03  1.06749019e-10 -7.56936684e-09  3.64547828e-19 
 1.70000000e-01  1.70000000e-01  8.00000000e-01 -5.28382495e-03  5.28383235e-03  1.08894676e-10 -7.51293463e-09  1.90457319e-18 
 1.80000000e-01  1.80000000e-01  8.00000000e-01 -5.46160760e-03  5.46161495e-03  1.11096764e-10 -7.45961102e-09  1.77452451e-18 
 1.90000000e-01  1.90000000e-01  8.00000000e-01 -5.62564425e-03  5.62565155e-03  1.13358044e-10 -7.40937875e-09  6.77810729e-19 
 2.00000000e-01  2.00000000e-01  8.00000000e-01 -5.77623846e-03  5.77624570e-03  1.15681157e-10 -7.36221712e-09  8.75004460e-19 
 2.10000000e-01  2.10000000e-01  8.00000000e-01 -5.91383310e-03  5.91384030e-03  1.18068452e-10 -7.31809522e-09  2.75283407e-19 
 2.20000000e-01  2.20000000e-01  8.00000000e-01 -6.03903509e-03  6.03904225e-03  1.20521820e-10 -7.27696528e-09  1.92674469e-18 
 2.30000000e-01  2.30000000e-01  8.00000000e-01 -6.15261976e-03  6.15262688e-03  1.23042566e-10 -7.23875806e-09  5.67968782e-19 
 2.40000000e-01  2.40000000e-01  8.00000000e-01 -6.25551032e-03  6.25551740e-03  1.25631361e-10 -7.20338118e-09  2.38549604e-18 
 2.50000000e-01  2.50000000e-01  8.00000000e-01 -6.34873491e-03  6.34874195e-03  1.28288276e-10 -7.17072117e-09  1.42384036e-18 
 2.60000000e-01  2.60000000e-01  8.00000000e-01 -6.43337064e-03  6.43337765e-03  1.31012895e-10 -7.14064831e-09  1.24691739e-19 
 2.70000000e-01  2.70000000e-01  8.00000000e-01 -6.51048694e-03  6.51049392e-03  1.33804477e-10 -7.11302320e-09  3.86931102e-19 
 2.80000000e-01  2.80000000e-01  8.00000000e-01 -6.58109839e-03  6.58110535e-03  1.36662116e-10 -7.08770326e-09  6.36033752e-19 
 2.90000000e-01  2.90000000e-01  8.00000000e-01 -6.64613259e-03  6.64613951e-03  1.39584880e-10 -7.06454822e-09  2.64822765e-18 
 3.00000000e-01  3.00000000e-01  8.00000000e-01 -6.70641327e-03  6.70642017e-03  1.42571919e-10 -7.04342400e-09  9.94276680e-19 
 3.10000000e-01  3.10000000e-01  8.00000000e-01 -6.76265611e-03  6.76266298e-03  1.45622528e-10 -7.02420501e-09  5.09615222e-19 
 3.20000000e-01  3.20000000e-01  8.00000000e-01 -6.81547307e-03  6.81547993e-03  1.48736180e-10 -7.00677522e-09  1.52152119e-18 
 3.30000000e-01  3.30000000e-01  8.00000000e-01 -6.86538185e-03  6.86538869e-03  1.51912535e-10 -6.99102824e-09  1.72009947e-18 
 3.40000000e-01  3.40000000e-01  8.00000000e-01 -6.91281736e-03  6.91282419e-03  1.55151438e-10 -6.97686690e-09  1.84249648e-19 
 3.50000000e-01  3.50000000e-01  8.00000000e-01 -6.95814366e-03  6.95815046e-03  1.58452904e-10 -6.96420253e-09  2.82917690e-19 
 3.60000000e-01  3.60000000e-01  8.00000000e-01 -7.00166499e-03  7.00167179e-03  1.61817103e-10 -6.95295411e-09  2.83028222e-18 
 3.70000000e-01  3.70000000e-01  8.00000000e-01 -7.04363580e-03  7.04364258e-03  1.65244343e-10 -6.94304742e-09  2.48439902e-18 
 3.80000000e-01  3.80000000e-01  8.00000000e-01 -7.08426916e-03  7.08427593e-03  1.68735049e-10 -6.93441423e-09  3.17114691e-18 
 3.90000000e-01  3.90000000e-01  8.00000000e-01 -7.12374402e-03  7.12375077e-03  1.72289754e-10 -6.92699161e-09  6.34260897e-20 
 4.00000000e-01  4.00000000e-01  8.00000000e-01 -7.16221110e-03  7.16221784e-03  1.75909085e-10 -6.92072129e-09  2.17052495e-18 
 4.10000000e-01  4.10000000e-01  8.00000000e-01 -7.19979786e-03  7.19980459e-03  1.79593746e-10 -6.91554911e-09  2.03751695e-18 
 4.20000000e-01  4.20000000e-01  8.00000000e-01 -7.23661247e-03  7.23661920e-03  1.83344515e-10 -6.91142457e-09  2.23698491e-18 
 4.30000000e-01  4.30000000e-01  8.00000000e-01 -7.27274714e-03  7.27275386e-03  1.87162236e-10 -6.90830042e-09  5.95352906e-21 
 4.40000000e-01  4.40000000e-01  8.00000000e-01 -7.30828078e-03  7.30828749e-03  1.91047807e-10 -6.90613235e-09  3.78086799e-18 
 4.50000000e-01  4.50000000e-01  8.00000000e-01 -7.34328117e-03  7.34328788e-03  1.95002181e-10 -6.90487867e-09  1.26864716e-18 
 4.60000000e-01  4.60000000e-01  8.00000000e-01 -7.37780683e-03  7.37781354e-03  1.99026355e-10 -6.90450010e-09  1.14128733e-18 
 4.70000000e-01  4.70000000e-01  8.00000000e-01 -7.41190843e-03  7.41191514e-03  2.03121373e-10 -6.90495954e-09  2.84541479e-18 
 4.80000000e-01  4.80000000e-01  8.00000000e-01 -7.44563006e-03  7.44563675e-03  2.07288319e-10 -6.90622188e-09  3.94884136e-18 
 4.90000000e-01  4.90000000e-01  8.00000000e-01 -7.47901017e-03  7.47901687e-03  2.11528315e-10 -6.90825390e-09  2.22292796e-19 
 5.00000000e-01  5.00000000e-01  8.00000000e-01 -7.51208248e-03  7.51208918e-03  2.15842522e-10 -6.91102406e-09  8.08660504e-19 
 5.10000000e-01  5.10000000e-01  8.00000000e-01 -7.54487663e-03  7.54488332e-03  2.20232132e-10 -6.91450242e-09  1.97313947e-18 
 5.20000000e-01  5.20000000e-01  8.00000000e-01 -7.57741876e-03  7.57742545e-03  2.24698375e-10 -6.91866056e-09  1.42656783e-19 
 5.30000000e-01  5.30000000e-01  8.00000000e-01 -7.60973200e-03  7.60973870e-03  2.29242510e-10 -6.92347143e-09  5.81253974e-19 
 5.40000000e-01  5.40000000e-01  8.00000000e-01 -7.64183692e-03  7.64184361e-03  2.33865831e-10 -6.92890931e-09  2.28667670e-19 
 5.50000000e-01  5.50000000e-01  8.00000000e-01 -7.67375179e-03  7.67375848e-03  2.38569661e-10 -6.93494971e-09  2.32105267e-18 
 5.60000000e-01  5.60000000e-01  8.00000000e-01 -7.70549296e-03  7.70549965e-03  2.43355357e-10 -6.94156933e-09  6.13933451e-21 
 5.70000000e-01  5.70000000e-01  8.00000000e-01 -7.73707505e-03  7.73708175e-03  2.48224303e-10 -6.94874597e-09  2.60775192e-18 
 5.80000000e-01  5.80000000e-01  8.00000000e-01 -7.76851121e-03  7.76851792e-03  2.53177917e-10 -6.95645851e-09  2.03421890e-18 
 5.90000000e-01  5.90000000e-01  8.00000000e-01 -7.79981327e-03  7.79981997e-03  2.58217644e-10 -6.96468681e-09  7.90289546e-19 
 6.00000000e-01  6.00000000e-01  8.00000000e-01 -7.83099189e-03  7.83099860e-03  2.63344963e-10 -6.97341171e-09  6.68100959e-19 
 6.10000000e-01  6.10000000e-01  8.00000000e-01 -7.86205673e-03  7.86206345e-03  2.68561380e-10 -6.98261495e-09  1.46245594e-18 
 6.20000000e-01  6.20000000e-01  8.00000000e-01 -7.89301656e-03  7.89302328e-03  2.73868434e-10 -6.99227917e-09  9.98372671e-19 
 6.30000000e-01  6.30000000e-01  8.00000000e-01 -7.92387932e-03  7.92388605e-03  2.79267693e-10 -7.00238781e-09  2.50923130e-18 
 6.40000000e-01  6.40000000e-01  8.00000000e-01 -7.95465229e-03  7.95465901e-03  2.84760758e-10 -7.01292516e-09  1.29990647e-18 
 6.50000000e-01  6.50000000e-01  8.00000000e-01 -7.98534207e-03  7.98534880e-03  2.90349259e-10 -7.02387625e-09  2.09499031e-18 
 6.60000000e-01  6.60000000e-01  8.00000000e-01 -8.01595474e-03  8.01596148e-03  2.96034859e-10 -7.03522685e-09  1.23637042e-18 
 6.70000000e-01  6.70000000e-01  8.00000000e-01 -8.04649587e-03  8.04650262e-03  3.01819251e-10 -7.04696346e-09  5.17754783e-19 
 6.80000000e-01  6.80000000e-01  8.00000000e-01 -8.07697059e-03  8.07697735e-03  3.07704164e-10 -7.05907324e-09  1.26183652e-18 
 6.90000000e-01  6.90000000e-01  8.00000000e-01 -8.10738365e-03  8.10739041e-03  3.13691355e-10 -7.07154402e-09  4.21532078e-18 
 7.00000000e-01  7.00000000e-01  8.00000000e-01 -8.13773943e-03  8.13774619e-03  3.19782617e-10 -7.08436427e-09  1.71055729e-19 
 7.10000000e-01  7.10000000e-01  8.00000000e-01 -8.16804202e-03  8.16804879e-03  3.25979775e-10 -7.09752305e-09  2.62464584e-18 
 7.20000000e-01  7.20000000e-01  8.00000000e-01 -8.19829524e-03  8.19830202e-03  3.32284690e-10 -7.11101004e-09  3.15790711e-18 
 7.30000000e-01  7.30000000e-01  8.00000000e-01 -8.22850267e-03  8.22850946e-03  3.38699254e-10 -7.12481551e-09  1.10175557e-18 
 7.40000000e-01  7.40000000e-01  8.00000000e-01 -8.25866770e-03  8.25867449e-03  3.45225396e-10 -7.13893027e-09  2.98223674e-18 
 7.50000000e-01  7.50000000e-01  8.00000000e-01 -8.28879352e-03  8.28880032e-03  3.51865082e-10 -7.15334576e-09  2.90267748e-18 
 7.60000000e-01  7.60000000e-01  8.00000000e-01 -8.31888321e-03  8.31889002e-03  3.58620310e-10 -7.16805413e-09  4.42823210e-18 
 7.70000000e-01  7.70000000e-01  8.00000000e-01 -8.34893970e-03  8.34894651e-03  3.65493117e-10 -7.18304852e-09  2.48711497e-20 
 7.80000000e-01  7.80000000e-01  8.00000000e-01 -8.37896583e-03  8.37897265e-03  3.72485577e-10 -7.19832406e-09  1.20523436e-18 
 7.90000000e-01  7.90000000e-01  8.00000000e-01 -8.40896438e-03  8.40897121e-03  3.79599800e-10 -7.21387330e-09  2.61996410e-18 
 8.00000000e-01  8.00000000e-01  8.00000000e-01 -8.43893806e-03  8.43894490e-03  3.86837937e-10 -7.22961276e-09  5.96149005e-18 
 8.10000000e-01  8.10000000e-01  8.00000000e-01 -8.46888957e-03  8.46889642e-03  3.94202176e-10 -7.24541547e-09  8.17558951e-20 
 8.20000000e-01  8.20000000e-01  8.00000000e-01 -8.49882159e-03  8.49882845e-03  4.01694744e-10 -7.26124062e-09  1.44542523e-18 
 8.30000000e-01  8.30000000e-01  8.00000000e-01 -8.52873680e-03  8.52874367e-03  4.09317908e-10 -7.27707548e-09  2.24175397e-18 
 8.40000000e-01  8.40000000e-01  8.00000000e-01 -8.55863793e-03  8.55864481e-03  4.17073978e-10 -7.29291140e-09  1.04579411e-20 
 8.50000000e-01  8.50000000e-01  8.00000000e-01 -8.58852774e-03  8.58853462e-03  4.24965302e-10 -7.30874029e-09  2.03402756e-18 
 8.60000000e-01  8.60000000e-01  8.00000000e-01 -8.61840905e-03  8.61841594e-03  4.32994273e-10 -7.32455399e-09  8.56919151e-19 
 8.70000000e-01  8.70000000e-01  8.00000000e-01 -8.64828475e-03  8.64829165e-03  4.41163325e-10 -7.34034405e-09  2.74867909e-18 
 8.80000000e-01  8.80000000e-01  8.00000000e-01 -8.67815786e-03  8.67816477e-03  4.49474936e-10 -7.35610167e-09  1.65797761e-18 
 8.90000000e-01  8.90000000e-01  8.00000000e-01 -8.70803147e-03  8.70803838e-03  4.57931628e-10 -7.37181760e-09  1.66835847e-18 
 9.00000000e-01  9.00000000e-01  8.00000000e-01 -8.73790881e-03  8.73791573e-03  4.66535968e-10 -7.38748221e-09  1.94236101e-18 
 9.10000000e-01  9.10000000e-01  8.00000000e-01 -8.76779323e-03  8.76780016e-03  4.75290568e-10 -7.40308535e-09  6.77775044e-19 
 9.20000000e-01  9.20000000e-01  8.00000000e-01 -8.79768826e-03  8.79769519e-03  4.84198087e-10 -7.41861641e-09  2.70349321e-18 
 9.30000000e-01  9.30000000e-01  8.00000000e-01 -8.82759755e-03  8.82760449e-03  4.93261231e-10 -7.43406428e-09  1.43467343e-19 
 9.40000000e-01  9.40000000e-01  8.00000000e-01 -8.85752496e-03  8.85753190e-03  5.02482753e-10 -7.44941729e-09  2.97306062e-18 
 9.50000000e-01  9.50000000e-01  8.00000000e-01 -8.88747449e-03  8.88748144e-03  5.11865456e-10 -7.46466326e-09  3.85710018e-18 
 9.60000000e-01  9.60000000e-01  8.00000000e-01 -8.91745036e-03  8.91745732e-03  5.21412192e-10 -7.47978940e-09  2.10641336e-18 
 9.70000000e-01  9.70000000e-01  8.00000000e-01 -8.94745700e-03  8.94746396e-03  5.31125862e-10 -7.49478234e-09  1.63071492e-18 
 9.80000000e-01  9.80000000e-01  8.00000000e-01 -8.97749901e-03  8.97750598e-03  5.41009420e-10 -7.50962809e-09  2.92950894e-18 
 9.90000000e-01  9.90000000e-01  8.00000000e-01 -9.00758125e-03  9.00758823e-03  5.51065871e-10 -7.52431200e-09  4.14233987e-18 
 1.00000000e+00  1.00000000e+00  8.00000000e-01 -9.03770877e-03  9.03771575e-03  5.61298273e-10 -7.53881877e-09  7.91796101e-19 
 1.01000000e+00  1.01000000e+00  8.00000000e-01 -9.06788688e-03  9.06789386e-03  5.71709736e-10 -7.55313238e-09  4.84205061e-19 
 1.02000000e+00  1.02000000e+00  8.00000000e-01 -9.09812109e-03  9.09812807e-03  5.82303428e-10 -7.56723612e-09  1.42465214e-18 
 1.03000000e+00  1.03000000e+00  8.00000000e-01 -9.12841718e-03  9.12842417e-03  5.93082569e-10 -7.58111251e-09  1.53379913e-18 
 1.04000000e+00  1.04000000e+00  8.00000000e-01 -9.15878117e-03  9.15878816e-03  6.04050437e-10 -7.59474329e-09  4.45993246e-19 
 1.05000000e+00  1.05000000e+00  8.00000000e-01 -9.18921933e-03  9.18922632e-03  6.15210367e-10 -7.60810940e-09  5.22574764e-19 
 1.06000000e+00  1.06000000e+00  8.00000000e-01 -9.21973816e-03  9.21974516e-03  6.26565751e-10 -7.62119093e-09  4.98210531e-18 
 1.07000000e+00  1.07000000e+00  8.00000000e-01 -9.25034445e-03  9.25035145e-03  6.38120042e-10 -7.63396712e-09  4.29246436e-18 
 1.08000000e+00  1.08000000e+00  8.00000000e-01 -9.28104522e-03  9.28105222e-03  6.49876752e-10 -7.64641629e-09  2.62605980e-18 
 1.09000000e+00  1.09000000e+00  8.00000000e-01 -9.31184777e-03  9.31185477e-03  6.61839454e-10 -7.65851583e-09  3.08602816e-18 
 1.10000000e+00  1.10000000e+00  8.00000000e-01 -9.34275964e-03  9.34276664e-03  6.74011784e-10 -7.67024218e-09  3.61548155e-18 
 1.11000000e+00  1.11000000e+00  8.00000000e-01 -9.37378864e-03  9.37379563e-03  6.86397438e-10 -7.68157074e-09  4.71896923e-19 
 1.12000000e+00  1.12000000e+00  8.00000000e-01 -9.40494283e-03  9.40494982e-03  6.99000181e-10 -7.69247591e-09  1.64961404e-18 
 1.13000000e+00  1.13000000e+00  8.00000000e-01 -9.43623054e-03  9.43623753e-03  7.11823837e-10 -7.70293096e-09  3.16243556e-19 
 1.14000000e+00  1.14000000e+00  8.00000000e-01 -9.46766036e-03  9.46766735e-03  7.24872302e-10 -7.71290808e-09  4.61491839e-18 
 1.15000000e+00  1.15000000e+00  8.00000000e-01 -9.49924113e-03  9.49924811e-03  7.38149535e-10 -7.72237829e-09  2.63676931e-18 
 1.16000000e+00  1.16000000e+00  8.00000000e-01 -9.53098193e-03  9.53098891e-03  7.51659566e-10 -7.73131141e-09  2.14115298e-18 
 1.17000000e+00  1.17000000e+00  8.00000000e-01 -9.56289215e-03  9.56289910e-03  7.85732632e-10 -7.73967600e-09  3.05992720e-19 
 1.18000000e+00  1.18000000e+00  8.00000000e-01 -9.59498136e-03  9.59498827e-03  8.35143872e-10 -7.74743934e-09  2.51457809e-18 
 1.19000000e+00  1.19000000e+00  8.00000000e-01 -9.62725941e-03  9.62726627e-03  8.99609768e-10 -7.75456740e-09  5.49952302e-18 
 1.20000000e+00  1.20000000e+00  8.00000000e-01 -9.65973640e-03  9.65974317e-03  9.84677355e-10 -7.76102472e-09  1.22211138e-18 
 0.00000000e+00  0.00000000e+00  1.00000000e+00  1.16158624e-08  1.16158624e-08  2.80669423e-09 -2.60384190e-08  3.03750606e-18 
 1.00000000e-02  1.00000000e-02  1.00000000e+00 -4.83172046e-04  4.83195055e-04  2.85876904e-09 -2.58681123e-08  1.24984592e-18 
 2.00000000e-02  2.00000000e-02  1.00000000e+00 -9.53107413e-04  9.53130169e-04  2.91178196e-09 -2.56684599e-08  2.53873311e-19 
 3.00000000e-02  3.00000000e-02  1.00000000e+00 -1.40995558e-03  1.40997809e-03  2.96574944e-09 -2.54704790e-08  3.35928883e-18 
 4.00000000e-02  4.00000000e-02  1.00000000e+00 -1.85390040e-03  1.85392266e-03  3.02068813e-09 -2.52828584e-08  3.05023430e-18 
 5.00000000e-02  5.00000000e-02  1.00000000e+00 -2.28513332e-03  2.28515535e-03  3.07661484e-09 -2.51059501e-08  4.67745821e-20 
 6.00000000e-02  6.00000000e-02  1.00000000e+00 -2.70384613e-03  2.70386793e-03  3.13354665e-09 -2.49391143e-08  2.81564298e-18 
 7.00000000e-02  7.00000000e-02  1.00000000e+00 -3.11022673e-03  3.11024832e-03  3.19150083e-09 -2.47817571e-08  2.29184864e-18 
 8.00000000e-02  8.00000000e-02  1.00000000e+00 -3.50445667e-03  3.50447806e-03  3.25049496e-09 -2.46334113e-08  1.94798387e-18 
 9.00000000e-02  9.00000000e-02  1.00000000e+00 -3.88670933e-03  3.88673051e-03  3.31054686e-09 -2.44937051e-08  9.87315335e-19 
 1.00000000e-01  1.00000000e-01  1.00000000e+00 -4.25714848e-03  4.25716947e-03  3.37167467e-09 -2.43623317e-08  3.04139132e-18 
 1.10000000e-01  1.10000000e-01  1.00000000e+00 -4.61592711e-03  4.61594791e-03  3.43389682e-09 -2.42390297e-08  2.82563615e-18 
 1.20000000e-01  1.20000000e-01  1.00000000e+00 -4.96318623e-03  4.96320686e-03  3.49723209e-09 -2.41235712e-08  3.83691036e-18 
 1.30000000e-01  1.30000000e-01  1.00000000e+00 -5.29905374e-03  5.29907420e-03  3.56169955e-09 -2.40157543e-08  3.13754569e-18 
 1.40000000e-01  1.40000000e-01  1.00000000e+00 -5.62364320e-03  5.62366349e-03  3.62731864e-09 -2.39153986e-08  4.17984290e-19 
 1.50000000e-01  1.50000000e-01  1.00000000e+00 -5.93705255e-03  5.93707268e-03  3.69410917e-09 -2.38223434e-08  1.72576511e-18 
 1.60000000e-01  1.60000000e-01  1.00000000e+00 -6.23936281e-03  6.23938279e-03  3.76209132e-09 -2.37364453e-08  1.44631620e-18 
 1.70000000e-01  1.70000000e-01  1.00000000e+00 -6.53063676e-03  6.53065658e-03  3.83128567e-09 -2.36575785e-08  9.49371733e-19 
 1.80000000e-01  1.80000000e-01  1.00000000e+00 -6.81091766e-03  6.81093734e-03  3.90171319e-09 -2.35856342e-08  4.09031714e-18 
 1.90000000e-01  1.90000000e-01  1.00000000e+00 -7.08022826e-03  7.08024781e-03  3.97339531e-09 -2.35205204e-08  3.70354072e-18 
 2.00000000e-01  2.00000000e-01  1.00000000e+00 -7.33857022e-03  7.33858964e-03  4.04635390e-09 -2.34621633e-08  2.27094165e-19 
 2.10000000e-01  2.10000000e-01  1.00000000e+00 -7.58592431e-03  7.58594360e-03  4.12061133e-09 -2.34105065e-08  1.59020013e-18 
 2.20000000e-01  2.20000000e-01  1.00000000e+00 -7.82225186e-03  7.82227103e-03  4.19619041e-09 -2.33655121e-08  1.71648249e-20 
 2.30000000e-01  2.30000000e-01  1.00000000e+00 -8.04749813e-03  8.04751718e-03  4.27311447e-09 -2.33271599e-08  2.68574295e-18 
 2.40000000e-01  2.40000000e-01  1.00000000e+00 -8.26159815e-03  8.26161709e-03  4.35140734e-09 -2.32954467e-08  2.63402597e-18 
 2.50000000e-01  2.50000000e-01  1.00000000e+00 -8.46448605e-03  8.46450489e-03  4.43109332e-09 -2.32703843e-08  7.96530262e-19 
 2.60000000e-01  2.60000000e-01  1.00000000e+00 -8.65610828e-03  8.65612702e-03  4.51219712e-09 -2.32519959e-08  2.24629663e-18 
 2.70000000e-01  2.70000000e-01  1.00000000e+00 -8.83644111e-03  8.83645976e-03  4.59474384e-09 -2.32403106e-08  1.32325572e-18 
 2.80000000e-01  2.80000000e-01  1.00000000e+00 -9.00551169e-03  9.00553024e-03  4.67875886e-09 -2.32353568e-08  3.27628870e-18 
 2.90000000e-01  2.90000000e-01  1.00000000e+00 -9.16342095e-03  9.16343942e-03  4.76426769e-09 -2.32371532e-08  7.03343403e-20 
 3.00000000e-01  3.00000000e-01  1.00000000e+00 -9.31036541e-03  9.31038380e-03  4.85129586e-09 -2.32456994e-08  3.93987615e-18 
 3.10000000e-01  3.10000000e-01  1.00000000e+00 -9.44665362e-03  9.44667195e-03  4.93986882e-09 -2.32609674e-08  2.68203636e-18 
 3.20000000e-01  3.20000000e-01  1.00000000e+00 -9.57271361e-03  9.57273186e-03  5.03001180e-09 -2.32828944e-08  5.19401927e-18 
 3.30000000e-01  3.30000000e-01  1.00000000e+00 -9.68908825e-03  9.68910644e-03  5.12174975e-09 -2.33113803e-08  1.38348356e-18 
 3.40000000e-01  3.40000000e-01  1.00000000e+00 -9.79641865e-03  9.79643678e-03  5.21510739e-09 -2.33462876e-08  3.91937199e-18 
 3.50000000e-01  3.50000000e-01  1.00000000e+00 -9.89541769e-03  9.89543577e-03  5.31010925e-09 -2.33874469e-08  1.39778469e-18 
 3.60000000e-01  3.60000000e-01  1.00000000e+00 -9.98683850e-03  9.98685653e-03  5.40677976e-09 -2.34346646e-08  2.63164451e-18 
 3.70000000e-01  3.70000000e-01  1.00000000e+00 -1.00714426e-02  1.00714606e-02  5.50514342e-09 -2.34877316e-08  1.31911981e-18 
 3.80000000e-01  3.80000000e-01  1.00000000e+00 -1.01499723e-02  1.01499902e-02  5.60522489e-09 -2.35464329e-08  1.16783840e-18 
 3.90000000e-01  3.90000000e-01  1.00000000e+00 -1.02231291e-02  1.02231470e-02  5.70704916e-09 -2.36105547e-08  3.29609058e-18 
 4.00000000e-01  4.00000000e-01  1.00000000e+00 -1.02915599e-02  1.02915778e-02  5.81064159e-09 -2.36798913e-08  1.29708537e-18 
 4.10000000e-01  4.10000000e-01  1.00000000e+00 -1.03558497e-02  1.03558676e-02  5.91602802e-09 -2.37542487e-08  4.81109751e-18 
 4.20000000e-01  4.20000000e-01  1.00000000e+00 -1.04165194e-02  1.04165372e-02  6.02323479e-09 -2.38334470e-08  2.74249416e-18 
 4.30000000e-01  4.30000000e-01  1.00000000e+00 -1.04740272e-02  1.04740450e-02  6.13228875e-09 -2.39173219e-08  1.40313489e-18 
 4.40000000e-01  4.40000000e-01  1.00000000e+00 -1.05287736e-02  1.05287913e-02  6.24321733e-09 -2.40057242e-08  7.03929047e-19 
 4.50000000e-01  4.50000000e-01  1.00000000e+00 -1.05811057e-02  1.05811234e-02  6.35604848e-09 -2.40985198e-08  9.36225351e-19 
 4.60000000e-01  4.60000000e-01  1.00000000e+00 -1.06313239e-02  1.06313416e-02  6.47081066e-09 -2.41955887e-08  1.04521219e-18 
 4.70000000e-01  4.70000000e-01  1.00000000e+00 -1.06796873e-02  1.06797050e-02  6.58753288e-09 -2.42968235e-08  1.09025300e-18 
 4.80000000e-01  4.80000000e-01  1.00000000e+00 -1.07264193e-02  1.07264370e-02  6.70624467e-09 -2.44021286e-08  6.84677245e-19 
 4.90000000e-01  4.90000000e-01  1.00000000e+00 -1.07717127e-02  1.07717304e-02  6.82697602e-09 -2.45114190e-08  3.13835468e-18 
 5.00000000e-01  5.00000000e-01  1.00000000e+00 -1.08157339e-02  1.08157516e-02  6.94975746e-09 -2.46246190e-08  4.43634333e-19 
 5.10000000e-01  5.10000000e-01  1.00000000e+00 -1.08586266e-02  1.08586443e-02  7.07461996e-09 -2.47416615e-08  9.20777753e-19 
 5.20000000e-01  5.20000000e-01  1.00000000e+00 -1.09005155e-02  1.09005331e-02  7.20159499e-09 -2.48624872e-08  3.80379005e-19 
 5.30000000e-01  5.30000000e-01  1.00000000e+00 -1.09415088e-02  1.09415264e-02  7.33071448e-09 -2.49870434e-08  2.92253167e-18 
 5.40000000e-01  5.40000000e-01  1.00000000e+00 -1.09817007e-02  1.09817184e-02  7.46201080e-09 -2.51152838e-08  2.78459269e-18 
 5.50000000e-01  5.50000000e-01  1.00000000e+00 -1.10211736e-02  1.10211912e-02  7.59551682e-09 -2.52471676e-08  4.21928287e-20 
 5.60000000e-01  5.60000000e-01  1.00000000e+00 -1.10599993e-02  1.10600170e-02  7.73126581e-09 -2.53826591e-08  3.88083861e-18 
 5.70000000e-01  5.70000000e-01  1.00000000e+00 -1.10982413e-02  1.10982589e-02  7.86929154e-09 -2.55217271e-08  1.29336306e-18 
 5.80000000e-01  5.80000000e-01  1.00000000e+00 -1.11359550e-02  1.11359726e-02  8.00962819e-09 -2.56643450e-08  1.48497614e-18 
 5.90000000e-01  5.90000000e-01  1.00000000e+00 -1.11731897e-02  1.11732073e-02  8.15231041e-09 -2.58104898e-08  2.68637657e-18 
 6.00000000e-01  6.00000000e-01  1.00000000e+00 -1.12099888e-02  1.12100065e-02  8.29737328e-09 -2.59601423e-08  6.48843781e-19 
 6.10000000e-01  6.10000000e-01  1.00000000e+00 -1.12463910e-02  1.12464087e-02  8.44485234e-09 -2.61132864e-08  2.18588433e-18 
 6.20000000e-01  6.20000000e-01  1.00000000e+00 -1.12824307e-02  1.12824484e-02  8.59478357e-09 -2.62699095e-08  2.45472795e-18 
 6.30000000e-01  6.30000000e-01  1.00000000e+00 -1.13181385e-02  1.13181562e-02  8.74720338e-09 -2.64300017e-08  1.87895400e-18 
 6.40000000e-01  6.40000000e-01  1.00000000e+00 -1.13535419e-02  1.13535596e-02  8.90214865e-09 -2.65935559e-08  6.72163657e-19 
 6.50000000e-01  6.50000000e-01  1.00000000e+00 -1.13886656e-02  1.13886833e-02  9.05965668e-09 -2.67605675e-08  3.14048715e-18 
 6.60000000e-01  6.60000000e-01  1.00000000e+00 -1.14235317e-02  1.14235494e-02  9.21976525e-09 -2.69310345e-08  5.90267813e-19 
 6.70000000e-01  6.70000000e-01  1.00000000e+00 -1.14581601e-02  1.14581778e-02  9.38251256e-09 -2.71049571e-08  1.75670994e-18 
 6.80000000e-01  6.80000000e-01  1.00000000e+00 -1.14925689e-02  1.14925866e-02  9.54793727e-09 -2.72823379e-08  1.57505446e-18 
 6.90000000e-01  6.90000000e-01  1.00000000e+00 -1.15267744e-02  1.15267921e-02  9.71607849e-09 -2.74631814e-08  3.98267613e-19 
 7.00000000e-01  7.00000000e-01  1.00000000e+00 -1.15607914e-02  1.15608091e-02  9.88697577e-09 -2.76474942e-08  2.02485211e-18 
 7.10000000e-01  7.10000000e-01  1.00000000e+00 -1.15946334e-02  1.15946512e-02  1.00606691e-08 -2.78352848e-08  3.52679704e-18 
 7.20000000e-01  7.20000000e-01  1.00000000e+00 -1.16283127e-02  1.16283305e-02  1.02371990e-08 -2.80265636e-08  1.84462435e-18 
 7.30000000e-01  7.30000000e-01  1.00000000e+00 -1.16618404e-02  1.16618582e-02  1.04166064e-08 -2.82213428e-08  3.53222665e-19 
 7.40000000e-01  7.40000000e-01  1.00000000e+00 -1.16952270e-02  1.16952448e-02  1.05989326e-08 -2.84196361e-08  5.85498621e-18 
 7.50000000e-01  7.50000000e-01  1.00000000e+00 -1.17284817e-02  1.17284995e-02  1.07842194e-08 -2.86214593e-08  5.61073301e-19 
 7.60000000e-01  7.60000000e-01  1.00000000e+00 -1.17616132e-02  1.17616311e-02  1.09725092e-08 -2.88268292e-08  9.95885753e-19 
 7.70000000e-01  7.70000000e-01  1.00000000e+00 -1.17946296e-02  1.17946475e-02  1.11638447e-08 -2.90357647e-08  3.05563496e-18 
 7.80000000e-01  7.80000000e-01  1.00000000e+00 -1.18275382e-02  1.18275561e-02  1.13582691e-08 -2.92482859e-08  1.15738450e-18 
 7.90000000e-01  7.90000000e-01  1.00000000e+00 -1.18603460e-02  1.18603639e-02  1.15558261e-08 -2.94644142e-08  1.20844801e-18 
 8.00000000e-01  8.00000000e-01  1.00000000e+00 -1.18930592e-02  1.18930771e-02  1.17565597e-08 -2.96841729e-08  4.14556122e-18 
 8.10000000e-01  8.10000000e-01  1.00000000e+00 -1.19256839e-02  1.19257018e-02  1.19605147e-08 -2.99075861e-08  3.41560246e-18 
 8.20000000e-01  8.20000000e-01  1.00000000e+00 -1.19582256e-02  1.19582435e-02  1.21677360e-08 -3.01346796e-08  1.86391751e-18 
 8.30000000e-01  8.30000000e-01  1.00000000e+00 -1.19906897e-02  1.19907076e-02  1.23782691e-08 -3.03654804e-08  6.08444280e-19 
 8.40000000e-01  8.40000000e-01  1.00000000e+00 -1.20230811e-02  1.20230991e-02  1.25921600e-08 -3.06000167e-08  5.37902814e-18 
 8.50000000e-01  8.50000000e-01  1.00000000e+00 -1.20554046e-02  1.20554227e-02  1.28094553e-08 -3.08383179e-08  4.28462352e-18 
 8.60000000e-01  8.60000000e-01  1.00000000e+00 -1.20876649e-02  1.20876829e-02  1.30302017e-08 -3.10804147e-08  3.04670307e-18 
 8.70000000e-01  8.70000000e-01  1.00000000e+00 -1.21198662e-02  1.21198843e-02  1.32544466e-08 -3.13263389e-08  4.19647419e-18 
 8.80000000e-01  8.80000000e-01  1.00000000e+00 -1.21520130e-02  1.21520311e-02  1.34822380e-08 -3.15761234e-08  1.78427159e-18 
 8.90000000e-01  8.90000000e-01  1.00000000e+00 -1.21841093e-02  1.21841275e-02  1.37136240e-08 -3.18298023e-08  4.38591344e-18 
 9.00000000e-01  9.00000000e-01  1.00000000e+00 -1.22161594e-02  1.22161775e-02  1.39486535e-08 -3.20874107e-08  2.04503863e-19 
 9.10000000e-01  9.10000000e-01  1.00000000e+00 -1.22481672e-02  1.22481854e-02  1.41873758e-08 -3.23489847e-08  5.61955737e-18 
 9.20000000e-01  9.20000000e-01  1.00000000e+00 -1.22801370e-02  1.22801552e-02  1.44298404e-08 -3.26145617e-08  1.70779048e-18 
 9.30000000e-01  9.30000000e-01  1.00000000e+00 -1.23120727e-02  1.23120909e-02  1.46760976e-08 -3.28841799e-08  3.04326365e-18 
 9.40000000e-01  9.40000000e-01  1.00000000e+00 -1.23439786e-02  1.23439968e-02  1.49261979e-08 -3.31578784e-08  3.58456733e-18 
 9.50000000e-01  9.50000000e-01  1.00000000e+00 -1.23758587e-02  1.23758770e-02  1.51801926e-08 -3.34356978e-08  1.23685339e-18 
 9.60000000e-01  9.60000000e-01  1.00000000e+00 -1.24077176e-02  1.24077359e-02  1.54381331e-08 -3.37176795e-08  2.81079281e-18 
 9.70000000e-01  9.70000000e-01  1.00000000e+00 -1.24395595e-02  1.24395778e-02  1.57000715e-08 -3.40038663e-08  3.78188961e-18 
 9.80000000e-01  9.80000000e-01  1.00000000e+00 -1.24713890e-02  1.24714073e-02  1.59660603e-08 -3.42943036e-08  4.38116211e-18 
 9.90000000e-01  9.90000000e-01  1.00000000e+00 -1.25032109e-02  1.25032292e-02  1.62361523e-08 -3.45890347e-08  2.27507756e-18 
 1.00000000e+00  1.00000000e+00  1.00000000e+00 -1.25350299e-02  1.25350483e-02  1.65104011e-08 -3.48880270e-08  2.60767034e-19 
 1.01000000e+00  1.01000000e+00  1.00000000e+00 -1.25668512e-02  1.25668696e-02  1.67888604e-08 -3.51912052e-08  8.64397123e-19 
 1.02000000e+00  1.02000000e+00  1.00000000e+00 -1.25986801e-02  1.25986985e-02  1.70715847e-08 -3.54985803e-08  1.77355795e-18 
 1.03000000e+00  1.03000000e+00  1.00000000e+00 -1.26305220e-02  1.26305404e-02  1.73586286e-08 -3.58101921e-08  3.28358939e-18 
 1.04000000e+00  1.04000000e+00  1.00000000e+00 -1.26623827e-02  1.26624011e-02  1.76500475e-08 -3.61260846e-08  1.55363710e-18 
 1.05000000e+00  1.05000000e+00  1.00000000e+00 -1.26942681e-02  1.26942866e-02  1.79458969e-08 -3.64463030e-08  6.44009738e-20 
 1.06000000e+00  1.06000000e+00  1.00000000e+00 -1.27261845e-02  1.27262030e-02  1.82462331e-08 -3.67708928e-08  3.62266065e-18 
 1.07000000e+00  1.07000000e+00  1.00000000e+00 -1.27581384e-02  1.27581570e-02  1.85511127e-08 -3.70998994e-08  1.20123499e-18 
 1.08000000e+00  1.08000000e+00  1.00000000e+00 -1.27901367e-02  1.27901552e-02  1.88605927e-08 -3.74333687e-08  3.91647852e-18 
 1.09000000e+00  1.09000000e+00  1.00000000e+00 -1.28221863e-02  1.28222049e-02  1.91747306e-08 -3.77713462e-08  5.12623678e-19 
 1.10000000e+00  1.10000000e+00  1.00000000e+00 -1.28542948e-02  1.28543134e-02  1.94935842e-08 -3.81138776e-08  1.96915970e-18 
 1.11000000e+00  1.11000000e+00  1.00000000e+00 -1.28864697e-02  1.28864884e-02  1.98172121e-08 -3.84610084e-08  2.56825353e-18 
 1.12000000e+00  1.12000000e+00  1.00000000e+00 -1.29187192e-02  1.29187379e-02  2.01456731e-08 -3.88127840e-08  2.92008322e-18 
 1.13000000e+00  1.13000000e+00  1.00000000e+00 -1.29510515e-02  1.29510702e-02  2.04790263e-08 -3.91692499e-08  2.02753880e-18 
 1.14000000e+00  1.14000000e+00  1.00000000e+00 -1.29834754e-02  1.29834941e-02  2.08173315e-08 -3.95304512e-08  1.45097406e-19 
 1.15000000e+00  1.15000000e+00  1.00000000e+00 -1.30159997e-02  1.30160185e-02  2.11606488e-08 -3.98964330e-08  8.61248542e-18 
 1.16000000e+00  1.16000000e+00  1.00000000e+00 -1.30486339e-02  1.30486527e-02  2.15090387e-08 -4.02672401e-08  1.43856635e-19 
 1.17000000e+00  1.17000000e+00  1.00000000e+00 -1.30813876e-02  1.30814063e-02  2.18625624e-08 -4.06429173e-08  8.50566663e-19 
 1.18000000e+00  1.18000000e+00  1.00000000e+00 -1.31142707e-02  1.31142895e-02  2.22212811e-08 -4.10235090e-08  4.55211388e-18 
 1.19000000e+00  1.19000000e+00  1.00000000e+00 -1.31472936e-02  1.31473124e-02  2.25852567e-08 -4.14090592e-08  1.10224133e-18 
 1.20000000e+00  1.20000000e+00  1.00000000e+00 -1.31804669e-02  1.31804858e-02  2.29545514e-08 -4.17996118e-08  4.17666652e-19 
 0.00000000e+00  0.00000000e+00  1.20000000e+00  2.68167413e-08  2.68167413e-08  6.41713369e-08 -1.17804819e-07  1.02861564e-18 
 1.00000000e-02  1.00000000e-02  1.20000000e+00 -5.06265704e-04  5.06318873e-04  6.51224035e-08 -1.18291241e-07  4.14927030e-19 
 2.00000000e-02  2.00000000e-02  1.20000000e+00 -1.00202136e-03  1.00207399e-03  6.60852348e-08 -1.18714516e-07  7.00390368e-20 
 3.00000000e-02  3.00000000e-02  1.20000000e+00 -1.48734318e-03  1.48739527e-03  6.70599293e-08 -1.19148488e-07  8.68169066e-19 
 4.00000000e-02  4.00000000e-02  1.20000000e+00 -1.96234391e-03  1.96239547e-03  6.80465879e-08 -1.19613523e-07  4.42201491e-18 
 5.00000000e-02  5.00000000e-02  1.20000000e+00 -2.42714065e-03  2.42719172e-03  6.90453125e-08 -1.20110512e-07  3.19225542e-18 
 6.00000000e-02  6.00000000e-02  1.20000000e+00 -2.88185184e-03  2.88190242e-03  7.00562054e-08 -1.20638087e-07  1.20675725e-18 
 7.00000000e-02  7.00000000e-02  1.20000000e+00 -3.32659529e-03  3.32664541e-03  7.10793690e-08 -1.21195007e-07  4.77105866e-18 
 8.00000000e-02  8.00000000e-02  1.20000000e+00 -3.76148700e-03  3.76153666e-03  7.21149059e-08 -1.21780321e-07  3.87428900e-18 
 9.00000000e-02  9.00000000e-02  1.20000000e+00 -4.18664019e-03  4.18668942e-03  7.31629189e-08 -1.22393300e-07  3.78779899e-18 
 1.00000000e-01  1.00000000e-01  1.20000000e+00 -4.60216466e-03  4.60221347e-03  7.42235110e-08 -1.23033358e-07  2.38998287e-18 
 1.10000000e-01  1.10000000e-01  1.20000000e+00 -5.00816619e-03  5.00821459e-03  7.52967855e-08 -1.23700005e-07  8.09429978e-18 
 1.20000000e-01  1.20000000e-01  1.20000000e+00 -5.40474606e-03  5.40479407e-03  7.63828459e-08 -1.24392822e-07  3.17213839e-19 
 1.30000000e-01  1.30000000e-01  1.20000000e+00 -5.79200057e-03  5.79204820e-03  7.74817957e-08 -1.25111438e-07  8.38297920e-19 
 1.40000000e-01  1.40000000e-01  1.20000000e+00 -6.17002053e-03  6.17006779e-03  7.85937389e-08 -1.25855524e-07  2.06894415e-18 
 1.50000000e-01  1.50000000e-01  1.20000000e+00 -6.53889082e-03  6.53893772e-03  7.97187796e-08 -1.26624781e-07  2.45107512e-18 
 1.60000000e-01  1.60000000e-01  1.20000000e+00 -6.89868981e-03  6.89873637e-03  8.08570220e-08 -1.27418938e-07  1.75452287e-18 
 1.70000000e-01  1.70000000e-01  1.20000000e+00 -7.24948884e-03  7.24953507e-03  8.20085709e-08 -1.28237750e-07  2.03388493e-18 
 1.80000000e-01  1.80000000e-01  1.20000000e+00 -7.59135152e-03  7.59139743e-03  8.31735308e-08 -1.29080993e-07  3.71281011e-18 
 1.90000000e-01  1.90000000e-01  1.20000000e+00 -7.92433311e-03  7.92437871e-03  8.43520069e-08 -1.29948467e-07  1.24152531e-18 
 2.00000000e-01  2.00000000e-01  1.20000000e+00 -8.24847967e-03  8.24852496e-03  8.55441044e-08 -1.30839991e-07  7.42088212e-18 
 2.10000000e-01  2.10000000e-01  1.20000000e+00 -8.56382726e-03  8.56387227e-03  8.67499288e-08 -1.31755406e-07  2.16996606e-18 
 2.20000000e-01  2.20000000e-01  1.20000000e+00 -8.87040104e-03  8.87044576e-03  8.79695859e-08 -1.32694574e-07  1.52487106e-18 
 2.30000000e-01  2.30000000e-01  1.20000000e+00 -9.16821423e-03  9.16825868e-03  8.92031816e-08 -1.33657377e-07  2.70198216e-18 
 2.40000000e-01  2.40000000e-01  1.20000000e+00 -9.45726717e-03  9.45731137e-03  9.04508222e-08 -1.34643721e-07  2.79714102e-18 
 2.50000000e-01  2.50000000e-01  1.20000000e+00 -9.73754633e-03  9.73759027e-03  9.17126144e-08 -1.35653533e-07  1.25112060e-18 
 2.60000000e-01  2.60000000e-01  1.20000000e+00 -1.00090233e-02  1.00090670e-02  9.29886650e-08 -1.36686765e-07  7.82896671e-19 
 2.70000000e-01  2.70000000e-01  1.20000000e+00 -1.02716543e-02  1.02716978e-02  9.42790811e-08 -1.37743393e-07  2.17176601e-18 
 2.80000000e-01  2.80000000e-01  1.20000000e+00 -1.05253795e-02  1.05254227e-02  9.55839702e-08 -1.38823419e-07  5.37010948e-18 
 2.90000000e-01  2.90000000e-01  1.20000000e+00 -1.07701233e-02  1.07701663e-02  9.69034402e-08 -1.39926871e-07  6.89167182e-19 
 3.00000000e-01  3.00000000e-01  1.20000000e+00 -1.10057955e-02  1.10058384e-02  9.82375992e-08 -1.41053803e-07  1.95135215e-19 
 3.10000000e-01  3.10000000e-01  1.20000000e+00 -1.12322933e-02  1.12323359e-02  9.95865557e-08 -1.42204297e-07  5.88670693e-18 
 3.20000000e-01  3.20000000e-01  1.20000000e+00 -1.14495048e-02  1.14495473e-02  1.00950419e-07 -1.43378459e-07  3.00029658e-18 
 3.30000000e-01  3.30000000e-01  1.20000000e+00 -1.16573153e-02  1.16573576e-02  1.02329297e-07 -1.44576415e-07  1.54680128e-18 
 3.40000000e-01  3.40000000e-01  1.20000000e+00 -1.18556148e-02  1.18556568e-02  1.03723300e-07 -1.45798311e-07  3.64128876e-18 
 3.50000000e-01  3.50000000e-01  1.20000000e+00 -1.20443088e-02  1.20443507e-02  1.05132538e-07 -1.47044304e-07  1.11137340e-18 
 3.60000000e-01  3.60000000e-01  1.20000000e+00 -1.22233316e-02  1.22233734e-02  1.06557120e-07 -1.48314550e-07  1.54210289e-18 
 3.70000000e-01  3.70000000e-01  1.20000000e+00 -1.23926608e-02  1.23927024e-02  1.07997156e-07 -1.49609199e-07  3.68862996e-18 
 3.80000000e-01  3.80000000e-01  1.20000000e+00 -1.25523327e-02  1.25523741e-02  1.09452757e-07 -1.50928377e-07  2.99517468e-18 
 3.90000000e-01  3.90000000e-01  1.20000000e+00 -1.27024567e-02  1.27024980e-02  1.10924031e-07 -1.52272175e-07  3.84228703e-18 
 4.00000000e-01  4.00000000e-01  1.20000000e+00 -1.28432260e-02  1.28432672e-02  1.12411088e-07 -1.53640637e-07  3.43199221e-18 
 4.10000000e-01  4.10000000e-01  1.20000000e+00 -1.29749228e-02  1.29749639e-02  1.13914038e-07 -1.55033755e-07  1.73629843e-18 
 4.20000000e-01  4.20000000e-01  1.20000000e+00 -1.30979170e-02  1.30979580e-02  1.15432989e-07 -1.56451456e-07  7.33539797e-18 
 4.30000000e-01  4.30000000e-01  1.20000000e+00 -1.32126573e-02  1.32126982e-02  1.16968048e-07 -1.57893611e-07  2.92926492e-18 
 4.40000000e-01  4.40000000e-01  1.20000000e+00 -1.33196566e-02  1.33196974e-02  1.18519326e-07 -1.59360037e-07  3.23923928e-19 
 4.50000000e-01  4.50000000e-01  1.20000000e+00 -1.34194729e-02  1.34195137e-02  1.20086928e-07 -1.60850506e-07  1.14172100e-18 
 4.60000000e-01  4.60000000e-01  1.20000000e+00 -1.35126885e-02  1.35127292e-02  1.21670963e-07 -1.62364756e-07  2.71489941e-18 
 4.70000000e-01  4.70000000e-01  1.20000000e+00 -1.35998904e-02  1.35999310e-02  1.23271538e-07 -1.63902510e-07  3.22597792e-18 
 4.80000000e-01  4.80000000e-01  1.20000000e+00 -1.36816530e-02  1.36816936e-02  1.24888761e-07 -1.65463479e-07  1.85344044e-18 
 4.90000000e-01  4.90000000e-01  1.20000000e+00 -1.37585247e-02  1.37585652e-02  1.26522740e-07 -1.67047382e-07  4.44956995e-20 
 5.00000000e-01  5.00000000e-01  1.20000000e+00 -1.38310187e-02  1.38310592e-02  1.28173582e-07 -1.68653945e-07  9.24324704e-20 
 5.10000000e-01  5.10000000e-01  1.20000000e+00 -1.38996074e-02  1.38996479e-02  1.29841397e-07 -1.70282915e-07  2.63575477e-18 
 5.20000000e-01  5.20000000e-01  1.20000000e+00 -1.39647200e-02  1.39647604e-02  1.31526292e-07 -1.71934056e-07  4.58239531e-18 
 5.30000000e-01  5.30000000e-01  1.20000000e+00 -1.40267420e-02  1.40267824e-02  1.33228376e-07 -1.73607157e-07  1.25731453e-18 
 5.40000000e-01  5.40000000e-01  1.20000000e+00 -1.40860178e-02  1.40860582e-02  1.34947759e-07 -1.75302031e-07  2.59824710e-18 
 5.50000000e-01  5.50000000e-01  1.20000000e+00 -1.41428526e-02  1.41428929e-02  1.36684551e-07 -1.77018512e-07  1.98655696e-18 
 5.60000000e-01  5.60000000e-01  1.20000000e+00 -1.41975158e-02  1.41975561e-02  1.38438861e-07 -1.78756457e-07  4.25379946e-18 
 5.70000000e-01  5.70000000e-01  1.20000000e+00 -1.42502450e-02  1.42502853e-02  1.40210801e-07 -1.80515743e-07  5.52374008e-18 
 5.80000000e-01  5.80000000e-01  1.20000000e+00 -1.43012488e-02  1.43012891e-02  1.42000480e-07 -1.82296267e-07  5.39562634e-18 
 5.90000000e-01  5.90000000e-01  1.20000000e+00 -1.43507108e-02  1.43507511e-02  1.43808010e-07 -1.84097943e-07  2.99373207e-19 
 6.00000000e-01  6.00000000e-01  1.20000000e+00 -1.43987921e-02  1.43988324e-02  1.45633503e-07 -1.85920701e-07  5.05943367e-19 
 6.10000000e-01  6.10000000e-01  1.20000000e+00 -1.44456343e-02  1.44456746e-02  1.47477069e-07 -1.87764483e-07  2.74774841e-18 
 6.20000000e-01  6.20000000e-01  1.20000000e+00 -1.44913621e-02  1.44914024e-02  1.49338823e-07 -1.89629248e-07  4.10869213e-18 
 6.30000000e-01  6.30000000e-01  1.20000000e+00 -1.45360854e-02  1.45361257e-02  1.51218874e-07 -1.91514963e-07  1.66918430e-18 
 6.40000000e-01  6.40000000e-01  1.20000000e+00 -1.45799012e-02  1.45799415e-02  1.53117338e-07 -1.93421608e-07  1.04343871e-19 
 6.50000000e-01  6.50000000e-01  1.20000000e+00 -1.46228951e-02  1.46229354e-02  1.55034326e-07 -1.95349171e-07  7.80472039e-18 
 6.60000000e-01  6.60000000e-01  1.20000000e+00 -1.46651431e-02  1.46651834e-02  1.56969952e-07 -1.97297650e-07  6.61903309e-19 
 6.70000000e-01  6.70000000e-01  1.20000000e+00 -1.47067125e-02  1.47067529e-02  1.58924330e-07 -1.99267050e-07  2.53953712e-18 
 6.80000000e-01  6.80000000e-01  1.20000000e+00 -1.47476635e-02  1.47477039e-02  1.60897574e-07 -2.01257384e-07  3.72874491e-18 
 6.90000000e-01  6.90000000e-01  1.20000000e+00 -1.47880494e-02  1.47880898e-02  1.62889797e-07 -2.03268669e-07  6.32320683e-18 
 7.00000000e-01  7.00000000e-01  1.20000000e+00 -1.48279180e-02  1.48279584e-02  1.64901116e-07 -2.05300931e-07  4.53191744e-18 
 7.10000000e-01  7.10000000e-01  1.20000000e+00 -1.48673121e-02  1.48673525e-02  1.66931644e-07 -2.07354200e-07  4.91406164e-18 
 7.20000000e-01  7.20000000e-01  1.20000000e+00 -1.49062700e-02  1.49063104e-02  1.68981497e-07 -2.09428511e-07  9.99639168e-18 
 7.30000000e-01  7.30000000e-01  1.20000000e+00 -1.49448262e-02  1.49448667e-02  1.71050791e-07 -2.11523906e-07  4.77255420e-18 
 7.40000000e-01  7.40000000e-01  1.20000000e+00 -1.49830119e-02  1.49830524e-02  1.73139642e-07 -2.13640427e-07  3.43233632e-18 
 7.50000000e-01  7.50000000e-01  1.20000000e+00 -1.50208551e-02  1.50208957e-02  1.75248165e-07 -2.15778124e-07  4.24127926e-18 
 7.60000000e-01  7.60000000e-01  1.20000000e+00 -1.50583813e-02  1.50584219e-02  1.77376478e-07 -2.17937049e-07  1.52079472e-18 
 7.70000000e-01  7.70000000e-01  1.20000000e+00 -1.50956135e-02  1.50956540e-02  1.79524698e-07 -2.20117257e-07  1.41518030e-18 
 7.80000000e-01  7.80000000e-01  1.20000000e+00 -1.51325725e-02  1.51326131e-02  1.81692941e-07 -2.22318809e-07  3.68724030e-19 
 7.90000000e-01  7.90000000e-01  1.20000000e+00 -1.51692775e-02  1.51693181e-02  1.83881326e-07 -2.24541767e-07  5.08127124e-18 
 8.00000000e-01  8.00000000e-01  1.20000000e+00 -1.52057458e-02  1.52057865e-02  1.86089970e-07 -2.26786195e-07  2.16880139e-18 
 8.10000000e-01  8.10000000e-01  1.20000000e+00 -1.52419933e-02  1.52420341e-02  1.88318992e-07 -2.29052162e-07  4.11536251e-18 
 8.20000000e-01  8.20000000e-01  1.20000000e+00 -1.52780346e-02  1.52780754e-02  1.90568511e-07 -2.31339739e-07  3.60412519e-18 
 8.30000000e-01  8.30000000e-01  1.20000000e+00 -1.53138830e-02  1.53139239e-02  1.92838645e-07 -2.33649000e-07  2.51002332e-18 
 8.40000000e-01  8.40000000e-01  1.20000000e+00 -1.53495508e-02  1.53495917e-02  1.95129515e-07 -2.35980020e-07  4.78340681e-18 
 8.50000000e-01  8.50000000e-01  1.20000000e+00 -1.53850493e-02  1.53850902e-02  1.97441239e-07 -2.38332878e-07  3.01583434e-18 
 8.60000000e-01  8.60000000e-01  1.20000000e+00 -1.54203890e-02  1.54204299e-02  1.99773939e-07 -2.40707654e-07  4.76466621e-18 
 8.70000000e-01  8.70000000e-01  1.20000000e+00 -1.54555795e-02  1.54556205e-02  2.02127735e-07 -2.43104430e-07  5.45523629e-18 
 8.80000000e-01  8.80000000e-01  1.20000000e+00 -1.54906299e-02  1.54906709e-02  2.04502748e-07 -2.45523292e-07  4.30639491e-18 
 8.90000000e-01  8.90000000e-01  1.20000000e+00 -1.55255486e-02  1.55255896e-02  2.06899099e-07 -2.47964326e-07  2.90627592e-18 
 9.00000000e-01  9.00000000e-01  1.20000000e+00 -1.55603434e-02  1.55603845e-02  2.09316911e-07 -2.50427621e-07  4.97547153e-18 
 9.10000000e-01  9.10000000e-01  1.20000000e+00 -1.55950218e-02  1.55950630e-02  2.11756305e-07 -2.52913267e-07  3.39845500e-18 
 9.20000000e-01  9.20000000e-01  1.20000000e+00 -1.56295907e-02  1.56296319e-02  2.14217405e-07 -2.55421356e-07  2.94317479e-18 
 9.30000000e-01  9.30000000e-01  1.20000000e+00 -1.56640568e-02  1.56640980e-02  2.16700333e-07 -2.57951983e-07  1.53101205e-19 
 9.40000000e-01  9.40000000e-01  1.20000000e+00 -1.56984263e-02  1.56984676e-02  2.19205214e-07 -2.60505243e-07  2.27693044e-19 
 9.50000000e-01  9.50000000e-01  1.20000000e+00 -1.57327054e-02  1.57327468e-02  2.21732170e-07 -2.63081233e-07  4.48620413e-18 
 9.60000000e-01  9.60000000e-01  1.20000000e+00 -1.57668999e-02  1.57669413e-02  2.24281328e-07 -2.65680052e-07  5.97264107e-18 
 9.70000000e-01  9.70000000e-01  1.20000000e+00 -1.58010154e-02  1.58010569e-02  2.26852811e-07 -2.68301800e-07  4.93010233e-18 
 9.80000000e-01  9.80000000e-01  1.20000000e+00 -1.58350576e-02  1.58350991e-02  2.29446745e-07 -2.70946581e-07  3.72591265e-18 
 9.90000000e-01  9.90000000e-01  1.20000000e+00 -1.58690318e-02  1.58690734e-02  2.32063257e-07 -2.73614496e-07  1.62082401e-18 
 1.00000000e+00  1.00000000e+00  1.20000000e+00 -1.59029435e-02  1.59029851e-02  2.34702472e-07 -2.76305650e-07  1.77156941e-18 
 1.01000000e+00  1.01000000e+00  1.20000000e+00 -1.59367981e-02  1.59368398e-02  2.37364517e-07 -2.79020151e-07  3.72445681e-18 
 1.02000000e+00  1.02000000e+00  1.20000000e+00 -1.59706011e-02  1.59706428e-02  2.40049520e-07 -2.81758105e-07  3.98740760e-19 
 1.03000000e+00  1.03000000e+00  1.20000000e+00 -1.60043577e-02  1.60043995e-02  2.42757608e-07 -2.84519622e-07  3.39511981e-18 
 1.04000000e+00  1.04000000e+00  1.20000000e+00 -1.60380738e-02  1.60381156e-02  2.45488910e-07 -2.87304811e-07  3.80264854e-19 
 1.05000000e+00  1.05000000e+00  1.20000000e+00 -1.60717547e-02  1.60717966e-02  2.48243555e-07 -2.90113785e-07  2.36443953e-18 
 1.06000000e+00  1.06000000e+00  1.20000000e+00 -1.61054065e-02  1.61054484e-02  2.51021673e-07 -2.92946655e-07  1.25335465e-17 
 1.07000000e+00  1.07000000e+00  1.20000000e+00 -1.61390350e-02  1.61390770e-02  2.53823392e-07 -2.95803537e-07  2.22817311e-18 
 1.08000000e+00  1.08000000e+00  1.20000000e+00 -1.61726464e-02  1.61726884e-02  2.56648845e-07 -2.98684545e-07  3.50803989e-18 
 1.09000000e+00  1.09000000e+00  1.20000000e+00 -1.62062470e-02  1.62062891e-02  2.59498161e-07 -3.01589796e-07  1.47171975e-19 
 1.10000000e+00  1.10000000e+00  1.20000000e+00 -1.62398435e-02  1.62398857e-02  2.62371472e-07 -3.04519407e-07  3.20877256e-18 
 1.11000000e+00  1.11000000e+00  1.20000000e+00 -1.62734427e-02  1.62734849e-02  2.65268911e-07 -3.07473497e-07  1.72762958e-18 
 1.12000000e+00  1.12000000e+00  1.20000000e+00 -1.63070517e-02  1.63070940e-02  2.68190610e-07 -3.10452186e-07  1.01580426e-18 
 1.13000000e+00  1.13000000e+00  1.20000000e+00 -1.63406780e-02  1.63407203e-02  2.71136702e-07 -3.13455595e-07  1.69703051e-18 
 1.14000000e+00  1.14000000e+00  1.20000000e+00 -1.63743293e-02  1.63743716e-02  2.74107321e-07 -3.16483847e-07  3.78761370e-18 
 1.15000000e+00  1.15000000e+00  1.20000000e+00 -1.64080135e-02  1.64080560e-02  2.77102602e-07 -3.19537064e-07  5.96125906e-18 
 1.16000000e+00  1.16000000e+00  1.20000000e+00 -1.64417392e-02  1.64417817e-02  2.80122680e-07 -3.22615372e-07  2.95032163e-18 
 1.17000000e+00  1.17000000e+00  1.20000000e+00 -1.64755151e-02  1.64755577e-02  2.83167690e-07 -3.25718897e-07  7.79799707e-19 
 1.18000000e+00  1.18000000e+00  1.20000000e+00 -1.65093502e-02  1.65093928e-02  2.86237769e-07 -3.28847768e-07  1.08181989e-18 
 1.19000000e+00  1.19000000e+00  1.20000000e+00 -1.65432541e-02  1.65432968e-02  2.89333052e-07 -3.32002111e-07  1.65880815e-18 
 1.20000000e+00  1.20000000e+00  1.20000000e+00 -1.65772366e-02  1.65772793e-02  2.92453679e-07 -3.35181978e-07  2.24887247e-18 
