 v-sweep         v(drain_iv)     v(gate_iv)      id              is              ib              ig              kcl            
 0.00000000e+00  0.00000000e+00  0.00000000e+00  6.55279334e-38  1.24326376e-34 -1.24746258e-34  3.54354567e-37  2.13821177e-50 
 1.00000000e-02  1.00000000e-02  0.00000000e+00 -2.27931162e-08  2.27929713e-08  2.68313760e-15  1.42255127e-13  4.97078611e-25 
 2.00000000e-02  2.00000000e-02  0.00000000e+00 -4.17142713e-08  4.17138578e-08  4.65254028e-15  4.08921762e-13  5.92384684e-24 
 3.00000000e-02  3.00000000e-02  0.00000000e+00 -5.69376734e-08  5.69368525e-08  6.09928233e-15  8.14795476e-13  2.19542199e-24 
 4.00000000e-02  4.00000000e-02  0.00000000e+00 -6.88526835e-08  6.88513056e-08  7.16340055e-15  1.37068935e-12  1.47911767e-23 
 5.00000000e-02  5.00000000e-02  0.00000000e+00 -7.80583471e-08  7.80562523e-08  7.94749606e-15  2.08687356e-12  8.00440279e-24 
 6.00000000e-02  6.00000000e-02  0.00000000e+00 -8.52643628e-08  8.52613805e-08  8.52669575e-15  2.97375780e-12  2.44862867e-23 
 7.00000000e-02  7.00000000e-02  0.00000000e+00 -9.11340500e-08  9.11299990e-08  8.95598131e-15  4.04209048e-12  1.67791977e-24 
 8.00000000e-02  8.00000000e-02  0.00000000e+00 -9.61777224e-08  9.61724100e-08  9.27559371e-15  5.30303898e-12  8.36771899e-24 
 9.00000000e-02  9.00000000e-02  0.00000000e+00 -1.00739456e-07  1.00732679e-07  9.51500092e-15  6.76823303e-12  5.26666575e-24 
 1.00000000e-01  1.00000000e-01  0.00000000e+00 -1.05035843e-07  1.05027384e-07  9.69579471e-15  8.44979477e-12  2.08857740e-23 
 1.10000000e-01  1.10000000e-01  0.00000000e+00 -1.09200526e-07  1.09190156e-07  9.83380279e-15  1.03603636e-11  7.83821662e-24 
 1.20000000e-01  1.20000000e-01  0.00000000e+00 -1.13316901e-07  1.13304378e-07  9.94063129e-15  1.25131188e-11  3.96948812e-24 
 1.30000000e-01  1.30000000e-01  0.00000000e+00 -1.17438559e-07  1.17423627e-07  1.00247932e-14  1.49218017e-11  1.33015438e-23 
 1.40000000e-01  1.40000000e-01  0.00000000e+00 -1.21601317e-07  1.21583706e-07  1.00925350e-14  1.76007378e-11  4.61090146e-24 
 1.50000000e-01  1.50000000e-01  0.00000000e+00 -1.25830201e-07  1.25809626e-07  1.01484424e-14  2.05648585e-11  4.73880673e-23 
 1.60000000e-01  1.60000000e-01  0.00000000e+00 -1.30143544e-07  1.30119704e-07  1.01958841e-14  2.38297247e-11  1.60906262e-23 
 1.70000000e-01  1.70000000e-01  0.00000000e+00 -1.34555425e-07  1.34528003e-07  1.02373377e-14  2.74115496e-11  2.72213416e-23 
 1.80000000e-01  1.80000000e-01  0.00000000e+00 -1.39077171e-07  1.39045833e-07  1.02746278e-14  3.13272228e-11  1.31180153e-23 
 1.90000000e-01  1.90000000e-01  0.00000000e+00 -1.43718294e-07  1.43682689e-07  1.03091012e-14  3.55943356e-11  1.62291754e-23 
 2.00000000e-01  2.00000000e-01  0.00000000e+00 -1.48487097e-07  1.48446855e-07  1.03417545e-14  4.02312058e-11  2.38974067e-23 
 2.10000000e-01  2.10000000e-01  0.00000000e+00 -1.53391071e-07  1.53345804e-07  1.03733290e-14  4.52569050e-11  1.30692132e-23 
 2.20000000e-01  2.20000000e-01  0.00000000e+00 -1.58437168e-07  1.58386466e-07  1.04043784e-14  5.06912851e-11  4.88759915e-24 
 2.30000000e-01  2.30000000e-01  0.00000000e+00 -1.63631987e-07  1.63575421e-07  1.04353202e-14  5.65550071e-11  2.97239444e-23 
 2.40000000e-01  2.40000000e-01  0.00000000e+00 -1.68981903e-07  1.68919023e-07  1.04664721e-14  6.28695697e-11  1.36422513e-23 
 2.50000000e-01  2.50000000e-01  0.00000000e+00 -1.74493168e-07  1.74423500e-07  1.04980795e-14  6.96573397e-11  7.15120081e-24 
 2.60000000e-01  2.60000000e-01  0.00000000e+00 -1.80171976e-07  1.80095024e-07  1.05303350e-14  7.69415831e-11  5.50302583e-24 
 2.70000000e-01  2.70000000e-01  0.00000000e+00 -1.86024518e-07  1.85939761e-07  1.05633935e-14  8.47464966e-11  5.62143196e-23 
 2.80000000e-01  2.80000000e-01  0.00000000e+00 -1.92057025e-07  1.91963917e-07  1.05973823e-14  9.30972415e-11  5.36111544e-23 
 2.90000000e-01  2.90000000e-01  0.00000000e+00 -1.98275796e-07  1.98173765e-07  1.06324096e-14  1.02019977e-10  1.29877081e-23 
 3.00000000e-01  3.00000000e-01  0.00000000e+00 -2.04687227e-07  2.04575675e-07  1.06685698e-14  1.11541898e-10  1.32049068e-23 
 3.10000000e-01  3.10000000e-01  0.00000000e+00 -2.11297833e-07  2.11176131e-07  1.07059479e-14  1.21691266e-10  1.44246277e-23 
 3.20000000e-01  3.20000000e-01  0.00000000e+00 -2.18114263e-07  2.17981754e-07  1.07446227e-14  1.32497454e-10  2.09214148e-23 
 3.30000000e-01  3.30000000e-01  0.00000000e+00 -2.25143316e-07  2.24999314e-07  1.07846693e-14  1.43990980e-10  6.63812726e-24 
 3.40000000e-01  3.40000000e-01  0.00000000e+00 -2.32391958e-07  2.32235743e-07  1.08261604e-14  1.56203549e-10  2.07822471e-23 
 3.50000000e-01  3.50000000e-01  0.00000000e+00 -2.39867330e-07  2.39698151e-07  1.08691677e-14  1.69168097e-10  3.14941672e-25 
 3.60000000e-01  3.60000000e-01  0.00000000e+00 -2.47576763e-07  2.47393833e-07  1.09137633e-14  1.82918829e-10  6.14131055e-24 
 3.70000000e-01  3.70000000e-01  0.00000000e+00 -2.55527785e-07  2.55330283e-07  1.09600200e-14  1.97491266e-10  4.70011468e-23 
 3.80000000e-01  3.80000000e-01  0.00000000e+00 -2.63728134e-07  2.63515201e-07  1.10080118e-14  2.12922291e-10  7.86674909e-23 
 3.90000000e-01  3.90000000e-01  0.00000000e+00 -2.72185766e-07  2.71956505e-07  1.10578148e-14  2.29250196e-10  6.67320506e-23 
 4.00000000e-01  4.00000000e-01  0.00000000e+00 -2.80908864e-07  2.80662338e-07  1.11095071e-14  2.46514729e-10  5.01677102e-23 
 4.10000000e-01  4.10000000e-01  0.00000000e+00 -2.89905848e-07  2.89641080e-07  1.11631695e-14  2.64757147e-10  4.72225438e-23 
 4.20000000e-01  4.20000000e-01  0.00000000e+00 -2.99185385e-07  2.98901354e-07  1.12188851e-14  2.84020266e-10  4.10463640e-23 
 4.30000000e-01  4.30000000e-01  0.00000000e+00 -3.08756395e-07  3.08452035e-07  1.12767405e-14  3.04348514e-10  8.33402327e-23 
 4.40000000e-01  4.40000000e-01  0.00000000e+00 -3.18628064e-07  3.18302264e-07  1.13368249e-14  3.25787990e-10  1.02548289e-23 
 4.50000000e-01  4.50000000e-01  0.00000000e+00 -3.28809849e-07  3.28461451e-07  1.13992311e-14  3.48386516e-10  8.19351941e-23 
 4.60000000e-01  4.60000000e-01  0.00000000e+00 -3.39311492e-07  3.38939287e-07  1.14640554e-14  3.72193700e-10  2.68628437e-23 
 4.70000000e-01  4.70000000e-01  0.00000000e+00 -3.50143026e-07  3.49745754e-07  1.15313974e-14  3.97260994e-10  3.42764292e-23 
 4.80000000e-01  4.80000000e-01  0.00000000e+00 -3.61314786e-07  3.60891132e-07  1.16013608e-14  4.23641758e-10  5.38364436e-24 
 4.90000000e-01  4.90000000e-01  0.00000000e+00 -3.72837418e-07  3.72386015e-07  1.16740530e-14  4.51391326e-10  2.12300897e-22 
 5.00000000e-01  5.00000000e-01  0.00000000e+00 -3.84721891e-07  3.84241312e-07  1.17495858e-14  4.80567071e-10  8.23960214e-23 
 5.10000000e-01  5.10000000e-01  0.00000000e+00 -3.96979508e-07  3.96468267e-07  1.18280748e-14  5.11228473e-10  2.39704411e-23 
 5.20000000e-01  5.20000000e-01  0.00000000e+00 -4.09621913e-07  4.09078464e-07  1.19096402e-14  5.43437195e-10  2.50447970e-23 
 5.30000000e-01  5.30000000e-01  0.00000000e+00 -4.22661107e-07  4.22083838e-07  1.19944070e-14  5.77257151e-10  3.93681540e-23 
 5.40000000e-01  5.40000000e-01  0.00000000e+00 -4.36109456e-07  4.35496690e-07  1.20825045e-14  6.12754584e-10  9.51638251e-24 
 5.50000000e-01  5.50000000e-01  0.00000000e+00 -4.49979707e-07  4.49329697e-07  1.21740672e-14  6.49998143e-10  4.87866925e-23 
 5.60000000e-01  5.60000000e-01  0.00000000e+00 -4.64284995e-07  4.63595924e-07  1.22692345e-14  6.89058968e-10  3.29520800e-23 
 5.70000000e-01  5.70000000e-01  0.00000000e+00 -4.79038861e-07  4.78308838e-07  1.23681512e-14  7.30010768e-10  8.42290454e-24 
 5.80000000e-01  5.80000000e-01  0.00000000e+00 -4.94255264e-07  4.93482321e-07  1.24709674e-14  7.72929907e-10  7.88248812e-23 
 5.90000000e-01  5.90000000e-01  0.00000000e+00 -5.09948593e-07  5.09130685e-07  1.25778390e-14  8.17895498e-10  9.44419969e-23 
 6.00000000e-01  6.00000000e-01  0.00000000e+00 -5.26133686e-07  5.25268684e-07  1.26889276e-14  8.64989489e-10  2.90745421e-22 
 6.10000000e-01  6.10000000e-01  0.00000000e+00 -5.42825839e-07  5.41911530e-07  1.28044010e-14  9.14296758e-10  1.15540156e-22 
 6.20000000e-01  6.20000000e-01  0.00000000e+00 -5.60040828e-07  5.59074910e-07  1.29244329e-14  9.65905212e-10  1.73151037e-22 
 6.30000000e-01  6.30000000e-01  0.00000000e+00 -5.77794922e-07  5.76775003e-07  1.30492041e-14  1.01990589e-09  3.29824038e-23 
 6.40000000e-01  6.40000000e-01  0.00000000e+00 -5.96104899e-07  5.95028493e-07  1.31789014e-14  1.07639305e-09  2.51568232e-23 
 6.50000000e-01  6.50000000e-01  0.00000000e+00 -6.14988067e-07  6.13852589e-07  1.33137192e-14  1.13546431e-09  2.41516708e-23 
 6.60000000e-01  6.60000000e-01  0.00000000e+00 -6.34462280e-07  6.33265046e-07  1.34538586e-14  1.19722071e-09  1.73607879e-22 
 6.70000000e-01  6.70000000e-01  0.00000000e+00 -6.54545960e-07  6.53284179e-07  1.35995285e-14  1.26176687e-09  1.21830700e-22 
 6.80000000e-01  6.80000000e-01  0.00000000e+00 -6.75258112e-07  6.73928887e-07  1.37509452e-14  1.32921110e-09  1.40722783e-23 
 6.90000000e-01  6.90000000e-01  0.00000000e+00 -6.96618351e-07  6.95218672e-07  1.39083332e-14  1.39966547e-09  4.79058031e-23 
 7.00000000e-01  7.00000000e-01  0.00000000e+00 -7.18646919e-07  7.17173658e-07  1.40719250e-14  1.47324601e-09  3.24553744e-22 
 7.10000000e-01  7.10000000e-01  0.00000000e+00 -7.41364708e-07  7.39814621e-07  1.42419620e-14  1.55007279e-09  1.41524780e-22 
 7.20000000e-01  7.20000000e-01  0.00000000e+00 -7.64793288e-07  7.63163003e-07  1.44186942e-14  1.63027006e-09  1.72791676e-22 
 7.30000000e-01  7.30000000e-01  0.00000000e+00 -7.88954925e-07  7.87240944e-07  1.46023807e-14  1.71396639e-09  1.17837107e-23 
 7.40000000e-01  7.40000000e-01  0.00000000e+00 -8.13872610e-07  8.12071300e-07  1.47932901e-14  1.80129483e-09  2.73586712e-22 
 7.50000000e-01  7.50000000e-01  0.00000000e+00 -8.39570086e-07  8.37677678e-07  1.49917008e-14  1.89239301e-09  2.40366814e-22 
 7.60000000e-01  7.60000000e-01  0.00000000e+00 -8.66071874e-07  8.64084455e-07  1.51979013e-14  1.98740333e-09  1.34173451e-22 
 7.70000000e-01  7.70000000e-01  0.00000000e+00 -8.93403300e-07  8.91316811e-07  1.54121907e-14  2.08647309e-09  1.32091275e-22 
 7.80000000e-01  7.80000000e-01  0.00000000e+00 -9.21590528e-07  9.19400757e-07  1.56348788e-14  2.18975467e-09  3.86262397e-23 
 7.90000000e-01  7.90000000e-01  0.00000000e+00 -9.50660589e-07  9.48363167e-07  1.58662864e-14  2.29740569e-09  1.61597992e-22 
 8.00000000e-01  8.00000000e-01  0.00000000e+00 -9.80641413e-07  9.78231808e-07  1.61067462e-14  2.40958914e-09  1.69917017e-22 
 8.10000000e-01  8.10000000e-01  0.00000000e+00 -1.01156186e-06  1.00903537e-06  1.63566028e-14  2.52647361e-09  8.27370002e-23 
 8.20000000e-01  8.20000000e-01  0.00000000e+00 -1.04345177e-06  1.04080352e-06  1.66162129e-14  2.64823344e-09  1.46072396e-22 
 8.30000000e-01  8.30000000e-01  0.00000000e+00 -1.07634197e-06  1.07356690e-06  1.68859464e-14  2.77504890e-09  1.83011899e-22 
 8.40000000e-01  8.40000000e-01  0.00000000e+00 -1.11026433e-06  1.10735720e-06  1.71661862e-14  2.90710641e-09  4.85736925e-22 
 8.50000000e-01  8.50000000e-01  0.00000000e+00 -1.14525180e-06  1.14220719e-06  1.74573288e-14  3.04459869e-09  2.91578825e-22 
 8.60000000e-01  8.60000000e-01  0.00000000e+00 -1.18133847e-06  1.17815073e-06  1.77597851e-14  3.18772500e-09  6.78726961e-23 
 8.70000000e-01  8.70000000e-01  0.00000000e+00 -1.21855956e-06  1.21522285e-06  1.80739803e-14  3.33669135e-09  4.38257621e-22 
 8.80000000e-01  8.80000000e-01  0.00000000e+00 -1.25695151e-06  1.25345978e-06  1.84003549e-14  3.49171069e-09  2.87383176e-22 
 8.90000000e-01  8.90000000e-01  0.00000000e+00 -1.29655202e-06  1.29289900e-06  1.87393651e-14  3.65300313e-09  9.52692138e-22 
 9.00000000e-01  9.00000000e-01  0.00000000e+00 -1.33740006e-06  1.33357925e-06  1.90914828e-14  3.82079622e-09  2.80210219e-22 
 9.10000000e-01  9.10000000e-01  0.00000000e+00 -1.37953598e-06  1.37554063e-06  1.94571971e-14  3.99532510e-09  1.49709840e-22 
 9.20000000e-01  9.20000000e-01  0.00000000e+00 -1.42300149e-06  1.41882464e-06  1.98370140e-14  4.17683283e-09  4.93985317e-22 
 9.30000000e-01  9.30000000e-01  0.00000000e+00 -1.46783978e-06  1.46347418e-06  2.02314573e-14  4.36557059e-09  1.33799592e-21 
 9.40000000e-01  9.40000000e-01  0.00000000e+00 -1.51409552e-06  1.50953370e-06  2.35103655e-14  4.56179792e-09  4.90898908e-22 
 9.50000000e-01  9.50000000e-01  0.00000000e+00 -1.56181496e-06  1.55704914e-06  3.00387718e-14  4.76578306e-09  4.20160445e-22 
 9.60000000e-01  9.60000000e-01  0.00000000e+00 -1.61104595e-06  1.60606810e-06  3.97044205e-14  4.97780314e-09  4.35772684e-22 
 9.70000000e-01  9.70000000e-01  0.00000000e+00 -1.66183802e-06  1.65663982e-06  5.39031895e-14  5.19814450e-09  8.91925683e-22 
 9.80000000e-01  9.80000000e-01  0.00000000e+00 -1.71424246e-06  1.70881528e-06  7.46027045e-14  5.42710301e-09  1.08984247e-21 
 9.90000000e-01  9.90000000e-01  0.00000000e+00 -1.76831234e-06  1.76264725e-06  1.04558545e-13  5.66498429e-09  7.02631946e-22 
 1.00000000e+00  1.00000000e+00  0.00000000e+00 -1.82410264e-06  1.81819038e-06  1.47613939e-13  5.91210411e-09  8.78499637e-22 
 1.01000000e+00  1.01000000e+00  0.00000000e+00 -1.88167024e-06  1.87550124e-06  2.09143462e-13  6.16878864e-09  4.76244744e-22 
 1.02000000e+00  1.02000000e+00  0.00000000e+00 -1.94107409e-06  1.93463842e-06  2.96807874e-13  6.43537480e-09  2.40157229e-22 
 1.03000000e+00  1.03000000e+00  0.00000000e+00 -2.00237520e-06  1.99566257e-06  4.22087087e-13  6.71221061e-09  1.77699893e-22 
 1.04000000e+00  1.04000000e+00  0.00000000e+00 -2.06563677e-06  2.05863651e-06  6.03804397e-13  6.99965549e-09  8.74001640e-22 
 1.05000000e+00  1.05000000e+00  0.00000000e+00 -2.13092428e-06  2.12362532e-06  8.76506907e-13  7.29808071e-09  1.05127578e-21 
 1.06000000e+00  1.06000000e+00  0.00000000e+00 -2.19830557e-06  2.19069639e-06  1.30985201e-12  7.60786964e-09  1.19412488e-22 
 1.07000000e+00  1.07000000e+00  0.00000000e+00 -2.26785097e-06  2.25991950e-06  2.05108386e-12  7.92941823e-09  4.32836796e-22 
 1.08000000e+00  1.08000000e+00  0.00000000e+00 -2.33963352e-06  2.33136697e-06  3.41251544e-12  8.26313534e-09  1.75155939e-21 
 1.09000000e+00  1.09000000e+00  0.00000000e+00 -2.41372918e-06  2.40511369e-06  6.04100043e-12  8.60944317e-09  2.79412564e-22 
 1.10000000e+00  1.10000000e+00  0.00000000e+00 -2.49021725e-06  2.48123725e-06  1.12278950e-11  8.96877767e-09  2.67300345e-21 
 1.11000000e+00  1.11000000e+00  0.00000000e+00 -2.56918106e-06  2.55981802e-06  2.14467986e-11  9.34158896e-09  1.42413360e-21 
 1.12000000e+00  1.12000000e+00  0.00000000e+00 -2.65070887e-06  2.64093928e-06  4.12426189e-11  9.72834177e-09  2.30776929e-22 
 1.13000000e+00  1.13000000e+00  0.00000000e+00 -2.73489547e-06  2.72468731e-06  7.86386257e-11  1.01295159e-08  3.79055516e-22 
 1.14000000e+00  1.14000000e+00  0.00000000e+00 -2.82184439e-06  2.81115151e-06  1.47276650e-10  1.05456067e-08  8.33281070e-22 
 1.15000000e+00  1.15000000e+00  0.00000000e+00 -2.91167116e-06  2.90042448e-06  2.69557152e-10  1.09771255e-08  1.82393325e-22 
 1.16000000e+00  1.16000000e+00  0.00000000e+00 -3.00450790e-06  2.99260221e-06  4.81097550e-10  1.14246002e-08  1.72022548e-21 
 1.17000000e+00  1.17000000e+00  0.00000000e+00 -3.10050958e-06  3.08778413e-06  8.36875645e-10  1.18885757e-08  3.12788009e-21 
 1.18000000e+00  1.18000000e+00  0.00000000e+00 -3.19986238e-06  3.18607330e-06  1.41946669e-09  1.23696144e-08  3.39330167e-21 
 1.19000000e+00  1.19000000e+00  0.00000000e+00 -3.30279462e-06  3.28757651e-06  2.34981442e-09  1.28682967e-08  7.03103521e-22 
 1.20000000e+00  1.20000000e+00  0.00000000e+00 -3.40959062e-06  3.39240440e-06  3.80099551e-09  1.33852220e-08  9.42985898e-22 
 0.00000000e+00  0.00000000e+00  2.00000000e-01  3.45824879e-11  3.45824879e-11  3.02290996e-13 -6.94672670e-11  1.34269212e-19 
 1.00000000e-02  1.00000000e-02  2.00000000e-01 -1.65215571e-06  1.65222073e-06  3.05131899e-13 -6.53175873e-11  6.32202676e-19 
 2.00000000e-02  2.00000000e-02  2.00000000e-01 -3.02462661e-06  3.02468781e-06  3.07309247e-13 -6.15101390e-11  5.43519684e-19 
 3.00000000e-02  3.00000000e-02  2.00000000e-01 -4.13048603e-06  4.13054375e-06  3.09022672e-13 -5.80278881e-11  4.22156081e-19 
 4.00000000e-02  4.00000000e-02  2.00000000e-01 -4.99706405e-06  4.99711859e-06  3.10420951e-13 -5.48544270e-11  2.58602389e-19 
 5.00000000e-02  5.00000000e-02  2.00000000e-01 -5.66586424e-06  5.66591590e-06  3.11612955e-13 -5.19739716e-11  3.21658514e-19 
 6.00000000e-02  6.00000000e-02  2.00000000e-01 -6.18652092e-06  6.18656997e-06  3.12675117e-13 -4.93713633e-11  7.73528991e-20 
 7.00000000e-02  7.00000000e-02  2.00000000e-01 -6.60635625e-06  6.60640297e-06  3.13658762e-13 -4.70320549e-11  2.56021837e-19 
 8.00000000e-02  8.00000000e-02  2.00000000e-01 -6.96257178e-06  6.96261641e-06  3.14597986e-13 -4.49420934e-11  3.58131919e-20 
 9.00000000e-02  9.00000000e-02  2.00000000e-01 -7.28069390e-06  7.28073667e-06  3.15516225e-13 -4.30880991e-11  1.38637468e-19 
 1.00000000e-01  1.00000000e-01  2.00000000e-01 -7.57697040e-06  7.57701154e-06  3.16430452e-13 -4.14572500e-11  2.33944710e-20 
 1.10000000e-01  1.10000000e-01  2.00000000e-01 -7.86147322e-06  7.86151294e-06  3.17353478e-13 -4.00372621e-11  4.10423537e-19 
 1.20000000e-01  1.20000000e-01  2.00000000e-01 -8.14048037e-06  8.14051887e-06  3.18295237e-13 -3.88163785e-11  2.69214566e-19 
 1.30000000e-01  1.30000000e-01  2.00000000e-01 -8.41800008e-06  8.41803754e-06  3.19263573e-13 -3.77833528e-11  2.19688770e-19 
 1.40000000e-01  1.40000000e-01  2.00000000e-01 -8.69667969e-06  8.69671630e-06  3.20264781e-13 -3.69274581e-11  6.02891508e-20 
 1.50000000e-01  1.50000000e-01  2.00000000e-01 -8.97833730e-06  8.97837321e-06  3.21304011e-13 -3.62385035e-11  4.63884729e-19 
 1.60000000e-01  1.60000000e-01  2.00000000e-01 -9.26427438e-06  9.26430977e-06  3.22385575e-13 -3.57069357e-11  9.06798791e-20 
 1.70000000e-01  1.70000000e-01  2.00000000e-01 -9.55546289e-06  9.55549789e-06  3.23513175e-13 -3.53241486e-11  4.54528819e-19 
 1.80000000e-01  1.80000000e-01  2.00000000e-01 -9.85265974e-06  9.85269450e-06  3.24690079e-13 -3.50834813e-11  3.46467638e-19 
 1.90000000e-01  1.90000000e-01  2.00000000e-01 -1.01564786e-05  1.01565133e-05  3.25919259e-13 -3.49756005e-11  1.81556654e-19 
 2.00000000e-01  2.00000000e-01  2.00000000e-01 -1.04674362e-05  1.04674708e-05  3.27203482e-13 -3.49151198e-11  1.27702832e-19 
 2.10000000e-01  2.10000000e-01  2.00000000e-01 -1.07859824e-05  1.07860169e-05  3.28545394e-13 -3.47730837e-11  4.23995969e-19 
 2.20000000e-01  2.20000000e-01  2.00000000e-01 -1.11125211e-05  1.11125553e-05  3.29947569e-13 -3.45066415e-11  2.71196473e-19 
 2.30000000e-01  2.30000000e-01  2.00000000e-01 -1.14474235e-05  1.14474573e-05  3.31412555e-13 -3.41009972e-11  7.29370677e-19 
 2.40000000e-01  2.40000000e-01  2.00000000e-01 -1.17910389e-05  1.17910721e-05  3.32942900e-13 -3.35453401e-11  2.76012251e-19 
 2.50000000e-01  2.50000000e-01  2.00000000e-01 -1.21437008e-05  1.21437333e-05  3.34541182e-13 -3.28293981e-11  4.51008034e-19 
 2.60000000e-01  2.60000000e-01  2.00000000e-01 -1.25057330e-05  1.25057646e-05  3.36210023e-13 -3.19427627e-11  2.72170612e-20 
 2.70000000e-01  2.70000000e-01  2.00000000e-01 -1.28774527e-05  1.28774833e-05  3.37952102e-13 -3.08746843e-11  1.18403379e-19 
 2.80000000e-01  2.80000000e-01  2.00000000e-01 -1.32591736e-05  1.32592029e-05  3.39770168e-13 -2.96139970e-11  4.15835387e-19 
 2.90000000e-01  2.90000000e-01  2.00000000e-01 -1.36512082e-05  1.36512360e-05  3.41667046e-13 -2.81490699e-11  3.69660517e-19 
 3.00000000e-01  3.00000000e-01  2.00000000e-01 -1.40538692e-05  1.40538954e-05  3.43645646e-13 -2.64677811e-11  3.57227466e-20 
 3.10000000e-01  3.10000000e-01  2.00000000e-01 -1.44674713e-05  1.44674955e-05  3.45708967e-13 -2.45574923e-11  1.24263525e-19 
 3.20000000e-01  3.20000000e-01  2.00000000e-01 -1.48923317e-05  1.48923538e-05  3.47860101e-13 -2.24050231e-11  3.25831983e-19 
 3.30000000e-01  3.30000000e-01  2.00000000e-01 -1.53287716e-05  1.53287912e-05  3.50102241e-13 -1.99966337e-11  6.46507859e-20 
 3.40000000e-01  3.40000000e-01  2.00000000e-01 -1.57771164e-05  1.57771334e-05  3.52438681e-13 -1.73179977e-11  8.90271231e-20 
 3.50000000e-01  3.50000000e-01  2.00000000e-01 -1.62376968e-05  1.62377108e-05  3.54872819e-13 -1.43541841e-11  6.51833223e-20 
 3.60000000e-01  3.60000000e-01  2.00000000e-01 -1.67108489e-05  1.67108596e-05  3.57408167e-13 -1.10896318e-11  2.76953961e-19 
 3.70000000e-01  3.70000000e-01  2.00000000e-01 -1.71969148e-05  1.71969219e-05  3.60048345e-13 -7.50812867e-12  2.31545855e-20 
 3.80000000e-01  3.80000000e-01  2.00000000e-01 -1.76962431e-05  1.76962464e-05  3.62797092e-13 -3.59278449e-12  2.10717545e-19 
 3.90000000e-01  3.90000000e-01  2.00000000e-01 -1.82091893e-05  1.82091883e-05  3.65658266e-13  6.73992112e-13  1.07465813e-20 
 4.00000000e-01  4.00000000e-01  2.00000000e-01 -1.87361158e-05  1.87361101e-05  3.68635846e-13  5.31051852e-12  2.35913693e-19 
 4.10000000e-01  4.10000000e-01  2.00000000e-01 -1.92773926e-05  1.92773819e-05  3.71733938e-13  1.03358658e-11  3.08512437e-19 
 4.20000000e-01  4.20000000e-01  2.00000000e-01 -1.98333974e-05  1.98333813e-05  3.74956778e-13  1.57698854e-11  3.87925501e-19 
 4.30000000e-01  4.30000000e-01  2.00000000e-01 -2.04045158e-05  2.04044938e-05  3.78308734e-13  2.16332399e-11  1.29466410e-19 
 4.40000000e-01  4.40000000e-01  2.00000000e-01 -2.09911416e-05  2.09911133e-05  3.81794309e-13  2.79474256e-11  4.65398386e-19 
 4.50000000e-01  4.50000000e-01  2.00000000e-01 -2.15936772e-05  2.15936421e-05  3.85418150e-13  3.47348114e-11  1.19249844e-20 
 4.60000000e-01  4.60000000e-01  2.00000000e-01 -2.22125336e-05  2.22124912e-05  3.89185042e-13  4.20186611e-11  1.96726270e-19 
 4.70000000e-01  4.70000000e-01  2.00000000e-01 -2.28481307e-05  2.28480804e-05  3.93099922e-13  4.98231725e-11  1.40899785e-19 
 4.80000000e-01  4.80000000e-01  2.00000000e-01 -2.35008976e-05  2.35008390e-05  3.97167874e-13  5.81735064e-11  6.66348454e-21 
 4.90000000e-01  4.90000000e-01  2.00000000e-01 -2.41712729e-05  2.41712054e-05  4.01394140e-13  6.70958215e-11  4.21570786e-19 
 5.00000000e-01  5.00000000e-01  2.00000000e-01 -2.48597047e-05  2.48596276e-05  4.05784119e-13  7.66173123e-11  1.33246869e-19 
 5.10000000e-01  5.10000000e-01  2.00000000e-01 -2.55666509e-05  2.55665637e-05  4.10343373e-13  8.67662413e-11  1.93115248e-19 
 5.20000000e-01  5.20000000e-01  2.00000000e-01 -2.62925796e-05  2.62924816e-05  4.15077632e-13  9.75719804e-11  8.98469648e-20 
 5.30000000e-01  5.30000000e-01  2.00000000e-01 -2.70379692e-05  2.70378597e-05  4.19992795e-13  1.09065047e-10  4.28606846e-19 
 5.40000000e-01  5.40000000e-01  2.00000000e-01 -2.78033086e-05  2.78031869e-05  4.25094937e-13  1.21277148e-10  2.97636354e-19 
 5.50000000e-01  5.50000000e-01  2.00000000e-01 -2.85890975e-05  2.85889628e-05  4.30390314e-13  1.34241217e-10  5.16559575e-19 
 5.60000000e-01  5.60000000e-01  2.00000000e-01 -2.93958466e-05  2.93956982e-05  4.35885364e-13  1.47991459e-10  3.52298305e-19 
 5.70000000e-01  5.70000000e-01  2.00000000e-01 -3.02240782e-05  3.02239151e-05  4.41586714e-13  1.62563396e-10  4.96184912e-19 
 5.80000000e-01  5.80000000e-01  2.00000000e-01 -3.10743257e-05  3.10741473e-05  4.47501184e-13  1.77993910e-10  5.76340319e-20 
 5.90000000e-01  5.90000000e-01  2.00000000e-01 -3.19471348e-05  3.19469401e-05  4.53635791e-13  1.94321293e-10  4.93123163e-19 
 6.00000000e-01  6.00000000e-01  2.00000000e-01 -3.28430632e-05  3.28428511e-05  4.59997756e-13  2.11585292e-10  3.32212453e-19 
 6.10000000e-01  6.10000000e-01  2.00000000e-01 -3.37626809e-05  3.37624506e-05  4.66594503e-13  2.29827166e-10  8.79008442e-20 
 6.20000000e-01  6.20000000e-01  2.00000000e-01 -3.47065707e-05  3.47063212e-05  4.73433671e-13  2.49089727e-10  6.36452462e-19 
 6.30000000e-01  6.30000000e-01  2.00000000e-01 -3.56753287e-05  3.56750588e-05  4.80523114e-13  2.69417408e-10  3.33395620e-19 
 6.40000000e-01  6.40000000e-01  2.00000000e-01 -3.66695640e-05  3.66692727e-05  4.87870907e-13  2.90856303e-10  2.31394023e-19 
 6.50000000e-01  6.50000000e-01  2.00000000e-01 -3.76898997e-05  3.76895857e-05  4.95485353e-13  3.13454236e-10  5.46290885e-20 
 6.60000000e-01  6.60000000e-01  2.00000000e-01 -3.87369728e-05  3.87366351e-05  5.03374985e-13  3.37260813e-10  2.04816126e-19 
 6.70000000e-01  6.70000000e-01  2.00000000e-01 -3.98114349e-05  3.98110721e-05  5.11548573e-13  3.62327488e-10  3.17195575e-19 
 6.80000000e-01  6.80000000e-01  2.00000000e-01 -4.09139523e-05  4.09135631e-05  5.20015127e-13  3.88707619e-10  6.66573503e-19 
 6.90000000e-01  6.90000000e-01  2.00000000e-01 -4.20452065e-05  4.20447895e-05  5.28783905e-13  4.16456542e-10  3.32606401e-19 
 7.00000000e-01  7.00000000e-01  2.00000000e-01 -4.32058945e-05  4.32054483e-05  5.37864418e-13  4.45631628e-10  1.30619248e-20 
 7.10000000e-01  7.10000000e-01  2.00000000e-01 -4.43967295e-05  4.43962527e-05  5.47266432e-13  4.76292358e-10  2.94984995e-19 
 7.20000000e-01  7.20000000e-01  2.00000000e-01 -4.56184410e-05  4.56179320e-05  5.56999977e-13  5.08500393e-10  1.09866164e-19 
 7.30000000e-01  7.30000000e-01  2.00000000e-01 -4.68717754e-05  4.68712325e-05  5.67075351e-13  5.42319648e-10  2.09742448e-19 
 7.40000000e-01  7.40000000e-01  2.00000000e-01 -4.81574964e-05  4.81569180e-05  5.77503124e-13  5.77816363e-10  1.71737888e-19 
 7.50000000e-01  7.50000000e-01  2.00000000e-01 -4.94763854e-05  4.94757697e-05  5.88294146e-13  6.15059192e-10  7.84688910e-20 
 7.60000000e-01  7.60000000e-01  2.00000000e-01 -5.08292421e-05  5.08285874e-05  5.99459550e-13  6.54119270e-10  4.65739607e-19 
 7.70000000e-01  7.70000000e-01  2.00000000e-01 -5.22168851e-05  5.22161894e-05  6.11010760e-13  6.95070308e-10  1.56122754e-19 
 7.80000000e-01  7.80000000e-01  2.00000000e-01 -5.36401520e-05  5.36394134e-05  6.22959494e-13  7.37988669e-10  8.21331492e-19 
 7.90000000e-01  7.90000000e-01  2.00000000e-01 -5.50999003e-05  5.50991167e-05  6.35317770e-13  7.82953466e-10  6.34151974e-19 
 8.00000000e-01  8.00000000e-01  2.00000000e-01 -5.65970078e-05  5.65961771e-05  6.48097913e-13  8.30046647e-10  4.70008678e-19 
 8.10000000e-01  8.10000000e-01  2.00000000e-01 -5.81323730e-05  5.81314930e-05  6.61312559e-13  8.79353089e-10  3.26915063e-19 
 8.20000000e-01  8.20000000e-01  2.00000000e-01 -5.97069160e-05  5.97059844e-05  6.74974662e-13  9.30960700e-10  2.35772263e-19 
 8.30000000e-01  8.30000000e-01  2.00000000e-01 -6.13215787e-05  6.13205931e-05  6.89097498e-13  9.84960512e-10  3.96817221e-19 
 8.40000000e-01  8.40000000e-01  2.00000000e-01 -6.29773257e-05  6.29762835e-05  7.03694669e-13  1.04144680e-09  2.52765485e-20 
 8.50000000e-01  8.50000000e-01  2.00000000e-01 -6.46751445e-05  6.46740432e-05  7.18780114e-13  1.10051716e-09  1.46307867e-19 
 8.60000000e-01  8.60000000e-01  2.00000000e-01 -6.64160465e-05  6.64148835e-05  7.34368107e-13  1.16227264e-09  2.99622094e-19 
 8.70000000e-01  8.70000000e-01  2.00000000e-01 -6.82010676e-05  6.81998401e-05  7.50473269e-13  1.22681787e-09  2.62118385e-19 
 8.80000000e-01  8.80000000e-01  2.00000000e-01 -7.00312685e-05  7.00299735e-05  7.67110570e-13  1.29426114e-09  1.42921637e-19 
 8.90000000e-01  8.90000000e-01  2.00000000e-01 -7.19077357e-05  7.19063702e-05  7.84295333e-13  1.36471455e-09  2.86996513e-19 
 9.00000000e-01  9.00000000e-01  2.00000000e-01 -7.38315818e-05  7.38301427e-05  8.02043244e-13  1.43829409e-09  2.43714128e-20 
 9.10000000e-01  9.10000000e-01  2.00000000e-01 -7.58039466e-05  7.58024307e-05  8.20370350e-13  1.51511986e-09  3.58441354e-19 
 9.20000000e-01  9.20000000e-01  2.00000000e-01 -7.78259976e-05  7.78244015e-05  8.39293072e-13  1.59531610e-09  4.33492727e-19 
 9.30000000e-01  9.30000000e-01  2.00000000e-01 -7.98989305e-05  7.98972506e-05  8.58828204e-13  1.67901138e-09  4.56098827e-21 
 9.40000000e-01  9.40000000e-01  2.00000000e-01 -8.20239702e-05  8.20222030e-05  8.78992922e-13  1.76633874e-09  6.48970927e-19 
 9.50000000e-01  9.50000000e-01  2.00000000e-01 -8.42023714e-05  8.42005129e-05  1.09687097e-12  1.85743583e-09  4.38029322e-19 
 9.60000000e-01  9.60000000e-01  2.00000000e-01 -8.64354195e-05  8.64334655e-05  1.46752150e-12  1.95244503e-09  7.61316297e-19 
 9.70000000e-01  9.70000000e-01  2.00000000e-01 -8.87244307e-05  8.87223772e-05  2.00934940e-12  2.05151365e-09  6.39686572e-20 
 9.80000000e-01  9.80000000e-01  2.00000000e-01 -9.10707537e-05  9.10685961e-05  2.79543878e-12  2.15479407e-09  1.52564653e-19 
 9.90000000e-01  9.90000000e-01  2.00000000e-01 -9.34757699e-05  9.34735035e-05  3.92748716e-12  2.26244390e-09  1.77083436e-19 
 1.00000000e+00  1.00000000e+00  2.00000000e-01 -9.59408941e-05  9.59385140e-05  5.54600774e-12  2.37462615e-09  5.06276789e-19 
 1.01000000e+00  1.01000000e+00  2.00000000e-01 -9.84675759e-05  9.84650765e-05  7.84381596e-12  2.49150939e-09  9.03800123e-20 
 1.02000000e+00  1.02000000e+00  2.00000000e-01 -1.01057300e-04  1.01054675e-04  1.10837448e-11  2.61326796e-09  1.91591519e-19 
 1.03000000e+00  1.03000000e+00  2.00000000e-01 -1.03711586e-04  1.03708830e-04  1.56217715e-11  2.74008214e-09  2.41263941e-19 
 1.04000000e+00  1.04000000e+00  2.00000000e-01 -1.06431993e-04  1.06429099e-04  2.19370289e-11  2.87213834e-09  2.20810733e-19 
 1.05000000e+00  1.05000000e+00  2.00000000e-01 -1.09220115e-04  1.09217074e-04  3.06705268e-11  3.00962929e-09  1.44977671e-19 
 1.06000000e+00  1.06000000e+00  2.00000000e-01 -1.12077586e-04  1.12074390e-04  4.26748331e-11  3.15275425e-09  2.21293794e-19 
 1.07000000e+00  1.07000000e+00  2.00000000e-01 -1.15006079e-04  1.15002719e-04  5.90774710e-11  3.30171921e-09  3.08103582e-19 
 1.08000000e+00  1.08000000e+00  2.00000000e-01 -1.18007309e-04  1.18003771e-04  8.13613958e-11  3.45673714e-09  6.03075930e-20 
 1.09000000e+00  1.09000000e+00  2.00000000e-01 -1.21083031e-04  1.21079302e-04  1.11466634e-10  3.61802815e-09  8.13590552e-20 
 1.10000000e+00  1.10000000e+00  2.00000000e-01 -1.24235042e-04  1.24231104e-04  1.51918020e-10  3.78581976e-09  1.77013187e-19 
 1.11000000e+00  1.11000000e+00  2.00000000e-01 -1.27465182e-04  1.27461016e-04  2.05984953e-10  3.96034715e-09  2.13965517e-20 
 1.12000000e+00  1.12000000e+00  2.00000000e-01 -1.30775339e-04  1.30770919e-04  2.77880296e-10  4.14185336e-09  6.44385691e-19 
 1.13000000e+00  1.13000000e+00  2.00000000e-01 -1.34167441e-04  1.34162737e-04  3.73006868e-10  4.33058956e-09  7.09116141e-19 
 1.14000000e+00  1.14000000e+00  2.00000000e-01 -1.37643468e-04  1.37638443e-04  4.98261598e-10  4.52681532e-09  4.73103883e-19 
 1.15000000e+00  1.15000000e+00  2.00000000e-01 -1.41205444e-04  1.41200051e-04  6.62409235e-10  4.73079884e-09  5.44613647e-20 
 1.16000000e+00  1.16000000e+00  2.00000000e-01 -1.44855446e-04  1.44849627e-04  8.76539616e-10  4.94281727e-09  3.11706367e-19 
 1.17000000e+00  1.17000000e+00  2.00000000e-01 -1.48595599e-04  1.48589281e-04  1.15462495e-09  5.16315697e-09  1.71114717e-19 
 1.18000000e+00  1.18000000e+00  2.00000000e-01 -1.52428081e-04  1.52421174e-04  1.51419631e-09  5.39211376e-09  2.71189096e-19 
 1.19000000e+00  1.19000000e+00  2.00000000e-01 -1.56355124e-04  1.56347517e-04  1.97716181e-09  5.62999331e-09  4.87484832e-19 
 1.20000000e+00  1.20000000e+00  2.00000000e-01 -1.60379017e-04  1.60370569e-04  2.57079233e-09  5.87711136e-09  5.54193226e-19 
 0.00000000e+00  0.00000000e+00  4.00000000e-01  2.47824974e-10  2.47824974e-10  1.67375240e-12 -4.97323700e-10  1.66690356e-19 
 1.00000000e-02  1.00000000e-02  4.00000000e-01 -4.45703931e-05  4.45708728e-05  1.68988583e-12 -4.81433647e-10  4.07668410e-19 
 2.00000000e-02  2.00000000e-02  4.00000000e-01 -8.44517498e-05  8.44522144e-05  1.70636711e-12 -4.66282084e-10  2.37365931e-20 
 3.00000000e-02  3.00000000e-02  4.00000000e-01 -1.19747268e-04  1.19747719e-04  1.72352376e-12 -4.51939178e-10  1.16578435e-20 
 4.00000000e-02  4.00000000e-02  4.00000000e-01 -1.50613659e-04  1.50614096e-04  1.74166901e-12 -4.38409063e-10  1.85386082e-19 
 5.00000000e-02  5.00000000e-02  4.00000000e-01 -1.77272236e-04  1.77272660e-04  1.76111519e-12 -4.25663991e-10  3.65651290e-19 
 6.00000000e-02  6.00000000e-02  4.00000000e-01 -2.00028873e-04  2.00029285e-04  1.78217115e-12 -4.13672206e-10  2.78372867e-19 
 7.00000000e-02  7.00000000e-02  4.00000000e-01 -2.19290237e-04  2.19290637e-04  1.80511916e-12 -4.02402526e-10  3.91042872e-19 
 8.00000000e-02  8.00000000e-02  4.00000000e-01 -2.35559436e-04  2.35559826e-04  1.83017563e-12 -3.91824401e-10  2.98163841e-19 
 9.00000000e-02  9.00000000e-02  4.00000000e-01 -2.49398850e-04  2.49399230e-04  1.85745512e-12 -3.81907419e-10  6.90662261e-19 
 1.00000000e-01  1.00000000e-01  4.00000000e-01 -2.61368008e-04  2.61368378e-04  1.88696196e-12 -3.72621154e-10  4.55312449e-19 
 1.10000000e-01  1.10000000e-01  4.00000000e-01 -2.71963956e-04  2.71964318e-04  1.91861586e-12 -3.63935489e-10  1.79222315e-20 
 1.20000000e-01  1.20000000e-01  4.00000000e-01 -2.81588173e-04  2.81588527e-04  1.95229408e-12 -3.55821094e-10  6.39513131e-20 
 1.30000000e-01  1.30000000e-01  4.00000000e-01 -2.90543273e-04  2.90543619e-04  1.98786825e-12 -3.48249833e-10  3.88035355e-19 
 1.40000000e-01  1.40000000e-01  4.00000000e-01 -2.99047746e-04  2.99048085e-04  2.02522585e-12 -3.41194940e-10  4.89230216e-19 
 1.50000000e-01  1.50000000e-01  4.00000000e-01 -3.07256028e-04  3.07256361e-04  2.06427820e-12 -3.34631039e-10  2.32456946e-19 
 1.60000000e-01  1.60000000e-01  4.00000000e-01 -3.15276684e-04  3.15277011e-04  2.10496055e-12 -3.28534061e-10  1.89655206e-19 
 1.70000000e-01  1.70000000e-01  4.00000000e-01 -3.23186413e-04  3.23186733e-04  2.14722880e-12 -3.22881142e-10  2.05980212e-19 
 1.80000000e-01  1.80000000e-01  4.00000000e-01 -3.31040015e-04  3.31040331e-04  2.19105555e-12 -3.17650519e-10  1.61877799e-19 
 1.90000000e-01  1.90000000e-01  4.00000000e-01 -3.38877237e-04  3.38877548e-04  2.23642636e-12 -3.12821438e-10  8.31806898e-19 
 2.00000000e-01  2.00000000e-01  4.00000000e-01 -3.46727388e-04  3.46727694e-04  2.28333676e-12 -3.08374076e-10  9.15640905e-19 
 2.10000000e-01  2.10000000e-01  4.00000000e-01 -3.54612457e-04  3.54612759e-04  2.33178995e-12 -3.04289487e-10  1.11280141e-18 
 2.20000000e-01  2.20000000e-01  4.00000000e-01 -3.62549232e-04  3.62549530e-04  2.38179500e-12 -3.00549533e-10  4.93747726e-19 
 2.30000000e-01  2.30000000e-01  4.00000000e-01 -3.70550747e-04  3.70551042e-04  2.43336555e-12 -2.97136848e-10  1.11302343e-18 
 2.40000000e-01  2.40000000e-01  4.00000000e-01 -3.78627289e-04  3.78627580e-04  2.48651879e-12 -2.94034799e-10  6.66921534e-19 
 2.50000000e-01  2.50000000e-01  4.00000000e-01 -3.86787101e-04  3.86787390e-04  2.54127477e-12 -2.91227448e-10  2.88957249e-19 
 2.60000000e-01  2.60000000e-01  4.00000000e-01 -3.95036893e-04  3.95037180e-04  2.59765582e-12 -2.88699526e-10  7.40451533e-21 
 2.70000000e-01  2.70000000e-01  4.00000000e-01 -4.03382198e-04  4.03382481e-04  2.65568611e-12 -2.86436397e-10  1.03932435e-19 
 2.80000000e-01  2.80000000e-01  4.00000000e-01 -4.11827639e-04  4.11827921e-04  2.71539135e-12 -2.84424039e-10  7.95007316e-19 
 2.90000000e-01  2.90000000e-01  4.00000000e-01 -4.20377130e-04  4.20377410e-04  2.77679852e-12 -2.82649015e-10  4.12827213e-19 
 3.00000000e-01  3.00000000e-01  4.00000000e-01 -4.29034020e-04  4.29034298e-04  2.83993567e-12 -2.81098460e-10  5.10841206e-19 
 3.10000000e-01  3.10000000e-01  4.00000000e-01 -4.37801204e-04  4.37801481e-04  2.90483181e-12 -2.79760051e-10  8.16626422e-19 
 3.20000000e-01  3.20000000e-01  4.00000000e-01 -4.46681210e-04  4.46681486e-04  2.97151671e-12 -2.78621994e-10  1.09462678e-18 
 3.30000000e-01  3.30000000e-01  4.00000000e-01 -4.55676266e-04  4.55676541e-04  3.04002086e-12 -2.77673023e-10  1.51152453e-19 
 3.40000000e-01  3.40000000e-01  4.00000000e-01 -4.64788348e-04  4.64788622e-04  3.11037538e-12 -2.76902384e-10  1.15934438e-18 
 3.50000000e-01  3.50000000e-01  4.00000000e-01 -4.74019226e-04  4.74019499e-04  3.18261193e-12 -2.76299868e-10  2.04798386e-19 
 3.60000000e-01  3.60000000e-01  4.00000000e-01 -4.83370488e-04  4.83370761e-04  3.25676268e-12 -2.75855908e-10  1.94496393e-19 
 3.70000000e-01  3.70000000e-01  4.00000000e-01 -4.92843576e-04  4.92843848e-04  3.33286023e-12 -2.75561885e-10  6.67050948e-19 
 3.80000000e-01  3.80000000e-01  4.00000000e-01 -5.02439797e-04  5.02440069e-04  3.41093762e-12 -2.75411126e-10  2.91148570e-19 
 3.90000000e-01  3.90000000e-01  4.00000000e-01 -5.12160347e-04  5.12160619e-04  3.49102826e-12 -2.75394293e-10  4.80675781e-20 
 4.00000000e-01  4.00000000e-01  4.00000000e-01 -5.22006321e-04  5.22006593e-04  3.57316591e-12 -2.75425991e-10  5.97169139e-19 
 4.10000000e-01  4.10000000e-01  4.00000000e-01 -5.31978725e-04  5.31978997e-04  3.65738464e-12 -2.75377259e-10  8.63907933e-20 
 4.20000000e-01  4.20000000e-01  4.00000000e-01 -5.42078487e-04  5.42078758e-04  3.74371885e-12 -2.75205244e-10  4.61760718e-19 
 4.30000000e-01  4.30000000e-01  4.00000000e-01 -5.52306461e-04  5.52306732e-04  3.83220321e-12 -2.74895148e-10  8.54519215e-19 
 4.40000000e-01  4.40000000e-01  4.00000000e-01 -5.62663437e-04  5.62663707e-04  3.92287264e-12 -2.74436160e-10  6.66843399e-19 
 4.50000000e-01  4.50000000e-01  4.00000000e-01 -5.73150145e-04  5.73150415e-04  4.01576235e-12 -2.73818004e-10  6.32041956e-19 
 4.60000000e-01  4.60000000e-01  4.00000000e-01 -5.83767261e-04  5.83767530e-04  4.11090774e-12 -2.73030274e-10  9.17587284e-19 
 4.70000000e-01  4.70000000e-01  4.00000000e-01 -5.94515408e-04  5.94515676e-04  4.20834447e-12 -2.72062221e-10  1.42710292e-19 
 4.80000000e-01  4.80000000e-01  4.00000000e-01 -6.05395164e-04  6.05395430e-04  4.30810837e-12 -2.70902682e-10  1.86936548e-19 
 4.90000000e-01  4.90000000e-01  4.00000000e-01 -6.16407059e-04  6.16407324e-04  4.41023550e-12 -2.69540028e-10  9.97402211e-19 
 5.00000000e-01  5.00000000e-01  4.00000000e-01 -6.27551584e-04  6.27551847e-04  4.51476210e-12 -2.67962140e-10  1.03327083e-18 
 5.10000000e-01  5.10000000e-01  4.00000000e-01 -6.38829188e-04  6.38829449e-04  4.62172457e-12 -2.66156383e-10  3.11579912e-19 
 5.20000000e-01  5.20000000e-01  4.00000000e-01 -6.50240284e-04  6.50240544e-04  4.73115949e-12 -2.64109580e-10  4.50614718e-19 
 5.30000000e-01  5.30000000e-01  4.00000000e-01 -6.61785250e-04  6.61785507e-04  4.84310361e-12 -2.61807995e-10  1.72759955e-19 
 5.40000000e-01  5.40000000e-01  4.00000000e-01 -6.73464429e-04  6.73464683e-04  4.95759381e-12 -2.59237309e-10  8.55895214e-19 
 5.50000000e-01  5.50000000e-01  4.00000000e-01 -6.85278132e-04  6.85278383e-04  5.07466712e-12 -2.56382592e-10  9.98684192e-19 
 5.60000000e-01  5.60000000e-01  4.00000000e-01 -6.97226640e-04  6.97226888e-04  5.19436070e-12 -2.53228291e-10  7.34490018e-19 
 5.70000000e-01  5.70000000e-01  4.00000000e-01 -7.09310206e-04  7.09310450e-04  5.31671184e-12 -2.49758196e-10  3.63471484e-19 
 5.80000000e-01  5.80000000e-01  4.00000000e-01 -7.21529055e-04  7.21529296e-04  5.44175796e-12 -2.45955426e-10  6.72936560e-19 
 5.90000000e-01  5.90000000e-01  4.00000000e-01 -7.33883388e-04  7.33883624e-04  5.56953657e-12 -2.41802395e-10  8.52587501e-19 
 6.00000000e-01  6.00000000e-01  4.00000000e-01 -7.46373381e-04  7.46373612e-04  5.70008530e-12 -2.37280793e-10  3.66072467e-19 
 6.10000000e-01  6.10000000e-01  4.00000000e-01 -7.58999188e-04  7.58999414e-04  5.83344188e-12 -2.32371553e-10  5.11499963e-19 
 6.20000000e-01  6.20000000e-01  4.00000000e-01 -7.71760943e-04  7.71761164e-04  5.96964413e-12 -2.27054832e-10  1.65610771e-18 
 6.30000000e-01  6.30000000e-01  4.00000000e-01 -7.84658762e-04  7.84658977e-04  6.10872995e-12 -2.21309975e-10  7.53839369e-19 
 6.40000000e-01  6.40000000e-01  4.00000000e-01 -7.97692745e-04  7.97692954e-04  6.25073735e-12 -2.15115490e-10  8.57343626e-19 
 6.50000000e-01  6.50000000e-01  4.00000000e-01 -8.10862975e-04  8.10863177e-04  6.39570439e-12 -2.08449018e-10  9.73745197e-19 
 6.60000000e-01  6.60000000e-01  4.00000000e-01 -8.24169524e-04  8.24169719e-04  6.54366920e-12 -2.01287305e-10  3.79265845e-19 
 6.70000000e-01  6.70000000e-01  4.00000000e-01 -8.37612455e-04  8.37612641e-04  6.69467000e-12 -1.93606156e-10  4.28532477e-19 
 6.80000000e-01  6.80000000e-01  4.00000000e-01 -8.51191818e-04  8.51191997e-04  6.84874505e-12 -1.85380425e-10  1.34323147e-18 
 6.90000000e-01  6.90000000e-01  4.00000000e-01 -8.64907662e-04  8.64907832e-04  7.00593269e-12 -1.76583954e-10  1.33288925e-18 
 7.00000000e-01  7.00000000e-01  4.00000000e-01 -8.78760029e-04  8.78760189e-04  7.16627130e-12 -1.67189562e-10  2.54727631e-19 
 7.10000000e-01  7.10000000e-01  4.00000000e-01 -8.92748961e-04  8.92749111e-04  7.32979931e-12 -1.57168994e-10  2.14957897e-19 
 7.20000000e-01  7.20000000e-01  4.00000000e-01 -9.06874500e-04  9.06874639e-04  7.49655520e-12 -1.46492888e-10  6.92435873e-19 
 7.30000000e-01  7.30000000e-01  4.00000000e-01 -9.21136692e-04  9.21136819e-04  7.66657749e-12 -1.35130733e-10  4.71379244e-20 
 7.40000000e-01  7.40000000e-01  4.00000000e-01 -9.35535589e-04  9.35535704e-04  7.83990474e-12 -1.23050837e-10  1.93620312e-18 
 7.50000000e-01  7.50000000e-01  4.00000000e-01 -9.50071252e-04  9.50071354e-04  8.01657555e-12 -1.10220269e-10  7.29525737e-19 
 7.60000000e-01  7.60000000e-01  4.00000000e-01 -9.64743753e-04  9.64743841e-04  8.19662854e-12 -9.66048370e-11  1.57186450e-18 
 7.70000000e-01  7.70000000e-01  4.00000000e-01 -9.79553179e-04  9.79553252e-04  8.38010239e-12 -8.21690311e-11  6.54222696e-19 
 7.80000000e-01  7.80000000e-01  4.00000000e-01 -9.94499633e-04  9.94499691e-04  8.56703577e-12 -6.68759778e-11  1.93180868e-18 
 7.90000000e-01  7.90000000e-01  4.00000000e-01 -1.00958324e-03  1.00958328e-03  8.75746741e-12 -5.06873935e-11  4.30865801e-19 
 8.00000000e-01  8.00000000e-01  4.00000000e-01 -1.02480414e-03  1.02480417e-03  8.95143604e-12 -3.35635408e-11  9.61628945e-19 
 8.10000000e-01  8.10000000e-01  4.00000000e-01 -1.04016251e-03  1.04016252e-03  9.14898043e-12 -1.54631776e-11  2.40699168e-19 
 8.20000000e-01  8.20000000e-01  4.00000000e-01 -1.05565855e-03  1.05565854e-03  9.35013934e-12  3.65650305e-12  2.41400067e-19 
 8.30000000e-01  8.30000000e-01  4.00000000e-01 -1.07129249e-03  1.07129246e-03  9.55495160e-12  2.38399179e-11  1.01923907e-18 
 8.40000000e-01  8.40000000e-01  4.00000000e-01 -1.08706459e-03  1.08706454e-03  9.76345601e-12  4.51331550e-11  1.39454482e-18 
 8.50000000e-01  8.50000000e-01  4.00000000e-01 -1.10297516e-03  1.10297509e-03  9.97569141e-12  6.75840252e-11  5.61033680e-19 
 8.60000000e-01  8.60000000e-01  4.00000000e-01 -1.11902454e-03  1.11902444e-03  1.01916966e-11  9.12421206e-11  8.83516585e-19 
 8.70000000e-01  8.70000000e-01  4.00000000e-01 -1.13521311e-03  1.13521298e-03  1.04115106e-11  1.16158885e-10  4.71743598e-19 
 8.80000000e-01  8.80000000e-01  4.00000000e-01 -1.15154130e-03  1.15154115e-03  1.06351721e-11  1.42387664e-10  3.04598436e-19 
 8.90000000e-01  8.90000000e-01  4.00000000e-01 -1.16800960e-03  1.16800942e-03  1.08627201e-11  1.69983779e-10  1.34086326e-19 
 9.00000000e-01  9.00000000e-01  4.00000000e-01 -1.18461853e-03  1.18461832e-03  1.10941936e-11  1.99004591e-10  2.91386824e-19 
 9.10000000e-01  9.10000000e-01  4.00000000e-01 -1.20136867e-03  1.20136843e-03  1.13296313e-11  2.29509568e-10  4.97130129e-19 
 9.20000000e-01  9.20000000e-01  4.00000000e-01 -1.21826067e-03  1.21826039e-03  1.15690723e-11  2.61560358e-10  2.29661169e-19 
 9.30000000e-01  9.30000000e-01  4.00000000e-01 -1.23529522e-03  1.23529491e-03  1.18125556e-11  2.95220858e-10  1.48738149e-19 
 9.40000000e-01  9.40000000e-01  4.00000000e-01 -1.25247309e-03  1.25247275e-03  1.20601200e-11  3.30557302e-10  1.47641050e-18 
 9.50000000e-01  9.50000000e-01  4.00000000e-01 -1.26979510e-03  1.26979472e-03  1.23118047e-11  3.67638324e-10  1.00177414e-18 
 9.60000000e-01  9.60000000e-01  4.00000000e-01 -1.28726215e-03  1.28726173e-03  1.25676485e-11  4.06535048e-10  1.52722707e-18 
 9.70000000e-01  9.70000000e-01  4.00000000e-01 -1.30487519e-03  1.30487473e-03  1.28276906e-11  4.47321170e-10  3.39653346e-19 
 9.80000000e-01  9.80000000e-01  4.00000000e-01 -1.32263527e-03  1.32263477e-03  1.30919701e-11  4.90073037e-10  1.42611708e-19 
 9.90000000e-01  9.90000000e-01  4.00000000e-01 -1.34054349e-03  1.34054294e-03  1.33605259e-11  5.34869749e-10  1.61897465e-18 
 1.00000000e+00  1.00000000e+00  4.00000000e-01 -1.35860103e-03  1.35860043e-03  1.36333973e-11  5.81793239e-10  5.38895398e-19 
 1.01000000e+00  1.01000000e+00  4.00000000e-01 -1.37680915e-03  1.37680851e-03  1.39106233e-11  6.30928368e-10  1.03969504e-18 
 1.02000000e+00  1.02000000e+00  4.00000000e-01 -1.39516921e-03  1.39516851e-03  1.50861467e-11  6.82363025e-10  3.94542822e-19 
 1.03000000e+00  1.03000000e+00  4.00000000e-01 -1.41368262e-03  1.41368187e-03  1.97014833e-11  7.36188232e-10  6.08504519e-19 
 1.04000000e+00  1.04000000e+00  4.00000000e-01 -1.43235090e-03  1.43235008e-03  2.62595123e-11  7.92498241e-10  1.33106169e-18 
 1.05000000e+00  1.05000000e+00  4.00000000e-01 -1.45117565e-03  1.45117476e-03  3.55231405e-11  8.51390638e-10  7.62899147e-19 
 1.06000000e+00  1.06000000e+00  4.00000000e-01 -1.47015854e-03  1.47015758e-03  4.85290163e-11  9.12966460e-10  8.30511023e-19 
 1.07000000e+00  1.07000000e+00  4.00000000e-01 -1.48930135e-03  1.48930031e-03  6.66764845e-11  9.77330307e-10  1.80942011e-19 
 1.08000000e+00  1.08000000e+00  4.00000000e-01 -1.50860596e-03  1.50860482e-03  9.18424393e-11  1.04459045e-09  1.99592013e-19 
 1.09000000e+00  1.09000000e+00  4.00000000e-01 -1.52807432e-03  1.52807308e-03  1.26528731e-10  1.11485897e-09  1.82636909e-18 
 1.10000000e+00  1.10000000e+00  4.00000000e-01 -1.54770848e-03  1.54770712e-03  1.74050266e-10  1.18825187e-09  1.32929680e-18 
 1.11000000e+00  1.11000000e+00  4.00000000e-01 -1.56751061e-03  1.56750911e-03  2.38773681e-10  1.26488920e-09  1.90663839e-18 
 1.12000000e+00  1.12000000e+00  4.00000000e-01 -1.58748294e-03  1.58748127e-03  3.26418564e-10  1.34489518e-09  4.31261262e-19 
 1.13000000e+00  1.13000000e+00  4.00000000e-01 -1.60762784e-03  1.60762597e-03  4.44435606e-10  1.42839838e-09  9.75799119e-21 
 1.14000000e+00  1.14000000e+00  4.00000000e-01 -1.62794775e-03  1.62794563e-03  6.02478897e-10  1.51553181e-09  2.69231015e-18 
 1.15000000e+00  1.15000000e+00  4.00000000e-01 -1.64844522e-03  1.64844281e-03  8.12992913e-10  1.60643310e-09  6.85937455e-19 
 1.16000000e+00  1.16000000e+00  4.00000000e-01 -1.66912293e-03  1.66912013e-03  1.09193852e-09  1.70124461e-09  1.20011913e-19 
 1.17000000e+00  1.17000000e+00  4.00000000e-01 -1.68998362e-03  1.68998036e-03  1.45968676e-09  1.80011364e-09  2.19327208e-18 
 1.18000000e+00  1.18000000e+00  4.00000000e-01 -1.71103019e-03  1.71102634e-03  1.94211411e-09  1.90319255e-09  1.38567104e-18 
 1.19000000e+00  1.19000000e+00  4.00000000e-01 -1.73226560e-03  1.73226102e-03  2.57193895e-09  2.01063890e-09  6.78952328e-19 
 1.20000000e+00  1.20000000e+00  4.00000000e-01 -1.75369296e-03  1.75368745e-03  3.39034510e-09  2.12261570e-09  4.33189524e-19 
 0.00000000e+00  0.00000000e+00  6.00000000e-01  1.36819057e-09  1.36819057e-09  2.95634277e-11 -2.76594457e-09  9.39237962e-19 
 1.00000000e-02  1.00000000e-02  6.00000000e-01 -1.57971602e-04  1.57974295e-04  3.00231083e-11 -2.72360523e-09  1.06165510e-18 
 2.00000000e-02  2.00000000e-02  6.00000000e-01 -3.09018772e-04  3.09021421e-04  3.04906863e-11 -2.67971536e-09  1.25160474e-18 
 3.00000000e-02  3.00000000e-02  6.00000000e-01 -4.53240244e-04  4.53242850e-04  3.09665713e-11 -2.63701826e-09  2.00683683e-18 
 4.00000000e-02  4.00000000e-02  6.00000000e-01 -5.90737378e-04  5.90739943e-04  3.14511444e-11 -2.59629948e-09  3.42615683e-19 
 5.00000000e-02  5.00000000e-02  6.00000000e-01 -7.21610903e-04  7.21613429e-04  3.19447764e-11 -2.55756105e-09  1.84271361e-18 
 6.00000000e-02  6.00000000e-02  6.00000000e-01 -8.45959788e-04  8.45962276e-04  3.24478426e-11 -2.52070624e-09  1.67805110e-19 
 7.00000000e-02  7.00000000e-02  6.00000000e-01 -9.63880662e-04  9.63883115e-04  3.29607373e-11 -2.48564257e-09  1.60275826e-18 
 8.00000000e-02  8.00000000e-02  6.00000000e-01 -1.07546773e-03  1.07547015e-03  3.34838856e-11 -2.45229136e-09  1.84411103e-19 
 9.00000000e-02  9.00000000e-02  6.00000000e-01 -1.18081322e-03  1.18081561e-03  3.40177560e-11 -2.42058546e-09  3.55656812e-19 
 1.00000000e-01  1.00000000e-01  6.00000000e-01 -1.28000854e-03  1.28001090e-03  3.45628724e-11 -2.39046686e-09  9.63674332e-19 
 1.10000000e-01  1.10000000e-01  6.00000000e-01 -1.37314635e-03  1.37314868e-03  3.51198249e-11 -2.36188494e-09  1.81669969e-18 
 1.20000000e-01  1.20000000e-01  6.00000000e-01 -1.46032400e-03  1.46032630e-03  3.56892785e-11 -2.33479547e-09  7.09656517e-19 
 1.30000000e-01  1.30000000e-01  6.00000000e-01 -1.54164863e-03  1.54165090e-03  3.62719776e-11 -2.30915985e-09  4.45679996e-19 
 1.40000000e-01  1.40000000e-01  6.00000000e-01 -1.61724443e-03  1.61724668e-03  3.68687428e-11 -2.28494426e-09  1.22987175e-18 
 1.50000000e-01  1.50000000e-01  6.00000000e-01 -1.68726208e-03  1.68726430e-03  3.74804553e-11 -2.26211868e-09  9.33616785e-20 
 1.60000000e-01  1.60000000e-01  6.00000000e-01 -1.75188986e-03  1.75189207e-03  3.81080255e-11 -2.24065540e-09  7.85800515e-20 
 1.70000000e-01  1.70000000e-01  6.00000000e-01 -1.81136488e-03  1.81136706e-03  3.87523437e-11 -2.22052705e-09  2.11222759e-18 
 1.80000000e-01  1.80000000e-01  6.00000000e-01 -1.86598155e-03  1.86598372e-03  3.94142165e-11 -2.20170432e-09  2.03869932e-19 
 1.90000000e-01  1.90000000e-01  6.00000000e-01 -1.91609405e-03  1.91609620e-03  4.00942990e-11 -2.18415365e-09  1.37132330e-18 
 2.00000000e-01  2.00000000e-01  6.00000000e-01 -1.96210983e-03  1.96211196e-03  4.07930410e-11 -2.16783562e-09  1.92332023e-18 
 2.10000000e-01  2.10000000e-01  6.00000000e-01 -2.00447387e-03  2.00447598e-03  4.15106596e-11 -2.15270429e-09  5.91720549e-20 
 2.20000000e-01  2.20000000e-01  6.00000000e-01 -2.04364648e-03  2.04364857e-03  4.22471491e-11 -2.13870786e-09  1.12205513e-18 
 2.30000000e-01  2.30000000e-01  6.00000000e-01 -2.08007949e-03  2.08008158e-03  4.30023223e-11 -2.12579036e-09  1.65739375e-18 
 2.40000000e-01  2.40000000e-01  6.00000000e-01 -2.11419603e-03  2.11419810e-03  4.37758685e-11 -2.11389378e-09  1.04382439e-18 
 2.50000000e-01  2.50000000e-01  6.00000000e-01 -2.14637669e-03  2.14637875e-03  4.45674148e-11 -2.10296018e-09  9.56599352e-19 
 2.60000000e-01  2.60000000e-01  6.00000000e-01 -2.17695306e-03  2.17695511e-03  4.53765762e-11 -2.09293334e-09  3.78500070e-19 
 2.70000000e-01  2.70000000e-01  6.00000000e-01 -2.20620699e-03  2.20620902e-03  4.62029927e-11 -2.08375984e-09  1.00946593e-18 
 2.80000000e-01  2.80000000e-01  6.00000000e-01 -2.23437388e-03  2.23437591e-03  4.70463499e-11 -2.07538967e-09  1.28233218e-18 
 2.90000000e-01  2.90000000e-01  6.00000000e-01 -2.26164809e-03  2.26165011e-03  4.79063900e-11 -2.06777634e-09  6.95369259e-19 
 3.00000000e-01  3.00000000e-01  6.00000000e-01 -2.28818897e-03  2.28819098e-03  4.87829132e-11 -2.06087686e-09  2.00595107e-18 
 3.10000000e-01  3.10000000e-01  6.00000000e-01 -2.31412668e-03  2.31412868e-03  4.96757757e-11 -2.05465148e-09  5.34456903e-20 
 3.20000000e-01  3.20000000e-01  6.00000000e-01 -2.33956754e-03  2.33956954e-03  5.05848843e-11 -2.04906339e-09  9.74949236e-19 
 3.30000000e-01  3.30000000e-01  6.00000000e-01 -2.36459849e-03  2.36460048e-03  5.15101905e-11 -2.04407846e-09  3.08543590e-19 
 3.40000000e-01  3.40000000e-01  6.00000000e-01 -2.38929080e-03  2.38929278e-03  5.24516850e-11 -2.03966492e-09  2.22270297e-18 
 3.50000000e-01  3.50000000e-01  6.00000000e-01 -2.41370314e-03  2.41370512e-03  5.34093915e-11 -2.03579313e-09  1.67834016e-18 
 3.60000000e-01  3.60000000e-01  6.00000000e-01 -2.43788401e-03  2.43788599e-03  5.43833627e-11 -2.03243533e-09  1.00660059e-18 
 3.70000000e-01  3.70000000e-01  6.00000000e-01 -2.46187369e-03  2.46187566e-03  5.53736752e-11 -2.02956544e-09  9.05265719e-19 
 3.80000000e-01  3.80000000e-01  6.00000000e-01 -2.48570580e-03  2.48570777e-03  5.63804268e-11 -2.02715891e-09  1.28988745e-18 
 3.90000000e-01  3.90000000e-01  6.00000000e-01 -2.50940855e-03  2.50941051e-03  5.74037330e-11 -2.02519258e-09  1.07289420e-18 
 4.00000000e-01  4.00000000e-01  6.00000000e-01 -2.53300569e-03  2.53300765e-03  5.84437248e-11 -2.02364456e-09  2.45474042e-18 
 4.10000000e-01  4.10000000e-01  6.00000000e-01 -2.55651735e-03  2.55651932e-03  5.95005467e-11 -2.02249407e-09  7.28350391e-19 
 4.20000000e-01  4.20000000e-01  6.00000000e-01 -2.57996067e-03  2.57996264e-03  6.05743549e-11 -2.02172146e-09  1.43620945e-18 
 4.30000000e-01  4.30000000e-01  6.00000000e-01 -2.60335029e-03  2.60335224e-03  6.16653159e-11 -2.02130800e-09  2.36639217e-18 
 4.40000000e-01  4.40000000e-01  6.00000000e-01 -2.62669875e-03  2.62670070e-03  6.27736057e-11 -2.02123593e-09  7.82606253e-19 
 4.50000000e-01  4.50000000e-01  6.00000000e-01 -2.65001688e-03  2.65001884e-03  6.38994085e-11 -2.02148832e-09  9.85755220e-19 
 4.60000000e-01  4.60000000e-01  6.00000000e-01 -2.67331405e-03  2.67331601e-03  6.50429160e-11 -2.02204907e-09  5.32308780e-19 
 4.70000000e-01  4.70000000e-01  6.00000000e-01 -2.69659837e-03  2.69660033e-03  6.62043272e-11 -2.02290282e-09  4.47302776e-19 
 4.80000000e-01  4.80000000e-01  6.00000000e-01 -2.71987693e-03  2.71987889e-03  6.73838470e-11 -2.02403493e-09  1.13563007e-18 
 4.90000000e-01  4.90000000e-01  6.00000000e-01 -2.74315590e-03  2.74315786e-03  6.85816868e-11 -2.02543147e-09  3.77354819e-19 
 5.00000000e-01  5.00000000e-01  6.00000000e-01 -2.76644069e-03  2.76644265e-03  6.97980634e-11 -2.02707913e-09  2.02883106e-19 
 5.10000000e-01  5.10000000e-01  6.00000000e-01 -2.78973606e-03  2.78973801e-03  7.10331988e-11 -2.02896522e-09  1.27369931e-18 
 5.20000000e-01  5.20000000e-01  6.00000000e-01 -2.81304618e-03  2.81304814e-03  7.22873205e-11 -2.03107766e-09  2.00665044e-18 
 5.30000000e-01  5.30000000e-01  6.00000000e-01 -2.83637476e-03  2.83637672e-03  7.35606606e-11 -2.03340495e-09  1.31890676e-18 
 5.40000000e-01  5.40000000e-01  6.00000000e-01 -2.85972506e-03  2.85972702e-03  7.48534560e-11 -2.03593612e-09  1.36058622e-19 
 5.50000000e-01  5.50000000e-01  6.00000000e-01 -2.88309996e-03  2.88310192e-03  7.61659484e-11 -2.03866084e-09  9.82819789e-19 
 5.60000000e-01  5.60000000e-01  6.00000000e-01 -2.90650203e-03  2.90650400e-03  7.74983839e-11 -2.04156943e-09  1.00574908e-18 
 5.70000000e-01  5.70000000e-01  6.00000000e-01 -2.92993355e-03  2.92993552e-03  7.88510129e-11 -2.04465319e-09  2.23485383e-18 
 5.80000000e-01  5.80000000e-01  6.00000000e-01 -2.95339654e-03  2.95339851e-03  8.02240904e-11 -2.04790541e-09  1.73701210e-18 
 5.90000000e-01  5.90000000e-01  6.00000000e-01 -2.97689281e-03  2.97689478e-03  8.16178756e-11 -2.05131676e-09  1.77702489e-18 
 6.00000000e-01  6.00000000e-01  6.00000000e-01 -3.00042396e-03  3.00042593e-03  8.30326321e-11 -2.05480185e-09  2.52034522e-18 
 6.10000000e-01  6.10000000e-01  6.00000000e-01 -3.02399143e-03  3.02399340e-03  8.44686276e-11 -2.05823175e-09  4.18009364e-18 
 6.20000000e-01  6.20000000e-01  6.00000000e-01 -3.04759650e-03  3.04759847e-03  8.59261341e-11 -2.06156369e-09  1.22018110e-19 
 6.30000000e-01  6.30000000e-01  6.00000000e-01 -3.07124031e-03  3.07124229e-03  8.74054281e-11 -2.06478293e-09  2.78712316e-19 
 6.40000000e-01  6.40000000e-01  6.00000000e-01 -3.09492391e-03  3.09492588e-03  8.89067900e-11 -2.06787879e-09  7.86280590e-19 
 6.50000000e-01  6.50000000e-01  6.00000000e-01 -3.11864820e-03  3.11865018e-03  9.04305046e-11 -2.07084109e-09  4.53052353e-19 
 6.60000000e-01  6.60000000e-01  6.00000000e-01 -3.14241401e-03  3.14241600e-03  9.19768611e-11 -2.07365956e-09  1.85946983e-18 
 6.70000000e-01  6.70000000e-01  6.00000000e-01 -3.16622211e-03  3.16622409e-03  9.35461529e-11 -2.07632361e-09  3.14950786e-18 
 6.80000000e-01  6.80000000e-01  6.00000000e-01 -3.19007317e-03  3.19007515e-03  9.51386777e-11 -2.07882223e-09  2.10344435e-18 
 6.90000000e-01  6.90000000e-01  6.00000000e-01 -3.21396780e-03  3.21396979e-03  9.67547376e-11 -2.08114398e-09  5.34466778e-19 
 7.00000000e-01  7.00000000e-01  6.00000000e-01 -3.23790659e-03  3.23790857e-03  9.83946391e-11 -2.08327692e-09  5.92015000e-19 
 7.10000000e-01  7.10000000e-01  6.00000000e-01 -3.26189006e-03  3.26189204e-03  1.00058693e-10 -2.08520861e-09  8.49889848e-19 
 7.20000000e-01  7.20000000e-01  6.00000000e-01 -3.28591870e-03  3.28592069e-03  1.01747215e-10 -2.08692609e-09  5.38278310e-19 
 7.30000000e-01  7.30000000e-01  6.00000000e-01 -3.30999300e-03  3.30999499e-03  1.03460525e-10 -2.08841585e-09  2.37183409e-18 
 7.40000000e-01  7.40000000e-01  6.00000000e-01 -3.33411341e-03  3.33411539e-03  1.05198947e-10 -2.08966379e-09  1.57672097e-18 
 7.50000000e-01  7.50000000e-01  6.00000000e-01 -3.35828037e-03  3.35828235e-03  1.06962811e-10 -2.09065523e-09  2.17051677e-18 
 7.60000000e-01  7.60000000e-01  6.00000000e-01 -3.38249433e-03  3.38249632e-03  1.08752451e-10 -2.09137488e-09  3.32096129e-18 
 7.70000000e-01  7.70000000e-01  6.00000000e-01 -3.40675575e-03  3.40675773e-03  1.10568204e-10 -2.09180676e-09  2.49438772e-18 
 7.80000000e-01  7.80000000e-01  6.00000000e-01 -3.43106508e-03  3.43106706e-03  1.12410414e-10 -2.09193428e-09  2.01753420e-18 
 7.90000000e-01  7.90000000e-01  6.00000000e-01 -3.45542282e-03  3.45542480e-03  1.14279430e-10 -2.09174012e-09  2.49657274e-19 
 8.00000000e-01  8.00000000e-01  6.00000000e-01 -3.47982947e-03  3.47983144e-03  1.16175605e-10 -2.09120626e-09  1.92402430e-19 
 8.10000000e-01  8.10000000e-01  6.00000000e-01 -3.50428558e-03  3.50428755e-03  1.18099295e-10 -2.09031393e-09  4.65813478e-18 
 8.20000000e-01  8.20000000e-01  6.00000000e-01 -3.52879173e-03  3.52879370e-03  1.20050865e-10 -2.08904357e-09  5.94573469e-19 
 8.30000000e-01  8.30000000e-01  6.00000000e-01 -3.55334856e-03  3.55335053e-03  1.22030683e-10 -2.08737485e-09  6.47263608e-19 
 8.40000000e-01  8.40000000e-01  6.00000000e-01 -3.57795676e-03  3.57795872e-03  1.24039122e-10 -2.08528660e-09  1.91827785e-19 
 8.50000000e-01  8.50000000e-01  6.00000000e-01 -3.60261706e-03  3.60261902e-03  1.26076560e-10 -2.08275677e-09  2.78862114e-18 
 8.60000000e-01  8.60000000e-01  6.00000000e-01 -3.62733030e-03  3.62733225e-03  1.28143381e-10 -2.07976245e-09  2.39817248e-18 
 8.70000000e-01  8.70000000e-01  6.00000000e-01 -3.65209734e-03  3.65209928e-03  1.30239974e-10 -2.07627977e-09  1.54276962e-18 
 8.80000000e-01  8.80000000e-01  6.00000000e-01 -3.67691915e-03  3.67692109e-03  1.32366734e-10 -2.07228393e-09  1.15048927e-18 
 8.90000000e-01  8.90000000e-01  6.00000000e-01 -3.70179679e-03  3.70179873e-03  1.34524061e-10 -2.06774915e-09  7.50821916e-19 
 9.00000000e-01  9.00000000e-01  6.00000000e-01 -3.72673140e-03  3.72673333e-03  1.36712361e-10 -2.06264858e-09  1.63889240e-18 
 9.10000000e-01  9.10000000e-01  6.00000000e-01 -3.75172420e-03  3.75172612e-03  1.38932045e-10 -2.05695435e-09  2.77823966e-18 
 9.20000000e-01  9.20000000e-01  6.00000000e-01 -3.77677654e-03  3.77677845e-03  1.41183529e-10 -2.05063746e-09  2.45624609e-18 
 9.30000000e-01  9.30000000e-01  6.00000000e-01 -3.80188986e-03  3.80189176e-03  1.43467237e-10 -2.04366779e-09  3.45952223e-18 
 9.40000000e-01  9.40000000e-01  6.00000000e-01 -3.82706572e-03  3.82706761e-03  1.45783598e-10 -2.03601404e-09  2.49525401e-18 
 9.50000000e-01  9.50000000e-01  6.00000000e-01 -3.85230578e-03  3.85230766e-03  1.48133046e-10 -2.02764367e-09  1.02417218e-18 
 9.60000000e-01  9.60000000e-01  6.00000000e-01 -3.87761184e-03  3.87761370e-03  1.50516022e-10 -2.01852289e-09  2.92573628e-19 
 9.70000000e-01  9.70000000e-01  6.00000000e-01 -3.90298581e-03  3.90298767e-03  1.52932973e-10 -2.00861660e-09  1.58571945e-19 
 9.80000000e-01  9.80000000e-01  6.00000000e-01 -3.92842975e-03  3.92843159e-03  1.55384351e-10 -1.99788835e-09  1.74651310e-18 
 9.90000000e-01  9.90000000e-01  6.00000000e-01 -3.95394584e-03  3.95394766e-03  1.57870617e-10 -1.98630028e-09  5.09436344e-19 
 1.00000000e+00  1.00000000e+00  6.00000000e-01 -3.97953638e-03  3.97953820e-03  1.60392236e-10 -1.97381307e-09  1.35918611e-18 
 1.01000000e+00  1.01000000e+00  6.00000000e-01 -4.00520385e-03  4.00520565e-03  1.62949681e-10 -1.96038594e-09  3.91045602e-19 
 1.02000000e+00  1.02000000e+00  6.00000000e-01 -4.03095084e-03  4.03095262e-03  1.65543430e-10 -1.94597652e-09  5.98740056e-19 
 1.03000000e+00  1.03000000e+00  6.00000000e-01 -4.05678011e-03  4.05678187e-03  1.68173969e-10 -1.93054085e-09  7.73633386e-19 
 1.04000000e+00  1.04000000e+00  6.00000000e-01 -4.08269454e-03  4.08269629e-03  1.70841789e-10 -1.91403329e-09  2.34649064e-19 
 1.05000000e+00  1.05000000e+00  6.00000000e-01 -4.10869720e-03  4.10869892e-03  1.73547391e-10 -1.89640651e-09  6.54491512e-19 
 1.06000000e+00  1.06000000e+00  6.00000000e-01 -4.13479129e-03  4.13479299e-03  1.76291280e-10 -1.87761140e-09  1.85329868e-18 
 1.07000000e+00  1.07000000e+00  6.00000000e-01 -4.16098016e-03  4.16098184e-03  1.79073969e-10 -1.85759699e-09  7.65374608e-19 
 1.08000000e+00  1.08000000e+00  6.00000000e-01 -4.18726733e-03  4.18726899e-03  1.81895979e-10 -1.83631042e-09  3.26648679e-18 
 1.09000000e+00  1.09000000e+00  6.00000000e-01 -4.21365650e-03  4.21365812e-03  1.84757837e-10 -1.81369688e-09  8.39824585e-20 
 1.10000000e+00  1.10000000e+00  6.00000000e-01 -4.24015148e-03  4.24015308e-03  1.87660077e-10 -1.78969952e-09  6.58246292e-20 
 1.11000000e+00  1.11000000e+00  6.00000000e-01 -4.26675629e-03  4.26675786e-03  1.90603242e-10 -1.76425937e-09  3.12254966e-18 
 1.12000000e+00  1.12000000e+00  6.00000000e-01 -4.29347508e-03  4.29347662e-03  1.93587882e-10 -1.73731532e-09  2.01356973e-18 
 1.13000000e+00  1.13000000e+00  6.00000000e-01 -4.32031219e-03  4.32031370e-03  1.96614553e-10 -1.70880399e-09  2.14920243e-18 
 1.14000000e+00  1.14000000e+00  6.00000000e-01 -4.34727210e-03  4.34727358e-03  2.02431192e-10 -1.67865970e-09  6.06097724e-20 
 1.15000000e+00  1.15000000e+00  6.00000000e-01 -4.37435948e-03  4.37436091e-03  2.18921829e-10 -1.64681436e-09  3.50480050e-18 
 1.16000000e+00  1.16000000e+00  6.00000000e-01 -4.40157915e-03  4.40158052e-03  2.41239931e-10 -1.61319738e-09  1.56681026e-18 
 1.17000000e+00  1.17000000e+00  6.00000000e-01 -4.42893608e-03  4.42893738e-03  2.71606456e-10 -1.57773566e-09  1.09645866e-18 
 1.18000000e+00  1.18000000e+00  6.00000000e-01 -4.45643542e-03  4.45643665e-03  3.13018501e-10 -1.54035340e-09  3.93729700e-18 
 1.19000000e+00  1.19000000e+00  6.00000000e-01 -4.48408250e-03  4.48408363e-03  3.69494264e-10 -1.50097209e-09  1.79266484e-18 
 1.20000000e+00  1.20000000e+00  6.00000000e-01 -4.51188278e-03  4.51188379e-03  4.46386999e-10 -1.45951038e-09  1.21148966e-18 
 0.00000000e+00  0.00000000e+00  8.00000000e-01  4.60075465e-09  4.60075465e-09  6.70500200e-10 -9.87200950e-09  5.48243936e-20 
 1.00000000e-02  1.00000000e-02  8.00000000e-01 -2.22666750e-04  2.22675850e-04  6.80824651e-10 -9.78134942e-09  3.40645384e-19 
 2.00000000e-02  2.00000000e-02  8.00000000e-01 -4.39466438e-04  4.39475427e-04  6.91304159e-10 -9.67999197e-09  1.38960553e-18 
 3.00000000e-02  3.00000000e-02  8.00000000e-01 -6.50457292e-04  6.50466170e-04  7.01941206e-10 -9.57991572e-09  8.83683976e-19 
 4.00000000e-02  4.00000000e-02  8.00000000e-01 -8.55701124e-04  8.55709896e-04  7.12738270e-10 -9.48444798e-09  5.98690166e-19 
 5.00000000e-02  5.00000000e-02  8.00000000e-01 -1.05525849e-03  1.05526716e-03  7.23697830e-10 -9.39368584e-09  3.74786767e-18 
 6.00000000e-02  6.00000000e-02  8.00000000e-01 -1.24918847e-03  1.24919705e-03  7.34822380e-10 -9.30734308e-09  2.34945826e-18 
 7.00000000e-02  7.00000000e-02  8.00000000e-01 -1.43754848e-03  1.43755696e-03  7.46114440e-10 -9.22515253e-09  5.96502687e-19 
 8.00000000e-02  8.00000000e-02  8.00000000e-01 -1.62039404e-03  1.62040243e-03  7.57576560e-10 -9.14689717e-09  2.59225355e-18 
 9.00000000e-02  9.00000000e-02  8.00000000e-01 -1.79777863e-03  1.79778693e-03  7.69211327e-10 -9.07239807e-09  3.03153650e-18 
 1.00000000e-01  1.00000000e-01  8.00000000e-01 -1.96975347e-03  1.96976169e-03  7.81021371e-10 -9.00150261e-09  1.07715625e-18 
 1.10000000e-01  1.10000000e-01  8.00000000e-01 -2.13636731e-03  2.13637545e-03  7.93009372e-10 -8.93407675e-09  1.46404940e-18 
 1.20000000e-01  1.20000000e-01  8.00000000e-01 -2.29766623e-03  2.29767430e-03  8.05178062e-10 -8.87000037e-09  1.04662439e-18 
 1.30000000e-01  1.30000000e-01  8.00000000e-01 -2.45369342e-03  2.45370141e-03  8.17530236e-10 -8.80916436e-09  1.69520534e-19 
 1.40000000e-01  1.40000000e-01  8.00000000e-01 -2.60448891e-03  2.60449683e-03  8.30068748e-10 -8.75146899e-09  6.55142348e-19 
 1.50000000e-01  1.50000000e-01  8.00000000e-01 -2.75008942e-03  2.75009727e-03  8.42796528e-10 -8.69682281e-09  7.56239328e-19 
 1.60000000e-01  1.60000000e-01  8.00000000e-01 -2.89052809e-03  2.89053588e-03  8.55716580e-10 -8.64514210e-09  2.17397820e-18 
 1.70000000e-01  1.70000000e-01  8.00000000e-01 -3.02583436e-03  3.02584209e-03  8.68831996e-10 -8.59635063e-09  2.66534199e-18 
 1.80000000e-01  1.80000000e-01  8.00000000e-01 -3.15603386e-03  3.15604153e-03  8.82145958e-10 -8.55037946e-09  2.99534301e-19 
 1.90000000e-01  1.90000000e-01  8.00000000e-01 -3.28114848e-03  3.28115609e-03  8.95661751e-10 -8.50716711e-09  1.49888281e-18 
 2.00000000e-01  2.00000000e-01  8.00000000e-01 -3.40119668e-03  3.40120424e-03  9.09382769e-10 -8.46665953e-09  6.07823171e-19 
 2.10000000e-01  2.10000000e-01  8.00000000e-01 -3.51619408e-03  3.51620159e-03  9.23312522e-10 -8.42881034e-09  6.73047086e-19 
 2.20000000e-01  2.20000000e-01  8.00000000e-01 -3.62615458e-03  3.62616204e-03  9.37454646e-10 -8.39358076e-09  4.58186095e-19 
 2.30000000e-01  2.30000000e-01  8.00000000e-01 -3.73109219e-03  3.73109959e-03  9.51812905e-10 -8.36093963e-09  3.83519541e-18 
 2.40000000e-01  2.40000000e-01  8.00000000e-01 -3.83102364e-03  3.83103100e-03  9.66391190e-10 -8.33086292e-09  1.06535238e-18 
 2.50000000e-01  2.50000000e-01  8.00000000e-01 -3.92597222e-03  3.92597954e-03  9.81193510e-10 -8.30333303e-09  7.92975867e-19 
 2.60000000e-01  2.60000000e-01  8.00000000e-01 -4.01597271e-03  4.01597999e-03  9.96223980e-10 -8.27833741e-09  5.14522885e-19 
 2.70000000e-01  2.70000000e-01  8.00000000e-01 -4.10107754e-03  4.10108478e-03  1.01148678e-09 -8.25586659e-09  6.35398167e-19 
 2.80000000e-01  2.80000000e-01  8.00000000e-01 -4.18136372e-03  4.18137093e-03  1.02698614e-09 -8.23591144e-09  3.73031490e-18 
 2.90000000e-01  2.90000000e-01  8.00000000e-01 -4.25693995e-03  4.25694713e-03  1.04272625e-09 -8.21845988e-09  1.58412118e-19 
 3.00000000e-01  3.00000000e-01  8.00000000e-01 -4.32795272e-03  4.32795986e-03  1.05871122e-09 -8.20349330e-09  4.52696511e-19 
 3.10000000e-01  3.10000000e-01  8.00000000e-01 -4.39459004e-03  4.39459716e-03  1.07494502e-09 -8.19098310e-09  8.08075429e-19 
 3.20000000e-01  3.20000000e-01  8.00000000e-01 -4.45708178e-03  4.45708887e-03  1.09143142e-09 -8.18088802e-09  1.07809882e-18 
 3.30000000e-01  3.30000000e-01  8.00000000e-01 -4.51569561e-03  4.51570268e-03  1.10817399e-09 -8.17315276e-09  1.43971923e-18 
 3.40000000e-01  3.40000000e-01  8.00000000e-01 -4.57072914e-03  4.57073618e-03  1.12517605e-09 -8.16770817e-09  1.46721161e-19 
 3.50000000e-01  3.50000000e-01  8.00000000e-01 -4.62249893e-03  4.62250596e-03  1.14244073e-09 -8.16447297e-09  2.33668431e-18 
 3.60000000e-01  3.60000000e-01  8.00000000e-01 -4.67132847e-03  4.67133548e-03  1.15997098e-09 -8.16335662e-09  4.99105396e-18 
 3.70000000e-01  3.70000000e-01  8.00000000e-01 -4.71753657e-03  4.71754356e-03  1.17776968e-09 -8.16426274e-09  7.94571705e-19 
 3.80000000e-01  3.80000000e-01  8.00000000e-01 -4.76142775e-03  4.76143472e-03  1.19583963e-09 -8.16709262e-09  5.98567330e-19 
 3.90000000e-01  3.90000000e-01  8.00000000e-01 -4.80328529e-03  4.80329225e-03  1.21418366e-09 -8.17174823e-09  3.31088739e-18 
 4.00000000e-01  4.00000000e-01  8.00000000e-01 -4.84336705e-03  4.84337399e-03  1.23280464e-09 -8.17813459e-09  8.42057869e-19 
 4.10000000e-01  4.10000000e-01  8.00000000e-01 -4.88190367e-03  4.88191061e-03  1.25170552e-09 -8.18616140e-09  4.08327370e-19 
 4.20000000e-01  4.20000000e-01  8.00000000e-01 -4.91909876e-03  4.91910568e-03  1.27088937e-09 -8.19574406e-09  1.88583986e-18 
 4.30000000e-01  4.30000000e-01  8.00000000e-01 -4.95513017e-03  4.95513709e-03  1.29035934e-09 -8.20680406e-09  1.22277064e-18 
 4.40000000e-01  4.40000000e-01  8.00000000e-01 -4.99015224e-03  4.99015915e-03  1.31011874e-09 -8.21926910e-09  3.63593773e-18 
 4.50000000e-01  4.50000000e-01  8.00000000e-01 -5.02429817e-03  5.02430507e-03  1.33017096e-09 -8.23307282e-09  6.30500431e-19 
 4.60000000e-01  4.60000000e-01  8.00000000e-01 -5.05768263e-03  5.05768953e-03  1.35051954e-09 -8.24815451e-09  2.41509876e-18 
 4.70000000e-01  4.70000000e-01  8.00000000e-01 -5.09040419e-03  5.09041108e-03  1.37116812e-09 -8.26445863e-09  8.04853767e-19 
 4.80000000e-01  4.80000000e-01  8.00000000e-01 -5.12254755e-03  5.12255444e-03  1.39212043e-09 -8.28193440e-09  3.51365645e-20 
 4.90000000e-01  4.90000000e-01  8.00000000e-01 -5.15418556e-03  5.15419245e-03  1.41338034e-09 -8.30053530e-09  7.23543154e-19 
 5.00000000e-01  5.00000000e-01  8.00000000e-01 -5.18538094e-03  5.18538782e-03  1.43495177e-09 -8.32021868e-09  2.08420687e-18 
 5.10000000e-01  5.10000000e-01  8.00000000e-01 -5.21618781e-03  5.21619469e-03  1.45683878e-09 -8.34094537e-09  2.80703120e-19 
 5.20000000e-01  5.20000000e-01  8.00000000e-01 -5.24665298e-03  5.24665986e-03  1.47904549e-09 -8.36267931e-09  2.69650002e-18 
 5.30000000e-01  5.30000000e-01  8.00000000e-01 -5.27681703e-03  5.27682391e-03  1.50157611e-09 -8.38538728e-09  3.00773955e-18 
 5.40000000e-01  5.40000000e-01  8.00000000e-01 -5.30671524e-03  5.30672212e-03  1.52443493e-09 -8.40903856e-09  1.62406698e-18 
 5.50000000e-01  5.50000000e-01  8.00000000e-01 -5.33637837e-03  5.33638525e-03  1.54762634e-09 -8.43360479e-09  8.08849463e-19 
 5.60000000e-01  5.60000000e-01  8.00000000e-01 -5.36583332e-03  5.36584020e-03  1.57115477e-09 -8.45905965e-09  2.11246005e-19 
 5.70000000e-01  5.70000000e-01  8.00000000e-01 -5.39510368e-03  5.39511057e-03  1.59502477e-09 -8.48537875e-09  7.73465572e-19 
 5.80000000e-01  5.80000000e-01  8.00000000e-01 -5.42421021e-03  5.42421710e-03  1.61924093e-09 -8.51253947e-09  1.09347673e-18 
 5.90000000e-01  5.90000000e-01  8.00000000e-01 -5.45317120e-03  5.45317810e-03  1.64380792e-09 -8.54052078e-09  1.64763459e-18 
 6.00000000e-01  6.00000000e-01  8.00000000e-01 -5.48200285e-03  5.48200975e-03  1.66873051e-09 -8.56930313e-09  2.02752080e-18 
 6.10000000e-01  6.10000000e-01  8.00000000e-01 -5.51071953e-03  5.51072644e-03  1.69401350e-09 -8.59886837e-09  1.43675896e-19 
 6.20000000e-01  6.20000000e-01  8.00000000e-01 -5.53933402e-03  5.53934093e-03  1.71966179e-09 -8.62919962e-09  9.99031934e-19 
 6.30000000e-01  6.30000000e-01  8.00000000e-01 -5.56785770e-03  5.56786461e-03  1.74568034e-09 -8.66028120e-09  3.22281540e-18 
 6.40000000e-01  6.40000000e-01  8.00000000e-01 -5.59630076e-03  5.59630768e-03  1.77207419e-09 -8.69209854e-09  4.81930728e-19 
 6.50000000e-01  6.50000000e-01  8.00000000e-01 -5.62467235e-03  5.62467927e-03  1.79884845e-09 -8.72463814e-09  3.00839799e-19 
 6.60000000e-01  6.60000000e-01  8.00000000e-01 -5.65298065e-03  5.65298758e-03  1.82600829e-09 -8.75788748e-09  1.05576536e-18 
 6.70000000e-01  6.70000000e-01  8.00000000e-01 -5.68123306e-03  5.68124000e-03  1.85355897e-09 -8.79183499e-09  1.67119725e-18 
 6.80000000e-01  6.80000000e-01  8.00000000e-01 -5.70943624e-03  5.70944319e-03  1.88150580e-09 -8.82646996e-09  1.03341287e-18 
 6.90000000e-01  6.90000000e-01  8.00000000e-01 -5.73759623e-03  5.73760318e-03  1.90985419e-09 -8.86178255e-09  6.65137585e-19 
 7.00000000e-01  7.00000000e-01  8.00000000e-01 -5.76571848e-03  5.76572544e-03  1.93860959e-09 -8.89776372e-09  1.94968786e-18 
 7.10000000e-01  7.10000000e-01  8.00000000e-01 -5.79380796e-03  5.79381493e-03  1.96777755e-09 -8.93440518e-09  1.69446046e-18 
 7.20000000e-01  7.20000000e-01  8.00000000e-01 -5.82186919e-03  5.82187617e-03  1.99736369e-09 -8.97169939e-09  2.06626739e-18 
 7.30000000e-01  7.30000000e-01  8.00000000e-01 -5.84990630e-03  5.84991328e-03  2.02737369e-09 -9.00963951e-09  4.48898842e-18 
 7.40000000e-01  7.40000000e-01  8.00000000e-01 -5.87792304e-03  5.87793003e-03  2.05781332e-09 -9.04821941e-09  1.36674722e-18 
 7.50000000e-01  7.50000000e-01  8.00000000e-01 -5.90592287e-03  5.90592987e-03  2.08868841e-09 -9.08743367e-09  1.78787727e-18 
 7.60000000e-01  7.60000000e-01  8.00000000e-01 -5.93390897e-03  5.93391598e-03  2.12000489e-09 -9.12727769e-09  3.88962079e-18 
 7.70000000e-01  7.70000000e-01  8.00000000e-01 -5.96188427e-03  5.96189129e-03  2.15176875e-09 -9.16774794e-09  8.76432187e-19 
 7.80000000e-01  7.80000000e-01  8.00000000e-01 -5.98985147e-03  5.98985849e-03  2.18398606e-09 -9.20884303e-09  2.36528491e-18 
 7.90000000e-01  7.90000000e-01  8.00000000e-01 -6.01781307e-03  6.01782010e-03  2.21666297e-09 -9.25055899e-09  2.20271662e-18 
 8.00000000e-01  8.00000000e-01  8.00000000e-01 -6.04577142e-03  6.04577846e-03  2.24980571e-09 -9.29281598e-09  4.95138734e-19 
 8.10000000e-01  8.10000000e-01  8.00000000e-01 -6.07372871e-03  6.07373576e-03  2.28342058e-09 -9.33549071e-09  3.88972377e-18 
 8.20000000e-01  8.20000000e-01  8.00000000e-01 -6.10168700e-03  6.10169406e-03  2.31751398e-09 -9.37854613e-09  3.46800435e-19 
 8.30000000e-01  8.30000000e-01  8.00000000e-01 -6.12964823e-03  6.12965530e-03  2.35209238e-09 -9.42197336e-09  1.27629709e-18 
 8.40000000e-01  8.40000000e-01  8.00000000e-01 -6.15761427e-03  6.15762135e-03  2.38716234e-09 -9.46576764e-09  7.61468558e-19 
 8.50000000e-01  8.50000000e-01  8.00000000e-01 -6.18558690e-03  6.18559399e-03  2.42273049e-09 -9.50992486e-09  1.86970529e-19 
 8.60000000e-01  8.60000000e-01  8.00000000e-01 -6.21356785e-03  6.21357494e-03  2.45880354e-09 -9.55444091e-09  2.73424138e-19 
 8.70000000e-01  8.70000000e-01  8.00000000e-01 -6.24155878e-03  6.24156589e-03  2.49538832e-09 -9.59931144e-09  1.26758232e-18 
 8.80000000e-01  8.80000000e-01  8.00000000e-01 -6.26956137e-03  6.26956848e-03  2.53249170e-09 -9.64453180e-09  1.27013997e-18 
 8.90000000e-01  8.90000000e-01  8.00000000e-01 -6.29757724e-03  6.29758436e-03  2.57012068e-09 -9.69009698e-09  1.78181363e-18 
 9.00000000e-01  9.00000000e-01  8.00000000e-01 -6.32560804e-03  6.32561516e-03  2.60828231e-09 -9.73600162e-09  1.94603255e-18 
 9.10000000e-01  9.10000000e-01  8.00000000e-01 -6.35365541e-03  6.35366255e-03  2.64698375e-09 -9.78223993e-09  2.21767122e-20 
 9.20000000e-01  9.20000000e-01  8.00000000e-01 -6.38172105e-03  6.38172819e-03  2.68623224e-09 -9.82880569e-09  6.59525578e-19 
 9.30000000e-01  9.30000000e-01  8.00000000e-01 -6.40980666e-03  6.40981381e-03  2.72603512e-09 -9.87569224e-09  2.48267838e-18 
 9.40000000e-01  9.40000000e-01  8.00000000e-01 -6.43791402e-03  6.43792117e-03  2.76639982e-09 -9.92289243e-09  9.21945319e-19 
 9.50000000e-01  9.50000000e-01  8.00000000e-01 -6.46604496e-03  6.46605212e-03  2.80733385e-09 -9.97039863e-09  3.60052778e-18 
 9.60000000e-01  9.60000000e-01  8.00000000e-01 -6.49420140e-03  6.49420857e-03  2.84884482e-09 -1.00182027e-08  3.27838974e-19 
 9.70000000e-01  9.70000000e-01  8.00000000e-01 -6.52238533e-03  6.52239251e-03  2.89094044e-09 -1.00662959e-08  1.39994404e-18 
 9.80000000e-01  9.80000000e-01  8.00000000e-01 -6.55059885e-03  6.55060603e-03  2.93362851e-09 -1.01146689e-08  7.94434600e-19 
 9.90000000e-01  9.90000000e-01  8.00000000e-01 -6.57884416e-03  6.57885135e-03  2.97691692e-09 -1.01633120e-08  9.08781153e-19 
 1.00000000e+00  1.00000000e+00  8.00000000e-01 -6.60712359e-03  6.60713078e-03  3.02081367e-09 -1.02122146e-08  2.51790015e-18 
 1.01000000e+00  1.01000000e+00  8.00000000e-01 -6.63543958e-03  6.63544678e-03  3.06532685e-09 -1.02613655e-08  2.45586119e-18 
 1.02000000e+00  1.02000000e+00  8.00000000e-01 -6.66379473e-03  6.66380193e-03  3.11046465e-09 -1.03107531e-08  3.31421617e-18 
 1.03000000e+00  1.03000000e+00  8.00000000e-01 -6.69219175e-03  6.69219896e-03  3.15623535e-09 -1.03603647e-08  1.83822114e-18 
 1.04000000e+00  1.04000000e+00  8.00000000e-01 -6.72063355e-03  6.72064076e-03  3.20264735e-09 -1.04101872e-08  1.11900952e-18 
 1.05000000e+00  1.05000000e+00  8.00000000e-01 -6.74912317e-03  6.74913038e-03  3.24970914e-09 -1.04602066e-08  1.41069036e-18 
 1.06000000e+00  1.06000000e+00  8.00000000e-01 -6.77766383e-03  6.77767105e-03  3.29742931e-09 -1.05104081e-08  4.65330454e-20 
 1.07000000e+00  1.07000000e+00  8.00000000e-01 -6.80625893e-03  6.80626614e-03  3.34581657e-09 -1.05607761e-08  1.45180124e-19 
 1.08000000e+00  1.08000000e+00  8.00000000e-01 -6.83491203e-03  6.83491925e-03  3.39487972e-09 -1.06112942e-08  1.85219801e-19 
 1.09000000e+00  1.09000000e+00  8.00000000e-01 -6.86362692e-03  6.86363414e-03  3.44462767e-09 -1.06619449e-08  9.61076338e-20 
 1.10000000e+00  1.10000000e+00  8.00000000e-01 -6.89240755e-03  6.89241477e-03  3.49506943e-09 -1.07127102e-08  3.52279390e-18 
 1.11000000e+00  1.11000000e+00  8.00000000e-01 -6.92125809e-03  6.92126531e-03  3.54621414e-09 -1.07635707e-08  3.44404713e-18 
 1.12000000e+00  1.12000000e+00  8.00000000e-01 -6.95018290e-03  6.95019011e-03  3.59807102e-09 -1.08145062e-08  2.92452394e-18 
 1.13000000e+00  1.13000000e+00  8.00000000e-01 -6.97918655e-03  6.97919376e-03  3.65064942e-09 -1.08654956e-08  1.92296993e-18 
 1.14000000e+00  1.14000000e+00  8.00000000e-01 -7.00827383e-03  7.00828104e-03  3.70395880e-09 -1.09165164e-08  4.20357884e-19 
 1.15000000e+00  1.15000000e+00  8.00000000e-01 -7.03744974e-03  7.03745695e-03  3.75800872e-09 -1.09675454e-08  1.11913732e-18 
 1.16000000e+00  1.16000000e+00  8.00000000e-01 -7.06671951e-03  7.06672671e-03  3.81280886e-09 -1.10185578e-08  2.69684868e-19 
 1.17000000e+00  1.17000000e+00  8.00000000e-01 -7.09608856e-03  7.09609576e-03  3.86836903e-09 -1.10695280e-08  1.11518009e-18 
 1.18000000e+00  1.18000000e+00  8.00000000e-01 -7.12556257e-03  7.12556977e-03  3.92469913e-09 -1.11204289e-08  1.28112079e-18 
 1.19000000e+00  1.19000000e+00  8.00000000e-01 -7.15514742e-03  7.15515461e-03  3.98180919e-09 -1.11712323e-08  7.52893176e-19 
 1.20000000e+00  1.20000000e+00  8.00000000e-01 -7.18484922e-03  7.18485641e-03  4.03970935e-09 -1.12219084e-08  4.41668125e-19 
 0.00000000e+00  0.00000000e+00  1.00000000e+00  1.21349951e-08  1.21349952e-08  1.16690013e-08 -3.59389916e-08  4.96837763e-20 
 1.00000000e-02  1.00000000e-02  1.00000000e+00 -2.53767251e-04  2.53791299e-04  1.18347942e-08 -3.58829655e-08  5.03643805e-19 
 2.00000000e-02  2.00000000e-02  1.00000000e+00 -5.02763644e-04  5.02787437e-04  1.20027991e-08 -3.57950835e-08  3.75093155e-18 
 3.00000000e-02  3.00000000e-02  1.00000000e+00 -7.47015948e-04  7.47039485e-04  1.21730427e-08 -3.57096116e-08  2.07168708e-18 
 4.00000000e-02  4.00000000e-02  1.00000000e+00 -9.86562441e-04  9.86585732e-04  1.23455519e-08 -3.56359146e-08  2.56986818e-18 
 5.00000000e-02  5.00000000e-02  1.00000000e+00 -1.22144072e-03  1.22146378e-03  1.25203540e-08 -3.55743407e-08  2.07375172e-18 
 6.00000000e-02  6.00000000e-02  1.00000000e+00 -1.45168767e-03  1.45171050e-03  1.26974766e-08 -3.55242006e-08  2.35478468e-18 
 7.00000000e-02  7.00000000e-02  1.00000000e+00 -1.67733939e-03  1.67736200e-03  1.28769474e-08 -3.54848659e-08  1.37502233e-18 
 8.00000000e-02  8.00000000e-02  1.00000000e+00 -1.89843118e-03  1.89845358e-03  1.30587946e-08 -3.54558468e-08  1.32969283e-18 
 9.00000000e-02  9.00000000e-02  1.00000000e+00 -2.11499748e-03  2.11501967e-03  1.32430464e-08 -3.54367555e-08  1.44945866e-18 
 1.00000000e-01  1.00000000e-01  1.00000000e+00 -2.32707179e-03  2.32709378e-03  1.34297315e-08 -3.54272724e-08  2.33727492e-18 
 1.10000000e-01  1.10000000e-01  1.00000000e+00 -2.53468666e-03  2.53470846e-03  1.36188787e-08 -3.54271241e-08  1.40484385e-18 
 1.20000000e-01  1.20000000e-01  1.00000000e+00 -2.73787359e-03  2.73789521e-03  1.38105171e-08 -3.54360698e-08  3.06180738e-18 
 1.30000000e-01  1.30000000e-01  1.00000000e+00 -2.93666297e-03  2.93668442e-03  1.40046763e-08 -3.54538929e-08  3.86236105e-18 
 1.40000000e-01  1.40000000e-01  1.00000000e+00 -3.13108400e-03  3.13110528e-03  1.42013860e-08 -3.54803959e-08  2.13950100e-18 
 1.50000000e-01  1.50000000e-01  1.00000000e+00 -3.32116459e-03  3.32118570e-03  1.44006761e-08 -3.55153966e-08  3.67954421e-18 
 1.60000000e-01  1.60000000e-01  1.00000000e+00 -3.50693127e-03  3.50695222e-03  1.46025769e-08 -3.55587266e-08  1.24010090e-18 
 1.70000000e-01  1.70000000e-01  1.00000000e+00 -3.68840906e-03  3.68842986e-03  1.48071192e-08 -3.56102293e-08  2.35259431e-18 
 1.80000000e-01  1.80000000e-01  1.00000000e+00 -3.86562137e-03  3.86564203e-03  1.50143337e-08 -3.56697589e-08  2.57970832e-18 
 1.90000000e-01  1.90000000e-01  1.00000000e+00 -4.03858984e-03  4.03861035e-03  1.52242517e-08 -3.57371800e-08  1.98727164e-18 
 2.00000000e-01  2.00000000e-01  1.00000000e+00 -4.20733416e-03  4.20735453e-03  1.54369048e-08 -3.58123671e-08  4.56296980e-18 
 2.10000000e-01  2.10000000e-01  1.00000000e+00 -4.37187194e-03  4.37189218e-03  1.56523247e-08 -3.58952040e-08  1.99714487e-18 
 2.20000000e-01  2.20000000e-01  1.00000000e+00 -4.53221849e-03  4.53223861e-03  1.58705436e-08 -3.59855842e-08  1.10079872e-18 
 2.30000000e-01  2.30000000e-01  1.00000000e+00 -4.68838664e-03  4.68840663e-03  1.60915939e-08 -3.60834108e-08  2.49057465e-18 
 2.40000000e-01  2.40000000e-01  1.00000000e+00 -4.84038651e-03  4.84040638e-03  1.63155086e-08 -3.61885960e-08  1.21937672e-18 
 2.50000000e-01  2.50000000e-01  1.00000000e+00 -4.98822528e-03  4.98824504e-03  1.65423208e-08 -3.63010623e-08  2.08565320e-18 
 2.60000000e-01  2.60000000e-01  1.00000000e+00 -5.13190701e-03  5.13192666e-03  1.67720638e-08 -3.64207419e-08  3.08809684e-18 
 2.70000000e-01  2.70000000e-01  1.00000000e+00 -5.27143243e-03  5.27145197e-03  1.70047716e-08 -3.65475775e-08  2.34749887e-18 
 2.80000000e-01  2.80000000e-01  1.00000000e+00 -5.40679881e-03  5.40681825e-03  1.72404784e-08 -3.66815223e-08  8.30615066e-19 
 2.90000000e-01  2.90000000e-01  1.00000000e+00 -5.53799987e-03  5.53801921e-03  1.74792187e-08 -3.68225409e-08  9.03942973e-19 
 3.00000000e-01  3.00000000e-01  1.00000000e+00 -5.66502585e-03  5.66504510e-03  1.77210274e-08 -3.69706092e-08  2.74552164e-18 
 3.10000000e-01  3.10000000e-01  1.00000000e+00 -5.78786378e-03  5.78788294e-03  1.79659399e-08 -3.71257149e-08  4.22222763e-19 
 3.20000000e-01  3.20000000e-01  1.00000000e+00 -5.90649792e-03  5.90651700e-03  1.82139919e-08 -3.72878577e-08  1.40200496e-18 
 3.30000000e-01  3.30000000e-01  1.00000000e+00 -6.02091072e-03  6.02092971e-03  1.84652195e-08 -3.74570495e-08  9.75024258e-19 
 3.40000000e-01  3.40000000e-01  1.00000000e+00 -6.13108408e-03  6.13110300e-03  1.87196590e-08 -3.76333132e-08  1.16061381e-18 
 3.50000000e-01  3.50000000e-01  1.00000000e+00 -6.23700135e-03  6.23702019e-03  1.89773475e-08 -3.78166827e-08  8.03764784e-19 
 3.60000000e-01  3.60000000e-01  1.00000000e+00 -6.33864989e-03  6.33866866e-03  1.92383222e-08 -3.80072008e-08  2.87766209e-19 
 3.70000000e-01  3.70000000e-01  1.00000000e+00 -6.43602451e-03  6.43604322e-03  1.95026206e-08 -3.82049171e-08  8.02193141e-19 
 3.80000000e-01  3.80000000e-01  1.00000000e+00 -6.52913151e-03  6.52915015e-03  1.97702807e-08 -3.84098844e-08  1.76708940e-18 
 3.90000000e-01  3.90000000e-01  1.00000000e+00 -6.61799331e-03  6.61801189e-03  2.00413407e-08 -3.86221549e-08  1.00340979e-18 
 4.00000000e-01  4.00000000e-01  1.00000000e+00 -6.70265339e-03  6.70267192e-03  2.03158391e-08 -3.88417752e-08  1.08076110e-19 
 4.10000000e-01  4.10000000e-01  1.00000000e+00 -6.78318080e-03  6.78319927e-03  2.05938145e-08 -3.90687808e-08  1.98649740e-18 
 4.20000000e-01  4.20000000e-01  1.00000000e+00 -6.85967385e-03  6.85969227e-03  2.08753057e-08 -3.93031913e-08  3.73098492e-18 
 4.30000000e-01  4.30000000e-01  1.00000000e+00 -6.93226218e-03  6.93228056e-03  2.11603517e-08 -3.95450052e-08  4.57535434e-18 
 4.40000000e-01  4.40000000e-01  1.00000000e+00 -7.00110672e-03  7.00112507e-03  2.14489913e-08 -3.97941976e-08  1.52031164e-18 
 4.50000000e-01  4.50000000e-01  1.00000000e+00 -7.06639728e-03  7.06641559e-03  2.17412636e-08 -4.00507186e-08  7.00244784e-19 
 4.60000000e-01  4.60000000e-01  1.00000000e+00 -7.12834786e-03  7.12836614e-03  2.20372075e-08 -4.03144941e-08  2.57192621e-18 
 4.70000000e-01  4.70000000e-01  1.00000000e+00 -7.18719038e-03  7.18720863e-03  2.23368623e-08 -4.05854286e-08  3.29179503e-18 
 4.80000000e-01  4.80000000e-01  1.00000000e+00 -7.24316733e-03  7.24318555e-03  2.26402671e-08 -4.08634097e-08  8.62107487e-19 
 4.90000000e-01  4.90000000e-01  1.00000000e+00 -7.29652440e-03  7.29654260e-03  2.29474613e-08 -4.11483126e-08  8.28206317e-20 
 5.00000000e-01  5.00000000e-01  1.00000000e+00 -7.34750381e-03  7.34752199e-03  2.32584844e-08 -4.14400062e-08  2.33613010e-18 
 5.10000000e-01  5.10000000e-01  1.00000000e+00 -7.39633874e-03  7.39635690e-03  2.35733764e-08 -4.17383571e-08  1.61077212e-18 
 5.20000000e-01  5.20000000e-01  1.00000000e+00 -7.44324917e-03  7.44326732e-03  2.38921772e-08 -4.20432343e-08  2.05094801e-18 
 5.30000000e-01  5.30000000e-01  1.00000000e+00 -7.48843924e-03  7.48845737e-03  2.42149275e-08 -4.23545124e-08  1.70566628e-18 
 5.40000000e-01  5.40000000e-01  1.00000000e+00 -7.53209573e-03  7.53211386e-03  2.45416679e-08 -4.26720735e-08  6.03465315e-18 
 5.50000000e-01  5.50000000e-01  1.00000000e+00 -7.57438775e-03  7.57440587e-03  2.48724398e-08 -4.29958093e-08  2.59091166e-18 
 5.60000000e-01  5.60000000e-01  1.00000000e+00 -7.61546704e-03  7.61548516e-03  2.52072846e-08 -4.33256212e-08  1.69326518e-18 
 5.70000000e-01  5.70000000e-01  1.00000000e+00 -7.65546886e-03  7.65548698e-03  2.55462445e-08 -4.36614211e-08  9.32821503e-19 
 5.80000000e-01  5.80000000e-01  1.00000000e+00 -7.69451324e-03  7.69453135e-03  2.58893616e-08 -4.40031310e-08  2.16092663e-20 
 5.90000000e-01  5.90000000e-01  1.00000000e+00 -7.73270628e-03  7.73272439e-03  2.62366789e-08 -4.43506824e-08  4.08958095e-21 
 6.00000000e-01  6.00000000e-01  1.00000000e+00 -7.77014158e-03  7.77015970e-03  2.65882395e-08 -4.47040161e-08  5.78893418e-18 
 6.10000000e-01  6.10000000e-01  1.00000000e+00 -7.80690162e-03  7.80691973e-03  2.69440869e-08 -4.50630813e-08  5.34484407e-19 
 6.20000000e-01  6.20000000e-01  1.00000000e+00 -7.84305901e-03  7.84307714e-03  2.73042650e-08 -4.54278351e-08  2.99978373e-18 
 6.30000000e-01  6.30000000e-01  1.00000000e+00 -7.87867775e-03  7.87869588e-03  2.76688182e-08 -4.57982416e-08  1.70909742e-18 
 6.40000000e-01  6.40000000e-01  1.00000000e+00 -7.91381420e-03  7.91383234e-03  2.80377912e-08 -4.61742717e-08  7.59609883e-19 
 6.50000000e-01  6.50000000e-01  1.00000000e+00 -7.94851813e-03  7.94853627e-03  2.84112289e-08 -4.65559019e-08  4.34195044e-18 
 6.60000000e-01  6.60000000e-01  1.00000000e+00 -7.98283349e-03  7.98285164e-03  2.87891769e-08 -4.69431145e-08  2.62014422e-19 
 6.70000000e-01  6.70000000e-01  1.00000000e+00 -8.01679919e-03  8.01681735e-03  2.91716808e-08 -4.73358962e-08  1.34099543e-18 
 6.80000000e-01  6.80000000e-01  1.00000000e+00 -8.05044972e-03  8.05046789e-03  2.95587868e-08 -4.77342388e-08  5.58919322e-19 
 6.90000000e-01  6.90000000e-01  1.00000000e+00 -8.08381572e-03  8.08383391e-03  2.99505415e-08 -4.81381376e-08  6.46424443e-18 
 7.00000000e-01  7.00000000e-01  1.00000000e+00 -8.11692447e-03  8.11694267e-03  3.03469916e-08 -4.85475920e-08  7.97706513e-19 
 7.10000000e-01  7.10000000e-01  1.00000000e+00 -8.14980029e-03  8.14981850e-03  3.07481844e-08 -4.89626048e-08  5.20025290e-19 
 7.20000000e-01  7.20000000e-01  1.00000000e+00 -8.18246491e-03  8.18248314e-03  3.11541673e-08 -4.93831819e-08  4.21663589e-19 
 7.30000000e-01  7.30000000e-01  1.00000000e+00 -8.21493782e-03  8.21495606e-03  3.15649884e-08 -4.98093319e-08  2.49255988e-18 
 7.40000000e-01  7.40000000e-01  1.00000000e+00 -8.24723647e-03  8.24725473e-03  3.19806957e-08 -5.02410665e-08  1.74999654e-18 
 7.50000000e-01  7.50000000e-01  1.00000000e+00 -8.27937660e-03  8.27939488e-03  3.24013380e-08 -5.06783996e-08  3.45840905e-18 
 7.60000000e-01  7.60000000e-01  1.00000000e+00 -8.31137236e-03  8.31139066e-03  3.28269640e-08 -5.11213475e-08  1.35913054e-18 
 7.70000000e-01  7.70000000e-01  1.00000000e+00 -8.34323655e-03  8.34325486e-03  3.32576232e-08 -5.15699288e-08  3.07697953e-19 
 7.80000000e-01  7.80000000e-01  1.00000000e+00 -8.37498073e-03  8.37499906e-03  3.36933651e-08 -5.20241639e-08  1.47761589e-18 
 7.90000000e-01  7.90000000e-01  1.00000000e+00 -8.40661541e-03  8.40663376e-03  3.41342396e-08 -5.24840754e-08  3.99865726e-19 
 8.00000000e-01  8.00000000e-01  1.00000000e+00 -8.43815011e-03  8.43816848e-03  3.45802971e-08 -5.29496874e-08  9.37083137e-19 
 8.10000000e-01  8.10000000e-01  1.00000000e+00 -8.46959351e-03  8.46961190e-03  3.50315882e-08 -5.34210260e-08  3.01858720e-18 
 8.20000000e-01  8.20000000e-01  1.00000000e+00 -8.50095352e-03  8.50097193e-03  3.54881638e-08 -5.38981188e-08  2.07077718e-18 
 8.30000000e-01  8.30000000e-01  1.00000000e+00 -8.53223738e-03  8.53225581e-03  3.59500752e-08 -5.43809947e-08  2.13066506e-18 
 8.40000000e-01  8.40000000e-01  1.00000000e+00 -8.56345169e-03  8.56347014e-03  3.64173742e-08 -5.48696845e-08  3.29982199e-18 
 8.50000000e-01  8.50000000e-01  1.00000000e+00 -8.59460254e-03  8.59462101e-03  3.68901127e-08 -5.53642201e-08  4.83279942e-18 
 8.60000000e-01  8.60000000e-01  1.00000000e+00 -8.62569550e-03  8.62571400e-03  3.73683430e-08 -5.58646347e-08  3.98131955e-18 
 8.70000000e-01  8.70000000e-01  1.00000000e+00 -8.65673573e-03  8.65675425e-03  3.78521178e-08 -5.63709629e-08  7.16788397e-19 
 8.80000000e-01  8.80000000e-01  1.00000000e+00 -8.68772799e-03  8.68774654e-03  3.83414901e-08 -5.68832406e-08  3.45258570e-18 
 8.90000000e-01  8.90000000e-01  1.00000000e+00 -8.71867669e-03  8.71869526e-03  3.88365133e-08 -5.74015046e-08  1.52189321e-18 
 9.00000000e-01  9.00000000e-01  1.00000000e+00 -8.74958593e-03  8.74960452e-03  3.93372409e-08 -5.79257931e-08  1.25528959e-18 
 9.10000000e-01  9.10000000e-01  1.00000000e+00 -8.78045954e-03  8.78047815e-03  3.98437270e-08 -5.84561452e-08  4.12849152e-19 
 9.20000000e-01  9.20000000e-01  1.00000000e+00 -8.81130110e-03  8.81131974e-03  4.03560261e-08 -5.89926011e-08  7.46381610e-20 
 9.30000000e-01  9.30000000e-01  1.00000000e+00 -8.84211401e-03  8.84213267e-03  4.08741926e-08 -5.95352022e-08  2.65804233e-18 
 9.40000000e-01  9.40000000e-01  1.00000000e+00 -8.87290145e-03  8.87292013e-03  4.13982817e-08 -6.00839907e-08  2.99513497e-18 
 9.50000000e-01  9.50000000e-01  1.00000000e+00 -8.90366646e-03  8.90368517e-03  4.19283488e-08 -6.06390098e-08  5.43073851e-18 
 9.60000000e-01  9.60000000e-01  1.00000000e+00 -8.93441198e-03  8.93443071e-03  4.24644495e-08 -6.12003040e-08  7.12698816e-19 
 9.70000000e-01  9.70000000e-01  1.00000000e+00 -8.96514080e-03  8.96515956e-03  4.30066398e-08 -6.17679191e-08  1.96841193e-18 
 9.80000000e-01  9.80000000e-01  1.00000000e+00 -8.99585565e-03  8.99587444e-03  4.35549761e-08 -6.23419034e-08  3.00551112e-19 
 9.90000000e-01  9.90000000e-01  1.00000000e+00 -9.02655921e-03  9.02657802e-03  4.41095151e-08 -6.29223027e-08  2.90538918e-18 
 1.00000000e+00  1.00000000e+00  1.00000000e+00 -9.05725410e-03  9.05727294e-03  4.46703139e-08 -6.35090874e-08  2.21577202e-18 
 1.01000000e+00  1.01000000e+00  1.00000000e+00 -9.08794295e-03  9.08796182e-03  4.52374297e-08 -6.41021847e-08  1.01626087e-18 
 1.02000000e+00  1.02000000e+00  1.00000000e+00 -9.11862837e-03  9.11864726e-03  4.58109204e-08 -6.47016083e-08  1.28708642e-18 
 1.03000000e+00  1.03000000e+00  1.00000000e+00 -9.14931300e-03  9.14933191e-03  4.63908438e-08 -6.53074006e-08  2.76569492e-18 
 1.04000000e+00  1.04000000e+00  1.00000000e+00 -9.17999951e-03  9.18001846e-03  4.69772585e-08 -6.59196079e-08  3.16440259e-18 
 1.05000000e+00  1.05000000e+00  1.00000000e+00 -9.21069066e-03  9.21070962e-03  4.75702231e-08 -6.65382779e-08  2.26026772e-18 
 1.06000000e+00  1.06000000e+00  1.00000000e+00 -9.24138923e-03  9.24140823e-03  4.81697966e-08 -6.71634584e-08  3.15719620e-18 
 1.07000000e+00  1.07000000e+00  1.00000000e+00 -9.27209815e-03  9.27211717e-03  4.87760384e-08 -6.77951971e-08  4.03664139e-19 
 1.08000000e+00  1.08000000e+00  1.00000000e+00 -9.30282042e-03  9.30283947e-03  4.93890082e-08 -6.84335418e-08  4.66806475e-18 
 1.09000000e+00  1.09000000e+00  1.00000000e+00 -9.33355918e-03  9.33357825e-03  5.00087660e-08 -6.90785403e-08  3.57536578e-18 
 1.10000000e+00  1.10000000e+00  1.00000000e+00 -9.36431769e-03  9.36433678e-03  5.06353722e-08 -6.97302401e-08  1.82863825e-18 
 1.11000000e+00  1.11000000e+00  1.00000000e+00 -9.39509938e-03  9.39511850e-03  5.12688874e-08 -7.03886887e-08  3.70874699e-18 
 1.12000000e+00  1.12000000e+00  1.00000000e+00 -9.42590783e-03  9.42592698e-03  5.19093727e-08 -7.10539333e-08  3.37497631e-18 
 1.13000000e+00  1.13000000e+00  1.00000000e+00 -9.45674682e-03  9.45676599e-03  5.25568895e-08 -7.17260210e-08  1.19609655e-18 
 1.14000000e+00  1.14000000e+00  1.00000000e+00 -9.48762029e-03  9.48763948e-03  5.32114993e-08 -7.24049987e-08  3.06870772e-18 
 1.15000000e+00  1.15000000e+00  1.00000000e+00 -9.51853240e-03  9.51855162e-03  5.38732643e-08 -7.30909131e-08  2.20228566e-18 
 1.16000000e+00  1.16000000e+00  1.00000000e+00 -9.54948752e-03  9.54950676e-03  5.45422468e-08 -7.37838103e-08  9.27256232e-19 
 1.17000000e+00  1.17000000e+00  1.00000000e+00 -9.58049023e-03  9.58050950e-03  5.52185094e-08 -7.44837366e-08  3.45033577e-20 
 1.18000000e+00  1.18000000e+00  1.00000000e+00 -9.61154536e-03  9.61156465e-03  5.59021152e-08 -7.51907376e-08  3.43403700e-18 
 1.19000000e+00  1.19000000e+00  1.00000000e+00 -9.64265796e-03  9.64267727e-03  5.65931274e-08 -7.59048586e-08  9.00389405e-19 
 1.20000000e+00  1.20000000e+00  1.00000000e+00 -9.67383333e-03  9.67385266e-03  5.72916098e-08 -7.66261448e-08  2.78442229e-18 
 0.00000000e+00  0.00000000e+00  1.20000000e+00  2.80488822e-08  2.80488824e-08  1.30812413e-07 -1.86910178e-07  1.00788980e-18 
 1.00000000e-02  1.00000000e-02  1.20000000e+00 -2.70209443e-04  2.70265077e-04  1.32311183e-07 -1.87945498e-07  1.08399041e-18 
 2.00000000e-02  2.00000000e-02  1.20000000e+00 -5.36493589e-04  5.36548676e-04  1.33824459e-07 -1.88911681e-07  1.66426092e-18 
 3.00000000e-02  3.00000000e-02  1.20000000e+00 -7.98849717e-04  7.98904254e-04  1.35352341e-07 -1.89889993e-07  4.49554796e-18 
 4.00000000e-02  4.00000000e-02  1.20000000e+00 -1.05730284e-03  1.05735685e-03  1.36894934e-07 -1.90902427e-07  4.55857250e-18 
 5.00000000e-02  5.00000000e-02  1.20000000e+00 -1.31187763e-03  1.31193112e-03  1.38452345e-07 -1.91949879e-07  1.56010234e-18 
 6.00000000e-02  6.00000000e-02  1.20000000e+00 -1.56259837e-03  1.56265138e-03  1.40024680e-07 -1.93030869e-07  4.82067626e-19 
 7.00000000e-02  7.00000000e-02  1.20000000e+00 -1.80948899e-03  1.80954152e-03  1.41612049e-07 -1.94144065e-07  2.40769115e-18 
 8.00000000e-02  8.00000000e-02  1.20000000e+00 -2.05257299e-03  2.05262506e-03  1.43214557e-07 -1.95288462e-07  4.73364363e-18 
 9.00000000e-02  9.00000000e-02  1.20000000e+00 -2.29187348e-03  2.29192511e-03  1.44832315e-07 -1.96463292e-07  1.30363665e-19 
 1.00000000e-01  1.00000000e-01  1.20000000e+00 -2.52741312e-03  2.52746433e-03  1.46465430e-07 -1.97667940e-07  4.34625840e-18 
 1.10000000e-01  1.10000000e-01  1.20000000e+00 -2.75921416e-03  2.75926494e-03  1.48114013e-07 -1.98901894e-07  1.90529474e-19 
 1.20000000e-01  1.20000000e-01  1.20000000e+00 -2.98729833e-03  2.98734872e-03  1.49778174e-07 -2.00164715e-07  4.21144781e-18 
 1.30000000e-01  1.30000000e-01  1.20000000e+00 -3.21168693e-03  3.21173693e-03  1.51458021e-07 -2.01456014e-07  5.80447856e-18 
 1.40000000e-01  1.40000000e-01  1.20000000e+00 -3.43240070e-03  3.43245032e-03  1.53153667e-07 -2.02775443e-07  2.14479330e-18 
 1.50000000e-01  1.50000000e-01  1.20000000e+00 -3.64945987e-03  3.64950912e-03  1.54865222e-07 -2.04122683e-07  8.91211009e-19 
 1.60000000e-01  1.60000000e-01  1.20000000e+00 -3.86288407e-03  3.86293298e-03  1.56592799e-07 -2.05497442e-07  4.44403777e-18 
 1.70000000e-01  1.70000000e-01  1.20000000e+00 -4.07269236e-03  4.07274092e-03  1.58336508e-07 -2.06899451e-07  1.59729238e-18 
 1.80000000e-01  1.80000000e-01  1.20000000e+00 -4.27890311e-03  4.27895135e-03  1.60096464e-07 -2.08328459e-07  1.12602442e-18 
 1.90000000e-01  1.90000000e-01  1.20000000e+00 -4.48153404e-03  4.48158196e-03  1.61872779e-07 -2.09784233e-07  3.37463220e-19 
 2.00000000e-01  2.00000000e-01  1.20000000e+00 -4.68060212e-03  4.68064972e-03  1.63665566e-07 -2.11266558e-07  2.36163374e-18 
 2.10000000e-01  2.10000000e-01  1.20000000e+00 -4.87612351e-03  4.87617081e-03  1.65474940e-07 -2.12775233e-07  3.12195169e-18 
 2.20000000e-01  2.20000000e-01  1.20000000e+00 -5.06811352e-03  5.06816053e-03  1.67301015e-07 -2.14310071e-07  1.24974417e-18 
 2.30000000e-01  2.30000000e-01  1.20000000e+00 -5.25658657e-03  5.25663329e-03  1.69143906e-07 -2.15870901e-07  1.00767804e-18 
 2.40000000e-01  2.40000000e-01  1.20000000e+00 -5.44155603e-03  5.44160248e-03  1.71003729e-07 -2.17457563e-07  3.30697544e-18 
 2.50000000e-01  2.50000000e-01  1.20000000e+00 -5.62303422e-03  5.62308041e-03  1.72880600e-07 -2.19069912e-07  1.37555504e-18 
 2.60000000e-01  2.60000000e-01  1.20000000e+00 -5.80103226e-03  5.80107819e-03  1.74774636e-07 -2.20707817e-07  7.02402072e-19 
 2.70000000e-01  2.70000000e-01  1.20000000e+00 -5.97555998e-03  5.97560566e-03  1.76685952e-07 -2.22371157e-07  5.96533541e-18 
 2.80000000e-01  2.80000000e-01  1.20000000e+00 -6.14662581e-03  6.14667126e-03  1.78614668e-07 -2.24059825e-07  2.70473502e-18 
 2.90000000e-01  2.90000000e-01  1.20000000e+00 -6.31423665e-03  6.31428186e-03  1.80560900e-07 -2.25773729e-07  9.38618385e-19 
 3.00000000e-01  3.00000000e-01  1.20000000e+00 -6.47839770e-03  6.47844268e-03  1.82524768e-07 -2.27512787e-07  3.65669417e-18 
 3.10000000e-01  3.10000000e-01  1.20000000e+00 -6.63911232e-03  6.63915709e-03  1.84506391e-07 -2.29276932e-07  3.97660793e-18 
 3.20000000e-01  3.20000000e-01  1.20000000e+00 -6.79638189e-03  6.79642645e-03  1.86505887e-07 -2.31066109e-07  3.27611168e-18 
 3.30000000e-01  3.30000000e-01  1.20000000e+00 -6.95020559e-03  6.95024995e-03  1.88523378e-07 -2.32880279e-07  4.53639083e-18 
 3.40000000e-01  3.40000000e-01  1.20000000e+00 -7.10058023e-03  7.10062439e-03  1.90558984e-07 -2.34719416e-07  1.48516639e-18 
 3.50000000e-01  3.50000000e-01  1.20000000e+00 -7.24750008e-03  7.24754405e-03  1.92612826e-07 -2.36583507e-07  3.34551544e-18 
 3.60000000e-01  3.60000000e-01  1.20000000e+00 -7.39095664e-03  7.39100042e-03  1.94685026e-07 -2.38472557e-07  1.13767113e-18 
 3.70000000e-01  3.70000000e-01  1.20000000e+00 -7.53093853e-03  7.53098214e-03  1.96775706e-07 -2.40386585e-07  8.44798898e-18 
 3.80000000e-01  3.80000000e-01  1.20000000e+00 -7.66743130e-03  7.66747474e-03  1.98884990e-07 -2.42325626e-07  1.48717810e-18 
 3.90000000e-01  3.90000000e-01  1.20000000e+00 -7.80041740e-03  7.80046068e-03  2.01013000e-07 -2.44289735e-07  2.29699453e-18 
 4.00000000e-01  4.00000000e-01  1.20000000e+00 -7.92987612e-03  7.92991924e-03  2.03159861e-07 -2.46278981e-07  5.14667807e-18 
 4.10000000e-01  4.10000000e-01  1.20000000e+00 -8.05578374e-03  8.05582671e-03  2.05325697e-07 -2.48293453e-07  5.61964009e-18 
 4.20000000e-01  4.20000000e-01  1.20000000e+00 -8.17811381e-03  8.17815663e-03  2.07510634e-07 -2.50333258e-07  2.36004555e-18 
 4.30000000e-01  4.30000000e-01  1.20000000e+00 -8.29683762e-03  8.29688030e-03  2.09714797e-07 -2.52398519e-07  2.10527392e-18 
 4.40000000e-01  4.40000000e-01  1.20000000e+00 -8.41192503e-03  8.41196758e-03  2.11938314e-07 -2.54489381e-07  2.64679267e-18 
 4.50000000e-01  4.50000000e-01  1.20000000e+00 -8.52334560e-03  8.52338803e-03  2.14181310e-07 -2.56606002e-07  2.97634143e-18 
 4.60000000e-01  4.60000000e-01  1.20000000e+00 -8.63107016e-03  8.63111247e-03  2.16443914e-07 -2.58748556e-07  2.48651816e-18 
 4.70000000e-01  4.70000000e-01  1.20000000e+00 -8.73507285e-03  8.73511504e-03  2.18726255e-07 -2.60917227e-07  5.92430725e-18 
 4.80000000e-01  4.80000000e-01  1.20000000e+00 -8.83533364e-03  8.83537572e-03  2.21028460e-07 -2.63112208e-07  7.19104502e-19 
 4.90000000e-01  4.90000000e-01  1.20000000e+00 -8.93184135e-03  8.93188333e-03  2.23350659e-07 -2.65333695e-07  2.64110167e-18 
 5.00000000e-01  5.00000000e-01  1.20000000e+00 -9.02459698e-03  9.02463887e-03  2.25692982e-07 -2.67581877e-07  1.71111243e-18 
 5.10000000e-01  5.10000000e-01  1.20000000e+00 -9.11361716e-03  9.11365896e-03  2.28055560e-07 -2.69856934e-07  7.52493482e-18 
 5.20000000e-01  5.20000000e-01  1.20000000e+00 -9.19893751e-03  9.19897923e-03  2.30438523e-07 -2.72159027e-07  2.83581337e-18 
 5.30000000e-01  5.30000000e-01  1.20000000e+00 -9.28061543e-03  9.28065708e-03  2.32842003e-07 -2.74488289e-07  1.61804469e-18 
 5.40000000e-01  5.40000000e-01  1.20000000e+00 -9.35873207e-03  9.35877365e-03  2.35266130e-07 -2.76844821e-07  4.16022879e-18 
 5.50000000e-01  5.50000000e-01  1.20000000e+00 -9.43339299e-03  9.43343451e-03  2.37711037e-07 -2.79228686e-07  4.88340964e-19 
 5.60000000e-01  5.60000000e-01  1.20000000e+00 -9.50472746e-03  9.50476893e-03  2.40176856e-07 -2.81639906e-07  3.69306365e-19 
 5.70000000e-01  5.70000000e-01  1.20000000e+00 -9.57288631e-03  9.57292773e-03  2.42663720e-07 -2.84078463e-07  1.61719765e-18 
 5.80000000e-01  5.80000000e-01  1.20000000e+00 -9.63803842e-03  9.63807979e-03  2.45171760e-07 -2.86544301e-07  1.95315210e-18 
 5.90000000e-01  5.90000000e-01  1.20000000e+00 -9.70036633e-03  9.70040767e-03  2.47701111e-07 -2.89037331e-07  7.28977730e-19 
 6.00000000e-01  6.00000000e-01  1.20000000e+00 -9.76006135e-03  9.76010266e-03  2.50251906e-07 -2.91557437e-07  1.43535027e-18 
 6.10000000e-01  6.10000000e-01  1.20000000e+00 -9.81731860e-03  9.81735988e-03  2.52824279e-07 -2.94104487e-07  1.19346942e-18 
 6.20000000e-01  6.20000000e-01  1.20000000e+00 -9.87233241e-03  9.87237367e-03  2.55418363e-07 -2.96678335e-07  2.80262026e-18 
 6.30000000e-01  6.30000000e-01  1.20000000e+00 -9.92529242e-03  9.92533367e-03  2.58034295e-07 -2.99278831e-07  6.89273061e-18 
 6.40000000e-01  6.40000000e-01  1.20000000e+00 -9.97638046e-03  9.97642170e-03  2.60672209e-07 -3.01905827e-07  1.00182822e-18 
 6.50000000e-01  6.50000000e-01  1.20000000e+00 -1.00257683e-02  1.00258095e-02  2.63332242e-07 -3.04559184e-07  2.69928224e-18 
 6.60000000e-01  6.60000000e-01  1.20000000e+00 -1.00736160e-02  1.00736572e-02  2.66014531e-07 -3.07238771e-07  3.08071177e-18 
 6.70000000e-01  6.70000000e-01  1.20000000e+00 -1.01200715e-02  1.01201128e-02  2.68719212e-07 -3.09944473e-07  2.51579373e-18 
 6.80000000e-01  6.80000000e-01  1.20000000e+00 -1.01652703e-02  1.01653115e-02  2.71446424e-07 -3.12676187e-07  2.18693319e-19 
 6.90000000e-01  6.90000000e-01  1.20000000e+00 -1.02093353e-02  1.02093766e-02  2.74196306e-07 -3.15433827e-07  3.85071766e-18 
 7.00000000e-01  7.00000000e-01  1.20000000e+00 -1.02523780e-02  1.02524193e-02  2.76968996e-07 -3.18217326e-07  1.47690782e-18 
 7.10000000e-01  7.10000000e-01  1.20000000e+00 -1.02944986e-02  1.02945399e-02  2.79764635e-07 -3.21026628e-07  2.26041330e-18 
 7.20000000e-01  7.20000000e-01  1.20000000e+00 -1.03357872e-02  1.03358285e-02  2.82583364e-07 -3.23861694e-07  2.25887805e-18 
 7.30000000e-01  7.30000000e-01  1.20000000e+00 -1.03763245e-02  1.03763658e-02  2.85425324e-07 -3.26722501e-07  4.29138655e-18 
 7.40000000e-01  7.40000000e-01  1.20000000e+00 -1.04161829e-02  1.04162242e-02  2.88290657e-07 -3.29609038e-07  9.50265088e-19 
 7.50000000e-01  7.50000000e-01  1.20000000e+00 -1.04554269e-02  1.04554683e-02  2.91179506e-07 -3.32521307e-07  5.85924453e-18 
 7.60000000e-01  7.60000000e-01  1.20000000e+00 -1.04941145e-02  1.04941558e-02  2.94092014e-07 -3.35459319e-07  3.51624552e-19 
 7.70000000e-01  7.70000000e-01  1.20000000e+00 -1.05322972e-02  1.05323386e-02  2.97028326e-07 -3.38423101e-07  4.09566900e-18 
 7.80000000e-01  7.80000000e-01  1.20000000e+00 -1.05700214e-02  1.05700628e-02  2.99988587e-07 -3.41412684e-07  5.37622400e-18 
 7.90000000e-01  7.90000000e-01  1.20000000e+00 -1.06073286e-02  1.06073700e-02  3.02972941e-07 -3.44428112e-07  9.33906764e-19 
 8.00000000e-01  8.00000000e-01  1.20000000e+00 -1.06442559e-02  1.06442974e-02  3.05981535e-07 -3.47469436e-07  5.33784281e-18 
 8.10000000e-01  8.10000000e-01  1.20000000e+00 -1.06808367e-02  1.06808782e-02  3.09014517e-07 -3.50536714e-07  4.07105210e-19 
 8.20000000e-01  8.20000000e-01  1.20000000e+00 -1.07171010e-02  1.07171425e-02  3.12072033e-07 -3.53630011e-07  3.36870297e-18 
 8.30000000e-01  8.30000000e-01  1.20000000e+00 -1.07530758e-02  1.07531174e-02  3.15154231e-07 -3.56749399e-07  9.31630363e-18 
 8.40000000e-01  8.40000000e-01  1.20000000e+00 -1.07887855e-02  1.07888271e-02  3.18261262e-07 -3.59894956e-07  8.70326353e-19 
 8.50000000e-01  8.50000000e-01  1.20000000e+00 -1.08242521e-02  1.08242938e-02  3.21393274e-07 -3.63066764e-07  1.30834827e-18 
 8.60000000e-01  8.60000000e-01  1.20000000e+00 -1.08594954e-02  1.08595371e-02  3.24550417e-07 -3.66264912e-07  2.05220201e-18 
 8.70000000e-01  8.70000000e-01  1.20000000e+00 -1.08945336e-02  1.08945753e-02  3.27732844e-07 -3.69489492e-07  1.83472630e-18 
 8.80000000e-01  8.80000000e-01  1.20000000e+00 -1.09293829e-02  1.09294247e-02  3.30940704e-07 -3.72740601e-07  4.07666370e-18 
 8.90000000e-01  8.90000000e-01  1.20000000e+00 -1.09640582e-02  1.09641000e-02  3.34174152e-07 -3.76018340e-07  1.84727298e-18 
 9.00000000e-01  9.00000000e-01  1.20000000e+00 -1.09985731e-02  1.09986150e-02  3.37433340e-07 -3.79322814e-07  1.47849601e-18 
 9.10000000e-01  9.10000000e-01  1.20000000e+00 -1.10329399e-02  1.10329818e-02  3.40718421e-07 -3.82654131e-07  6.65651430e-18 
 9.20000000e-01  9.20000000e-01  1.20000000e+00 -1.10671699e-02  1.10672119e-02  3.44029551e-07 -3.86012402e-07  3.30676369e-18 
 9.30000000e-01  9.30000000e-01  1.20000000e+00 -1.11012735e-02  1.11013155e-02  3.47366884e-07 -3.89397743e-07  3.68607563e-18 
 9.40000000e-01  9.40000000e-01  1.20000000e+00 -1.11352600e-02  1.11353021e-02  3.50730576e-07 -3.92810270e-07  9.38088989e-20 
 9.50000000e-01  9.50000000e-01  1.20000000e+00 -1.11691382e-02  1.11691803e-02  3.54120785e-07 -3.96250105e-07  3.90058672e-18 
 9.60000000e-01  9.60000000e-01  1.20000000e+00 -1.12029161e-02  1.12029583e-02  3.57537668e-07 -3.99717371e-07  1.06127934e-18 
 9.70000000e-01  9.70000000e-01  1.20000000e+00 -1.12366012e-02  1.12366434e-02  3.60981382e-07 -4.03212193e-07  2.49631197e-18 
 9.80000000e-01  9.80000000e-01  1.20000000e+00 -1.12702001e-02  1.12702423e-02  3.64452087e-07 -4.06734699e-07  6.10615464e-18 
 9.90000000e-01  9.90000000e-01  1.20000000e+00 -1.13037192e-02  1.13037615e-02  3.67949942e-07 -4.10285020e-07  1.13751231e-18 
 1.00000000e+00  1.00000000e+00  1.20000000e+00 -1.13371644e-02  1.13372068e-02  3.71475108e-07 -4.13863289e-07  1.15805286e-18 
 1.01000000e+00  1.01000000e+00  1.20000000e+00 -1.13705412e-02  1.13705837e-02  3.75027745e-07 -4.17469640e-07  4.14924383e-18 
 1.02000000e+00  1.02000000e+00  1.20000000e+00 -1.14038547e-02  1.14038972e-02  3.78608016e-07 -4.21104210e-07  3.90270430e-19 
 1.03000000e+00  1.03000000e+00  1.20000000e+00 -1.14371097e-02  1.14371523e-02  3.82216082e-07 -4.24767138e-07  7.93405174e-19 
 1.04000000e+00  1.04000000e+00  1.20000000e+00 -1.14703108e-02  1.14703534e-02  3.85852109e-07 -4.28458565e-07  1.67754875e-18 
 1.05000000e+00  1.05000000e+00  1.20000000e+00 -1.15034621e-02  1.15035048e-02  3.89516258e-07 -4.32178634e-07  1.19823398e-18 
 1.06000000e+00  1.06000000e+00  1.20000000e+00 -1.15365679e-02  1.15366106e-02  3.93208696e-07 -4.35927489e-07  2.75603345e-18 
 1.07000000e+00  1.07000000e+00  1.20000000e+00 -1.15696321e-02  1.15696748e-02  3.96929588e-07 -4.39705276e-07  2.37396865e-18 
 1.08000000e+00  1.08000000e+00  1.20000000e+00 -1.16026583e-02  1.16027011e-02  4.00679101e-07 -4.43512144e-07  1.94531704e-18 
 1.09000000e+00  1.09000000e+00  1.20000000e+00 -1.16356504e-02  1.16356932e-02  4.04457401e-07 -4.47348241e-07  4.16634331e-20 
 1.10000000e+00  1.10000000e+00  1.20000000e+00 -1.16686118e-02  1.16686547e-02  4.08264657e-07 -4.51213720e-07  1.87591328e-18 
 1.11000000e+00  1.11000000e+00  1.20000000e+00 -1.17015461e-02  1.17015891e-02  4.12101037e-07 -4.55108733e-07  5.42101086e-19 
 1.12000000e+00  1.12000000e+00  1.20000000e+00 -1.17344569e-02  1.17344999e-02  4.15966712e-07 -4.59033434e-07  3.39591390e-18 
 1.13000000e+00  1.13000000e+00  1.20000000e+00 -1.17673475e-02  1.17673907e-02  4.19861850e-07 -4.62987979e-07  1.54959384e-18 
 1.14000000e+00  1.14000000e+00  1.20000000e+00 -1.18002216e-02  1.18002648e-02  4.23786624e-07 -4.66972526e-07  3.24307740e-19 
 1.15000000e+00  1.15000000e+00  1.20000000e+00 -1.18330827e-02  1.18331260e-02  4.27741206e-07 -4.70987234e-07  1.46711400e-18 
 1.16000000e+00  1.16000000e+00  1.20000000e+00 -1.18659345e-02  1.18659778e-02  4.31725768e-07 -4.75032264e-07  4.32918539e-18 
 1.17000000e+00  1.17000000e+00  1.20000000e+00 -1.18987806e-02  1.18988239e-02  4.35740484e-07 -4.79107778e-07  1.39045752e-18 
 1.18000000e+00  1.18000000e+00  1.20000000e+00 -1.19316248e-02  1.19316682e-02  4.39785528e-07 -4.83213941e-07  8.41241359e-18 
 1.19000000e+00  1.19000000e+00  1.20000000e+00 -1.19644712e-02  1.19645147e-02  4.43861076e-07 -4.87350918e-07  1.75616400e-18 
 1.20000000e+00  1.20000000e+00  1.20000000e+00 -1.19973239e-02  1.19973674e-02  4.47967303e-07 -4.91518796e-07  5.80323448e-18 
