 v-sweep         v(drain_iv)     v(gate_iv)      id              is              ib              ig              kcl            
 0.00000000e+00  0.00000000e+00  0.00000000e+00  5.13088167e-40  4.58291896e-47 -5.19466241e-40  6.37802735e-42  1.63132612e-55 
 1.00000000e-02  1.00000000e-02  0.00000000e+00 -8.30628652e-10  8.30482466e-10  3.93100313e-15  1.42255127e-13  1.07494920e-25 
 2.00000000e-02  2.00000000e-02  0.00000000e+00 -1.25680186e-09  1.25638661e-09  6.32463352e-15  4.08921762e-13  1.84782778e-25 
 3.00000000e-02  3.00000000e-02  0.00000000e+00 -1.49751916e-09  1.49669658e-09  7.78369922e-15  8.14795476e-13  1.59349903e-28 
 4.00000000e-02  4.00000000e-02  0.00000000e+00 -1.65688837e-09  1.65550901e-09  8.67464705e-15  1.37068935e-12  3.55902486e-26 
 5.00000000e-02  5.00000000e-02  0.00000000e+00 -1.78143178e-09  1.77933568e-09  9.22024003e-15  2.08687356e-12  1.76786884e-25 
 6.00000000e-02  6.00000000e-02  0.00000000e+00 -1.89122572e-09  1.88824241e-09  9.55589643e-15  2.97375780e-12  1.06401559e-26 
 7.00000000e-02  7.00000000e-02  0.00000000e+00 -1.99524427e-09  1.99119241e-09  9.76393769e-15  4.04209048e-12  4.14685245e-25 
 8.00000000e-02  8.00000000e-02  0.00000000e+00 -2.09782744e-09  2.09251450e-09  9.89440758e-15  5.30303898e-12  3.56079191e-25 
 9.00000000e-02  9.00000000e-02  0.00000000e+00 -2.20128248e-09  2.19450427e-09  9.97772820e-15  6.76823303e-12  1.47613230e-25 
 1.00000000e-01  1.00000000e-01  0.00000000e+00 -2.30696266e-09  2.29850283e-09  1.00323936e-14  8.44979477e-12  2.70513026e-25 
 1.10000000e-01  1.10000000e-01  0.00000000e+00 -2.41574289e-09  2.40537246e-09  1.00696467e-14  1.03603636e-11  5.76540570e-25 
 1.20000000e-01  1.20000000e-01  0.00000000e+00 -2.52824436e-09  2.51572114e-09  1.00963226e-14  1.25131188e-11  2.03737528e-25 
 1.30000000e-01  1.30000000e-01  0.00000000e+00 -2.64494751e-09  2.63001560e-09  1.01165769e-14  1.49218017e-11  6.71573066e-26 
 1.40000000e-01  1.40000000e-01  0.00000000e+00 -2.76625254e-09  2.74864167e-09  1.01329361e-14  1.76007378e-11  1.84770157e-25 
 1.50000000e-01  1.50000000e-01  0.00000000e+00 -2.89251337e-09  2.87193836e-09  1.01469367e-14  2.05648585e-11  4.53781192e-25 
 1.60000000e-01  1.60000000e-01  0.00000000e+00 -3.02405778e-09  3.00021789e-09  1.01595132e-14  2.38297247e-11  4.06026708e-25 
 1.70000000e-01  1.70000000e-01  0.00000000e+00 -3.16119985e-09  3.13377813e-09  1.01712345e-14  2.74115496e-11  2.73024759e-26 
 1.80000000e-01  1.80000000e-01  0.00000000e+00 -3.30424798e-09  3.27291057e-09  1.01824468e-14  3.13272228e-11  6.74239416e-26 
 1.90000000e-01  1.90000000e-01  0.00000000e+00 -3.45351026e-09  3.41790573e-09  1.01933614e-14  3.55943356e-11  2.81907333e-25 
 2.00000000e-01  2.00000000e-01  0.00000000e+00 -3.60929823e-09  3.56905682e-09  1.02041073e-14  4.02312058e-11  1.00827468e-25 
 2.10000000e-01  2.10000000e-01  0.00000000e+00 -3.77192968e-09  3.72666256e-09  1.02147637e-14  4.52569050e-11  2.19142404e-25 
 2.20000000e-01  2.20000000e-01  0.00000000e+00 -3.94173070e-09  3.89102919e-09  1.02253796e-14  5.06912851e-11  9.82990108e-25 
 2.30000000e-01  2.30000000e-01  0.00000000e+00 -4.11903737e-09  4.06247213e-09  1.02359855e-14  5.65550071e-11  5.18549827e-26 
 2.40000000e-01  2.40000000e-01  0.00000000e+00 -4.30419717e-09  4.24131736e-09  1.02466009e-14  6.28695697e-11  1.60709899e-25 
 2.50000000e-01  2.50000000e-01  0.00000000e+00 -4.49757015e-09  4.42790255e-09  1.02572384e-14  6.96573397e-11  4.46102420e-25 
 2.60000000e-01  2.60000000e-01  0.00000000e+00 -4.69953002e-09  4.62257817e-09  1.02679069e-14  7.69415831e-11  1.11385267e-24 
 2.70000000e-01  2.70000000e-01  0.00000000e+00 -4.91046516e-09  4.82570838e-09  1.02786126e-14  8.47464966e-11  3.61410313e-25 
 2.80000000e-01  2.80000000e-01  0.00000000e+00 -5.13077954e-09  5.03767201e-09  1.02893604e-14  9.30972415e-11  2.38403232e-25 
 2.90000000e-01  2.90000000e-01  0.00000000e+00 -5.36089367e-09  5.25886339e-09  1.03001544e-14  1.02019977e-10  4.74572410e-25 
 3.00000000e-01  3.00000000e-01  0.00000000e+00 -5.60124549e-09  5.48969328e-09  1.03109984e-14  1.11541898e-10  1.13117290e-24 
 3.10000000e-01  3.10000000e-01  0.00000000e+00 -5.85229128e-09  5.73058969e-09  1.03218959e-14  1.21691266e-10  1.32087501e-24 
 3.20000000e-01  3.20000000e-01  0.00000000e+00 -6.11450657e-09  5.98199878e-09  1.03328503e-14  1.32497454e-10  8.44639682e-25 
 3.30000000e-01  3.30000000e-01  0.00000000e+00 -6.38838707e-09  6.24438574e-09  1.03438651e-14  1.43990980e-10  6.97659118e-25 
 3.40000000e-01  3.40000000e-01  0.00000000e+00 -6.67444964e-09  6.51823573e-09  1.03549439e-14  1.56203549e-10  1.06855154e-24 
 3.50000000e-01  3.50000000e-01  0.00000000e+00 -6.97323326e-09  6.80405479e-09  1.03660905e-14  1.69168097e-10  1.13394653e-24 
 3.60000000e-01  3.60000000e-01  0.00000000e+00 -7.28530003e-09  7.10237082e-09  1.03773089e-14  1.82918829e-10  6.14711972e-26 
 3.70000000e-01  3.70000000e-01  0.00000000e+00 -7.61123623e-09  7.41373458e-09  1.03886031e-14  1.97491266e-10  2.03053744e-24 
 3.80000000e-01  3.80000000e-01  0.00000000e+00 -7.95165341e-09  7.73872072e-09  1.03999775e-14  2.12922291e-10  2.84021165e-24 
 3.90000000e-01  3.90000000e-01  0.00000000e+00 -8.30718948e-09  8.07792888e-09  1.04114365e-14  2.29250196e-10  1.99407786e-24 
 4.00000000e-01  4.00000000e-01  0.00000000e+00 -8.67850992e-09  8.43198476e-09  1.04229851e-14  2.46514729e-10  9.54184063e-25 
 4.10000000e-01  4.10000000e-01  0.00000000e+00 -9.06630894e-09  8.80154136e-09  1.04346283e-14  2.64757147e-10  5.00145703e-25 
 4.20000000e-01  4.20000000e-01  0.00000000e+00 -9.47131080e-09  9.18728009e-09  1.04463714e-14  2.84020266e-10  1.03822930e-24 
 4.30000000e-01  4.30000000e-01  0.00000000e+00 -9.89427111e-09  9.58991214e-09  1.04582199e-14  3.04348514e-10  3.72410505e-24 
 4.40000000e-01  4.40000000e-01  0.00000000e+00 -1.03359782e-08  1.00101797e-08  1.04701799e-14  3.25787990e-10  3.16213632e-24 
 4.50000000e-01  4.50000000e-01  0.00000000e+00 -1.07972545e-08  1.04488575e-08  1.04822575e-14  3.48386516e-10  9.87590744e-26 
 4.60000000e-01  4.60000000e-01  0.00000000e+00 -1.12789581e-08  1.09067539e-08  1.04944592e-14  3.72193700e-10  5.94425625e-25 
 4.70000000e-01  4.70000000e-01  0.00000000e+00 -1.17819842e-08  1.13847127e-08  1.05067920e-14  3.97260994e-10  2.89013392e-25 
 4.80000000e-01  4.80000000e-01  0.00000000e+00 -1.23072671e-08  1.18836148e-08  1.05192631e-14  4.23641758e-10  3.11820939e-25 
 4.90000000e-01  4.90000000e-01  0.00000000e+00 -1.28557813e-08  1.24043794e-08  1.05318802e-14  4.51391326e-10  3.06011294e-24 
 5.00000000e-01  5.00000000e-01  0.00000000e+00 -1.34285437e-08  1.29479661e-08  1.05446513e-14  4.80567071e-10  1.49142043e-25 
 5.10000000e-01  5.10000000e-01  0.00000000e+00 -1.40266154e-08  1.35153764e-08  1.05575849e-14  5.11228473e-10  1.00071739e-24 
 5.20000000e-01  5.20000000e-01  0.00000000e+00 -1.46511034e-08  1.41076557e-08  1.05706899e-14  5.43437195e-10  1.04030874e-24 
 5.30000000e-01  5.30000000e-01  0.00000000e+00 -1.53031631e-08  1.47258954e-08  1.05839757e-14  5.77257151e-10  4.49199172e-24 
 5.40000000e-01  5.40000000e-01  0.00000000e+00 -1.59839998e-08  1.53712346e-08  1.05974522e-14  6.12754584e-10  7.25849852e-25 
 5.50000000e-01  5.50000000e-01  0.00000000e+00 -1.66948714e-08  1.60448626e-08  1.06111297e-14  6.49998143e-10  2.86528480e-24 
 5.60000000e-01  5.60000000e-01  0.00000000e+00 -1.74370905e-08  1.67480209e-08  1.06250194e-14  6.89058968e-10  7.60877169e-24 
 5.70000000e-01  5.70000000e-01  0.00000000e+00 -1.82120268e-08  1.74820054e-08  1.06391325e-14  7.30010768e-10  7.59215512e-24 
 5.80000000e-01  5.80000000e-01  0.00000000e+00 -1.90211098e-08  1.82481692e-08  1.06534814e-14  7.72929907e-10  7.94305308e-24 
 5.90000000e-01  5.90000000e-01  0.00000000e+00 -1.98658312e-08  1.90479250e-08  1.06680787e-14  8.17895498e-10  6.34923219e-24 
 6.00000000e-01  6.00000000e-01  0.00000000e+00 -2.07477480e-08  1.98827478e-08  1.06829378e-14  8.64989489e-10  6.91619599e-25 
 6.10000000e-01  6.10000000e-01  0.00000000e+00 -2.16684850e-08  2.07541775e-08  1.06980728e-14  9.14296758e-10  7.47841716e-25 
 6.20000000e-01  6.20000000e-01  0.00000000e+00 -2.26297382e-08  2.16638223e-08  1.07134987e-14  9.65905212e-10  3.33384767e-24 
 6.30000000e-01  6.30000000e-01  0.00000000e+00 -2.36332778e-08  2.26133612e-08  1.07292310e-14  1.01990589e-09  1.09304883e-24 
 6.40000000e-01  6.40000000e-01  0.00000000e+00 -2.46809515e-08  2.36045477e-08  1.07452861e-14  1.07639305e-09  5.67974961e-24 
 6.50000000e-01  6.50000000e-01  0.00000000e+00 -2.57746881e-08  2.46392131e-08  1.07616813e-14  1.13546431e-09  1.11226232e-24 
 6.60000000e-01  6.60000000e-01  0.00000000e+00 -2.69165012e-08  2.57192697e-08  1.07784347e-14  1.19722071e-09  3.30299216e-25 
 6.70000000e-01  6.70000000e-01  0.00000000e+00 -2.81084927e-08  2.68467150e-08  1.07955655e-14  1.26176687e-09  9.55346686e-24 
 6.80000000e-01  6.80000000e-01  0.00000000e+00 -2.93528572e-08  2.80236353e-08  1.08130937e-14  1.32921110e-09  1.28121676e-23 
 6.90000000e-01  6.90000000e-01  0.00000000e+00 -3.06518860e-08  2.92522097e-08  1.08310404e-14  1.39966547e-09  1.22107022e-23 
 7.00000000e-01  7.00000000e-01  0.00000000e+00 -3.20079714e-08  3.05347146e-08  1.08494278e-14  1.47324601e-09  9.98031476e-24 
 7.10000000e-01  7.10000000e-01  0.00000000e+00 -3.34236117e-08  3.18735280e-08  1.08682792e-14  1.55007279e-09  1.10156111e-23 
 7.20000000e-01  7.20000000e-01  0.00000000e+00 -3.49014155e-08  3.32711346e-08  1.08876192e-14  1.63027006e-09  1.11142613e-24 
 7.30000000e-01  7.30000000e-01  0.00000000e+00 -3.64441071e-08  3.47301298e-08  1.09074734e-14  1.71396639e-09  1.28293080e-24 
 7.40000000e-01  7.40000000e-01  0.00000000e+00 -3.80545318e-08  3.62532260e-08  1.09278690e-14  1.80129483e-09  8.93353421e-25 
 7.50000000e-01  7.50000000e-01  0.00000000e+00 -3.97356611e-08  3.78432572e-08  1.09488344e-14  1.89239301e-09  1.28853266e-23 
 7.60000000e-01  7.60000000e-01  0.00000000e+00 -4.14905992e-08  3.95031849e-08  1.09703995e-14  1.98740333e-09  6.87243788e-24 
 7.70000000e-01  7.70000000e-01  0.00000000e+00 -4.33225882e-08  4.12361041e-08  1.09925957e-14  2.08647309e-09  7.01112751e-24 
 7.80000000e-01  7.80000000e-01  0.00000000e+00 -4.52350152e-08  4.30452495e-08  1.10154560e-14  2.18975467e-09  2.45261431e-24 
 7.90000000e-01  7.90000000e-01  0.00000000e+00 -4.72314189e-08  4.49340021e-08  1.10390150e-14  2.29740569e-09  4.73247754e-24 
 8.00000000e-01  8.00000000e-01  0.00000000e+00 -4.93154961e-08  4.69058959e-08  1.10633093e-14  2.40958914e-09  4.64146508e-24 
 8.10000000e-01  8.10000000e-01  0.00000000e+00 -5.14911098e-08  4.89646251e-08  1.10883770e-14  2.52647361e-09  3.31141704e-23 
 8.20000000e-01  8.20000000e-01  0.00000000e+00 -5.37622964e-08  5.11140518e-08  1.11142583e-14  2.64823344e-09  2.39637799e-23 
 8.30000000e-01  8.30000000e-01  0.00000000e+00 -5.61332737e-08  5.33582137e-08  1.11409955e-14  2.77504890e-09  2.19160737e-23 
 8.40000000e-01  8.40000000e-01  0.00000000e+00 -5.86084500e-08  5.57013325e-08  1.11686328e-14  2.90710641e-09  5.50242472e-23 
 8.50000000e-01  8.50000000e-01  0.00000000e+00 -6.11924323e-08  5.81478224e-08  1.11972168e-14  3.04459869e-09  2.97119001e-23 
 8.60000000e-01  8.60000000e-01  0.00000000e+00 -6.38900359e-08  6.07022997e-08  1.12267963e-14  3.18772500e-09  1.44636511e-23 
 8.70000000e-01  8.70000000e-01  0.00000000e+00 -6.67062942e-08  6.33695915e-08  1.12574227e-14  3.33669135e-09  2.61618730e-23 
 8.80000000e-01  8.80000000e-01  0.00000000e+00 -6.96464687e-08  6.61547467e-08  1.12891498e-14  3.49171069e-09  2.38888697e-23 
 8.90000000e-01  8.90000000e-01  0.00000000e+00 -7.27160601e-08  6.90630456e-08  1.13220342e-14  3.65300313e-09  1.68219886e-23 
 9.00000000e-01  9.00000000e-01  0.00000000e+00 -7.59208192e-08  7.21000116e-08  1.13561352e-14  3.82079622e-09  2.56832995e-23 
 9.10000000e-01  9.10000000e-01  0.00000000e+00 -7.92667588e-08  7.52714222e-08  1.14425159e-14  3.99532510e-09  5.05672557e-23 
 9.20000000e-01  9.20000000e-01  0.00000000e+00 -8.27601662e-08  7.85833216e-08  1.17403780e-14  4.17683283e-09  3.06008738e-23 
 9.30000000e-01  9.30000000e-01  0.00000000e+00 -8.64076159e-08  8.20420331e-08  1.21831911e-14  4.36557059e-09  4.94453913e-23 
 9.40000000e-01  9.40000000e-01  0.00000000e+00 -9.02159830e-08  8.56541723e-08  1.28387242e-14  4.56179792e-09  3.57203349e-23 
 9.50000000e-01  9.50000000e-01  0.00000000e+00 -9.41924582e-08  8.94266614e-08  1.38040535e-14  4.76578306e-09  7.58066363e-23 
 9.60000000e-01  9.60000000e-01  0.00000000e+00 -9.83445620e-08  9.33667436e-08  1.52172360e-14  4.97780314e-09  4.49470793e-23 
 9.70000000e-01  9.70000000e-01  0.00000000e+00 -1.02680161e-07  9.74819987e-08  1.72732681e-14  5.19814450e-09  6.74148318e-23 
 9.80000000e-01  9.80000000e-01  0.00000000e+00 -1.07207482e-07  1.01780359e-07  2.02459846e-14  5.42710301e-09  1.12516114e-23 
 9.90000000e-01  9.90000000e-01  0.00000000e+00 -1.11935134e-07  1.06270125e-07  2.45193713e-14  5.66498429e-09  1.25095483e-22 
 1.00000000e+00  1.00000000e+00  0.00000000e+00 -1.16872122e-07  1.10959987e-07  3.06394450e-14  5.91210411e-09  3.34542026e-23 
 1.01000000e+00  1.01000000e+00  0.00000000e+00 -1.22027867e-07  1.15859039e-07  3.94279517e-14  6.16878864e-09  1.21361164e-22 
 1.02000000e+00  1.02000000e+00  0.00000000e+00 -1.27412226e-07  1.20976799e-07  5.23005522e-14  6.43537480e-09  3.25162912e-23 
 1.03000000e+00  1.03000000e+00  0.00000000e+00 -1.33035517e-07  1.26323234e-07  7.22254938e-14  6.71221061e-09  1.19658335e-23 
 1.04000000e+00  1.04000000e+00  0.00000000e+00 -1.38908536e-07  1.31908774e-07  1.06496998e-13  6.99965549e-09  3.40329362e-23 
 1.05000000e+00  1.05000000e+00  0.00000000e+00 -1.45042596e-07  1.37744341e-07  1.74139556e-13  7.29808071e-09  1.55119084e-23 
 1.06000000e+00  1.06000000e+00  0.00000000e+00 -1.51449563e-07  1.43841369e-07  3.24032445e-13  7.60786964e-09  7.00931061e-23 
 1.07000000e+00  1.07000000e+00  0.00000000e+00 -1.58141924e-07  1.50211830e-07  6.75763327e-13  7.92941823e-09  8.04237256e-23 
 1.08000000e+00  1.08000000e+00  0.00000000e+00 -1.65132897e-07  1.56868257e-07  1.50503415e-12  8.26313534e-09  9.04730814e-23 
 1.09000000e+00  1.09000000e+00  0.00000000e+00 -1.72436630e-07  1.63823777e-07  3.41049019e-12  8.60944317e-09  1.22737770e-22 
 1.10000000e+00  1.10000000e+00  0.00000000e+00 -1.80068530e-07  1.71092132e-07  7.62033400e-12  8.96877767e-09  2.97235721e-23 
 1.11000000e+00  1.11000000e+00  0.00000000e+00 -1.88045830e-07  1.78687715e-07  1.65258450e-11  9.34158896e-09  9.71290985e-24 
 1.12000000e+00  1.12000000e+00  0.00000000e+00 -1.96388505e-07  1.86625598e-07  3.45651470e-11  9.72834177e-09  1.45338219e-23 
 1.13000000e+00  1.13000000e+00  0.00000000e+00 -2.05120704e-07  1.94921564e-07  6.96236422e-11  1.01295159e-08  4.83125177e-23 
 1.14000000e+00  1.14000000e+00  0.00000000e+00 -2.14272918e-07  2.03592146e-07  1.35165974e-10  1.05456067e-08  1.53674648e-22 
 1.15000000e+00  1.15000000e+00  0.00000000e+00 -2.23885146e-07  2.12654655e-07  2.53365890e-10  1.09771255e-08  3.82777828e-22 
 1.16000000e+00  1.16000000e+00  0.00000000e+00 -2.34011377e-07  2.22127224e-07  4.59551978e-10  1.14246002e-08  4.80281743e-23 
 1.17000000e+00  1.17000000e+00  0.00000000e+00 -2.44725758e-07  2.32028847e-07  8.08335614e-10  1.18885757e-08  1.75155495e-22 
 1.18000000e+00  1.18000000e+00  0.00000000e+00 -2.56130860e-07  2.42379416e-07  1.38182907e-09  1.23696144e-08  5.52556649e-22 
 1.19000000e+00  1.19000000e+00  0.00000000e+00 -2.68368459e-07  2.53199769e-07  2.30039344e-09  1.28682967e-08  4.96308368e-24 
 1.20000000e+00  1.20000000e+00  0.00000000e+00 -2.81633329e-07  2.64511732e-07  3.73637497e-09  1.33852220e-08  4.26825196e-22 
 0.00000000e+00  0.00000000e+00  2.00000000e-01  3.45547179e-11  3.45547179e-11  1.41630658e-15 -6.91108520e-11  1.64716127e-19 
 1.00000000e-02  1.00000000e-02  2.00000000e-01 -9.50609739e-07  9.50674694e-07  5.37247870e-15 -6.49610903e-11  1.98491237e-19 
 2.00000000e-02  2.00000000e-02  2.00000000e-01 -1.43524432e-06  1.43530547e-06  7.83288116e-15 -6.11536854e-11  2.70932047e-19 
 3.00000000e-02  3.00000000e-02  2.00000000e-01 -1.70588013e-06  1.70593780e-06  9.39179927e-15 -5.76714987e-11  3.81574600e-19 
 4.00000000e-02  4.00000000e-02  2.00000000e-01 -1.88224257e-06  1.88229705e-06  1.04088939e-14 -5.44980727e-11  2.09175099e-19 
 5.00000000e-02  5.00000000e-02  2.00000000e-01 -2.01778779e-06  2.01783940e-06  1.11019737e-14 -5.16176147e-11  1.11250182e-20 
 6.00000000e-02  6.00000000e-02  2.00000000e-01 -2.13554505e-06  2.13559406e-06  1.16036179e-14 -4.90149661e-11  1.18607869e-19 
 7.00000000e-02  7.00000000e-02  2.00000000e-01 -2.24576967e-06  2.24581633e-06  1.19948350e-14 -4.66755861e-11  3.83153133e-19 
 8.00000000e-02  8.00000000e-02  2.00000000e-01 -2.35338408e-06  2.35342865e-06  1.23252664e-14 -4.45855262e-11  4.97826945e-19 
 9.00000000e-02  9.00000000e-02  2.00000000e-01 -2.46096984e-06  2.46101256e-06  1.26254567e-14 -4.27314135e-11  5.45188219e-19 
 1.00000000e-01  1.00000000e-01  2.00000000e-01 -2.57000792e-06  2.57004901e-06  1.29143356e-14 -4.11004295e-11  3.06325968e-19 
 1.10000000e-01  1.10000000e-01  2.00000000e-01 -2.68142528e-06  2.68146494e-06  1.32037826e-14 -3.96802946e-11  9.72774678e-20 
 1.20000000e-01  1.20000000e-01  2.00000000e-01 -2.79585262e-06  2.79589106e-06  1.35014093e-14 -3.84592523e-11  3.00400586e-19 
 1.30000000e-01  1.30000000e-01  2.00000000e-01 -2.91375406e-06  2.91379147e-06  1.38122532e-14 -3.74260609e-11  1.43689245e-19 
 1.40000000e-01  1.40000000e-01  2.00000000e-01 -3.03549618e-06  3.03553274e-06  1.41398102e-14 -3.65699914e-11  1.24172172e-19 
 1.50000000e-01  1.50000000e-01  2.00000000e-01 -3.16138681e-06  3.16142267e-06  1.44866621e-14 -3.58808556e-11  1.67981627e-20 
 1.60000000e-01  1.60000000e-01  2.00000000e-01 -3.29169777e-06  3.29173310e-06  1.48548589e-14 -3.53490995e-11  6.52217778e-19 
 1.70000000e-01  1.70000000e-01  2.00000000e-01 -3.42667881e-06  3.42671376e-06  1.52461522e-14 -3.49661168e-11  1.25719196e-19 
 1.80000000e-01  1.80000000e-01  2.00000000e-01 -3.56656645e-06  3.56660116e-06  1.56621368e-14 -3.47252487e-11  3.43175174e-20 
 1.90000000e-01  1.90000000e-01  2.00000000e-01 -3.71158976e-06  3.71162436e-06  1.61043382e-14 -3.46171616e-11  2.31456395e-19 
 2.00000000e-01  2.00000000e-01  2.00000000e-01 -3.86197433e-06  3.86200887e-06  1.65742663e-14 -3.45564684e-11  3.69378341e-19 
 2.10000000e-01  2.10000000e-01  2.00000000e-01 -4.01794505e-06  4.01797944e-06  1.70734488e-14 -3.44142132e-11  2.14619041e-19 
 2.20000000e-01  2.20000000e-01  2.00000000e-01 -4.17972783e-06  4.17976196e-06  1.76034526e-14 -3.41475468e-11  2.40018325e-19 
 2.30000000e-01  2.30000000e-01  2.00000000e-01 -4.34755122e-06  4.34758494e-06  1.81658974e-14 -3.37416731e-11  9.63662864e-20 
 2.40000000e-01  2.40000000e-01  2.00000000e-01 -4.52164740e-06  4.52168057e-06  1.87624653e-14 -3.31857792e-11  6.54842034e-20 
 2.50000000e-01  2.50000000e-01  2.00000000e-01 -4.70225316e-06  4.70228561e-06  1.93949076e-14 -3.24695947e-11  5.36515996e-19 
 2.60000000e-01  2.60000000e-01  2.00000000e-01 -4.88961049e-06  4.88964206e-06  2.00650499e-14 -3.15827113e-11  4.58842600e-20 
 2.70000000e-01  2.70000000e-01  2.00000000e-01 -5.08396720e-06  5.08399769e-06  2.07747966e-14 -3.05143788e-11  2.47806453e-20 
 2.80000000e-01  2.80000000e-01  2.00000000e-01 -5.28557735e-06  5.28560659e-06  2.15261342e-14 -2.92534304e-11  8.27073395e-20 
 2.90000000e-01  2.90000000e-01  2.00000000e-01 -5.49470170e-06  5.49472947e-06  2.23211355e-14 -2.77882370e-11  3.17213822e-19 
 3.00000000e-01  3.00000000e-01  2.00000000e-01 -5.71160803e-06  5.71163412e-06  2.31619624e-14 -2.61066754e-11  2.28049177e-19 
 3.10000000e-01  3.10000000e-01  2.00000000e-01 -5.93657151e-06  5.93659568e-06  2.40508698e-14 -2.41961074e-11  7.18848503e-19 
 3.20000000e-01  3.20000000e-01  2.00000000e-01 -6.16987495e-06  6.16989697e-06  2.49902083e-14 -2.20433515e-11  1.95235214e-19 
 3.30000000e-01  3.30000000e-01  2.00000000e-01 -6.41180914e-06  6.41182875e-06  2.59824282e-14 -1.96346689e-11  1.73611438e-19 
 3.40000000e-01  3.40000000e-01  2.00000000e-01 -6.66267304e-06  6.66268997e-06  2.70300826e-14 -1.69557333e-11  1.02479286e-19 
 3.50000000e-01  3.50000000e-01  2.00000000e-01 -6.92277411e-06  6.92278807e-06  2.81358312e-14 -1.39916134e-11  4.89161637e-19 
 3.60000000e-01  3.60000000e-01  2.00000000e-01 -7.19242848e-06  7.19243918e-06  2.93024436e-14 -1.07267467e-11  3.07833589e-19 
 3.70000000e-01  3.70000000e-01  2.00000000e-01 -7.47196124e-06  7.47196835e-06  3.05328036e-14 -7.14492267e-12  1.11774476e-19 
 3.80000000e-01  3.80000000e-01  2.00000000e-01 -7.76170665e-06  7.76170985e-06  3.18299120e-14 -3.22924977e-12  8.85545355e-20 
 3.90000000e-01  3.90000000e-01  2.00000000e-01 -8.06200836e-06  8.06200729e-06  3.31968917e-14  1.03786294e-12  3.01706827e-19 
 4.00000000e-01  4.00000000e-01  2.00000000e-01 -8.37321966e-06  8.37321395e-06  3.46369906e-14  5.67473239e-12  9.07278959e-20 
 4.10000000e-01  4.10000000e-01  2.00000000e-01 -8.69570365e-06  8.69569291e-06  3.61535863e-14  1.07004314e-11  2.41455679e-19 
 4.20000000e-01  4.20000000e-01  2.00000000e-01 -9.02983353e-06  9.02981736e-06  3.77501900e-14  1.61348109e-11  1.06745192e-19 
 4.30000000e-01  4.30000000e-01  2.00000000e-01 -9.37599277e-06  9.37597073e-06  3.94304508e-14  2.19985323e-11  3.03833134e-20 
 4.40000000e-01  4.40000000e-01  2.00000000e-01 -9.73457533e-06  9.73454698e-06  4.11981601e-14  2.83130945e-11  6.31799126e-20 
 4.50000000e-01  4.50000000e-01  2.00000000e-01 -1.01059859e-05  1.01059508e-05  4.30572557e-14  3.51008636e-11  3.56380451e-19 
 4.60000000e-01  4.60000000e-01  2.00000000e-01 -1.04906402e-05  1.04905978e-05  4.50118266e-14  4.23851071e-11  3.87401134e-19 
 4.70000000e-01  4.70000000e-01  2.00000000e-01 -1.08889650e-05  1.08889147e-05  4.70661177e-14  5.01900197e-11  6.08278699e-20 
 4.80000000e-01  4.80000000e-01  2.00000000e-01 -1.13013984e-05  1.13013398e-05  4.92245340e-14  5.85407638e-11  1.82667919e-19 
 4.90000000e-01  4.90000000e-01  2.00000000e-01 -1.17283904e-05  1.17283228e-05  5.14916456e-14  6.74634992e-11  2.25563862e-20 
 5.00000000e-01  5.00000000e-01  2.00000000e-01 -1.21704025e-05  1.21703255e-05  5.38721928e-14  7.69854189e-11  1.65542963e-19 
 5.10000000e-01  5.10000000e-01  2.00000000e-01 -1.26279086e-05  1.26278214e-05  5.63710906e-14  8.71347864e-11  1.12792248e-19 
 5.20000000e-01  5.20000000e-01  2.00000000e-01 -1.31013947e-05  1.31012967e-05  5.89934337e-14  9.79409735e-11  1.50339973e-19 
 5.30000000e-01  5.30000000e-01  2.00000000e-01 -1.35913595e-05  1.35912500e-05  6.17445020e-14  1.09434499e-10  6.65521754e-19 
 5.40000000e-01  5.40000000e-01  2.00000000e-01 -1.40983143e-05  1.40981926e-05  6.46297654e-14  1.21647068e-10  2.57095598e-19 
 5.50000000e-01  5.50000000e-01  2.00000000e-01 -1.46227837e-05  1.46226490e-05  6.76548892e-14  1.34611615e-10  1.99256887e-19 
 5.60000000e-01  5.60000000e-01  2.00000000e-01 -1.51653054e-05  1.51651570e-05  7.08257390e-14  1.48362345e-10  4.18410974e-19 
 5.70000000e-01  5.70000000e-01  2.00000000e-01 -1.57264308e-05  1.57262678e-05  7.41483869e-14  1.62934782e-10  1.12040960e-19 
 5.80000000e-01  5.80000000e-01  2.00000000e-01 -1.63067251e-05  1.63065466e-05  7.76291161e-14  1.78365805e-10  3.28622030e-19 
 5.90000000e-01  5.90000000e-01  2.00000000e-01 -1.69067675e-05  1.69065727e-05  8.12744270e-14  1.94693710e-10  2.60487685e-19 
 6.00000000e-01  6.00000000e-01  2.00000000e-01 -1.75271518e-05  1.75269397e-05  8.50910425e-14  2.11958241e-10  7.13336256e-20 
 6.10000000e-01  6.10000000e-01  2.00000000e-01 -1.81684863e-05  1.81682560e-05  8.90859137e-14  2.30200658e-10  3.22485323e-19 
 6.20000000e-01  6.20000000e-01  2.00000000e-01 -1.88313943e-05  1.88311447e-05  9.32662258e-14  2.49463776e-10  9.76544149e-20 
 6.30000000e-01  6.30000000e-01  2.00000000e-01 -1.95165144e-05  1.95162445e-05  9.76394037e-14  2.69792024e-10  1.26918797e-19 
 6.40000000e-01  6.40000000e-01  2.00000000e-01 -2.02245009e-05  2.02242096e-05  1.02213118e-13  2.91231498e-10  3.53746876e-19 
 6.50000000e-01  6.50000000e-01  2.00000000e-01 -2.09560240e-05  2.09557101e-05  1.06995290e-13  3.13830023e-10  1.63542436e-19 
 6.60000000e-01  6.60000000e-01  2.00000000e-01 -2.17117699e-05  2.17114322e-05  1.11994100e-13  3.37637206e-10  9.48079614e-20 
 6.70000000e-01  6.70000000e-01  2.00000000e-01 -2.24924418e-05  2.24920790e-05  1.17217991e-13  3.62704498e-10  6.89658887e-20 
 6.80000000e-01  6.80000000e-01  2.00000000e-01 -2.32987596e-05  2.32983704e-05  1.22675674e-13  3.89085261e-10  1.61978798e-19 
 6.90000000e-01  6.90000000e-01  2.00000000e-01 -2.41314607e-05  2.41310437e-05  1.28376138e-13  4.16834827e-10  1.47974101e-19 
 7.00000000e-01  7.00000000e-01  2.00000000e-01 -2.49913000e-05  2.49908539e-05  1.34328654e-13  4.46010570e-10  5.66249532e-20 
 7.10000000e-01  7.10000000e-01  2.00000000e-01 -2.58790509e-05  2.58785740e-05  1.40542777e-13  4.76671971e-10  2.36165492e-19 
 7.20000000e-01  7.20000000e-01  2.00000000e-01 -2.67955048e-05  2.67949958e-05  1.47028361e-13  5.08880691e-10  5.93463593e-19 
 7.30000000e-01  7.30000000e-01  2.00000000e-01 -2.77414726e-05  2.77409298e-05  1.53795558e-13  5.42700646e-10  3.63288329e-19 
 7.40000000e-01  7.40000000e-01  2.00000000e-01 -2.87177843e-05  2.87172059e-05  1.60854826e-13  5.78198077e-10  9.12940806e-20 
 7.50000000e-01  7.50000000e-01  2.00000000e-01 -2.97252897e-05  2.97246741e-05  1.68216938e-13  6.15441634e-10  3.35393261e-19 
 7.60000000e-01  7.60000000e-01  2.00000000e-01 -3.07648591e-05  3.07642044e-05  1.75892986e-13  6.54502458e-10  2.65031558e-19 
 7.70000000e-01  7.70000000e-01  2.00000000e-01 -3.18373835e-05  3.18366879e-05  1.83894385e-13  6.95454255e-10  5.33956842e-19 
 7.80000000e-01  7.80000000e-01  2.00000000e-01 -3.29437752e-05  3.29430366e-05  1.92232885e-13  7.38373393e-10  2.07548660e-19 
 7.90000000e-01  7.90000000e-01  2.00000000e-01 -3.40849684e-05  3.40841848e-05  2.00920573e-13  7.83338981e-10  2.22351882e-19 
 8.00000000e-01  8.00000000e-01  2.00000000e-01 -3.52619195e-05  3.52610888e-05  2.09969883e-13  8.30432970e-10  9.79093546e-20 
 8.10000000e-01  8.10000000e-01  2.00000000e-01 -3.64756079e-05  3.64747280e-05  2.19393597e-13  8.79740237e-10  2.99648359e-19 
 8.20000000e-01  8.20000000e-01  2.00000000e-01 -3.77270366e-05  3.77261051e-05  2.29204855e-13  9.31348689e-10  3.14792430e-19 
 8.30000000e-01  8.30000000e-01  2.00000000e-01 -3.90172325e-05  3.90162469e-05  2.39417164e-13  9.85349361e-10  1.27265914e-19 
 8.40000000e-01  8.40000000e-01  2.00000000e-01 -4.03472472e-05  4.03462051e-05  2.50044398e-13  1.04183652e-09  3.53136576e-19 
 8.50000000e-01  8.50000000e-01  2.00000000e-01 -4.17181575e-05  4.17170564e-05  2.61100808e-13  1.10090777e-09  4.27970676e-20 
 8.60000000e-01  8.60000000e-01  2.00000000e-01 -4.31310665e-05  4.31299036e-05  2.72601030e-13  1.16266417e-09  3.04600965e-20 
 8.70000000e-01  8.70000000e-01  2.00000000e-01 -4.45871035e-05  4.45858760e-05  2.84560087e-13  1.22721034e-09  1.13785323e-19 
 8.80000000e-01  8.80000000e-01  2.00000000e-01 -4.60874253e-05  4.60861303e-05  2.96993398e-13  1.29465456e-09  2.05740077e-19 
 8.90000000e-01  8.90000000e-01  2.00000000e-01 -4.76332166e-05  4.76318512e-05  3.09916784e-13  1.36510893e-09  5.22849198e-21 
 9.00000000e-01  9.00000000e-01  2.00000000e-01 -4.92256910e-05  4.92242520e-05  3.23346473e-13  1.43868946e-09  7.40643283e-21 
 9.10000000e-01  9.10000000e-01  2.00000000e-01 -5.08660913e-05  5.08645754e-05  3.54063816e-13  1.51551624e-09  2.11282400e-19 
 9.20000000e-01  9.20000000e-01  2.00000000e-01 -5.25556908e-05  5.25540946e-05  5.33034227e-13  1.59571350e-09  2.18385736e-19 
 9.30000000e-01  9.30000000e-01  2.00000000e-01 -5.42957937e-05  5.42941135e-05  7.98945392e-13  1.67940984e-09  6.40595574e-19 
 9.40000000e-01  9.40000000e-01  2.00000000e-01 -5.60877359e-05  5.60859680e-05  1.19080857e-12  1.76673827e-09  2.92092050e-19 
 9.50000000e-01  9.50000000e-01  2.00000000e-01 -5.79328860e-05  5.79310264e-05  1.76372041e-12  1.85783644e-09  3.77931321e-19 
 9.60000000e-01  9.60000000e-01  2.00000000e-01 -5.98326462e-05  5.98306908e-05  2.59491946e-12  1.95284676e-09  1.56020798e-19 
 9.70000000e-01  9.70000000e-01  2.00000000e-01 -6.17884530e-05  6.17863972e-05  3.79190857e-12  2.05191652e-09  4.32354000e-19 
 9.80000000e-01  9.80000000e-01  2.00000000e-01 -6.38017780e-05  6.37996173e-05  5.50327537e-12  2.15519810e-09  2.56685726e-19 
 9.90000000e-01  9.90000000e-01  2.00000000e-01 -6.58741291e-05  6.58718583e-05  7.93301354e-12  2.26284911e-09  1.91012951e-19 
 1.00000000e+00  1.00000000e+00  2.00000000e-01 -6.80070514e-05  6.80046650e-05  1.13593593e-11  2.37503255e-09  4.75809581e-19 
 1.01000000e+00  1.01000000e+00  2.00000000e-01 -7.02021279e-05  7.01996198e-05  1.61594163e-11  2.49191702e-09  1.77049157e-20 
 1.02000000e+00  1.02000000e+00  2.00000000e-01 -7.24609807e-05  7.24583441e-05  2.28411584e-11  2.61367684e-09  3.08282233e-19 
 1.03000000e+00  1.03000000e+00  2.00000000e-01 -7.47852718e-05  7.47824992e-05  3.20847852e-11  2.74049230e-09  4.90574022e-19 
 1.04000000e+00  1.04000000e+00  2.00000000e-01 -7.71767046e-05  7.71737872e-05  4.47958672e-11  2.87254980e-09  1.49472597e-19 
 1.05000000e+00  1.05000000e+00  2.00000000e-01 -7.96370243e-05  7.96339521e-05  6.21732785e-11  3.01004208e-09  4.28417545e-19 
 1.06000000e+00  1.06000000e+00  2.00000000e-01 -8.21680197e-05  8.21647808e-05  8.57955782e-11  3.15316839e-09  2.46514505e-19 
 1.07000000e+00  1.07000000e+00  2.00000000e-01 -8.47715239e-05  8.47681040e-05  1.17730301e-10  3.30213473e-09  7.36446137e-19 
 1.08000000e+00  1.08000000e+00  2.00000000e-01 -8.74494154e-05  8.74457975e-05  1.60671552e-10  3.45715406e-09  2.42239325e-20 
 1.09000000e+00  1.09000000e+00  2.00000000e-01 -9.02036197e-05  9.01997831e-05  2.18112423e-10  3.61844650e-09  1.95528798e-19 
 1.10000000e+00  1.10000000e+00  2.00000000e-01 -9.30361105e-05  9.30320297e-05  2.94560028e-10  3.78623958e-09  4.85509525e-20 
 1.11000000e+00  1.11000000e+00  2.00000000e-01 -9.59489107e-05  9.59445541e-05  3.95802520e-10  3.96076845e-09  2.22859311e-19 
 1.12000000e+00  1.12000000e+00  2.00000000e-01 -9.89440943e-05  9.89394228e-05  5.29239179e-10  4.14227618e-09  1.10649883e-20 
 1.13000000e+00  1.13000000e+00  2.00000000e-01 -1.02023788e-04  1.02018752e-04  7.04286766e-10  4.33101393e-09  3.55797989e-19 
 1.14000000e+00  1.14000000e+00  2.00000000e-01 -1.05190171e-04  1.05184711e-04  9.32877698e-10  4.52724126e-09  4.29019706e-19 
 1.15000000e+00  1.15000000e+00  2.00000000e-01 -1.08445480e-04  1.08439519e-04  1.23006833e-09  4.73122638e-09  1.71948515e-19 
 1.16000000e+00  1.16000000e+00  2.00000000e-01 -1.11792009e-04  1.11785451e-04  1.61477882e-09  4.94324645e-09  1.05689280e-19 
 1.17000000e+00  1.17000000e+00  2.00000000e-01 -1.15232110e-04  1.15224836e-04  2.11068959e-09  5.16358781e-09  7.38738461e-20 
 1.18000000e+00  1.18000000e+00  2.00000000e-01 -1.18768200e-04  1.18760060e-04  2.74732353e-09  5.39254631e-09  3.44413192e-19 
 1.19000000e+00  1.19000000e+00  2.00000000e-01 -1.22402756e-04  1.22393564e-04  3.56134777e-09  5.63042758e-09  1.78112665e-19 
 1.20000000e+00  1.20000000e+00  2.00000000e-01 -1.26138325e-04  1.26127849e-04  4.59813400e-09  5.87754740e-09  2.80463858e-20 
 0.00000000e+00  0.00000000e+00  4.00000000e-01  2.35446207e-10  2.35446207e-10  8.35751937e-15 -4.70900771e-10  3.49425132e-19 
 1.00000000e-02  1.00000000e-02  4.00000000e-01 -1.63674406e-04  1.63674861e-04  1.56705807e-14 -4.55001453e-10  2.81460951e-19 
 2.00000000e-02  2.00000000e-02  4.00000000e-01 -2.66116033e-04  2.66116473e-04  2.77246882e-14 -4.39936027e-10  5.54449386e-19 
 3.00000000e-02  3.00000000e-02  4.00000000e-01 -3.30182566e-04  3.30182992e-04  4.47388274e-14 -4.25704409e-10  7.42645205e-19 
 4.00000000e-02  4.00000000e-02  4.00000000e-01 -3.71406382e-04  3.71406795e-04  6.64487088e-14 -4.12286449e-10  7.41332285e-19 
 5.00000000e-02  5.00000000e-02  4.00000000e-01 -3.99768211e-04  3.99768610e-04  9.21568071e-14 -3.99647690e-10  5.61499290e-20 
 6.00000000e-02  6.00000000e-02  4.00000000e-01 -4.21069343e-04  4.21069730e-04  1.21106939e-13 -3.87751494e-10  6.12499579e-19 
 7.00000000e-02  7.00000000e-02  4.00000000e-01 -4.38452383e-04  4.38452760e-04  1.52716483e-13 -3.76562722e-10  1.01884652e-19 
 8.00000000e-02  8.00000000e-02  4.00000000e-01 -4.53593461e-04  4.53593827e-04  1.86601281e-13 -3.66048343e-10  5.45637143e-19 
 9.00000000e-02  9.00000000e-02  4.00000000e-01 -4.67407786e-04  4.67408142e-04  2.22524206e-13 -3.56177223e-10  8.17638390e-19 
 1.00000000e-01  1.00000000e-01  4.00000000e-01 -4.80416202e-04  4.80416548e-04  2.60343185e-13 -3.46919842e-10  2.22163456e-19 
 1.10000000e-01  1.10000000e-01  4.00000000e-01 -4.92929090e-04  4.92929428e-04  2.99975360e-13 -3.38248067e-10  1.69701266e-18 
 1.20000000e-01  1.20000000e-01  4.00000000e-01 -5.05139831e-04  5.05140161e-04  3.41374928e-13 -3.30135000e-10  1.73875795e-18 
 1.30000000e-01  1.30000000e-01  4.00000000e-01 -5.17173901e-04  5.17174223e-04  3.84519755e-13 -3.22554879e-10  8.16890993e-20 
 1.40000000e-01  1.40000000e-01  4.00000000e-01 -5.29115709e-04  5.29116024e-04  4.29403243e-13 -3.15482993e-10  2.31605273e-19 
 1.50000000e-01  1.50000000e-01  4.00000000e-01 -5.41023880e-04  5.41024188e-04  4.76029274e-13 -3.08895623e-10  3.35841532e-19 
 1.60000000e-01  1.60000000e-01  4.00000000e-01 -5.52940284e-04  5.52940587e-04  5.24408987e-13 -3.02769996e-10  8.85579348e-20 
 1.70000000e-01  1.70000000e-01  4.00000000e-01 -5.64895575e-04  5.64895871e-04  5.74558661e-13 -2.97084237e-10  1.76605756e-18 
 1.80000000e-01  1.80000000e-01  4.00000000e-01 -5.76912683e-04  5.76912974e-04  6.26498302e-13 -2.91817343e-10  1.85217751e-18 
 1.90000000e-01  1.90000000e-01  4.00000000e-01 -5.89009094e-04  5.89009380e-04  6.80250655e-13 -2.86949129e-10  3.39737623e-19 
 2.00000000e-01  2.00000000e-01  4.00000000e-01 -6.01198370e-04  6.01198652e-04  7.35840519e-13 -2.82460218e-10  7.44534258e-19 
 2.10000000e-01  2.10000000e-01  4.00000000e-01 -6.13491187e-04  6.13491464e-04  7.93294249e-13 -2.78332002e-10  8.68477161e-19 
 2.20000000e-01  2.20000000e-01  4.00000000e-01 -6.25896055e-04  6.25896329e-04  8.52639387e-13 -2.74546604e-10  6.81030467e-19 
 2.30000000e-01  2.30000000e-01  4.00000000e-01 -6.38419842e-04  6.38420112e-04  9.13904396e-13 -2.71086870e-10  1.32802328e-18 
 2.40000000e-01  2.40000000e-01  4.00000000e-01 -6.51068138e-04  6.51068405e-04  9.77118445e-13 -2.67936332e-10  9.81840909e-19 
 2.50000000e-01  2.50000000e-01  4.00000000e-01 -6.63845536e-04  6.63845800e-04  1.04231126e-12 -2.65079177e-10  1.35350938e-18 
 2.60000000e-01  2.60000000e-01  4.00000000e-01 -6.76755833e-04  6.76756094e-04  1.10951297e-12 -2.62500245e-10  5.54511086e-19 
 2.70000000e-01  2.70000000e-01  4.00000000e-01 -6.89802183e-04  6.89802442e-04  1.17875405e-12 -2.60184981e-10  5.27286932e-19 
 2.80000000e-01  2.80000000e-01  4.00000000e-01 -7.02987218e-04  7.02987475e-04  1.25006520e-12 -2.58119434e-10  9.15106572e-19 
 2.90000000e-01  2.90000000e-01  4.00000000e-01 -7.16313139e-04  7.16313394e-04  1.32347731e-12 -2.56290223e-10  3.89566670e-19 
 3.00000000e-01  3.00000000e-01  4.00000000e-01 -7.29781784e-04  7.29782037e-04  1.39902136e-12 -2.54684527e-10  6.00231482e-19 
 3.10000000e-01  3.10000000e-01  4.00000000e-01 -7.43394690e-04  7.43394942e-04  1.47672841e-12 -2.53290061e-10  4.82252016e-19 
 3.20000000e-01  3.20000000e-01  4.00000000e-01 -7.57153132e-04  7.57153382e-04  1.55662957e-12 -2.52095063e-10  2.59443521e-19 
 3.30000000e-01  3.30000000e-01  4.00000000e-01 -7.71058163e-04  7.71058413e-04  1.63875589e-12 -2.51088290e-10  3.57401325e-19 
 3.40000000e-01  3.40000000e-01  4.00000000e-01 -7.85110643e-04  7.85110892e-04  1.72313844e-12 -2.50259011e-10  5.51575738e-19 
 3.50000000e-01  3.50000000e-01  4.00000000e-01 -7.99311260e-04  7.99311508e-04  1.80980817e-12 -2.49597032e-10  2.04772758e-19 
 3.60000000e-01  3.60000000e-01  4.00000000e-01 -8.13660553e-04  8.13660800e-04  1.89879597e-12 -2.49092801e-10  1.98673280e-18 
 3.70000000e-01  3.70000000e-01  4.00000000e-01 -8.28158926e-04  8.28159173e-04  1.99013259e-12 -2.48737706e-10  1.00845030e-18 
 3.80000000e-01  3.80000000e-01  4.00000000e-01 -8.42806663e-04  8.42806909e-04  2.08384865e-12 -2.48525089e-10  6.50686079e-20 
 3.90000000e-01  3.90000000e-01  4.00000000e-01 -8.57603940e-04  8.57604186e-04  2.17997462e-12 -2.48445613e-10  5.33072916e-19 
 4.00000000e-01  4.00000000e-01  4.00000000e-01 -8.72550832e-04  8.72551078e-04  2.27854076e-12 -2.48413890e-10  1.42722413e-18 
 4.10000000e-01  4.10000000e-01  4.00000000e-01 -8.87647326e-04  8.87647572e-04  2.37957718e-12 -2.48300963e-10  6.13833126e-19 
 4.20000000e-01  4.20000000e-01  4.00000000e-01 -9.02893324e-04  9.02893569e-04  2.48311376e-12 -2.48063983e-10  6.51617426e-19 
 4.30000000e-01  4.30000000e-01  4.00000000e-01 -9.18288651e-04  9.18288896e-04  2.58918013e-12 -2.47688149e-10  4.71628238e-19 
 4.40000000e-01  4.40000000e-01  4.00000000e-01 -9.33833063e-04  9.33833308e-04  2.69780573e-12 -2.47162647e-10  1.07713639e-18 
 4.50000000e-01  4.50000000e-01  4.00000000e-01 -9.49526247e-04  9.49526491e-04  2.80901971e-12 -2.46477208e-10  6.71553578e-19 
 4.60000000e-01  4.60000000e-01  4.00000000e-01 -9.65367831e-04  9.65368074e-04  2.92285096e-12 -2.45621421e-10  6.26445682e-19 
 4.70000000e-01  4.70000000e-01  4.00000000e-01 -9.81357384e-04  9.81357626e-04  3.03932810e-12 -2.44584537e-10  1.97234875e-18 
 4.80000000e-01  4.80000000e-01  4.00000000e-01 -9.97494424e-04  9.97494664e-04  3.15847947e-12 -2.43355382e-10  8.73147067e-20 
 4.90000000e-01  4.90000000e-01  4.00000000e-01 -1.01377842e-03  1.01377866e-03  3.28033309e-12 -2.41922331e-10  3.81962066e-19 
 5.00000000e-01  5.00000000e-01  4.00000000e-01 -1.03020879e-03  1.03020902e-03  3.40491669e-12 -2.40273257e-10  2.87772582e-19 
 5.10000000e-01  5.10000000e-01  4.00000000e-01 -1.04678491e-03  1.04678515e-03  3.53225766e-12 -2.38395521e-10  1.56647184e-19 
 5.20000000e-01  5.20000000e-01  4.00000000e-01 -1.06350613e-03  1.06350637e-03  3.66238310e-12 -2.36275943e-10  1.99724657e-19 
 5.30000000e-01  5.30000000e-01  4.00000000e-01 -1.08037176e-03  1.08037199e-03  3.79531973e-12 -2.33900778e-10  6.34238718e-19 
 5.40000000e-01  5.40000000e-01  4.00000000e-01 -1.09738106e-03  1.09738129e-03  3.93109395e-12 -2.31255702e-10  2.39137389e-18 
 5.50000000e-01  5.50000000e-01  4.00000000e-01 -1.11453328e-03  1.11453351e-03  4.06973182e-12 -2.28325780e-10  1.44098543e-18 
 5.60000000e-01  5.60000000e-01  4.00000000e-01 -1.13182765e-03  1.13182787e-03  4.21125903e-12 -2.25095452e-10  1.65210146e-18 
 5.70000000e-01  5.70000000e-01  4.00000000e-01 -1.14926336e-03  1.14926357e-03  4.35570089e-12 -2.21548500e-10  1.53749783e-18 
 5.80000000e-01  5.80000000e-01  4.00000000e-01 -1.16683959e-03  1.16683980e-03  4.50308238e-12 -2.17668035e-10  1.30996144e-18 
 5.90000000e-01  5.90000000e-01  4.00000000e-01 -1.18455552e-03  1.18455573e-03  4.65342807e-12 -2.13436466e-10  6.17627294e-19 
 6.00000000e-01  6.00000000e-01  4.00000000e-01 -1.20241030e-03  1.20241050e-03  4.80676217e-12 -2.08835471e-10  4.61787591e-19 
 6.10000000e-01  6.10000000e-01  4.00000000e-01 -1.22040307e-03  1.22040327e-03  4.96310850e-12 -2.03845977e-10  4.20663663e-19 
 6.20000000e-01  6.20000000e-01  4.00000000e-01 -1.23853300e-03  1.23853319e-03  5.12249050e-12 -1.98448131e-10  3.90271195e-19 
 6.30000000e-01  6.30000000e-01  4.00000000e-01 -1.25679922e-03  1.25679941e-03  5.28493121e-12 -1.92621273e-10  1.36633763e-19 
 6.40000000e-01  6.40000000e-01  4.00000000e-01 -1.27520090e-03  1.27520108e-03  5.45045329e-12 -1.86343899e-10  7.02179508e-19 
 6.50000000e-01  6.50000000e-01  4.00000000e-01 -1.29373720e-03  1.29373737e-03  5.61907900e-12 -1.79593644e-10  8.78064693e-19 
 6.60000000e-01  6.60000000e-01  4.00000000e-01 -1.31240729e-03  1.31240745e-03  5.79083019e-12 -1.72347235e-10  1.43442302e-18 
 6.70000000e-01  6.70000000e-01  4.00000000e-01 -1.33121037e-03  1.33121053e-03  5.96572833e-12 -1.64580481e-10  4.13584686e-19 
 6.80000000e-01  6.80000000e-01  4.00000000e-01 -1.35014565e-03  1.35014580e-03  6.14379447e-12 -1.56268212e-10  1.31240892e-18 
 6.90000000e-01  6.90000000e-01  4.00000000e-01 -1.36921239e-03  1.36921253e-03  6.32504928e-12 -1.47384273e-10  1.15528052e-18 
 7.00000000e-01  7.00000000e-01  4.00000000e-01 -1.38840984e-03  1.38840998e-03  6.50951302e-12 -1.37901464e-10  1.33574324e-18 
 7.10000000e-01  7.10000000e-01  4.00000000e-01 -1.40773733e-03  1.40773745e-03  6.69720553e-12 -1.27791521e-10  6.23450952e-19 
 7.20000000e-01  7.20000000e-01  4.00000000e-01 -1.42719419e-03  1.42719430e-03  6.88814629e-12 -1.17025072e-10  8.78485849e-19 
 7.30000000e-01  7.30000000e-01  4.00000000e-01 -1.44677982e-03  1.44677992e-03  7.08235435e-12 -1.05571597e-10  1.18999536e-18 
 7.40000000e-01  7.40000000e-01  4.00000000e-01 -1.46649365e-03  1.46649373e-03  7.27984835e-12 -9.33993846e-11  2.48391438e-19 
 7.50000000e-01  7.50000000e-01  4.00000000e-01 -1.48633516e-03  1.48633524e-03  7.48064657e-12 -8.04755039e-11  6.11371622e-19 
 7.60000000e-01  7.60000000e-01  4.00000000e-01 -1.50630391e-03  1.50630397e-03  7.68476686e-12 -6.67657422e-11  8.38768718e-19 
 7.70000000e-01  7.70000000e-01  4.00000000e-01 -1.52639949e-03  1.52639953e-03  7.89222669e-12 -5.22345804e-11  7.54088565e-19 
 7.80000000e-01  7.80000000e-01  4.00000000e-01 -1.54662157e-03  1.54662160e-03  8.10304314e-12 -3.68451328e-11  1.13570528e-18 
 7.90000000e-01  7.90000000e-01  4.00000000e-01 -1.56696988e-03  1.56696989e-03  8.31723290e-12 -2.05591039e-11  2.02066024e-18 
 8.00000000e-01  8.00000000e-01  4.00000000e-01 -1.58744423e-03  1.58744422e-03  8.53481227e-12 -3.33674494e-12  2.25757089e-18 
 8.10000000e-01  8.10000000e-01  4.00000000e-01 -1.60804449e-03  1.60804446e-03  8.75579716e-12  1.48632018e-11  7.28988358e-19 
 8.20000000e-01  8.20000000e-01  4.00000000e-01 -1.62877062e-03  1.62877058e-03  8.98020312e-12  3.40835563e-11  2.86045642e-18 
 8.30000000e-01  8.30000000e-01  4.00000000e-01 -1.64962267e-03  1.64962261e-03  9.20804531e-12  5.43687456e-11  1.33932134e-18 
 8.40000000e-01  8.40000000e-01  4.00000000e-01 -1.67060076e-03  1.67060067e-03  9.43933852e-12  7.57648744e-11  5.49960525e-19 
 8.50000000e-01  8.50000000e-01  4.00000000e-01 -1.69170510e-03  1.69170499e-03  9.67409716e-12  9.83197638e-11  5.68099748e-19 
 8.60000000e-01  8.60000000e-01  4.00000000e-01 -1.71293600e-03  1.71293587e-03  9.91233530e-12  1.22083023e-10  4.59804677e-19 
 8.70000000e-01  8.70000000e-01  4.00000000e-01 -1.73429387e-03  1.73429371e-03  1.01540666e-11  1.47106109e-10  1.54728310e-18 
 8.80000000e-01  8.80000000e-01  4.00000000e-01 -1.75577920e-03  1.75577901e-03  1.03993045e-11  1.73442381e-10  2.42820360e-18 
 8.90000000e-01  8.90000000e-01  4.00000000e-01 -1.77739259e-03  1.77739238e-03  1.06480619e-11  2.01147177e-10  2.11944877e-18 
 9.00000000e-01  9.00000000e-01  4.00000000e-01 -1.79913476e-03  1.79913452e-03  1.09003515e-11  2.30277870e-10  3.15761882e-19 
 9.10000000e-01  9.10000000e-01  4.00000000e-01 -1.82100652e-03  1.82100624e-03  1.11561855e-11  2.60893944e-10  1.06434006e-18 
 9.20000000e-01  9.20000000e-01  4.00000000e-01 -1.84300877e-03  1.84300847e-03  1.14155761e-11  2.93057061e-10  7.52298369e-19 
 9.30000000e-01  9.30000000e-01  4.00000000e-01 -1.86514257e-03  1.86514223e-03  1.16785347e-11  3.26831138e-10  1.06229970e-18 
 9.40000000e-01  9.40000000e-01  4.00000000e-01 -1.88740905e-03  1.88740868e-03  1.19450727e-11  3.62282419e-10  2.42547745e-18 
 9.50000000e-01  9.50000000e-01  4.00000000e-01 -1.90980948e-03  1.90980907e-03  1.22152012e-11  3.99479561e-10  8.58358956e-20 
 9.60000000e-01  9.60000000e-01  4.00000000e-01 -1.93234523e-03  1.93234478e-03  1.75777520e-11  4.38493697e-10  2.83255535e-19 
 9.70000000e-01  9.70000000e-01  4.00000000e-01 -1.95501781e-03  1.95501731e-03  2.55937607e-11  4.79398543e-10  9.95495097e-19 
 9.80000000e-01  9.80000000e-01  4.00000000e-01 -1.97782884e-03  1.97782828e-03  3.69898769e-11  5.22270463e-10  5.09157274e-19 
 9.90000000e-01  9.90000000e-01  4.00000000e-01 -2.00078004e-03  2.00077942e-03  5.30738388e-11  5.67188572e-10  7.53293286e-20 
 1.00000000e+00  1.00000000e+00  4.00000000e-01 -2.02387330e-03  2.02387261e-03  7.56143648e-11  6.14234821e-10  2.49311849e-19 
 1.01000000e+00  1.01000000e+00  4.00000000e-01 -2.04711060e-03  2.04710983e-03  1.06987903e-10  6.63494089e-10  7.20286285e-19 
 1.02000000e+00  1.02000000e+00  4.00000000e-01 -2.07049405e-03  2.07049319e-03  1.50367080e-10  7.15054282e-10  8.50484798e-19 
 1.03000000e+00  1.03000000e+00  4.00000000e-01 -2.09402591e-03  2.09402493e-03  2.09961267e-10  7.69006443e-10  3.00174539e-19 
 1.04000000e+00  1.04000000e+00  4.00000000e-01 -2.11770854e-03  2.11770743e-03  2.91321896e-10  8.25444837e-10  9.04696173e-19 
 1.05000000e+00  1.05000000e+00  4.00000000e-01 -2.14154446e-03  2.14154317e-03  4.01727804e-10  8.84467071e-10  3.12013044e-19 
 1.06000000e+00  1.06000000e+00  4.00000000e-01 -2.16553628e-03  2.16553478e-03  5.50668942e-10  9.46174202e-10  1.29329068e-19 
 1.07000000e+00  1.07000000e+00  4.00000000e-01 -2.18968678e-03  2.18968502e-03  7.50450384e-10  1.01067085e-09  9.01628832e-19 
 1.08000000e+00  1.08000000e+00  4.00000000e-01 -2.21399885e-03  2.21399675e-03  1.01694271e-09  1.07806530e-09  2.52629769e-18 
 1.09000000e+00  1.09000000e+00  4.00000000e-01 -2.23847553e-03  2.23847301e-03  1.37050963e-09  1.14846966e-09  7.25768269e-19 
 1.10000000e+00  1.10000000e+00  4.00000000e-01 -2.26311998e-03  2.26311692e-03  1.83714931e-09  1.22199994e-09  3.66496846e-19 
 1.11000000e+00  1.11000000e+00  4.00000000e-01 -2.28793550e-03  2.28793176e-03  2.44989194e-09  1.29877622e-09  1.02003612e-18 
 1.12000000e+00  1.12000000e+00  4.00000000e-01 -2.31292554e-03  2.31292092e-03  3.25050352e-09  1.37892275e-09  1.34592377e-18 
 1.13000000e+00  1.13000000e+00  4.00000000e-01 -2.33809368e-03  2.33808793e-03  4.29155386e-09  1.46256810e-09  4.71421812e-19 
 1.14000000e+00  1.14000000e+00  4.00000000e-01 -2.36344364e-03  2.36343645e-03  5.63891585e-09  1.54984532e-09  6.17142911e-20 
 1.15000000e+00  1.15000000e+00  4.00000000e-01 -2.38897927e-03  2.38897026e-03  7.37477358e-09  1.64089204e-09  1.53701738e-18 
 1.16000000e+00  1.16000000e+00  4.00000000e-01 -2.41470461e-03  2.41469327e-03  9.60122838e-09  1.73585066e-09  4.25873938e-19 
 1.17000000e+00  1.17000000e+00  4.00000000e-01 -2.44062381e-03  2.44060953e-03  1.24446047e-08  1.83486850e-09  3.45063356e-18 
 1.18000000e+00  1.18000000e+00  4.00000000e-01 -2.46674119e-03  2.46672319e-03  1.60605723e-08  1.93809793e-09  3.48057749e-19 
 1.19000000e+00  1.19000000e+00  4.00000000e-01 -2.49306123e-03  2.49303855e-03  2.06402165e-08  2.04569655e-09  2.04608088e-19 
 1.20000000e+00  1.20000000e+00  4.00000000e-01 -2.51958859e-03  2.51956001e-03  2.64172075e-08  2.15782738e-09  7.35945900e-19 
 0.00000000e+00  0.00000000e+00  6.00000000e-01  1.31513214e-09  1.31513214e-09  3.08893164e-13 -2.63057317e-09  1.13985778e-19 
 1.00000000e-02  1.00000000e-02  6.00000000e-01 -5.03388813e-04  5.03391400e-04  3.22951630e-13 -2.58774868e-09  1.11606369e-19 
 2.00000000e-02  2.00000000e-02  6.00000000e-01 -9.53912044e-04  9.53914588e-04  3.43388916e-13 -2.54395245e-09  1.22240729e-18 
 3.00000000e-02  3.00000000e-02  6.00000000e-01 -1.35537002e-03  1.35537252e-03  3.71741840e-13 -2.50143436e-09  3.57108755e-19 
 4.00000000e-02  4.00000000e-02  6.00000000e-01 -1.71124720e-03  1.71124966e-03  4.09641854e-13 -2.46094388e-09  9.99641671e-19 
 5.00000000e-02  5.00000000e-02  6.00000000e-01 -2.02462652e-03  2.02462894e-03  4.58939338e-13 -2.42252942e-09  1.70680052e-18 
 6.00000000e-02  6.00000000e-02  6.00000000e-01 -2.29830689e-03  2.29830928e-03  5.21742725e-13 -2.38613854e-09  9.48032516e-19 
 7.00000000e-02  7.00000000e-02  6.00000000e-01 -2.53498331e-03  2.53498566e-03  6.00339527e-13 -2.35171887e-09  3.04258383e-19 
 8.00000000e-02  8.00000000e-02  6.00000000e-01 -2.73747185e-03  2.73747417e-03  6.96963162e-13 -2.31922560e-09  1.14239214e-18 
 9.00000000e-02  9.00000000e-02  6.00000000e-01 -2.90892687e-03  2.90892916e-03  8.13417055e-13 -2.28861330e-09  1.28790882e-18 
 1.00000000e-01  1.00000000e-01  6.00000000e-01 -3.05295227e-03  3.05295453e-03  9.50668762e-13 -2.25982629e-09  3.98994233e-19 
 1.10000000e-01  1.10000000e-01  6.00000000e-01 -3.17351817e-03  3.17352040e-03  1.10860705e-12 -2.23279309e-09  1.65999162e-18 
 1.20000000e-01  1.20000000e-01  6.00000000e-01 -3.27469191e-03  3.27469411e-03  1.28610116e-12 -2.20742705e-09  5.97015569e-19 
 1.30000000e-01  1.30000000e-01  6.00000000e-01 -3.36030600e-03  3.36030818e-03  1.48132289e-12 -2.18363231e-09  1.72332490e-18 
 1.40000000e-01  1.40000000e-01  6.00000000e-01 -3.43370540e-03  3.43370756e-03  1.69215433e-12 -2.16131120e-09  3.36682827e-18 
 1.50000000e-01  1.50000000e-01  6.00000000e-01 -3.49763840e-03  3.49764054e-03  1.91651743e-12 -2.14037016e-09  3.32860672e-18 
 1.60000000e-01  1.60000000e-01  6.00000000e-01 -3.55426984e-03  3.55427196e-03  2.15256341e-12 -2.12072292e-09  2.90718646e-18 
 1.70000000e-01  1.70000000e-01  6.00000000e-01 -3.60526145e-03  3.60526355e-03  2.39874221e-12 -2.10229143e-09  2.14620418e-18 
 1.80000000e-01  1.80000000e-01  6.00000000e-01 -3.65187207e-03  3.65187416e-03  2.65379885e-12 -2.08500548e-09  1.07331640e-18 
 1.90000000e-01  1.90000000e-01  6.00000000e-01 -3.69505148e-03  3.69505355e-03  2.91673659e-12 -2.06880179e-09  1.43689260e-18 
 2.00000000e-01  2.00000000e-01  6.00000000e-01 -3.73551767e-03  3.73551972e-03  3.18677089e-12 -2.05362292e-09  2.70805740e-19 
 2.10000000e-01  2.10000000e-01  6.00000000e-01 -3.77381659e-03  3.77381862e-03  3.46328578e-12 -2.03941637e-09  3.05207562e-19 
 2.20000000e-01  2.20000000e-01  6.00000000e-01 -3.81036675e-03  3.81036877e-03  3.74579698e-12 -2.02613369e-09  7.75607521e-19 
 2.30000000e-01  2.30000000e-01  6.00000000e-01 -3.84549195e-03  3.84549396e-03  4.03392233e-12 -2.01372990e-09  1.73341400e-19 
 2.40000000e-01  2.40000000e-01  6.00000000e-01 -3.87944521e-03  3.87944721e-03  4.32735867e-12 -2.00216292e-09  9.77565738e-19 
 2.50000000e-01  2.50000000e-01  6.00000000e-01 -3.91242616e-03  3.91242815e-03  4.62586423e-12 -1.99139324e-09  1.16731930e-18 
 2.60000000e-01  2.60000000e-01  6.00000000e-01 -3.94459389e-03  3.94459586e-03  4.92924503e-12 -1.98138355e-09  2.25105798e-18 
 2.70000000e-01  2.70000000e-01  6.00000000e-01 -3.97607631e-03  3.97607828e-03  5.23734463e-12 -1.97209852e-09  2.16058918e-19 
 2.80000000e-01  2.80000000e-01  6.00000000e-01 -4.00697727e-03  4.00697922e-03  5.55003620e-12 -1.96350458e-09  9.43906927e-19 
 2.90000000e-01  2.90000000e-01  6.00000000e-01 -4.03738170e-03  4.03738365e-03  5.86721648e-12 -1.95556980e-09  4.82254181e-20 
 3.00000000e-01  3.00000000e-01  6.00000000e-01 -4.06735969e-03  4.06736163e-03  6.18880108e-12 -1.94826371e-09  7.39965463e-19 
 3.10000000e-01  3.10000000e-01  6.00000000e-01 -4.09696948e-03  4.09697142e-03  6.51472083e-12 -1.94155724e-09  2.24911872e-19 
 3.20000000e-01  3.20000000e-01  6.00000000e-01 -4.12625981e-03  4.12626174e-03  6.84491894e-12 -1.93542258e-09  1.08208784e-18 
 3.30000000e-01  3.30000000e-01  6.00000000e-01 -4.15527173e-03  4.15527365e-03  7.17934877e-12 -1.92983314e-09  1.37121713e-18 
 3.40000000e-01  3.40000000e-01  6.00000000e-01 -4.18404003e-03  4.18404195e-03  7.51797198e-12 -1.92476346e-09  2.97501153e-18 
 3.50000000e-01  3.50000000e-01  6.00000000e-01 -4.21259440e-03  4.21259631e-03  7.86075721e-12 -1.92018913e-09  1.75628272e-18 
 3.60000000e-01  3.60000000e-01  6.00000000e-01 -4.24096024e-03  4.24096215e-03  8.20767882e-12 -1.91608681e-09  2.24077754e-18 
 3.70000000e-01  3.70000000e-01  6.00000000e-01 -4.26915946e-03  4.26916136e-03  8.55871607e-12 -1.91243408e-09  2.43819128e-18 
 3.80000000e-01  3.80000000e-01  6.00000000e-01 -4.29721101e-03  4.29721291e-03  8.91385230e-12 -1.90920947e-09  1.73361080e-18 
 3.90000000e-01  3.90000000e-01  6.00000000e-01 -4.32513138e-03  4.32513328e-03  9.27307432e-12 -1.90639237e-09  1.04281015e-18 
 4.00000000e-01  4.00000000e-01  6.00000000e-01 -4.35293494e-03  4.35293684e-03  9.63637195e-12 -1.90396306e-09  1.25309770e-18 
 4.10000000e-01  4.10000000e-01  6.00000000e-01 -4.38063431e-03  4.38063620e-03  1.00037375e-11 -1.90190258e-09  1.61479505e-18 
 4.20000000e-01  4.20000000e-01  6.00000000e-01 -4.40824057e-03  4.40824246e-03  1.03751657e-11 -1.90019277e-09  2.27717943e-18 
 4.30000000e-01  4.30000000e-01  6.00000000e-01 -4.43576351e-03  4.43576540e-03  1.07506529e-11 -1.89881622e-09  2.71474269e-18 
 4.40000000e-01  4.40000000e-01  6.00000000e-01 -4.46321181e-03  4.46321369e-03  1.11301973e-11 -1.89775622e-09  1.53809844e-18 
 4.50000000e-01  4.50000000e-01  6.00000000e-01 -4.49059316e-03  4.49059504e-03  1.15137985e-11 -1.89699676e-09  1.78903167e-18 
 4.60000000e-01  4.60000000e-01  6.00000000e-01 -4.51791443e-03  4.51791631e-03  1.19014577e-11 -1.89652247e-09  1.27278831e-18 
 4.70000000e-01  4.70000000e-01  6.00000000e-01 -4.54518175e-03  4.54518364e-03  1.22931767e-11 -1.89631866e-09  1.71093728e-19 
 4.80000000e-01  4.80000000e-01  6.00000000e-01 -4.57240062e-03  4.57240251e-03  1.26889589e-11 -1.89637120e-09  2.10440529e-18 
 4.90000000e-01  4.90000000e-01  6.00000000e-01 -4.59957598e-03  4.59957786e-03  1.30888082e-11 -1.89666659e-09  1.31826037e-18 
 5.00000000e-01  5.00000000e-01  6.00000000e-01 -4.62671226e-03  4.62671414e-03  1.34927297e-11 -1.89719187e-09  2.76371588e-18 
 5.10000000e-01  5.10000000e-01  6.00000000e-01 -4.65381349e-03  4.65381537e-03  1.39007289e-11 -1.89793466e-09  1.53301171e-18 
 5.20000000e-01  5.20000000e-01  6.00000000e-01 -4.68088329e-03  4.68088517e-03  1.43128122e-11 -1.89888309e-09  3.64050459e-20 
 5.30000000e-01  5.30000000e-01  6.00000000e-01 -4.70792497e-03  4.70792685e-03  1.47289866e-11 -1.90002583e-09  1.35720502e-18 
 5.40000000e-01  5.40000000e-01  6.00000000e-01 -4.73494153e-03  4.73494341e-03  1.51492598e-11 -1.90135205e-09  3.58487864e-19 
 5.50000000e-01  5.50000000e-01  6.00000000e-01 -4.76193570e-03  4.76193759e-03  1.55736398e-11 -1.90285151e-09  2.33398632e-19 
 5.60000000e-01  5.60000000e-01  6.00000000e-01 -4.78891001e-03  4.78891190e-03  1.60021354e-11 -1.90451456e-09  2.57193242e-18 
 5.70000000e-01  5.70000000e-01  6.00000000e-01 -4.81586675e-03  4.81586864e-03  1.64347555e-11 -1.90633255e-09  1.20667460e-20 
 5.80000000e-01  5.80000000e-01  6.00000000e-01 -4.84280806e-03  4.84280995e-03  1.68715098e-11 -1.90829876e-09  4.80862909e-19 
 5.90000000e-01  5.90000000e-01  6.00000000e-01 -4.86973591e-03  4.86973780e-03  1.73124083e-11 -1.91040381e-09  1.05618962e-18 
 6.00000000e-01  6.00000000e-01  6.00000000e-01 -4.89665213e-03  4.89665403e-03  1.77574613e-11 -1.91256224e-09  8.80190269e-19 
 6.10000000e-01  6.10000000e-01  6.00000000e-01 -4.92355846e-03  4.92356036e-03  1.82066797e-11 -1.91464508e-09  3.61809162e-19 
 6.20000000e-01  6.20000000e-01  6.00000000e-01 -4.95045651e-03  4.95045841e-03  1.86600747e-11 -1.91660943e-09  4.02642666e-18 
 6.30000000e-01  6.30000000e-01  6.00000000e-01 -4.97734784e-03  4.97734974e-03  1.91176577e-11 -1.91844047e-09  3.22118800e-19 
 6.40000000e-01  6.40000000e-01  6.00000000e-01 -5.00423391e-03  5.00423581e-03  1.95794406e-11 -1.92012734e-09  2.67990410e-18 
 6.50000000e-01  6.50000000e-01  6.00000000e-01 -5.03111615e-03  5.03111806e-03  2.00454357e-11 -1.92165976e-09  1.01367293e-18 
 6.60000000e-01  6.60000000e-01  6.00000000e-01 -5.05799596e-03  5.05799786e-03  2.05156554e-11 -1.92302728e-09  1.44762482e-18 
 6.70000000e-01  6.70000000e-01  6.00000000e-01 -5.08487469e-03  5.08487660e-03  2.09901128e-11 -1.92421914e-09  1.25517532e-18 
 6.80000000e-01  6.80000000e-01  6.00000000e-01 -5.11175370e-03  5.11175561e-03  2.14688210e-11 -1.92522416e-09  2.24343884e-18 
 6.90000000e-01  6.90000000e-01  6.00000000e-01 -5.13863434e-03  5.13863625e-03  2.19517935e-11 -1.92603067e-09  7.24621280e-19 
 7.00000000e-01  7.00000000e-01  6.00000000e-01 -5.16551798e-03  5.16551989e-03  2.24390443e-11 -1.92662656e-09  2.33049227e-18 
 7.10000000e-01  7.10000000e-01  6.00000000e-01 -5.19240600e-03  5.19240791e-03  2.29305874e-11 -1.92699917e-09  5.99748460e-19 
 7.20000000e-01  7.20000000e-01  6.00000000e-01 -5.21929983e-03  5.21930174e-03  2.34264374e-11 -1.92713530e-09  5.14343587e-19 
 7.30000000e-01  7.30000000e-01  6.00000000e-01 -5.24620094e-03  5.24620284e-03  2.39266090e-11 -1.92702121e-09  2.64948419e-18 
 7.40000000e-01  7.40000000e-01  6.00000000e-01 -5.27311084e-03  5.27311274e-03  2.44311175e-11 -1.92664257e-09  1.13594310e-18 
 7.50000000e-01  7.50000000e-01  6.00000000e-01 -5.30003112e-03  5.30003303e-03  2.49399781e-11 -1.92598443e-09  2.49724677e-18 
 7.60000000e-01  7.60000000e-01  6.00000000e-01 -5.32696346e-03  5.32696536e-03  2.54532068e-11 -1.92503125e-09  1.28114525e-18 
 7.70000000e-01  7.70000000e-01  6.00000000e-01 -5.35390959e-03  5.35391149e-03  2.59708196e-11 -1.92376679e-09  3.86734970e-19 
 7.80000000e-01  7.80000000e-01  6.00000000e-01 -5.38087135e-03  5.38087324e-03  2.64928329e-11 -1.92217417e-09  1.02799966e-18 
 7.90000000e-01  7.90000000e-01  6.00000000e-01 -5.40785068e-03  5.40785257e-03  2.70192635e-11 -1.92023581e-09  8.10426631e-19 
 8.00000000e-01  8.00000000e-01  6.00000000e-01 -5.43484962e-03  5.43485151e-03  2.75501284e-11 -1.91793338e-09  4.39807557e-19 
 8.10000000e-01  8.10000000e-01  6.00000000e-01 -5.46187035e-03  5.46187223e-03  2.80854451e-11 -1.91524782e-09  2.11003000e-18 
 8.20000000e-01  8.20000000e-01  6.00000000e-01 -5.48891514e-03  5.48891702e-03  2.86252312e-11 -1.91215927e-09  5.44438880e-19 
 8.30000000e-01  8.30000000e-01  6.00000000e-01 -5.51598641e-03  5.51598829e-03  2.91695050e-11 -1.90864710e-09  4.71261707e-19 
 8.40000000e-01  8.40000000e-01  6.00000000e-01 -5.54308671e-03  5.54308859e-03  2.97182848e-11 -1.90468980e-09  2.09186273e-18 
 8.50000000e-01  8.50000000e-01  6.00000000e-01 -5.57021875e-03  5.57022062e-03  3.02715894e-11 -1.90026500e-09  3.88216696e-19 
 8.60000000e-01  8.60000000e-01  6.00000000e-01 -5.59738536e-03  5.59738723e-03  3.08294382e-11 -1.89534948e-09  1.92914449e-18 
 8.70000000e-01  8.70000000e-01  6.00000000e-01 -5.62458955e-03  5.62459141e-03  3.13918504e-11 -1.88991902e-09  3.86299615e-19 
 8.80000000e-01  8.80000000e-01  6.00000000e-01 -5.65183447e-03  5.65183632e-03  3.19588462e-11 -1.88394849e-09  4.27561727e-18 
 8.90000000e-01  8.90000000e-01  6.00000000e-01 -5.67912345e-03  5.67912530e-03  3.25304458e-11 -1.87741173e-09  4.35038712e-19 
 9.00000000e-01  9.00000000e-01  6.00000000e-01 -5.70645997e-03  5.70646181e-03  3.31066698e-11 -1.87028156e-09  1.23587931e-18 
 9.10000000e-01  9.10000000e-01  6.00000000e-01 -5.73384770e-03  5.73384953e-03  3.36875394e-11 -1.86252974e-09  5.22382464e-19 
 9.20000000e-01  9.20000000e-01  6.00000000e-01 -5.76129047e-03  5.76129229e-03  3.42730760e-11 -1.85412691e-09  2.99682541e-19 
 9.30000000e-01  9.30000000e-01  6.00000000e-01 -5.78879230e-03  5.78879411e-03  3.48633015e-11 -1.84504256e-09  1.77230092e-18 
 9.40000000e-01  9.40000000e-01  6.00000000e-01 -5.81635737e-03  5.81635917e-03  3.54582383e-11 -1.83524501e-09  5.06503511e-19 
 9.50000000e-01  9.50000000e-01  6.00000000e-01 -5.84399007e-03  5.84399186e-03  3.60579090e-11 -1.82470134e-09  4.92246296e-18 
 9.60000000e-01  9.60000000e-01  6.00000000e-01 -5.87169497e-03  5.87169674e-03  3.66623368e-11 -1.81337737e-09  2.19724219e-18 
 9.70000000e-01  9.70000000e-01  6.00000000e-01 -5.89947680e-03  5.89947856e-03  3.72715454e-11 -1.80123759e-09  1.05238196e-18 
 9.80000000e-01  9.80000000e-01  6.00000000e-01 -5.92734050e-03  5.92734225e-03  3.78855588e-11 -1.78824514e-09  1.26594319e-18 
 9.90000000e-01  9.90000000e-01  6.00000000e-01 -5.95529120e-03  5.95529294e-03  3.85044015e-11 -1.77436174e-09  3.86196876e-18 
 1.00000000e+00  1.00000000e+00  6.00000000e-01 -5.98333421e-03  5.98333594e-03  3.91280986e-11 -1.75954768e-09  1.47903144e-18 
 1.01000000e+00  1.01000000e+00  6.00000000e-01 -6.01147504e-03  6.01147675e-03  3.97566754e-11 -1.74376171e-09  6.28523624e-20 
 1.02000000e+00  1.02000000e+00  6.00000000e-01 -6.03971938e-03  6.03972107e-03  4.03901581e-11 -1.72696105e-09  1.59694946e-19 
 1.03000000e+00  1.03000000e+00  6.00000000e-01 -6.06807311e-03  6.06807478e-03  4.10285729e-11 -1.70910128e-09  3.50115797e-18 
 1.04000000e+00  1.04000000e+00  6.00000000e-01 -6.09654230e-03  6.09654395e-03  4.16719470e-11 -1.69013635e-09  5.92751552e-18 
 1.05000000e+00  1.05000000e+00  6.00000000e-01 -6.12513323e-03  6.12513484e-03  5.92583849e-11 -1.67001845e-09  4.98713957e-18 
 1.06000000e+00  1.06000000e+00  6.00000000e-01 -6.15385233e-03  6.15385389e-03  8.42288623e-11 -1.64869800e-09  2.68420626e-19 
 1.07000000e+00  1.07000000e+00  6.00000000e-01 -6.18270623e-03  6.18270774e-03  1.19340316e-10 -1.62612357e-09  6.50854967e-19 
 1.08000000e+00  1.08000000e+00  6.00000000e-01 -6.21170175e-03  6.21170319e-03  1.68375112e-10 -1.60224184e-09  8.51351967e-19 
 1.09000000e+00  1.09000000e+00  6.00000000e-01 -6.24084590e-03  6.24084724e-03  2.36399021e-10 -1.57699750e-09  9.95166881e-19 
 1.10000000e+00  1.10000000e+00  6.00000000e-01 -6.27014585e-03  6.27014707e-03  3.30153599e-10 -1.55033320e-09  1.54904666e-19 
 1.11000000e+00  1.11000000e+00  6.00000000e-01 -6.29960898e-03  6.29961004e-03  4.58555324e-10 -1.52218950e-09  5.97661050e-19 
 1.12000000e+00  1.12000000e+00  6.00000000e-01 -6.32924281e-03  6.32924367e-03  6.33326855e-10 -1.49250476e-09  3.34920053e-19 
 1.13000000e+00  1.13000000e+00  6.00000000e-01 -6.35905507e-03  6.35905566e-03  8.69790970e-10 -1.46121511e-09  5.21306800e-19 
 1.14000000e+00  1.14000000e+00  6.00000000e-01 -6.38905365e-03  6.38905389e-03  1.18786369e-09 -1.42825433e-09  3.02343530e-18 
 1.15000000e+00  1.15000000e+00  6.00000000e-01 -6.41924663e-03  6.41924641e-03  1.61329007e-09 -1.39355381e-09  1.82696466e-18 
 1.16000000e+00  1.16000000e+00  6.00000000e-01 -6.44964223e-03  6.44964140e-03  2.17917418e-09 -1.35704245e-09  4.92006201e-19 
 1.17000000e+00  1.17000000e+00  6.00000000e-01 -6.48024886e-03  6.48024726e-03  2.92786389e-09 -1.31864657e-09  7.09962089e-19 
 1.18000000e+00  1.18000000e+00  6.00000000e-01 -6.51107512e-03  6.51107249e-03  3.91326179e-09 -1.27828983e-09  7.71662731e-19 
 1.19000000e+00  1.19000000e+00  6.00000000e-01 -6.54212975e-03  6.54212578e-03  5.20364529e-09 -1.23589318e-09  3.43394850e-18 
 1.20000000e+00  1.20000000e+00  6.00000000e-01 -6.57342166e-03  6.57341597e-03  6.88509273e-09 -1.19137470e-09  7.27420976e-19 
 0.00000000e+00  0.00000000e+00  8.00000000e-01  4.35434459e-09  4.35434459e-09  2.09259187e-11 -8.72961510e-09  9.74456308e-19 
 1.00000000e-02  1.00000000e-02  8.00000000e-01 -5.81502118e-04  5.81510725e-04  2.13854047e-11 -8.62877896e-09  3.27917007e-19 
 2.00000000e-02  2.00000000e-02  8.00000000e-01 -1.13394227e-03  1.13395077e-03  2.18579014e-11 -8.51908379e-09  1.01057169e-18 
 3.00000000e-02  3.00000000e-02  8.00000000e-01 -1.65823047e-03  1.65823886e-03  2.23446033e-11 -8.41078819e-09  3.32416152e-19 
 4.00000000e-02  4.00000000e-02  8.00000000e-01 -2.15527754e-03  2.15528583e-03  2.28465601e-11 -8.30693195e-09  8.37271802e-19 
 5.00000000e-02  5.00000000e-02  8.00000000e-01 -2.62592517e-03  2.62593336e-03  2.33647874e-11 -8.20765002e-09  6.85139749e-19 
 6.00000000e-02  6.00000000e-02  8.00000000e-01 -3.07093732e-03  3.07094540e-03  2.39003432e-11 -8.11270592e-09  3.33754465e-19 
 7.00000000e-02  7.00000000e-02  8.00000000e-01 -3.49099699e-03  3.49100499e-03  2.44543876e-11 -8.02187455e-09  2.03467809e-18 
 8.00000000e-02  8.00000000e-02  8.00000000e-01 -3.88670458e-03  3.88671249e-03  2.50282317e-11 -7.93497810e-09  2.10311967e-18 
 9.00000000e-02  9.00000000e-02  8.00000000e-01 -4.25857737e-03  4.25858520e-03  2.56233817e-11 -7.85187838e-09  2.80915497e-18 
 1.00000000e-01  1.00000000e-01  8.00000000e-01 -4.60705131e-03  4.60705906e-03  2.62415782e-11 -7.77246786e-09  1.85759451e-18 
 1.10000000e-01  1.10000000e-01  8.00000000e-01 -4.93248679e-03  4.93249446e-03  2.68848294e-11 -7.69666364e-09  1.81062001e-18 
 1.20000000e-01  1.20000000e-01  8.00000000e-01 -5.23518147e-03  5.23518907e-03  2.75554292e-11 -7.62440358e-09  1.00708826e-18 
 1.30000000e-01  1.30000000e-01  8.00000000e-01 -5.51539383e-03  5.51540136e-03  2.82559515e-11 -7.55564306e-09  2.69205093e-18 
 1.40000000e-01  1.40000000e-01  8.00000000e-01 -5.77338137e-03  5.77338883e-03  2.89892025e-11 -7.49035133e-09  1.70231002e-18 
 1.50000000e-01  1.50000000e-01  8.00000000e-01 -6.00945629e-03  6.00946369e-03  2.97581147e-11 -7.42850640e-09  3.75663113e-18 
 1.60000000e-01  1.60000000e-01  8.00000000e-01 -6.22405694e-03  6.22406428e-03  3.05655712e-11 -7.37008802e-09  2.92053163e-19 
 1.70000000e-01  1.70000000e-01  8.00000000e-01 -6.41782604e-03  6.41783333e-03  3.14141672e-11 -7.31506871e-09  1.70414683e-18 
 1.80000000e-01  1.80000000e-01  8.00000000e-01 -6.59167791e-03  6.59168514e-03  3.23059425e-11 -7.26340431e-09  7.56527911e-19 
 1.90000000e-01  1.90000000e-01  8.00000000e-01 -6.74683197e-03  6.74683916e-03  3.32421480e-11 -7.21502591e-09  6.10709101e-19 
 2.00000000e-01  2.00000000e-01  8.00000000e-01 -6.88479517e-03  6.88480231e-03  3.42231159e-11 -7.16983571e-09  1.13187914e-18 
 2.10000000e-01  2.10000000e-01  8.00000000e-01 -7.00729119e-03  7.00729828e-03  3.52482766e-11 -7.12770802e-09  7.70816784e-20 
 2.20000000e-01  2.20000000e-01  8.00000000e-01 -7.11615394e-03  7.11616099e-03  3.63163141e-11 -7.08849507e-09  4.72296697e-19 
 2.30000000e-01  2.30000000e-01  8.00000000e-01 -7.21321339e-03  7.21322040e-03  3.74254073e-11 -7.05203565e-09  8.10818502e-19 
 2.40000000e-01  2.40000000e-01  8.00000000e-01 -7.30019935e-03  7.30020633e-03  3.85734876e-11 -7.01816401e-09  2.95721148e-18 
 2.50000000e-01  2.50000000e-01  8.00000000e-01 -7.37867726e-03  7.37868420e-03  3.97584574e-11 -6.98671737e-09  1.28604387e-18 
 2.60000000e-01  2.60000000e-01  8.00000000e-01 -7.45001706e-03  7.45002398e-03  4.09783449e-11 -6.95754101e-09  1.80459902e-18 
 2.70000000e-01  2.70000000e-01  8.00000000e-01 -7.51538852e-03  7.51539541e-03  4.22313952e-11 -6.93049108e-09  2.00011277e-18 
 2.80000000e-01  2.80000000e-01  8.00000000e-01 -7.57577346e-03  7.57578032e-03  4.35161086e-11 -6.90543569e-09  4.79701521e-19 
 2.90000000e-01  2.90000000e-01  8.00000000e-01 -7.63198689e-03  7.63199372e-03  4.48312457e-11 -6.88225474e-09  6.55292630e-19 
 3.00000000e-01  3.00000000e-01  8.00000000e-01 -7.68470095e-03  7.68470776e-03  4.61758112e-11 -6.86083915e-09  1.07492347e-18 
 3.10000000e-01  3.10000000e-01  8.00000000e-01 -7.73446836e-03  7.73447515e-03  4.75490293e-11 -6.84108976e-09  3.16614932e-18 
 3.20000000e-01  3.20000000e-01  8.00000000e-01 -7.78174346e-03  7.78175024e-03  4.89503147e-11 -6.82291617e-09  4.07428496e-19 
 3.30000000e-01  3.30000000e-01  8.00000000e-01 -7.82690029e-03  7.82690705e-03  5.03792462e-11 -6.80623564e-09  3.16537986e-18 
 3.40000000e-01  3.40000000e-01  8.00000000e-01 -7.87024764e-03  7.87025438e-03  5.18355408e-11 -6.79097208e-09  1.50303844e-18 
 3.50000000e-01  3.50000000e-01  8.00000000e-01 -7.91204138e-03  7.91204810e-03  5.33190328e-11 -6.77705521e-09  5.57107604e-18 
 3.60000000e-01  3.60000000e-01  8.00000000e-01 -7.95249442e-03  7.95250113e-03  5.48296553e-11 -6.76441979e-09  5.86356619e-19 
 3.70000000e-01  3.70000000e-01  8.00000000e-01 -7.99178477e-03  7.99179147e-03  5.63674247e-11 -6.75300503e-09  3.34263135e-18 
 3.80000000e-01  3.80000000e-01  8.00000000e-01 -8.03006195e-03  8.03006864e-03  5.79324288e-11 -6.74275403e-09  4.27679346e-18 
 3.90000000e-01  3.90000000e-01  8.00000000e-01 -8.06745218e-03  8.06745885e-03  5.95248156e-11 -6.73361341e-09  1.81024724e-18 
 4.00000000e-01  4.00000000e-01  8.00000000e-01 -8.10406250e-03  8.10406916e-03  6.11447856e-11 -6.72553286e-09  1.90895501e-18 
 4.10000000e-01  4.10000000e-01  8.00000000e-01 -8.13998415e-03  8.13999080e-03  6.27925847e-11 -6.71846491e-09  1.04282957e-18 
 4.20000000e-01  4.20000000e-01  8.00000000e-01 -8.17529524e-03  8.17530189e-03  6.44684984e-11 -6.71236464e-09  1.39857087e-19 
 4.30000000e-01  4.30000000e-01  8.00000000e-01 -8.21006296e-03  8.21006960e-03  6.61728475e-11 -6.70718944e-09  2.69975951e-18 
 4.40000000e-01  4.40000000e-01  8.00000000e-01 -8.24434535e-03  8.24435198e-03  6.79059842e-11 -6.70289887e-09  4.72108708e-19 
 4.50000000e-01  4.50000000e-01  8.00000000e-01 -8.27819274e-03  8.27819937e-03  6.96682891e-11 -6.69945443e-09  1.13096897e-18 
 4.60000000e-01  4.60000000e-01  8.00000000e-01 -8.31164898e-03  8.31165560e-03  7.14601688e-11 -6.69681951e-09  1.15122102e-18 
 4.70000000e-01  4.70000000e-01  8.00000000e-01 -8.34475239e-03  8.34475901e-03  7.32820537e-11 -6.69495917e-09  1.40255380e-18 
 4.80000000e-01  4.80000000e-01  8.00000000e-01 -8.37753661e-03  8.37754323e-03  7.51343965e-11 -6.69384011e-09  3.92571494e-18 
 4.90000000e-01  4.90000000e-01  8.00000000e-01 -8.41003124e-03  8.41003786e-03  7.70176708e-11 -6.69343052e-09  2.69410254e-18 
 5.00000000e-01  5.00000000e-01  8.00000000e-01 -8.44226245e-03  8.44226907e-03  7.89323699e-11 -6.69370004e-09  1.12801955e-18 
 5.10000000e-01  5.10000000e-01  8.00000000e-01 -8.47425343e-03  8.47426004e-03  8.08790062e-11 -6.69461963e-09  4.78962145e-18 
 5.20000000e-01  5.20000000e-01  8.00000000e-01 -8.50602476e-03  8.50603138e-03  8.28581101e-11 -6.69616155e-09  4.32466723e-18 
 5.30000000e-01  5.30000000e-01  8.00000000e-01 -8.53759484e-03  8.53760145e-03  8.48702298e-11 -6.69829926e-09  8.13917069e-19 
 5.40000000e-01  5.40000000e-01  8.00000000e-01 -8.56898008e-03  8.56898669e-03  8.69159307e-11 -6.70100738e-09  3.85103657e-18 
 5.50000000e-01  5.50000000e-01  8.00000000e-01 -8.60019519e-03  8.60020181e-03  8.89957949e-11 -6.70426164e-09  2.18684905e-19 
 5.60000000e-01  5.60000000e-01  8.00000000e-01 -8.63125341e-03  8.63126003e-03  9.11104213e-11 -6.70803881e-09  5.47657414e-20 
 5.70000000e-01  5.70000000e-01  8.00000000e-01 -8.66216664e-03  8.66217326e-03  9.32604254e-11 -6.71231667e-09  3.54045723e-18 
 5.80000000e-01  5.80000000e-01  8.00000000e-01 -8.69294564e-03  8.69295226e-03  9.54464386e-11 -6.71707396e-09  3.67611950e-19 
 5.90000000e-01  5.90000000e-01  8.00000000e-01 -8.72360012e-03  8.72360675e-03  9.76691090e-11 -6.72229034e-09  1.81493234e-18 
 6.00000000e-01  6.00000000e-01  8.00000000e-01 -8.75413893e-03  8.75414556e-03  9.99291009e-11 -6.72794636e-09  5.98172416e-19 
 6.10000000e-01  6.10000000e-01  8.00000000e-01 -8.78457007e-03  8.78457670e-03  1.02227095e-10 -6.73402341e-09  8.16872908e-20 
 6.20000000e-01  6.20000000e-01  8.00000000e-01 -8.81490085e-03  8.81490749e-03  1.04563788e-10 -6.74050370e-09  3.92523641e-18 
 6.30000000e-01  6.30000000e-01  8.00000000e-01 -8.84513794e-03  8.84514458e-03  1.06939893e-10 -6.74737020e-09  4.03852416e-18 
 6.40000000e-01  6.40000000e-01  8.00000000e-01 -8.87528745e-03  8.87529409e-03  1.09356142e-10 -6.75460668e-09  4.59003472e-18 
 6.50000000e-01  6.50000000e-01  8.00000000e-01 -8.90535497e-03  8.90536162e-03  1.11813280e-10 -6.76219759e-09  1.20347864e-18 
 6.60000000e-01  6.60000000e-01  8.00000000e-01 -8.93534567e-03  8.93535232e-03  1.14312071e-10 -6.77012808e-09  4.75841076e-19 
 6.70000000e-01  6.70000000e-01  8.00000000e-01 -8.96526430e-03  8.96527096e-03  1.16853298e-10 -6.77838397e-09  6.51900697e-18 
 6.80000000e-01  6.80000000e-01  8.00000000e-01 -8.99511528e-03  8.99512194e-03  1.19437759e-10 -6.78695175e-09  4.78056379e-18 
 6.90000000e-01  6.90000000e-01  8.00000000e-01 -9.02490270e-03  9.02490938e-03  1.22066269e-10 -6.79581849e-09  4.01195698e-18 
 7.00000000e-01  7.00000000e-01  8.00000000e-01 -9.05463041e-03  9.05463709e-03  1.24739664e-10 -6.80497190e-09  4.11119213e-18 
 7.10000000e-01  7.10000000e-01  8.00000000e-01 -9.08430200e-03  9.08430869e-03  1.27458795e-10 -6.81440024e-09  4.92398654e-18 
 7.20000000e-01  7.20000000e-01  8.00000000e-01 -9.11392086e-03  9.11392756e-03  1.30224534e-10 -6.82409237e-09  3.32306369e-19 
 7.30000000e-01  7.30000000e-01  8.00000000e-01 -9.14349023e-03  9.14349693e-03  1.33037770e-10 -6.83403765e-09  1.36685537e-18 
 7.40000000e-01  7.40000000e-01  8.00000000e-01 -9.17301317e-03  9.17301988e-03  1.35899413e-10 -6.84422604e-09  1.03576196e-20 
 7.50000000e-01  7.50000000e-01  8.00000000e-01 -9.20249266e-03  9.20249938e-03  1.38810391e-10 -6.85464806e-09  1.10957379e-18 
 7.60000000e-01  7.60000000e-01  8.00000000e-01 -9.23193157e-03  9.23193829e-03  1.41771651e-10 -6.86529488e-09  2.51373855e-19 
 7.70000000e-01  7.70000000e-01  8.00000000e-01 -9.26133270e-03  9.26133943e-03  1.44784163e-10 -6.87615870e-09  5.51452001e-19 
 7.80000000e-01  7.80000000e-01  8.00000000e-01 -9.29069881e-03  9.29070555e-03  1.47848915e-10 -6.88723365e-09  3.72198731e-18 
 7.90000000e-01  7.90000000e-01  8.00000000e-01 -9.32003264e-03  9.32003939e-03  1.50966917e-10 -6.89851124e-09  7.31151483e-19 
 8.00000000e-01  8.00000000e-01  8.00000000e-01 -9.34933693e-03  9.34934369e-03  1.54139199e-10 -6.90990696e-09  2.26230227e-18 
 8.10000000e-01  8.10000000e-01  8.00000000e-01 -9.37861442e-03  9.37862119e-03  1.57366815e-10 -6.92129276e-09  4.37401103e-18 
 8.20000000e-01  8.20000000e-01  8.00000000e-01 -9.40786790e-03  9.40787467e-03  1.60650839e-10 -6.93262673e-09  1.24537004e-18 
 8.30000000e-01  8.30000000e-01  8.00000000e-01 -9.43710020e-03  9.43710698e-03  1.63992368e-10 -6.94389504e-09  9.94600185e-19 
 8.40000000e-01  8.40000000e-01  8.00000000e-01 -9.46631422e-03  9.46632101e-03  1.67392522e-10 -6.95508788e-09  1.70062042e-18 
 8.50000000e-01  8.50000000e-01  8.00000000e-01 -9.49551296e-03  9.49551976e-03  1.70852445e-10 -6.96619601e-09  3.92178840e-18 
 8.60000000e-01  8.60000000e-01  8.00000000e-01 -9.52469950e-03  9.52470630e-03  1.74373303e-10 -6.97721007e-09  9.66265165e-19 
 8.70000000e-01  8.70000000e-01  8.00000000e-01 -9.55387703e-03  9.55388384e-03  1.77956289e-10 -6.98812041e-09  4.61445858e-19 
 8.80000000e-01  8.80000000e-01  8.00000000e-01 -9.58304889e-03  9.58305571e-03  1.81602618e-10 -6.99891698e-09  1.91795039e-18 
 8.90000000e-01  8.90000000e-01  8.00000000e-01 -9.61221853e-03  9.61222536e-03  1.85313532e-10 -7.00958930e-09  3.50759283e-18 
 9.00000000e-01  9.00000000e-01  8.00000000e-01 -9.64138957e-03  9.64139640e-03  1.89090297e-10 -7.02012642e-09  3.74925667e-18 
 9.10000000e-01  9.10000000e-01  8.00000000e-01 -9.67056577e-03  9.67057260e-03  1.92934207e-10 -7.03051692e-09  1.96381197e-18 
 9.20000000e-01  9.20000000e-01  8.00000000e-01 -9.69975106e-03  9.69975791e-03  1.96846580e-10 -7.04074886e-09  1.41602076e-18 
 9.30000000e-01  9.30000000e-01  8.00000000e-01 -9.72894958e-03  9.72895643e-03  2.00828765e-10 -7.05080975e-09  1.53214581e-19 
 9.40000000e-01  9.40000000e-01  8.00000000e-01 -9.75816560e-03  9.75817246e-03  2.04882136e-10 -7.06068659e-09  1.65966001e-18 
 9.50000000e-01  9.50000000e-01  8.00000000e-01 -9.78740363e-03  9.78741049e-03  2.09008094e-10 -7.07036577e-09  2.25713645e-18 
 9.60000000e-01  9.60000000e-01  8.00000000e-01 -9.81666835e-03  9.81667522e-03  2.13208073e-10 -7.07983308e-09  1.64003766e-18 
 9.70000000e-01  9.70000000e-01  8.00000000e-01 -9.84596466e-03  9.84597153e-03  2.17483532e-10 -7.08907372e-09  6.70005698e-19 
 9.80000000e-01  9.80000000e-01  8.00000000e-01 -9.87529763e-03  9.87530451e-03  2.21835962e-10 -7.09807221e-09  7.08066191e-19 
 9.90000000e-01  9.90000000e-01  8.00000000e-01 -9.90467260e-03  9.90467948e-03  2.26266885e-10 -7.10681242e-09  8.82664062e-19 
 1.00000000e+00  1.00000000e+00  8.00000000e-01 -9.93409506e-03  9.93410194e-03  2.30777851e-10 -7.11527752e-09  1.47561129e-18 
 1.01000000e+00  1.01000000e+00  8.00000000e-01 -9.96357075e-03  9.96357763e-03  2.35370446e-10 -7.12344997e-09  7.72564027e-18 
 1.02000000e+00  1.02000000e+00  8.00000000e-01 -9.99310561e-03  9.99311250e-03  2.40046285e-10 -7.13131145e-09  1.58428548e-18 
 1.03000000e+00  1.03000000e+00  8.00000000e-01 -1.00227058e-02  1.00227127e-02  2.44807016e-10 -7.13884290e-09  1.51584663e-18 
 1.04000000e+00  1.04000000e+00  8.00000000e-01 -1.00523779e-02  1.00523848e-02  2.49654325e-10 -7.14602445e-09  2.14734433e-18 
 1.05000000e+00  1.05000000e+00  8.00000000e-01 -1.00821442e-02  1.00821511e-02  2.54590044e-10 -7.15283625e-09  5.25433686e-18 
 1.06000000e+00  1.06000000e+00  8.00000000e-01 -1.01120209e-02  1.01120278e-02  2.59616002e-10 -7.15925728e-09  1.68727009e-19 
 1.07000000e+00  1.07000000e+00  8.00000000e-01 -1.01420163e-02  1.01420232e-02  2.64734000e-10 -7.16526513e-09  3.40934297e-18 
 1.08000000e+00  1.08000000e+00  8.00000000e-01 -1.01721388e-02  1.01721457e-02  2.69945875e-10 -7.17083646e-09  4.93197496e-19 
 1.09000000e+00  1.09000000e+00  8.00000000e-01 -1.02023968e-02  1.02024037e-02  2.75253501e-10 -7.17594699e-09  1.49772036e-18 
 1.10000000e+00  1.10000000e+00  8.00000000e-01 -1.02327994e-02  1.02328063e-02  2.80658790e-10 -7.18057142e-09  1.51573423e-18 
 1.11000000e+00  1.11000000e+00  8.00000000e-01 -1.02633556e-02  1.02633625e-02  2.86163694e-10 -7.18468344e-09  2.20318719e-18 
 1.12000000e+00  1.12000000e+00  8.00000000e-01 -1.02940749e-02  1.02940818e-02  2.91770204e-10 -7.18825567e-09  2.58858159e-18 
 1.13000000e+00  1.13000000e+00  8.00000000e-01 -1.03249670e-02  1.03249739e-02  2.99523100e-10 -7.19125963e-09  6.08488431e-19 
 1.14000000e+00  1.14000000e+00  8.00000000e-01 -1.03560417e-02  1.03560486e-02  3.34925152e-10 -7.19366566e-09  1.18406769e-20 
 1.15000000e+00  1.15000000e+00  8.00000000e-01 -1.03873093e-02  1.03873162e-02  3.83023941e-10 -7.19544298e-09  2.66040615e-18 
 1.16000000e+00  1.16000000e+00  8.00000000e-01 -1.04187802e-02  1.04187870e-02  4.48590088e-10 -7.19655951e-09  1.17321885e-18 
 1.17000000e+00  1.17000000e+00  8.00000000e-01 -1.04504651e-02  1.04504717e-02  5.38036471e-10 -7.19698196e-09  1.13737314e-18 
 1.18000000e+00  1.18000000e+00  8.00000000e-01 -1.04823748e-02  1.04823814e-02  6.59927746e-10 -7.19667569e-09  6.85986052e-20 
 1.19000000e+00  1.19000000e+00  8.00000000e-01 -1.05145206e-02  1.05145270e-02  8.25630480e-10 -7.19560470e-09  1.50344667e-18 
 1.20000000e+00  1.20000000e+00  8.00000000e-01 -1.05469138e-02  1.05469200e-02  1.05013784e-09 -7.19373161e-09  4.30371547e-18 
 0.00000000e+00  0.00000000e+00  1.00000000e+00  1.14171199e-08  1.14171199e-08  1.18673966e-09 -2.40209795e-08  4.11772411e-18 
 1.00000000e-02  1.00000000e-02  1.00000000e+00 -6.02651665e-04  6.02674277e-04  1.21202159e-09 -2.38237633e-08  4.58238207e-19 
 2.00000000e-02  2.00000000e-02  1.00000000e+00 -1.18592154e-03  1.18594390e-03  1.23783352e-09 -2.35982931e-08  3.44547298e-18 
 3.00000000e-02  3.00000000e-02  1.00000000e+00 -1.75017256e-03  1.75019467e-03  1.26418691e-09 -2.33742877e-08  2.23008824e-18 
 4.00000000e-02  4.00000000e-02  1.00000000e+00 -2.29580259e-03  2.29582446e-03  1.29109324e-09 -2.31601847e-08  3.55696411e-18 
 5.00000000e-02  5.00000000e-02  1.00000000e+00 -2.82319471e-03  2.82321634e-03  1.31856410e-09 -2.29563450e-08  1.57445847e-18 
 6.00000000e-02  6.00000000e-02  1.00000000e+00 -3.33271168e-03  3.33273310e-03  1.34661123e-09 -2.27621517e-08  3.09072293e-18 
 7.00000000e-02  7.00000000e-02  1.00000000e+00 -3.82469375e-03  3.82471496e-03  1.37524660e-09 -2.25770280e-08  5.00863444e-19 
 8.00000000e-02  8.00000000e-02  1.00000000e+00 -4.29945718e-03  4.29947818e-03  1.40448241e-09 -2.24005193e-08  1.48968735e-18 
 9.00000000e-02  9.00000000e-02  1.00000000e+00 -4.75729285e-03  4.75731365e-03  1.43433114e-09 -2.22322646e-08  1.94718027e-18 
 1.00000000e-01  1.00000000e-01  1.00000000e+00 -5.19846484e-03  5.19848545e-03  1.46480555e-09 -2.20719683e-08  1.35460152e-18 
 1.10000000e-01  1.10000000e-01  1.00000000e+00 -5.62320873e-03  5.62322915e-03  1.49591872e-09 -2.19193810e-08  2.58000735e-18 
 1.20000000e-01  1.20000000e-01  1.00000000e+00 -6.03172975e-03  6.03174999e-03  1.52768406e-09 -2.17742888e-08  7.02024464e-19 
 1.30000000e-01  1.30000000e-01  1.00000000e+00 -6.42420077e-03  6.42422085e-03  1.56011534e-09 -2.16365067e-08  1.53476704e-18 
 1.40000000e-01  1.40000000e-01  1.00000000e+00 -6.80076020e-03  6.80078012e-03  1.59322669e-09 -2.15058746e-08  4.60000991e-18 
 1.50000000e-01  1.50000000e-01  1.00000000e+00 -7.16150996e-03  7.16152971e-03  1.62703268e-09 -2.13822558e-08  9.88757731e-19 
 1.60000000e-01  1.60000000e-01  1.00000000e+00 -7.50651387e-03  7.50653348e-03  1.66154829e-09 -2.12655361e-08  4.56306327e-19 
 1.70000000e-01  1.70000000e-01  1.00000000e+00 -7.83579701e-03  7.83581647e-03  1.69678896e-09 -2.11556231e-08  1.39565449e-18 
 1.80000000e-01  1.80000000e-01  1.00000000e+00 -8.14934653e-03  8.14936585e-03  1.73277064e-09 -2.10524467e-08  1.35775328e-18 
 1.90000000e-01  1.90000000e-01  1.00000000e+00 -8.44711522e-03  8.44713440e-03  1.76950975e-09 -2.09559588e-08  2.79050290e-18 
 2.00000000e-01  2.00000000e-01  1.00000000e+00 -8.72902888e-03  8.72904794e-03  1.80702322e-09 -2.08661322e-08  4.64299890e-18 
 2.10000000e-01  2.10000000e-01  1.00000000e+00 -8.99499921e-03  8.99501815e-03  1.84532850e-09 -2.07829588e-08  9.83211278e-19 
 2.20000000e-01  2.20000000e-01  1.00000000e+00 -9.24494343e-03  9.24496226e-03  1.88444346e-09 -2.07064464e-08  1.45240880e-18 
 2.30000000e-01  2.30000000e-01  1.00000000e+00 -9.47881188e-03  9.47883060e-03  1.92438636e-09 -2.06366125e-08  2.92615679e-18 
 2.40000000e-01  2.40000000e-01  1.00000000e+00 -9.69662283e-03  9.69664144e-03  1.96517569e-09 -2.05734763e-08  1.57521658e-19 
 2.50000000e-01  2.50000000e-01  1.00000000e+00 -9.89850217e-03  9.89852068e-03  2.00683005e-09 -2.05170484e-08  1.70937329e-18 
 2.60000000e-01  2.60000000e-01  1.00000000e+00 -1.00847226e-02  1.00847410e-02  2.04936795e-09 -2.04673190e-08  7.41653446e-19 
 2.70000000e-01  2.70000000e-01  1.00000000e+00 -1.02557346e-02  1.02557529e-02  2.09280761e-09 -2.04242464e-08  5.52442912e-18 
 2.80000000e-01  2.80000000e-01  1.00000000e+00 -1.04121818e-02  1.04122000e-02  2.13716684e-09 -2.03877485e-08  1.80764524e-18 
 2.90000000e-01  2.90000000e-01  1.00000000e+00 -1.05548939e-02  1.05549121e-02  2.18246294e-09 -2.03576983e-08  1.97142328e-18 
 3.00000000e-01  3.00000000e-01  1.00000000e+00 -1.06848581e-02  1.06848762e-02  2.22871275e-09 -2.03339251e-08  4.47997711e-19 
 3.10000000e-01  3.10000000e-01  1.00000000e+00 -1.08031720e-02  1.08031900e-02  2.27593272e-09 -2.03162210e-08  1.41239435e-19 
 3.20000000e-01  3.20000000e-01  1.00000000e+00 -1.09109885e-02  1.09110065e-02  2.32413906e-09 -2.03043508e-08  1.68276785e-18 
 3.30000000e-01  3.30000000e-01  1.00000000e+00 -1.10094622e-02  1.10094802e-02  2.37334797e-09 -2.02980642e-08  3.07828151e-18 
 3.40000000e-01  3.40000000e-01  1.00000000e+00 -1.10997040e-02  1.10997218e-02  2.42357580e-09 -2.02971058e-08  2.24807673e-18 
 3.50000000e-01  3.50000000e-01  1.00000000e+00 -1.11827483e-02  1.11827661e-02  2.47483920e-09 -2.03012254e-08  2.79388524e-19 
 3.60000000e-01  3.60000000e-01  1.00000000e+00 -1.12595344e-02  1.12595522e-02  2.52715525e-09 -2.03101839e-08  2.73415866e-18 
 3.70000000e-01  3.70000000e-01  1.00000000e+00 -1.13308979e-02  1.13309157e-02  2.58054152e-09 -2.03237577e-08  2.44715677e-18 
 3.80000000e-01  3.80000000e-01  1.00000000e+00 -1.13975712e-02  1.13975889e-02  2.63501615e-09 -2.03417409e-08  1.72358797e-18 
 3.90000000e-01  3.90000000e-01  1.00000000e+00 -1.14601893e-02  1.14602069e-02  2.69059785e-09 -2.03639455e-08  3.14625342e-18 
 4.00000000e-01  4.00000000e-01  1.00000000e+00 -1.15192986e-02  1.15193162e-02  2.74730587e-09 -2.03902017e-08  2.34059233e-18 
 4.10000000e-01  4.10000000e-01  1.00000000e+00 -1.15753671e-02  1.15753847e-02  2.80516005e-09 -2.04203561e-08  4.56860703e-18 
 4.20000000e-01  4.20000000e-01  1.00000000e+00 -1.16287943e-02  1.16288119e-02  2.86418078e-09 -2.04542705e-08  2.50953487e-18 
 4.30000000e-01  4.30000000e-01  1.00000000e+00 -1.16799213e-02  1.16799389e-02  2.92438898e-09 -2.04918210e-08  1.44631083e-18 
 4.40000000e-01  4.40000000e-01  1.00000000e+00 -1.17290389e-02  1.17290565e-02  2.98580610e-09 -2.05328958e-08  1.91560554e-18 
 4.50000000e-01  4.50000000e-01  1.00000000e+00 -1.17763956e-02  1.17764131e-02  3.04845407e-09 -2.05773944e-08  2.71616831e-18 
 4.60000000e-01  4.60000000e-01  1.00000000e+00 -1.18222039e-02  1.18222214e-02  3.11235536e-09 -2.06252259e-08  5.26497234e-18 
 4.70000000e-01  4.70000000e-01  1.00000000e+00 -1.18666463e-02  1.18666638e-02  3.17753288e-09 -2.06763086e-08  1.83936679e-18 
 4.80000000e-01  4.80000000e-01  1.00000000e+00 -1.19098795e-02  1.19098970e-02  3.24401004e-09 -2.07305685e-08  1.96982475e-18 
 4.90000000e-01  4.90000000e-01  1.00000000e+00 -1.19520389e-02  1.19520563e-02  3.31181071e-09 -2.07879385e-08  4.68360830e-19 
 5.00000000e-01  5.00000000e-01  1.00000000e+00 -1.19932414e-02  1.19932589e-02  3.38095923e-09 -2.08483582e-08  4.87461547e-18 
 5.10000000e-01  5.10000000e-01  1.00000000e+00 -1.20335888e-02  1.20336062e-02  3.45148040e-09 -2.09117725e-08  4.19529256e-18 
 5.20000000e-01  5.20000000e-01  1.00000000e+00 -1.20731694e-02  1.20731868e-02  3.52339947e-09 -2.09781319e-08  6.37447797e-18 
 5.30000000e-01  5.30000000e-01  1.00000000e+00 -1.21120604e-02  1.21120779e-02  3.59674217e-09 -2.10473916e-08  7.57002609e-20 
 5.40000000e-01  5.40000000e-01  1.00000000e+00 -1.21503297e-02  1.21503472e-02  3.67153466e-09 -2.11195110e-08  1.68025281e-18 
 5.50000000e-01  5.50000000e-01  1.00000000e+00 -1.21880368e-02  1.21880542e-02  3.74780357e-09 -2.11944537e-08  3.78275484e-19 
 5.60000000e-01  5.60000000e-01  1.00000000e+00 -1.22252341e-02  1.22252515e-02  3.82557599e-09 -2.12721869e-08  2.44683334e-18 
 5.70000000e-01  5.70000000e-01  1.00000000e+00 -1.22619681e-02  1.22619855e-02  3.90487948e-09 -2.13526815e-08  2.26503558e-18 
 5.80000000e-01  5.80000000e-01  1.00000000e+00 -1.22982799e-02  1.22982973e-02  3.98574204e-09 -2.14359115e-08  5.29129074e-18 
 5.90000000e-01  5.90000000e-01  1.00000000e+00 -1.23342062e-02  1.23342236e-02  4.06819217e-09 -2.15218541e-08  3.19108331e-18 
 6.00000000e-01  6.00000000e-01  1.00000000e+00 -1.23697796e-02  1.23697971e-02  4.15225879e-09 -2.16104892e-08  1.92443570e-18 
 6.10000000e-01  6.10000000e-01  1.00000000e+00 -1.24050294e-02  1.24050469e-02  4.23797135e-09 -2.17017997e-08  1.29780833e-18 
 6.20000000e-01  6.20000000e-01  1.00000000e+00 -1.24399818e-02  1.24399993e-02  4.32535973e-09 -2.17957709e-08  2.56931315e-18 
 6.30000000e-01  6.30000000e-01  1.00000000e+00 -1.24746603e-02  1.24746778e-02  4.41445431e-09 -2.18923906e-08  1.74852002e-18 
 6.40000000e-01  6.40000000e-01  1.00000000e+00 -1.25090862e-02  1.25091037e-02  4.50528595e-09 -2.19916491e-08  2.42508345e-18 
 6.50000000e-01  6.50000000e-01  1.00000000e+00 -1.25432786e-02  1.25432961e-02  4.59788599e-09 -2.20935388e-08  6.21977451e-18 
 6.60000000e-01  6.60000000e-01  1.00000000e+00 -1.25772548e-02  1.25772723e-02  4.69228627e-09 -2.21980544e-08  1.89876828e-18 
 6.70000000e-01  6.70000000e-01  1.00000000e+00 -1.26110306e-02  1.26110481e-02  4.78851912e-09 -2.23051927e-08  1.07525870e-18 
 6.80000000e-01  6.80000000e-01  1.00000000e+00 -1.26446203e-02  1.26446378e-02  4.88661737e-09 -2.24149523e-08  1.96795698e-18 
 6.90000000e-01  6.90000000e-01  1.00000000e+00 -1.26780370e-02  1.26780545e-02  4.98661436e-09 -2.25273340e-08  1.44995001e-18 
 7.00000000e-01  7.00000000e-01  1.00000000e+00 -1.27112925e-02  1.27113100e-02  5.08854391e-09 -2.26423403e-08  1.91370551e-18 
 7.10000000e-01  7.10000000e-01  1.00000000e+00 -1.27443978e-02  1.27444153e-02  5.19244038e-09 -2.27599757e-08  5.29447953e-18 
 7.20000000e-01  7.20000000e-01  1.00000000e+00 -1.27773628e-02  1.27773804e-02  5.29833864e-09 -2.28802464e-08  1.12147659e-18 
 7.30000000e-01  7.30000000e-01  1.00000000e+00 -1.28101969e-02  1.28102145e-02  5.40627406e-09 -2.30031601e-08  1.80405445e-18 
 7.40000000e-01  7.40000000e-01  1.00000000e+00 -1.28429085e-02  1.28429261e-02  5.51628255e-09 -2.31287265e-08  1.56246146e-18 
 7.50000000e-01  7.50000000e-01  1.00000000e+00 -1.28755055e-02  1.28755231e-02  5.62840055e-09 -2.32569567e-08  2.97562592e-18 
 7.60000000e-01  7.60000000e-01  1.00000000e+00 -1.29079951e-02  1.29080128e-02  5.74266503e-09 -2.33878633e-08  1.17211493e-19 
 7.70000000e-01  7.70000000e-01  1.00000000e+00 -1.29403843e-02  1.29404019e-02  5.85911347e-09 -2.35214608e-08  3.27177064e-18 
 7.80000000e-01  7.80000000e-01  1.00000000e+00 -1.29726793e-02  1.29726970e-02  5.97778393e-09 -2.36577648e-08  1.14219581e-18 
 7.90000000e-01  7.90000000e-01  1.00000000e+00 -1.30048863e-02  1.30049040e-02  6.09871497e-09 -2.37967925e-08  6.81438006e-19 
 8.00000000e-01  8.00000000e-01  1.00000000e+00 -1.30370107e-02  1.30370284e-02  6.22194573e-09 -2.39385627e-08  3.05906280e-19 
 8.10000000e-01  8.10000000e-01  1.00000000e+00 -1.30690581e-02  1.30690759e-02  6.34751588e-09 -2.40830953e-08  2.35373416e-18 
 8.20000000e-01  8.20000000e-01  1.00000000e+00 -1.31010336e-02  1.31010513e-02  6.47546566e-09 -2.42304118e-08  2.17449239e-18 
 8.30000000e-01  8.30000000e-01  1.00000000e+00 -1.31329421e-02  1.31329598e-02  6.60583584e-09 -2.43805349e-08  9.47007650e-19 
 8.40000000e-01  8.40000000e-01  1.00000000e+00 -1.31647883e-02  1.31648061e-02  6.73866778e-09 -2.45334887e-08  1.41473196e-18 
 8.50000000e-01  8.50000000e-01  1.00000000e+00 -1.31965770e-02  1.31965948e-02  6.87400339e-09 -2.46892985e-08  1.51953079e-19 
 8.60000000e-01  8.60000000e-01  1.00000000e+00 -1.32283127e-02  1.32283305e-02  7.01188515e-09 -2.48479909e-08  3.60487875e-18 
 8.70000000e-01  8.70000000e-01  1.00000000e+00 -1.32599999e-02  1.32600177e-02  7.15235610e-09 -2.50095939e-08  2.40041693e-18 
 8.80000000e-01  8.80000000e-01  1.00000000e+00 -1.32916431e-02  1.32916609e-02  7.29545985e-09 -2.51741363e-08  2.71723703e-18 
 8.90000000e-01  8.90000000e-01  1.00000000e+00 -1.33232467e-02  1.33232646e-02  7.44124061e-09 -2.53416486e-08  3.48429815e-18 
 9.00000000e-01  9.00000000e-01  1.00000000e+00 -1.33548153e-02  1.33548332e-02  7.58974315e-09 -2.55121620e-08  2.99018678e-18 
 9.10000000e-01  9.10000000e-01  1.00000000e+00 -1.33863534e-02  1.33863714e-02  7.74101282e-09 -2.56857092e-08  4.47630112e-18 
 9.20000000e-01  9.20000000e-01  1.00000000e+00 -1.34178658e-02  1.34178838e-02  7.89509556e-09 -2.58623239e-08  2.01245598e-18 
 9.30000000e-01  9.30000000e-01  1.00000000e+00 -1.34493571e-02  1.34493751e-02  8.05203788e-09 -2.60420409e-08  4.48339171e-18 
 9.40000000e-01  9.40000000e-01  1.00000000e+00 -1.34808322e-02  1.34808502e-02  8.21188690e-09 -2.62248963e-08  5.13348288e-20 
 9.50000000e-01  9.50000000e-01  1.00000000e+00 -1.35122962e-02  1.35123143e-02  8.37469031e-09 -2.64109271e-08  6.74227638e-18 
 9.60000000e-01  9.60000000e-01  1.00000000e+00 -1.35437544e-02  1.35437724e-02  8.54049640e-09 -2.66001717e-08  8.17064194e-19 
 9.70000000e-01  9.70000000e-01  1.00000000e+00 -1.35752120e-02  1.35752301e-02  8.70935406e-09 -2.67926701e-08  4.16573781e-18 
 9.80000000e-01  9.80000000e-01  1.00000000e+00 -1.36066747e-02  1.36066928e-02  8.88131276e-09 -2.69884648e-08  7.69166135e-18 
 9.90000000e-01  9.90000000e-01  1.00000000e+00 -1.36381484e-02  1.36381665e-02  9.05642256e-09 -2.71875963e-08  1.09474376e-18 
 1.00000000e+00  1.00000000e+00  1.00000000e+00 -1.36696391e-02  1.36696572e-02  9.23473414e-09 -2.73900295e-08  2.32417238e-18 
 1.01000000e+00  1.01000000e+00  1.00000000e+00 -1.37011532e-02  1.37011713e-02  9.41629877e-09 -2.75956866e-08  2.30106095e-18 
 1.02000000e+00  1.02000000e+00  1.00000000e+00 -1.37326972e-02  1.37327154e-02  9.60116831e-09 -2.78045763e-08  1.22700498e-18 
 1.03000000e+00  1.03000000e+00  1.00000000e+00 -1.37642781e-02  1.37642963e-02  9.78939522e-09 -2.80167360e-08  5.15129043e-18 
 1.04000000e+00  1.04000000e+00  1.00000000e+00 -1.37959030e-02  1.37959213e-02  9.98103256e-09 -2.82322079e-08  1.29239361e-18 
 1.05000000e+00  1.05000000e+00  1.00000000e+00 -1.38275795e-02  1.38275978e-02  1.01761340e-08 -2.84510352e-08  2.79388524e-20 
 1.06000000e+00  1.06000000e+00  1.00000000e+00 -1.38593152e-02  1.38593335e-02  1.03747538e-08 -2.86732615e-08  3.35067209e-18 
 1.07000000e+00  1.07000000e+00  1.00000000e+00 -1.38911184e-02  1.38911367e-02  1.05769468e-08 -2.88989308e-08  3.85784961e-18 
 1.08000000e+00  1.08000000e+00  1.00000000e+00 -1.39229975e-02  1.39230158e-02  1.07827685e-08 -2.91280871e-08  3.64112167e-18 
 1.09000000e+00  1.09000000e+00  1.00000000e+00 -1.39549611e-02  1.39549795e-02  1.09922750e-08 -2.93607750e-08  2.99589929e-18 
 1.10000000e+00  1.10000000e+00  1.00000000e+00 -1.39870185e-02  1.39870369e-02  1.12055228e-08 -2.95970386e-08  6.34830018e-18 
 1.11000000e+00  1.11000000e+00  1.00000000e+00 -1.40191791e-02  1.40191976e-02  1.14225693e-08 -2.98369226e-08  4.16544995e-18 
 1.12000000e+00  1.12000000e+00  1.00000000e+00 -1.40514527e-02  1.40514712e-02  1.16434722e-08 -3.00804715e-08  3.64854644e-18 
 1.13000000e+00  1.13000000e+00  1.00000000e+00 -1.40838494e-02  1.40838679e-02  1.18682902e-08 -3.03277298e-08  2.39754661e-18 
 1.14000000e+00  1.14000000e+00  1.00000000e+00 -1.41163797e-02  1.41163982e-02  1.20970821e-08 -3.05787423e-08  3.01200946e-18 
 1.15000000e+00  1.15000000e+00  1.00000000e+00 -1.41490544e-02  1.41490729e-02  1.23299076e-08 -3.08335536e-08  4.41281004e-19 
 1.16000000e+00  1.16000000e+00  1.00000000e+00 -1.41818848e-02  1.41819033e-02  1.25668269e-08 -3.10922081e-08  9.37868959e-19 
 1.17000000e+00  1.17000000e+00  1.00000000e+00 -1.42148822e-02  1.42149008e-02  1.28079008e-08 -3.13547505e-08  5.51128935e-19 
 1.18000000e+00  1.18000000e+00  1.00000000e+00 -1.42480587e-02  1.42480773e-02  1.30531908e-08 -3.16212251e-08  2.16429160e-18 
 1.19000000e+00  1.19000000e+00  1.00000000e+00 -1.42814264e-02  1.42814450e-02  1.33027587e-08 -3.18916763e-08  3.55543403e-18 
 1.20000000e+00  1.20000000e+00  1.00000000e+00 -1.43149979e-02  1.43150165e-02  1.35566672e-08 -3.21661483e-08  3.08701323e-18 
 0.00000000e+00  0.00000000e+00  1.20000000e+00  2.63504085e-08  2.63504085e-08  4.35854226e-08 -9.62862395e-08  2.25922216e-18 
 1.00000000e-02  1.00000000e-02  1.20000000e+00 -6.12764156e-04  6.12816392e-04  4.43353764e-08 -9.65711560e-08  2.38121476e-18 
 2.00000000e-02  2.00000000e-02  1.20000000e+00 -1.21102518e-03  1.21107688e-03  4.50961507e-08 -9.67953237e-08  2.22729960e-19 
 3.00000000e-02  3.00000000e-02  1.20000000e+00 -1.79495442e-03  1.79500558e-03  4.58678508e-08 -9.70297482e-08  5.81905017e-19 
 4.00000000e-02  4.00000000e-02  1.20000000e+00 -2.36477262e-03  2.36482327e-03  4.66505838e-08 -9.72941930e-08  1.33390484e-18 
 5.00000000e-02  5.00000000e-02  1.20000000e+00 -2.92069749e-03  2.92074763e-03  4.74444575e-08 -9.75895594e-08  5.99631167e-18 
 6.00000000e-02  6.00000000e-02  1.20000000e+00 -3.46293979e-03  3.46298946e-03  4.82495798e-08 -9.79145361e-08  3.86058427e-18 
 7.00000000e-02  7.00000000e-02  1.20000000e+00 -3.99170204e-03  3.99175124e-03  4.90660588e-08 -9.82679232e-08  6.63147388e-19 
 8.00000000e-02  8.00000000e-02  1.20000000e+00 -4.50717771e-03  4.50722647e-03  4.98940025e-08 -9.86488049e-08  5.05417942e-18 
 9.00000000e-02  9.00000000e-02  1.20000000e+00 -5.00955076e-03  5.00959909e-03  5.07335191e-08 -9.90564766e-08  2.69469636e-18 
 1.00000000e-01  1.00000000e-01  1.20000000e+00 -5.49899506e-03  5.49904297e-03  5.15847168e-08 -9.94903748e-08  1.25638809e-18 
 1.10000000e-01  1.10000000e-01  1.20000000e+00 -5.97567387e-03  5.97572137e-03  5.24477040e-08 -9.99500322e-08  5.91043709e-18 
 1.20000000e-01  1.20000000e-01  1.20000000e+00 -6.43973922e-03  6.43978633e-03  5.33225891e-08 -1.00435049e-07  5.37045358e-19 
 1.30000000e-01  1.30000000e-01  1.20000000e+00 -6.89133122e-03  6.89137796e-03  5.42094806e-08 -1.00945078e-07  3.10252948e-18 
 1.40000000e-01  1.40000000e-01  1.20000000e+00 -7.33057725e-03  7.33062362e-03  5.51084870e-08 -1.01479810e-07  5.96470014e-19 
 1.50000000e-01  1.50000000e-01  1.20000000e+00 -7.75759100e-03  7.75763702e-03  5.60197171e-08 -1.02038973e-07  7.92419174e-19 
 1.60000000e-01  1.60000000e-01  1.20000000e+00 -8.17247146e-03  8.17251714e-03  5.69432797e-08 -1.02622322e-07  4.34236734e-19 
 1.70000000e-01  1.70000000e-01  1.20000000e+00 -8.57530167e-03  8.57534702e-03  5.78792834e-08 -1.03229642e-07  9.05127496e-19 
 1.80000000e-01  1.80000000e-01  1.20000000e+00 -8.96614741e-03  8.96619244e-03  5.88278373e-08 -1.03860744e-07  1.02960825e-18 
 1.90000000e-01  1.90000000e-01  1.20000000e+00 -9.34505572e-03  9.34510044e-03  5.97890503e-08 -1.04515462e-07  6.47146407e-19 
 2.00000000e-01  2.00000000e-01  1.20000000e+00 -9.71205334e-03  9.71209777e-03  6.07630316e-08 -1.05193661e-07  9.04040912e-18 
 2.10000000e-01  2.10000000e-01  1.20000000e+00 -1.00671451e-02  1.00671893e-02  6.17498903e-08 -1.05895226e-07  1.24246498e-18 
 2.20000000e-01  2.20000000e-01  1.20000000e+00 -1.04103126e-02  1.04103564e-02  6.27497358e-08 -1.06620075e-07  5.92113088e-18 
 2.30000000e-01  2.30000000e-01  1.20000000e+00 -1.07415123e-02  1.07415559e-02  6.37626775e-08 -1.07368150e-07  3.55913980e-18 
 2.40000000e-01  2.40000000e-01  1.20000000e+00 -1.10606755e-02  1.10607188e-02  6.47888251e-08 -1.08139423e-07  2.35877500e-18 
 2.50000000e-01  2.50000000e-01  1.20000000e+00 -1.13677075e-02  1.13677506e-02  6.58282882e-08 -1.08933898e-07  2.36772179e-18 
 2.60000000e-01  2.60000000e-01  1.20000000e+00 -1.16624893e-02  1.16625322e-02  6.68811767e-08 -1.09751605e-07  5.41751685e-18 
 2.70000000e-01  2.70000000e-01  1.20000000e+00 -1.19448801e-02  1.19449227e-02  6.79476006e-08 -1.10592608e-07  2.07602481e-19 
 2.80000000e-01  2.80000000e-01  1.20000000e+00 -1.22147230e-02  1.22147655e-02  6.90276702e-08 -1.11456999e-07  1.09386364e-18 
 2.90000000e-01  2.90000000e-01  1.20000000e+00 -1.24718538e-02  1.24718961e-02  7.01214956e-08 -1.12344893e-07  3.80476612e-19 
 3.00000000e-01  3.00000000e-01  1.20000000e+00 -1.27161134e-02  1.27161554e-02  7.12291873e-08 -1.13256429e-07  5.44541600e-18 
 3.10000000e-01  3.10000000e-01  1.20000000e+00 -1.29473647e-02  1.29474066e-02  7.23508556e-08 -1.14191755e-07  3.38834355e-18 
 3.20000000e-01  3.20000000e-01  1.20000000e+00 -1.31655140e-02  1.31655557e-02  7.34866108e-08 -1.15151023e-07  1.28103145e-18 
 3.30000000e-01  3.30000000e-01  1.20000000e+00 -1.33705346e-02  1.33705761e-02  7.46365627e-08 -1.16134372e-07  3.19208337e-18 
 3.40000000e-01  3.40000000e-01  1.20000000e+00 -1.35624917e-02  1.35625330e-02  7.58008210e-08 -1.17141913e-07  1.75008918e-18 
 3.50000000e-01  3.50000000e-01  1.20000000e+00 -1.37415645e-02  1.37416057e-02  7.69794947e-08 -1.18173715e-07  5.23625180e-18 
 3.60000000e-01  3.60000000e-01  1.20000000e+00 -1.39080620e-02  1.39081031e-02  7.81726924e-08 -1.19229790e-07  7.69046359e-18 
 3.70000000e-01  3.70000000e-01  1.20000000e+00 -1.40624288e-02  1.40624697e-02  7.93805215e-08 -1.20310085e-07  1.31290107e-20 
 3.80000000e-01  3.80000000e-01  1.20000000e+00 -1.42052388e-02  1.42052796e-02  8.06030889e-08 -1.21414476e-07  6.41399817e-18 
 3.90000000e-01  3.90000000e-01  1.20000000e+00 -1.43371777e-02  1.43372184e-02  8.18405007e-08 -1.22542775e-07  1.74269088e-18 
 4.00000000e-01  4.00000000e-01  1.20000000e+00 -1.44590158e-02  1.44590564e-02  8.30928620e-08 -1.23694734e-07  3.81583049e-18 
 4.10000000e-01  4.10000000e-01  1.20000000e+00 -1.45715756e-02  1.45716161e-02  8.43602778e-08 -1.24870063e-07  1.00188116e-18 
 4.20000000e-01  4.20000000e-01  1.20000000e+00 -1.46756996e-02  1.46757400e-02  8.56428521e-08 -1.26068441e-07  6.24959437e-18 
 4.30000000e-01  4.30000000e-01  1.20000000e+00 -1.47722204e-02  1.47722607e-02  8.69406891e-08 -1.27289535e-07  2.63738267e-18 
 4.40000000e-01  4.40000000e-01  1.20000000e+00 -1.48619372e-02  1.48619775e-02  8.82538924e-08 -1.28533009e-07  1.24873832e-18 
 4.50000000e-01  4.50000000e-01  1.20000000e+00 -1.49455991e-02  1.49456393e-02  8.95825658e-08 -1.29798540e-07  4.64425518e-19 
 4.60000000e-01  4.60000000e-01  1.20000000e+00 -1.50238944e-02  1.50239345e-02  9.09268129e-08 -1.31085823e-07  6.84932017e-19 
 4.70000000e-01  4.70000000e-01  1.20000000e+00 -1.50974462e-02  1.50974863e-02  9.22867377e-08 -1.32394572e-07  2.17436005e-18 
 4.80000000e-01  4.80000000e-01  1.20000000e+00 -1.51668118e-02  1.51668519e-02  9.36624439e-08 -1.33724533e-07  2.27482609e-18 
 4.90000000e-01  4.90000000e-01  1.20000000e+00 -1.52324852e-02  1.52325253e-02  9.50540354e-08 -1.35075472e-07  8.10187014e-19 
 5.00000000e-01  5.00000000e-01  1.20000000e+00 -1.52949014e-02  1.52949413e-02  9.64616165e-08 -1.36447186e-07  6.22039821e-20 
 5.10000000e-01  5.10000000e-01  1.20000000e+00 -1.53544414e-02  1.53544813e-02  9.78852914e-08 -1.37839495e-07  7.14657579e-19 
 5.20000000e-01  5.20000000e-01  1.20000000e+00 -1.54114384e-02  1.54114783e-02  9.93251642e-08 -1.39252241e-07  2.64303396e-18 
 5.30000000e-01  5.30000000e-01  1.20000000e+00 -1.54661829e-02  1.54662228e-02  1.00781339e-07 -1.40685288e-07  2.35117817e-18 
 5.40000000e-01  5.40000000e-01  1.20000000e+00 -1.55189281e-02  1.55189680e-02  1.02253922e-07 -1.42138522e-07  4.55824163e-18 
 5.50000000e-01  5.50000000e-01  1.20000000e+00 -1.55698949e-02  1.55699347e-02  1.03743015e-07 -1.43611843e-07  1.02532015e-18 
 5.60000000e-01  5.60000000e-01  1.20000000e+00 -1.56192757e-02  1.56193156e-02  1.05248725e-07 -1.45105167e-07  5.33344883e-18 
 5.70000000e-01  5.70000000e-01  1.20000000e+00 -1.56672390e-02  1.56672788e-02  1.06771155e-07 -1.46618427e-07  4.05344970e-18 
 5.80000000e-01  5.80000000e-01  1.20000000e+00 -1.57139317e-02  1.57139715e-02  1.08310411e-07 -1.48151567e-07  4.69441541e-19 
 5.90000000e-01  5.90000000e-01  1.20000000e+00 -1.57594830e-02  1.57595228e-02  1.09866596e-07 -1.49704540e-07  2.25568844e-18 
 6.00000000e-01  6.00000000e-01  1.20000000e+00 -1.58040061e-02  1.58040459e-02  1.11439817e-07 -1.51277313e-07  3.50238859e-18 
 6.10000000e-01  6.10000000e-01  1.20000000e+00 -1.58476008e-02  1.58476406e-02  1.13030177e-07 -1.52869860e-07  5.38172971e-18 
 6.20000000e-01  6.20000000e-01  1.20000000e+00 -1.58903550e-02  1.58903949e-02  1.14637782e-07 -1.54482164e-07  7.63410943e-18 
 6.30000000e-01  6.30000000e-01  1.20000000e+00 -1.59323467e-02  1.59323866e-02  1.16262736e-07 -1.56114216e-07  8.01425517e-19 
 6.40000000e-01  6.40000000e-01  1.20000000e+00 -1.59736449e-02  1.59736848e-02  1.17905144e-07 -1.57766012e-07  2.93279864e-18 
 6.50000000e-01  6.50000000e-01  1.20000000e+00 -1.60143108e-02  1.60143507e-02  1.19565111e-07 -1.59437556e-07  5.37362996e-18 
 6.60000000e-01  6.60000000e-01  1.20000000e+00 -1.60543992e-02  1.60544391e-02  1.21242743e-07 -1.61128857e-07  1.41359211e-18 
 6.70000000e-01  6.70000000e-01  1.20000000e+00 -1.60939588e-02  1.60939987e-02  1.22938144e-07 -1.62839929e-07  6.98669833e-19 
 6.80000000e-01  6.80000000e-01  1.20000000e+00 -1.61330332e-02  1.61330731e-02  1.24651419e-07 -1.64570792e-07  7.08887168e-18 
 6.90000000e-01  6.90000000e-01  1.20000000e+00 -1.61716616e-02  1.61717016e-02  1.26382674e-07 -1.66321469e-07  5.76016815e-18 
 7.00000000e-01  7.00000000e-01  1.20000000e+00 -1.62098794e-02  1.62099193e-02  1.28132013e-07 -1.68091989e-07  5.04958692e-18 
 7.10000000e-01  7.10000000e-01  1.20000000e+00 -1.62477181e-02  1.62477581e-02  1.29899542e-07 -1.69882382e-07  8.93937397e-19 
 7.20000000e-01  7.20000000e-01  1.20000000e+00 -1.62852065e-02  1.62852466e-02  1.31685367e-07 -1.71692685e-07  9.21757135e-19 
 7.30000000e-01  7.30000000e-01  1.20000000e+00 -1.63223706e-02  1.63224106e-02  1.33489592e-07 -1.73522936e-07  1.07634065e-18 
 7.40000000e-01  7.40000000e-01  1.20000000e+00 -1.63592337e-02  1.63592738e-02  1.35312323e-07 -1.75373176e-07  4.29826869e-18 
 7.50000000e-01  7.50000000e-01  1.20000000e+00 -1.63958174e-02  1.63958575e-02  1.37153666e-07 -1.77243452e-07  5.36568902e-18 
 7.60000000e-01  7.60000000e-01  1.20000000e+00 -1.64321411e-02  1.64321812e-02  1.39013727e-07 -1.79133810e-07  8.99493403e-18 
 7.70000000e-01  7.70000000e-01  1.20000000e+00 -1.64682225e-02  1.64682626e-02  1.40892611e-07 -1.81044302e-07  2.77517110e-18 
 7.80000000e-01  7.80000000e-01  1.20000000e+00 -1.65040779e-02  1.65041181e-02  1.42790425e-07 -1.82974979e-07  2.04950210e-18 
 7.90000000e-01  7.90000000e-01  1.20000000e+00 -1.65397221e-02  1.65397624e-02  1.44707274e-07 -1.84925899e-07  3.49713434e-18 
 8.00000000e-01  8.00000000e-01  1.20000000e+00 -1.65751690e-02  1.65752092e-02  1.46643265e-07 -1.86897118e-07  4.82027921e-18 
 8.10000000e-01  8.10000000e-01  1.20000000e+00 -1.66104309e-02  1.66104712e-02  1.48598504e-07 -1.88888696e-07  2.96011545e-19 
 8.20000000e-01  8.20000000e-01  1.20000000e+00 -1.66455196e-02  1.66455600e-02  1.50573098e-07 -1.90900697e-07  2.18465679e-18 
 8.30000000e-01  8.30000000e-01  1.20000000e+00 -1.66804459e-02  1.66804862e-02  1.52567153e-07 -1.92933183e-07  1.59935702e-18 
 8.40000000e-01  8.40000000e-01  1.20000000e+00 -1.67152196e-02  1.67152600e-02  1.54580777e-07 -1.94986222e-07  2.92528122e-18 
 8.50000000e-01  8.50000000e-01  1.20000000e+00 -1.67498501e-02  1.67498906e-02  1.56614077e-07 -1.97059881e-07  1.20735018e-17 
 8.60000000e-01  8.60000000e-01  1.20000000e+00 -1.67843462e-02  1.67843867e-02  1.58667159e-07 -1.99154231e-07  4.37381344e-18 
 8.70000000e-01  8.70000000e-01  1.20000000e+00 -1.68187159e-02  1.68187564e-02  1.60740132e-07 -2.01269342e-07  1.63794996e-18 
 8.80000000e-01  8.80000000e-01  1.20000000e+00 -1.68529669e-02  1.68530075e-02  1.62833103e-07 -2.03405289e-07  3.69782821e-18 
 8.90000000e-01  8.90000000e-01  1.20000000e+00 -1.68871065e-02  1.68871472e-02  1.64946180e-07 -2.05562146e-07  8.61406038e-18 
 9.00000000e-01  9.00000000e-01  1.20000000e+00 -1.69211418e-02  1.69211825e-02  1.67079472e-07 -2.07739990e-07  2.49461791e-18 
 9.10000000e-01  9.10000000e-01  1.20000000e+00 -1.69550793e-02  1.69551200e-02  1.69233086e-07 -2.09938899e-07  1.31628920e-18 
 9.20000000e-01  9.20000000e-01  1.20000000e+00 -1.69889253e-02  1.69889661e-02  1.71407133e-07 -2.12158954e-07  9.07278166e-19 
 9.30000000e-01  9.30000000e-01  1.20000000e+00 -1.70226863e-02  1.70227271e-02  1.73601720e-07 -2.14400234e-07  1.56605804e-18 
 9.40000000e-01  9.40000000e-01  1.20000000e+00 -1.70563681e-02  1.70564090e-02  1.75816957e-07 -2.16662823e-07  2.08756564e-18 
 9.50000000e-01  9.50000000e-01  1.20000000e+00 -1.70899768e-02  1.70900177e-02  1.78052954e-07 -2.18946804e-07  5.99622564e-18 
 9.60000000e-01  9.60000000e-01  1.20000000e+00 -1.71235183e-02  1.71235592e-02  1.80309821e-07 -2.21252263e-07  2.94952754e-18 
 9.70000000e-01  9.70000000e-01  1.20000000e+00 -1.71569983e-02  1.71570393e-02  1.82587667e-07 -2.23579287e-07  1.76744012e-18 
 9.80000000e-01  9.80000000e-01  1.20000000e+00 -1.71904229e-02  1.71904639e-02  1.84886604e-07 -2.25927963e-07  4.49554796e-18 
 9.90000000e-01  9.90000000e-01  1.20000000e+00 -1.72237978e-02  1.72238389e-02  1.87206742e-07 -2.28298381e-07  3.14085111e-18 
 1.00000000e+00  1.00000000e+00  1.20000000e+00 -1.72571291e-02  1.72571703e-02  1.89548193e-07 -2.30690631e-07  4.03587377e-18 
 1.01000000e+00  1.01000000e+00  1.20000000e+00 -1.72904230e-02  1.72904642e-02  1.91911069e-07 -2.33104805e-07  2.37373043e-18 
 1.02000000e+00  1.02000000e+00  1.20000000e+00 -1.73236856e-02  1.73237268e-02  1.94295480e-07 -2.35540995e-07  7.03177636e-18 
 1.03000000e+00  1.03000000e+00  1.20000000e+00 -1.73569234e-02  1.73569647e-02  1.96701540e-07 -2.37999296e-07  1.31962439e-18 
 1.04000000e+00  1.04000000e+00  1.20000000e+00 -1.73901429e-02  1.73901843e-02  1.99129362e-07 -2.40479803e-07  3.82451258e-18 
 1.05000000e+00  1.05000000e+00  1.20000000e+00 -1.74233511e-02  1.74233925e-02  2.01579058e-07 -2.42982613e-07  5.42672833e-18 
 1.06000000e+00  1.06000000e+00  1.20000000e+00 -1.74565549e-02  1.74565963e-02  2.04050742e-07 -2.45507822e-07  6.48353429e-18 
 1.07000000e+00  1.07000000e+00  1.20000000e+00 -1.74897617e-02  1.74898032e-02  2.06544528e-07 -2.48055529e-07  5.03137571e-19 
 1.08000000e+00  1.08000000e+00  1.20000000e+00 -1.75229791e-02  1.75230207e-02  2.09060531e-07 -2.50625834e-07  1.10754058e-17 
 1.09000000e+00  1.09000000e+00  1.20000000e+00 -1.75562151e-02  1.75562567e-02  2.11598866e-07 -2.53218838e-07  2.58564748e-18 
 1.10000000e+00  1.10000000e+00  1.20000000e+00 -1.75894779e-02  1.75895196e-02  2.14159647e-07 -2.55834642e-07  9.62081197e-18 
 1.11000000e+00  1.11000000e+00  1.20000000e+00 -1.76227761e-02  1.76228178e-02  2.16742990e-07 -2.58473349e-07  2.72225801e-18 
 1.12000000e+00  1.12000000e+00  1.20000000e+00 -1.76561185e-02  1.76561603e-02  2.19349013e-07 -2.61135063e-07  9.05404105e-18 
 1.13000000e+00  1.13000000e+00  1.20000000e+00 -1.76895146e-02  1.76895564e-02  2.21977830e-07 -2.63819888e-07  6.46000265e-18 
 1.14000000e+00  1.14000000e+00  1.20000000e+00 -1.77229739e-02  1.77230158e-02  2.24629561e-07 -2.66527932e-07  6.11653079e-18 
 1.15000000e+00  1.15000000e+00  1.20000000e+00 -1.77565066e-02  1.77565486e-02  2.27304322e-07 -2.69259300e-07  3.27690578e-18 
 1.16000000e+00  1.16000000e+00  1.20000000e+00 -1.77901231e-02  1.77901652e-02  2.30002232e-07 -2.72014102e-07  7.89461177e-19 
 1.17000000e+00  1.17000000e+00  1.20000000e+00 -1.78238343e-02  1.78238764e-02  2.32723409e-07 -2.74792445e-07  9.11894495e-18 
 1.18000000e+00  1.18000000e+00  1.20000000e+00 -1.78576514e-02  1.78576936e-02  2.35467973e-07 -2.77594444e-07  2.67416242e-18 
 1.19000000e+00  1.19000000e+00  1.20000000e+00 -1.78915862e-02  1.78916284e-02  2.38236044e-07 -2.80420208e-07  1.23396819e-18 
 1.20000000e+00  1.20000000e+00  1.20000000e+00 -1.79256506e-02  1.79256929e-02  2.41027741e-07 -2.83269771e-07  9.04048853e-19 
