Title: * mosfet ac analysis circuit
Date: Tue May 13 15:15:14  2025
Plotname: Transient Analysis
Flags: real
No. Variables: 6
No. Points: 922
Variables:
	0	time	time
	1	v(gate_q)	voltage
	2	i(vgq)	current
	3	i(vdq)	current
	4	i(vsq)	current
	5	i(vbq)	current
Values:
 0	0.000000000000000e+00
	0.000000000000000e+00
	5.912104114369598e-09
	-5.576813516046756e-07
	5.517691731106838e-07
	7.437962203615329e-14

 1	1.000000000000000e-13
	0.000000000000000e+00
	5.912104114772908e-09
	-5.576813516158788e-07
	5.517691730918736e-07
	7.437720220957425e-14

 2	2.000000000000000e-13
	0.000000000000000e+00
	5.912104114096354e-09
	-5.576813516168893e-07
	5.517691730973200e-07
	7.437636213468721e-14

 3	4.000000000000000e-13
	0.000000000000000e+00
	5.912104115108745e-09
	-5.576813516118500e-07
	5.517691730979827e-07
	7.438232345694883e-14

 4	8.000000000000000e-13
	0.000000000000000e+00
	5.912104114729391e-09
	-5.576813516183413e-07
	5.517691731134880e-07
	7.438556333300007e-14

 5	1.600000000000000e-12
	0.000000000000000e+00
	5.912104114250825e-09
	-5.576813516051647e-07
	5.517691731108508e-07
	7.437918342408070e-14

 6	3.200000000000000e-12
	0.000000000000000e+00
	5.912104114715157e-09
	-5.576813516030853e-07
	5.517691731092138e-07
	7.437845783365262e-14

 7	6.400000000000000e-12
	0.000000000000000e+00
	5.912104114183549e-09
	-5.576813516047060e-07
	5.517691731099008e-07
	7.437974358276221e-14

 8	1.280000000000000e-11
	0.000000000000000e+00
	5.912104114424702e-09
	-5.576813516037614e-07
	5.517691731100849e-07
	7.437924714961489e-14

 9	2.280000000000000e-11
	0.000000000000000e+00
	5.912104114395900e-09
	-5.576813516044979e-07
	5.517691731107086e-07
	7.437947679811578e-14

 10	3.280000000000000e-11
	0.000000000000000e+00
	5.912104114413191e-09
	-5.576813516045748e-07
	5.517691731105680e-07
	7.437964069415676e-14

 11	4.280000000000000e-11
	0.000000000000000e+00
	5.912104114413191e-09
	-5.576813516045748e-07
	5.517691731105678e-07
	7.437964041138701e-14

 12	5.279999999999999e-11
	0.000000000000000e+00
	5.912104114413191e-09
	-5.576813516045748e-07
	5.517691731105680e-07
	7.437964042906986e-14

 13	6.279999999999999e-11
	0.000000000000000e+00
	5.912104114413191e-09
	-5.576813516045748e-07
	5.517691731105680e-07
	7.437964042832514e-14

 14	7.280000000000000e-11
	0.000000000000000e+00
	5.912104114413191e-09
	-5.576813516045748e-07
	5.517691731105680e-07
	7.437964042843487e-14

 15	8.280000000000000e-11
	0.000000000000000e+00
	5.912104114413191e-09
	-5.576813516045748e-07
	5.517691731105680e-07
	7.437964042844017e-14

 16	9.280000000000001e-11
	0.000000000000000e+00
	5.912104114413191e-09
	-5.576813516045748e-07
	5.517691731105680e-07
	7.437964042843974e-14

 17	1.028000000000000e-10
	0.000000000000000e+00
	5.912104114413191e-09
	-5.576813516045748e-07
	5.517691731105680e-07
	7.437964042843972e-14

 18	1.128000000000000e-10
	0.000000000000000e+00
	5.912104114413191e-09
	-5.576813516045748e-07
	5.517691731105680e-07
	7.437964042843972e-14

 19	1.228000000000000e-10
	0.000000000000000e+00
	5.912104114413191e-09
	-5.576813516045748e-07
	5.517691731105680e-07
	7.437964042843972e-14

 20	1.328000000000000e-10
	0.000000000000000e+00
	5.912104114413191e-09
	-5.576813516045748e-07
	5.517691731105680e-07
	7.437964042843972e-14

 21	1.428000000000000e-10
	0.000000000000000e+00
	5.912104114413191e-09
	-5.576813516045748e-07
	5.517691731105680e-07
	7.437964042843972e-14

 22	1.528000000000000e-10
	0.000000000000000e+00
	5.912104114413191e-09
	-5.576813516045748e-07
	5.517691731105680e-07
	7.437964042843972e-14

 23	1.628000000000000e-10
	0.000000000000000e+00
	5.912104114413191e-09
	-5.576813516045748e-07
	5.517691731105680e-07
	7.437964042843972e-14

 24	1.728000000000000e-10
	0.000000000000000e+00
	5.912104114413191e-09
	-5.576813516045748e-07
	5.517691731105680e-07
	7.437964042843972e-14

 25	1.828000000000000e-10
	0.000000000000000e+00
	5.912104114413191e-09
	-5.576813516045748e-07
	5.517691731105680e-07
	7.437964042843972e-14

 26	1.927999999999999e-10
	0.000000000000000e+00
	5.912104114413191e-09
	-5.576813516045748e-07
	5.517691731105680e-07
	7.437964042843972e-14

 27	2.027999999999999e-10
	0.000000000000000e+00
	5.912104114413191e-09
	-5.576813516045748e-07
	5.517691731105680e-07
	7.437964042843972e-14

 28	2.127999999999999e-10
	0.000000000000000e+00
	5.912104114413191e-09
	-5.576813516045748e-07
	5.517691731105680e-07
	7.437964042843972e-14

 29	2.227999999999999e-10
	0.000000000000000e+00
	5.912104114413191e-09
	-5.576813516045748e-07
	5.517691731105680e-07
	7.437964042843972e-14

 30	2.327999999999999e-10
	0.000000000000000e+00
	5.912104114413191e-09
	-5.576813516045748e-07
	5.517691731105680e-07
	7.437964042843972e-14

 31	2.427999999999999e-10
	0.000000000000000e+00
	5.912104114413191e-09
	-5.576813516045748e-07
	5.517691731105680e-07
	7.437964042843972e-14

 32	2.527999999999999e-10
	0.000000000000000e+00
	5.912104114413191e-09
	-5.576813516045748e-07
	5.517691731105680e-07
	7.437964042843972e-14

 33	2.628000000000000e-10
	0.000000000000000e+00
	5.912104114413191e-09
	-5.576813516045748e-07
	5.517691731105680e-07
	7.437964042843972e-14

 34	2.728000000000000e-10
	0.000000000000000e+00
	5.912104114413191e-09
	-5.576813516045748e-07
	5.517691731105680e-07
	7.437964042843972e-14

 35	2.828000000000000e-10
	0.000000000000000e+00
	5.912104114413191e-09
	-5.576813516045748e-07
	5.517691731105680e-07
	7.437964042843972e-14

 36	2.928000000000000e-10
	0.000000000000000e+00
	5.912104114413191e-09
	-5.576813516045748e-07
	5.517691731105680e-07
	7.437964042843972e-14

 37	3.028000000000000e-10
	0.000000000000000e+00
	5.912104114413191e-09
	-5.576813516045748e-07
	5.517691731105680e-07
	7.437964042843972e-14

 38	3.128000000000000e-10
	0.000000000000000e+00
	5.912104114413191e-09
	-5.576813516045748e-07
	5.517691731105680e-07
	7.437964042843972e-14

 39	3.228000000000001e-10
	0.000000000000000e+00
	5.912104114413191e-09
	-5.576813516045748e-07
	5.517691731105680e-07
	7.437964042843972e-14

 40	3.328000000000001e-10
	0.000000000000000e+00
	5.912104114413191e-09
	-5.576813516045748e-07
	5.517691731105680e-07
	7.437964042843972e-14

 41	3.428000000000001e-10
	0.000000000000000e+00
	5.912104114413191e-09
	-5.576813516045748e-07
	5.517691731105680e-07
	7.437964042843972e-14

 42	3.528000000000001e-10
	0.000000000000000e+00
	5.912104114413191e-09
	-5.576813516045748e-07
	5.517691731105680e-07
	7.437964042843972e-14

 43	3.628000000000001e-10
	0.000000000000000e+00
	5.912104114413191e-09
	-5.576813516045748e-07
	5.517691731105680e-07
	7.437964042843972e-14

 44	3.728000000000001e-10
	0.000000000000000e+00
	5.912104114413191e-09
	-5.576813516045748e-07
	5.517691731105680e-07
	7.437964042843972e-14

 45	3.828000000000002e-10
	0.000000000000000e+00
	5.912104114413191e-09
	-5.576813516045748e-07
	5.517691731105680e-07
	7.437964042843972e-14

 46	3.928000000000002e-10
	0.000000000000000e+00
	5.912104114413191e-09
	-5.576813516045748e-07
	5.517691731105680e-07
	7.437964042843972e-14

 47	4.028000000000002e-10
	0.000000000000000e+00
	5.912104114413191e-09
	-5.576813516045748e-07
	5.517691731105680e-07
	7.437964042843972e-14

 48	4.128000000000002e-10
	0.000000000000000e+00
	5.912104114413191e-09
	-5.576813516045748e-07
	5.517691731105680e-07
	7.437964042843972e-14

 49	4.228000000000002e-10
	0.000000000000000e+00
	5.912104114413191e-09
	-5.576813516045748e-07
	5.517691731105680e-07
	7.437964042843972e-14

 50	4.328000000000003e-10
	0.000000000000000e+00
	5.912104114413191e-09
	-5.576813516045748e-07
	5.517691731105680e-07
	7.437964042843972e-14

 51	4.428000000000003e-10
	0.000000000000000e+00
	5.912104114413191e-09
	-5.576813516045748e-07
	5.517691731105680e-07
	7.437964042843972e-14

 52	4.528000000000003e-10
	0.000000000000000e+00
	5.912104114413191e-09
	-5.576813516045748e-07
	5.517691731105680e-07
	7.437964042843972e-14

 53	4.628000000000003e-10
	0.000000000000000e+00
	5.912104114413191e-09
	-5.576813516045748e-07
	5.517691731105680e-07
	7.437964042843972e-14

 54	4.728000000000003e-10
	0.000000000000000e+00
	5.912104114413191e-09
	-5.576813516045748e-07
	5.517691731105680e-07
	7.437964042843972e-14

 55	4.828000000000002e-10
	0.000000000000000e+00
	5.912104114413191e-09
	-5.576813516045748e-07
	5.517691731105680e-07
	7.437964042843972e-14

 56	4.928000000000002e-10
	0.000000000000000e+00
	5.912104114413191e-09
	-5.576813516045748e-07
	5.517691731105680e-07
	7.437964042843972e-14

 57	5.028000000000002e-10
	0.000000000000000e+00
	5.912104114413191e-09
	-5.576813516045748e-07
	5.517691731105680e-07
	7.437964042843972e-14

 58	5.128000000000001e-10
	0.000000000000000e+00
	5.912104114413191e-09
	-5.576813516045748e-07
	5.517691731105680e-07
	7.437964042843972e-14

 59	5.228000000000001e-10
	0.000000000000000e+00
	5.912104114413191e-09
	-5.576813516045748e-07
	5.517691731105680e-07
	7.437964042843972e-14

 60	5.328000000000001e-10
	0.000000000000000e+00
	5.912104114413191e-09
	-5.576813516045748e-07
	5.517691731105680e-07
	7.437964042843972e-14

 61	5.428000000000000e-10
	0.000000000000000e+00
	5.912104114413191e-09
	-5.576813516045748e-07
	5.517691731105680e-07
	7.437964042843972e-14

 62	5.528000000000000e-10
	0.000000000000000e+00
	5.912104114413191e-09
	-5.576813516045748e-07
	5.517691731105680e-07
	7.437964042843972e-14

 63	5.628000000000000e-10
	0.000000000000000e+00
	5.912104114413191e-09
	-5.576813516045748e-07
	5.517691731105680e-07
	7.437964042843972e-14

 64	5.727999999999999e-10
	0.000000000000000e+00
	5.912104114413191e-09
	-5.576813516045748e-07
	5.517691731105680e-07
	7.437964042843972e-14

 65	5.827999999999999e-10
	0.000000000000000e+00
	5.912104114413191e-09
	-5.576813516045748e-07
	5.517691731105680e-07
	7.437964042843972e-14

 66	5.927999999999999e-10
	0.000000000000000e+00
	5.912104114413191e-09
	-5.576813516045748e-07
	5.517691731105680e-07
	7.437964042843972e-14

 67	6.027999999999998e-10
	0.000000000000000e+00
	5.912104114413191e-09
	-5.576813516045748e-07
	5.517691731105680e-07
	7.437964042843972e-14

 68	6.127999999999998e-10
	0.000000000000000e+00
	5.912104114413191e-09
	-5.576813516045748e-07
	5.517691731105680e-07
	7.437964042843972e-14

 69	6.227999999999998e-10
	0.000000000000000e+00
	5.912104114413191e-09
	-5.576813516045748e-07
	5.517691731105680e-07
	7.437964042843972e-14

 70	6.327999999999997e-10
	0.000000000000000e+00
	5.912104114413191e-09
	-5.576813516045748e-07
	5.517691731105680e-07
	7.437964042843972e-14

 71	6.427999999999997e-10
	0.000000000000000e+00
	5.912104114413191e-09
	-5.576813516045748e-07
	5.517691731105680e-07
	7.437964042843972e-14

 72	6.527999999999996e-10
	0.000000000000000e+00
	5.912104114413191e-09
	-5.576813516045748e-07
	5.517691731105680e-07
	7.437964042843972e-14

 73	6.627999999999996e-10
	0.000000000000000e+00
	5.912104114413191e-09
	-5.576813516045748e-07
	5.517691731105680e-07
	7.437964042843972e-14

 74	6.727999999999996e-10
	0.000000000000000e+00
	5.912104114413191e-09
	-5.576813516045748e-07
	5.517691731105680e-07
	7.437964042843972e-14

 75	6.827999999999995e-10
	0.000000000000000e+00
	5.912104114413191e-09
	-5.576813516045748e-07
	5.517691731105680e-07
	7.437964042843972e-14

 76	6.927999999999995e-10
	0.000000000000000e+00
	5.912104114413191e-09
	-5.576813516045748e-07
	5.517691731105680e-07
	7.437964042843972e-14

 77	7.027999999999995e-10
	0.000000000000000e+00
	5.912104114413191e-09
	-5.576813516045748e-07
	5.517691731105680e-07
	7.437964042843972e-14

 78	7.127999999999994e-10
	0.000000000000000e+00
	5.912104114413191e-09
	-5.576813516045748e-07
	5.517691731105680e-07
	7.437964042843972e-14

 79	7.227999999999994e-10
	0.000000000000000e+00
	5.912104114413191e-09
	-5.576813516045748e-07
	5.517691731105680e-07
	7.437964042843972e-14

 80	7.327999999999994e-10
	0.000000000000000e+00
	5.912104114413191e-09
	-5.576813516045748e-07
	5.517691731105680e-07
	7.437964042843972e-14

 81	7.427999999999993e-10
	0.000000000000000e+00
	5.912104114413191e-09
	-5.576813516045748e-07
	5.517691731105680e-07
	7.437964042843972e-14

 82	7.527999999999993e-10
	0.000000000000000e+00
	5.912104114413191e-09
	-5.576813516045748e-07
	5.517691731105680e-07
	7.437964042843972e-14

 83	7.627999999999993e-10
	0.000000000000000e+00
	5.912104114413191e-09
	-5.576813516045748e-07
	5.517691731105680e-07
	7.437964042843972e-14

 84	7.727999999999992e-10
	0.000000000000000e+00
	5.912104114413191e-09
	-5.576813516045748e-07
	5.517691731105680e-07
	7.437964042843972e-14

 85	7.827999999999992e-10
	0.000000000000000e+00
	5.912104114413191e-09
	-5.576813516045748e-07
	5.517691731105680e-07
	7.437964042843972e-14

 86	7.927999999999992e-10
	0.000000000000000e+00
	5.912104114413191e-09
	-5.576813516045748e-07
	5.517691731105680e-07
	7.437964042843972e-14

 87	8.027999999999991e-10
	0.000000000000000e+00
	5.912104114413191e-09
	-5.576813516045748e-07
	5.517691731105680e-07
	7.437964042843972e-14

 88	8.127999999999991e-10
	0.000000000000000e+00
	5.912104114413191e-09
	-5.576813516045748e-07
	5.517691731105680e-07
	7.437964042843972e-14

 89	8.227999999999991e-10
	0.000000000000000e+00
	5.912104114413191e-09
	-5.576813516045748e-07
	5.517691731105680e-07
	7.437964042843972e-14

 90	8.327999999999990e-10
	0.000000000000000e+00
	5.912104114413191e-09
	-5.576813516045748e-07
	5.517691731105680e-07
	7.437964042843972e-14

 91	8.427999999999990e-10
	0.000000000000000e+00
	5.912104114413191e-09
	-5.576813516045748e-07
	5.517691731105680e-07
	7.437964042843972e-14

 92	8.527999999999990e-10
	0.000000000000000e+00
	5.912104114413191e-09
	-5.576813516045748e-07
	5.517691731105680e-07
	7.437964042843972e-14

 93	8.627999999999989e-10
	0.000000000000000e+00
	5.912104114413191e-09
	-5.576813516045748e-07
	5.517691731105680e-07
	7.437964042843972e-14

 94	8.727999999999989e-10
	0.000000000000000e+00
	5.912104114413191e-09
	-5.576813516045748e-07
	5.517691731105680e-07
	7.437964042843972e-14

 95	8.827999999999989e-10
	0.000000000000000e+00
	5.912104114413191e-09
	-5.576813516045748e-07
	5.517691731105680e-07
	7.437964042843972e-14

 96	8.927999999999988e-10
	0.000000000000000e+00
	5.912104114413191e-09
	-5.576813516045748e-07
	5.517691731105680e-07
	7.437964042843972e-14

 97	9.027999999999988e-10
	0.000000000000000e+00
	5.912104114413191e-09
	-5.576813516045748e-07
	5.517691731105680e-07
	7.437964042843972e-14

 98	9.127999999999988e-10
	0.000000000000000e+00
	5.912104114413191e-09
	-5.576813516045748e-07
	5.517691731105680e-07
	7.437964042843972e-14

 99	9.227999999999987e-10
	0.000000000000000e+00
	5.912104114413191e-09
	-5.576813516045748e-07
	5.517691731105680e-07
	7.437964042843972e-14

 100	9.327999999999987e-10
	0.000000000000000e+00
	5.912104114413191e-09
	-5.576813516045748e-07
	5.517691731105680e-07
	7.437964042843972e-14

 101	9.427999999999986e-10
	0.000000000000000e+00
	5.912104114413191e-09
	-5.576813516045748e-07
	5.517691731105680e-07
	7.437964042843972e-14

 102	9.527999999999986e-10
	0.000000000000000e+00
	5.912104114413191e-09
	-5.576813516045748e-07
	5.517691731105680e-07
	7.437964042843972e-14

 103	9.627999999999986e-10
	0.000000000000000e+00
	5.912104114413191e-09
	-5.576813516045748e-07
	5.517691731105680e-07
	7.437964042843972e-14

 104	9.727999999999985e-10
	0.000000000000000e+00
	5.912104114413191e-09
	-5.576813516045748e-07
	5.517691731105680e-07
	7.437964042843972e-14

 105	9.827999999999985e-10
	0.000000000000000e+00
	5.912104114413191e-09
	-5.576813516045748e-07
	5.517691731105680e-07
	7.437964042843972e-14

 106	9.927999999999985e-10
	0.000000000000000e+00
	5.912104114413191e-09
	-5.576813516045748e-07
	5.517691731105680e-07
	7.437964042843972e-14

 107	1.000000000000000e-09
	0.000000000000000e+00
	5.912104114322054e-09
	-5.576813516038049e-07
	5.517691731102531e-07
	7.437908336967339e-14

 108	1.000000002472480e-09
	2.472480280843726e-07
	1.276235404329555e-09
	-5.558537297889643e-07
	5.545767888586016e-07
	4.139137540737375e-13

 109	1.000000007417441e-09
	7.417440842531179e-07
	-7.995425669679653e-09
	-5.521976748668715e-07
	5.601911330489456e-07
	1.906872372842078e-12

 110	1.000000017307362e-09
	1.730736217270124e-06
	-2.653838185082141e-08
	-5.448903952129954e-07
	5.714200635320940e-07
	8.792808296359044e-12

 111	1.000000037087205e-09
	3.708720483304135e-06
	-6.362278096096376e-08
	-5.302791748118172e-07
	5.938634347332230e-07
	3.860731201017794e-11

 112	1.000000076646890e-09
	7.664688994692644e-06
	-1.377854949410332e-07
	-5.010800049237618e-07
	6.387032939933595e-07
	1.622398094955409e-10

 113	1.000000155766260e-09
	1.557662603814918e-05
	-2.860866215738796e-07
	-4.427729810197944e-07
	7.281984334793770e-07
	6.611814347535848e-10

 114	1.000000314005001e-09
	3.140050012506224e-05
	-5.825921457514245e-07
	-3.265124036375253e-07
	9.064745692804231e-07
	2.629964814619220e-09

 115	1.000000630482483e-09
	6.304824829888836e-05
	-1.175220018966166e-06
	-9.532133778580832e-08
	1.260359032609647e-06
	1.018231923555362e-08

 116	1.000001263437447e-09
	1.263437446465406e-04
	-2.358969478979109e-06
	3.623329929942433e-07
	1.958768783629150e-06
	3.786770558682216e-08

 117	1.000002529347373e-09
	2.529347373418451e-04
	-4.720609087921663e-06
	1.262399751847302e-06
	3.326269568968455e-06
	1.319397662652847e-07

 118	1.000005061167227e-09
	5.061167227117746e-04
	-9.421314074537209e-06
	3.020074063713894e-06
	5.984668266244955e-06
	4.165717451899837e-07

 119	1.000010124806935e-09
	1.012480693451634e-03
	-1.873589975061510e-05
	6.433325558872198e-06
	1.114101872692838e-05
	1.161555464704250e-06

 120	1.000015669851515e-09
	1.566985151540462e-03
	-2.880657367195535e-05
	1.006707899414638e-05
	1.664916985070705e-05
	2.090324827118764e-06

 121	1.000022723814208e-09
	2.272381420744011e-03
	-4.142615526476467e-05
	1.457221633119987e-05
	2.351795816111692e-05
	3.335980772524997e-06

 122	1.000031331758081e-09
	3.133175808096685e-03
	-5.654067315322026e-05
	1.991502949786393e-05
	3.171521331947977e-05
	4.910430336124663e-06

 123	1.000039136816087e-09
	3.913681608693109e-03
	-6.997913578664459e-05
	2.462365119631808e-05
	3.897668273489241e-05
	6.378801855845780e-06

 124	1.000047836864041e-09
	4.783686404136453e-03
	-8.466607449526986e-05
	2.973189675934804e-05
	4.688335021870292e-05
	8.050827517122186e-06

 125	1.000055776855070e-09
	5.577685507018537e-03
	-9.780585641560498e-05
	3.427356376889585e-05
	5.393188673142502e-05
	9.600405914951180e-06

 126	1.000064371742547e-09
	6.437174254687294e-03
	-1.117512242165778e-04
	3.906943395345043e-05
	6.138810581070749e-05
	1.129368445226297e-05

 127	1.000072457249852e-09
	7.245724985170985e-03
	-1.246112012281356e-04
	4.347339015947743e-05
	6.824330870301614e-05
	1.289450236560225e-05

 128	1.000081051176880e-09
	8.105117687988920e-03
	-1.380103057521134e-04
	4.804617736027795e-05
	7.536643506604127e-05
	1.459769332558374e-05

 129	1.000089305367541e-09
	8.930536754142290e-03
	-1.506233833661313e-04
	5.233816489992948e-05
	8.205507169928715e-05
	1.623014676687966e-05

 130	1.000097947573727e-09
	9.794757372706006e-03
	-1.635657869921338e-04
	5.673154262066519e-05
	8.890303539325433e-05
	1.793120897827524e-05

 131	1.000106361771835e-09
	1.063617718347592e-02
	-1.759128546858502e-04
	6.091409754900537e-05
	9.542292774700488e-05
	1.957582938993455e-05

 132	1.000115072236366e-09
	1.150722363654587e-02
	-1.884362880790375e-04
	6.514889099634320e-05
	1.020241908076867e-04
	2.126320627496545e-05

 133	1.000123634058416e-09
	1.236340584161280e-02
	-2.004950819154215e-04
	6.922023365859461e-05
	1.083705806011760e-04
	2.290426765561090e-05

 134	1.000132425917814e-09
	1.324259178144062e-02
	-2.126244192043846e-04
	7.330984886802954e-05
	1.147453648647015e-04
	2.456920547160554e-05

 135	1.000141126951675e-09
	1.411269516752788e-02
	-2.243808585123224e-04
	7.726889738708780e-05
	1.209168983120555e-04
	2.619506281310055e-05

 136	1.000150010704172e-09
	1.500107041715019e-02
	-2.361354514147427e-04
	8.122298285874826e-05
	1.270812890084591e-04
	2.783117954779649e-05

 137	1.000158845785693e-09
	1.588457856930090e-02
	-2.475816537946813e-04
	8.506941139370133e-05
	1.330789742546975e-04
	2.943326814650203e-05

 138	1.000167829781251e-09
	1.678297812511171e-02
	-2.589766320266090e-04
	8.889501296505120e-05
	1.390457948695918e-04
	3.103582419198908e-05

 139	1.000176795852534e-09
	1.767958525336838e-02
	-2.701086838106050e-04
	9.262897722791757e-05
	1.448718956164652e-04
	3.260781096593116e-05

 140	1.000185886751487e-09
	1.858867514872716e-02
	-2.811560602622079e-04
	9.633135433612073e-05
	1.506514582214419e-04
	3.417324770445977e-05

 141	1.000194982234878e-09
	1.949822348782668e-02
	-2.919727649272362e-04
	9.995337869787357e-05
	1.563089301355431e-04
	3.571045609379726e-05

 142	1.000204185485792e-09
	2.041854857915831e-02
	-3.026824114435934e-04
	1.035366080708683e-04
	1.619096936307257e-04
	3.723610974212997e-05

 143	1.000213409897910e-09
	2.134098979100247e-02
	-3.131845048786107e-04
	1.070475186817003e-04
	1.674018726428686e-04
	3.873511355407967e-05

 144	1.000222730102503e-09
	2.227301025027612e-02
	-3.235648522744604e-04
	1.105149008390548e-04
	1.728309342404330e-04
	4.021901719506013e-05

 145	1.000232083774886e-09
	2.320837748863609e-02
	-3.337544516349905e-04
	1.139157655995890e-04
	1.781613436518968e-04
	4.167734238350732e-05

 146	1.000241524945454e-09
	2.415249454541203e-02
	-3.438129649382998e-04
	1.172700913276797e-04
	1.834247931810219e-04
	4.311808042948901e-05

 147	1.000251008817832e-09
	2.510088178317529e-02
	-3.536931762649941e-04
	1.205621675178149e-04
	1.885970252569321e-04
	4.453398349012826e-05

 148	1.000260574559549e-09
	2.605745595492111e-02
	-3.634366780944532e-04
	1.238058934283006e-04
	1.937002030403619e-04
	4.593058162580055e-05

 149	1.000270190028303e-09
	2.701900283026666e-02
	-3.730113187621771e-04
	1.269905849765391e-04
	1.987178500399449e-04
	4.730288374552415e-05

 150	1.000279883669970e-09
	2.798836699698085e-02
	-3.824462107789660e-04
	1.301259500829590e-04
	2.036655367741738e-04
	4.865472392164501e-05

 151	1.000289632478244e-09
	2.896324782440887e-02
	-3.917196142357200e-04
	1.332047742104156e-04
	2.085321541339785e-04
	4.998268589141283e-05

 152	1.000299457166059e-09
	2.994571660591245e-02
	-4.008520282802409e-04
	1.362338774703564e-04
	2.133287114350373e-04
	5.128943937465741e-05

 153	1.000309341323877e-09
	3.093413238764413e-02
	-4.098289061430685e-04
	1.392084390590645e-04
	2.180478006972065e-04
	5.257266638687228e-05

 154	1.000319300088608e-09
	3.193000886082491e-02
	-4.186648068145737e-04
	1.421332909686510e-04
	2.226972755579471e-04
	5.383424028769872e-05

 155	1.000329321814840e-09
	3.293218148402707e-02
	-4.273501511861440e-04
	1.450052631366028e-04
	2.272722791583006e-04
	5.507260889131897e-05

 156	1.000339417619801e-09
	3.394176198013564e-02
	-4.358954048760627e-04
	1.478278199661956e-04
	2.317784818776714e-04
	5.628910303213694e-05

 157	1.000349579299662e-09
	3.495792996622565e-02
	-4.442944185090076e-04
	1.505989293074055e-04
	2.362127845468974e-04
	5.748270465486309e-05

 158	1.000359815074904e-09
	3.598150749037800e-02
	-4.525548393653098e-04
	1.533211156962813e-04
	2.405793470835719e-04
	5.865437658542552e-05

 159	1.000370119228620e-09
	3.701192286197384e-02
	-4.606728852979446e-04
	1.559931310405702e-04
	2.448762806761991e-04
	5.980347358106802e-05

 160	1.000380497894783e-09
	3.804978947824395e-02
	-4.686542649966800e-04
	1.586168546167554e-04
	2.491067003110983e-04
	6.093071006900120e-05

 161	1.000390947154334e-09
	3.909471543342181e-02
	-4.764968298530406e-04
	1.611915783614522e-04
	2.532695501523099e-04
	6.203570133917593e-05

 162	1.000401471639109e-09
	4.014716391086900e-02
	-4.842049563728539e-04
	1.637187389893409e-04
	2.573672222763273e-04
	6.311899510729352e-05

 163	1.000412068730392e-09
	4.120687303918292e-02
	-4.917776229718656e-04
	1.661980002067670e-04
	2.613992337121248e-04
	6.418038905296858e-05

 164	1.000422741979390e-09
	4.227419793901533e-02
	-4.992182917097207e-04
	1.686304954987978e-04
	2.653674764307692e-04
	6.522031977997300e-05

 165	1.000433489708348e-09
	4.334897083483220e-02
	-5.065267183537142e-04
	1.710161443213549e-04
	2.692718610879713e-04
	6.623871294437929e-05

 166	1.000444314691618e-09
	4.443146916174954e-02
	-5.137057378857500e-04
	1.733558725393890e-04
	2.731139336256399e-04
	6.723593172081730e-05

 167	1.000455215932920e-09
	4.552159329198369e-02
	-5.207556422128349e-04
	1.756497753916167e-04
	2.768938749736309e-04
	6.821199184762190e-05

 168	1.000466195648380e-09
	4.661956483801546e-02
	-5.276788365844058e-04
	1.778986365748706e-04
	2.806129915314768e-04
	6.916720847818133e-05

 169	1.000477253335506e-09
	4.772533355056652e-02
	-5.344759824931256e-04
	1.801026719122799e-04
	2.842716495860337e-04
	7.010166099489284e-05

 170	1.000488390809592e-09
	4.883908095924062e-02
	-5.411491909163353e-04
	1.822625676691300e-04
	2.878709896605644e-04
	7.101563358673582e-05

 171	1.000499607925941e-09
	4.996079259412595e-02
	-5.476993778399535e-04
	1.843786220929198e-04
	2.914115049524255e-04
	7.190925079448616e-05

 172	1.000510906212092e-09
	5.109062120915661e-02
	-5.541284527369555e-04
	1.864514544733439e-04
	2.948942210501210e-04
	7.278277721324951e-05

 173	1.000522285782323e-09
	5.222857823228772e-02
	-5.604375064380282e-04
	1.884814190133860e-04
	2.983197178441308e-04
	7.363636958062519e-05

 174	1.000533747957319e-09
	5.337479573185831e-02
	-5.666283102235641e-04
	1.904690886399584e-04
	3.016889411796567e-04
	7.447028040394523e-05

 175	1.000545293038584e-09
	5.452930385835355e-02
	-5.727020747224456e-04
	1.924148551315221e-04
	3.050025300754187e-04
	7.528468951562894e-05

 176	1.000556922197307e-09
	5.569221973072540e-02
	-5.786604759443418e-04
	1.943192588483468e-04
	3.082613748799698e-04
	7.607984221615882e-05

 177	1.000568635869641e-09
	5.686358696405690e-02
	-5.845048060674791e-04
	1.961827162589640e-04
	3.114661548109553e-04
	7.685593499735013e-05

 178	1.000580435118042e-09
	5.804351180417631e-02
	-5.902366750033456e-04
	1.980057443488050e-04
	3.146177215546300e-04
	7.761320909993740e-05

 179	1.000592320474114e-09
	5.923204741141731e-02
	-5.958574296283700e-04
	1.997887750973096e-04
	3.177167814552914e-04
	7.835187307589935e-05

 180	1.000604330231536e-09
	6.043302315357478e-02
	-6.013855811617486e-04
	2.015376652683491e-04
	3.207735395427233e-04
	7.907437635046687e-05

 181	1.000616446269090e-09
	6.164462690895815e-02
	-6.068128745111935e-04
	2.032497694566243e-04
	3.237834571207794e-04
	7.977964793366688e-05

 182	1.000628692552145e-09
	6.286925521449963e-02
	-6.121501102750354e-04
	2.049284642108214e-04
	3.267525440147983e-04
	8.046910204929719e-05

 183	1.000641052875148e-09
	6.410528751483245e-02
	-6.173902285952201e-04
	2.065714900448204e-04
	3.296769021528618e-04
	8.114183639760868e-05

 184	1.000653544710183e-09
	6.535447101825567e-02
	-6.225407067182940e-04
	2.081811561347756e-04
	3.325607251492560e-04
	8.179882543421057e-05

 185	1.000666156969237e-09
	6.661569692367231e-02
	-6.275970126534802e-04
	2.097560041288759e-04
	3.354015029819209e-04
	8.243950554259204e-05

 186	1.000678903351109e-09
	6.789033511093612e-02
	-6.325647221561575e-04
	2.112977299780616e-04
	3.382023907489521e-04
	8.306460142931823e-05

 187	1.000691776760603e-09
	6.917767606029322e-02
	-6.374411261759964e-04
	2.128054459495545e-04
	3.409618896992942e-04
	8.367379052707240e-05

 188	1.000704788077942e-09
	7.047880779420840e-02
	-6.422304290122627e-04
	2.142804043321409e-04
	3.436824053807206e-04
	8.426761929956473e-05

 189	1.000717933031563e-09
	7.179330315632380e-02
	-6.469311200577641e-04
	2.157220862030591e-04
	3.463631117975467e-04
	8.484592205704750e-05

 190	1.000731220422723e-09
	7.312204227224993e-02
	-6.515464265022909e-04
	2.171314254725923e-04
	3.490058811428408e-04
	8.540911988685696e-05

 191	1.000744648048844e-09
	7.446480488438643e-02
	-6.560756483852232e-04
	2.185081463955657e-04
	3.516103499251146e-04
	8.595715206456034e-05

 192	1.000758223244721e-09
	7.582232447210452e-02
	-6.605213377282846e-04
	2.198529591701868e-04
	3.541780243564681e-04
	8.649035420159376e-05

 193	1.000771945368093e-09
	7.719453680931709e-02
	-6.648833520992746e-04
	2.211657486411302e-04
	3.567088666080947e-04
	8.700873685001996e-05

 194	1.000785820749149e-09
	7.858207491488896e-02
	-6.691637805923832e-04
	2.224470694872560e-04
	3.592041318558583e-04
	8.751257924926528e-05

 195	1.000799850242531e-09
	7.998502425310035e-02
	-6.733629531350634e-04
	2.236969299058050e-04
	3.616640750027198e-04
	8.800194822653862e-05

 196	1.000814038487442e-09
	8.140384874422735e-02
	-6.774823406931762e-04
	2.249156809008313e-04
	3.640896116994637e-04
	8.847704809283055e-05

 197	1.000828388405151e-09
	8.283884051504418e-02
	-6.815228639405645e-04
	2.261034961513409e-04
	3.664813491211173e-04
	8.893801866812989e-05

 198	1.000842903962705e-09
	8.429039627047458e-02
	-6.854857148267589e-04
	2.272606192326682e-04
	3.688400648465926e-04
	8.938503074747076e-05

 199	1.000857588523549e-09
	8.575885235491482e-02
	-6.893718858643259e-04
	2.283872239037165e-04
	3.711664296498516e-04
	8.981823231070023e-05

 200	1.000872446129090e-09
	8.724461290895986e-02
	-6.931825222849404e-04
	2.294835162470742e-04
	3.734612176044950e-04
	9.023778843346374e-05

 201	1.000887480479509e-09
	8.874804795088774e-02
	-6.969186488692723e-04
	2.305496542127768e-04
	3.757251439899420e-04
	9.064385066654017e-05

 202	1.000902695798200e-09
	9.026957981996996e-02
	-7.005813918752155e-04
	2.315858104696611e-04
	3.779589999058901e-04
	9.103658149963694e-05

 203	1.000918096105785e-09
	9.180961057846886e-02
	-7.041717960150060e-04
	2.325921187830928e-04
	3.801635428948918e-04
	9.141613433695032e-05

 204	1.000933685846169e-09
	9.336858461692622e-02
	-7.076909749108035e-04
	2.335687153134713e-04
	3.823395899599416e-04
	9.178266963758046e-05

 205	1.000949469361564e-09
	9.494693615640137e-02
	-7.111399865417812e-04
	2.345157021019939e-04
	3.844879427962519e-04
	9.213634164351188e-05

 206	1.000965451351471e-09
	9.654513514708957e-02
	-7.145199362735826e-04
	2.354331740974005e-04
	3.866094530785758e-04
	9.247730909793297e-05

 207	1.000981636491855e-09
	9.816364918550570e-02
	-7.178318917209722e-04
	2.363211938963332e-04
	3.887049714019329e-04
	9.280572642255589e-05

 208	1.000998029772896e-09
	9.980297728955080e-02
	-7.210769533395275e-04
	2.371798089778658e-04
	3.907753935499702e-04
	9.312175081167889e-05

 209	1.001014636223488e-09
	1.014636223487447e-01
	-7.242561962703964e-04
	2.380090338701492e-04
	3.928216260234539e-04
	9.342553637667804e-05

 210	1.001031461160118e-09
	1.031461160118161e-01
	-7.273707185722316e-04
	2.388088605506221e-04
	3.948446192180500e-04
	9.371723880351953e-05

 211	1.001048509988802e-09
	1.048509988802348e-01
	-7.304216016082354e-04
	2.395792454246853e-04
	3.968453447016544e-04
	9.399701148201003e-05

 212	1.001065788389719e-09
	1.065788389718757e-01
	-7.334099430377048e-04
	2.403201149050934e-04
	3.988248195923831e-04
	9.426500854024062e-05

 213	1.001083302175689e-09
	1.083302175689099e-01
	-7.363368298379362e-04
	2.410313553456874e-04
	4.007840922086391e-04
	9.452138228365463e-05

 214	1.001101057430315e-09
	1.101057430315137e-01
	-7.392033608892299e-04
	2.417128150972590e-04
	4.027242606377404e-04
	9.476628515423412e-05

 215	1.001119060408435e-09
	1.119060408435364e-01
	-7.420106287006636e-04
	2.423642961031896e-04
	4.046464645640676e-04
	9.499986803346687e-05

 216	1.001137317641190e-09
	1.137317641189965e-01
	-7.447597349561016e-04
	2.429855532435586e-04
	4.065519002224652e-04
	9.522228149010818e-05

 217	1.001155835866756e-09
	1.155835866755812e-01
	-7.474517780666969e-04
	2.435762865888083e-04
	4.084418168376160e-04
	9.543367464030513e-05

 218	1.001174622112620e-09
	1.174622112619507e-01
	-7.500878640521224e-04
	2.441361385004456e-04
	4.103175296248023e-04
	9.563419592683418e-05

 219	1.001193683649273e-09
	1.193683649272844e-01
	-7.526690981286717e-04
	2.446646858010239e-04
	4.121804199878715e-04
	9.582399233977000e-05

 220	1.001213028056368e-09
	1.213028056368232e-01
	-7.551965923956508e-04
	2.451614347753341e-04
	4.140319477405492e-04
	9.600320987975001e-05

 221	1.001232663194075e-09
	1.232663194074875e-01
	-7.576714602296384e-04
	2.456258126172689e-04
	4.158736546105667e-04
	9.617199300185206e-05

 222	1.001252597258922e-09
	1.252597258922363e-01
	-7.600948218935461e-04
	2.460571602879388e-04
	4.177071767395890e-04
	9.633048486589774e-05

 223	1.001272838769166e-09
	1.272838769165978e-01
	-7.624678008977303e-04
	2.464547226160289e-04
	4.195342513686344e-04
	9.647882691303361e-05

 224	1.001293396614681e-09
	1.293396614680992e-01
	-7.647915282811900e-04
	2.468176387575026e-04
	4.213567305656822e-04
	9.661715895794308e-05

 225	1.001314280054150e-09
	1.314280054150254e-01
	-7.670671404020955e-04
	2.471449302861609e-04
	4.231765912804758e-04
	9.674561883539791e-05

 226	1.001335498762571e-09
	1.335498762571030e-01
	-7.692957824133103e-04
	2.474354887952337e-04
	4.249959512522972e-04
	9.686434236576817e-05

 227	1.001357062840050e-09
	1.357062840049589e-01
	-7.714786072309271e-04
	2.476880612030575e-04
	4.268170830068789e-04
	9.697346302100113e-05

 228	1.001378982859826e-09
	1.378982859826069e-01
	-7.736167785504021e-04
	2.479012337840431e-04
	4.286424329929784e-04
	9.707311177333151e-05

 229	1.001401269888787e-09
	1.401269888786695e-01
	-7.757114707977234e-04
	2.480734137068235e-04
	4.304746403573134e-04
	9.716341673358718e-05

 230	1.001423935540391e-09
	1.423935540390931e-01
	-7.777638721023223e-04
	2.482028084892782e-04
	4.323165607380974e-04
	9.724450287501564e-05

 231	1.001446992008743e-09
	1.446992008742633e-01
	-7.797751851940534e-04
	2.482874024655160e-04
	4.341712911338375e-04
	9.731649159471826e-05

 232	1.001470452129972e-09
	1.470452129972024e-01
	-7.817466305659027e-04
	2.483249302120198e-04
	4.360422000707511e-04
	9.737950028316264e-05

 233	1.001494329433936e-09
	1.494329433935928e-01
	-7.836794484521134e-04
	2.483128461706422e-04
	4.379329605353957e-04
	9.743364174593936e-05

 234	1.001518638220590e-09
	1.518638220589908e-01
	-7.855749025823815e-04
	2.482482899835867e-04
	4.398475890327295e-04
	9.747902356598974e-05

 235	1.001543393634566e-09
	1.543393634565631e-01
	-7.874342833859953e-04
	2.481280467399126e-04
	4.417904893457479e-04
	9.751574730033474e-05

 236	1.001568611765722e-09
	1.568611765721906e-01
	-7.892589128178336e-04
	2.479485012211690e-04
	4.437665040533259e-04
	9.754390754322277e-05

 237	1.001594309756652e-09
	1.594309756651700e-01
	-7.910501492007773e-04
	2.477055850902280e-04
	4.457809733359656e-04
	9.756359077461106e-05

 238	1.001620505940842e-09
	1.620505940842386e-01
	-7.928093937440484e-04
	2.473947155646106e-04
	4.478398041995155e-04
	9.757487397997938e-05

 239	1.001647220000370e-09
	1.647220000369872e-01
	-7.945380977616087e-04
	2.470107239771483e-04
	4.499495508255786e-04
	9.757782295883865e-05

 240	1.001674473163207e-09
	1.674473163207028e-01
	-7.962377718176532e-04
	2.465477719656852e-04
	4.521175095817906e-04
	9.757249027014523e-05

 241	1.001702288439201e-09
	1.702288439200736e-01
	-7.979099964964972e-04
	2.459992526674112e-04
	4.543518311249886e-04
	9.755891270398665e-05

 242	1.001730690915602e-09
	1.730690915602220e-01
	-7.995564358728160e-04
	2.453576732671120e-04
	4.566616544327822e-04
	9.753710817296727e-05

 243	1.001759708119931e-09
	1.759708119931335e-01
	-8.011788538289958e-04
	2.446145144440138e-04
	4.590572675243535e-04
	9.750707186065211e-05

 244	1.001789370482279e-09
	1.789370482278705e-01
	-8.027791347219541e-04
	2.437600603939873e-04
	4.615503029048621e-04
	9.746877142310630e-05

 245	1.001819711918381e-09
	1.819711918381412e-01
	-8.043593091102050e-04
	2.427831913828902e-04
	4.641539767530194e-04
	9.742214097427631e-05

 246	1.001850770587135e-09
	1.850770587134528e-01
	-8.059215868743436e-04
	2.416711272089324e-04
	4.668833861875863e-04
	9.736707347775042e-05

 247	1.001882589879328e-09
	1.882589879327545e-01
	-8.074683999303887e-04
	2.404091057528494e-04
	4.697558831525846e-04
	9.730341102493043e-05

 248	1.001915219735229e-09
	1.915219735228939e-01
	-8.090024585260891e-04
	2.389799734918833e-04
	4.727915527617880e-04
	9.723093227245155e-05

 249	1.001948718432706e-09
	1.948718432706018e-01
	-8.105268267726484e-04
	2.373636539570429e-04
	4.760138368732400e-04
	9.714933594225997e-05

 250	1.001983155061435e-09
	1.983155061435249e-01
	-8.120450259583383e-04
	2.355364426407319e-04
	4.794503645436064e-04
	9.705821877390840e-05

 251	1.002018613037576e-09
	2.018613037575724e-01
	-8.135611796663065e-04
	2.334700470336651e-04
	4.831340872617974e-04
	9.695704537079252e-05

 252	1.002055195232371e-09
	2.055195232371264e-01
	-8.150802231528015e-04
	2.311302397648357e-04
	4.871048775672045e-04
	9.684510582076467e-05

 253	1.002093031714744e-09
	2.093031714744377e-01
	-8.166082159883781e-04
	2.284748994462863e-04
	4.914118624781844e-04
	9.672145406389888e-05

 254	1.002132291919641e-09
	2.132291919640472e-01
	-8.181528281767645e-04
	2.254510348884250e-04
	4.961169788614219e-04
	9.658481442691017e-05

 255	1.002173204749926e-09
	2.173204749926053e-01
	-8.197241349944834e-04
	2.219900193624879e-04
	5.013006833743606e-04
	9.643343225759120e-05

 256	1.002216093965936e-09
	2.216093965935625e-01
	-8.213360026914761e-04
	2.179994335166068e-04
	5.070717503493756e-04
	9.626481882554911e-05

 257	1.002261445921395e-09
	2.261445921394916e-01
	-8.230087165119779e-04
	2.133478451683401e-04
	5.135855951172899e-04
	9.607527622635470e-05

 258	1.002310055129157e-09
	2.310055129156508e-01
	-8.247745806738470e-04
	2.078328547010648e-04
	5.210828245636873e-04
	9.585890140911645e-05

 259	1.002363395454939e-09
	2.363395454938909e-01
	-8.266920895786847e-04
	2.011013231324915e-04
	5.299856626068317e-04
	9.560510383935942e-05

 260	1.002424877029954e-09
	2.424877029953945e-01
	-8.288936065743262e-04
	1.923841136066490e-04
	5.412191145618352e-04
	9.529037840584968e-05

 261	1.002497662479908e-09
	2.497662479908020e-01
	-8.315171785641400e-04
	1.806107120709240e-04
	5.560214041430586e-04
	9.488506235015141e-05

 262	1.002551903006432e-09
	2.551903006432140e-01
	-8.335073618562601e-04
	1.707259624151778e-04
	5.682284700549838e-04
	9.455292938606665e-05

 263	1.002593037479392e-09
	2.593037479392070e-01
	-8.350494888476603e-04
	1.625460806075748e-04
	5.782200776792084e-04
	9.428333056088741e-05

 264	1.002629024523301e-09
	2.629024523300496e-01
	-8.364293723611780e-04
	1.548755179813847e-04
	5.875172347543545e-04
	9.403661962545107e-05

 265	1.002663998489662e-09
	2.663998489662408e-01
	-8.378038989141929e-04
	1.469397119320191e-04
	5.970769996346644e-04
	9.378718734750180e-05

 266	1.002699013884872e-09
	2.699013884872095e-01
	-8.392190773818444e-04
	1.384998940114872e-04
	6.071918630241605e-04
	9.352732034610538e-05

 267	1.002733670493255e-09
	2.733670493255110e-01
	-8.406643793693845e-04
	1.296401583703055e-04
	6.177645662893128e-04
	9.325965470977478e-05

 268	1.002767433755333e-09
	2.767433755332895e-01
	-8.421213075268039e-04
	1.205062017122411e-04
	6.286264053983173e-04
	9.298870041622854e-05

 269	1.002800085407503e-09
	2.800085407502574e-01
	-8.435821208930090e-04
	1.111846072715578e-04
	6.396803369459166e-04
	9.271717667555018e-05

 270	1.002831665221020e-09
	2.831665221020346e-01
	-8.450491237036095e-04
	1.016974181861168e-04
	6.509057820254458e-04
	9.244592349207913e-05

 271	1.002862307956575e-09
	2.862307956574880e-01
	-8.465288089405838e-04
	9.203531937710549e-05
	6.623185636912604e-04
	9.217492587222102e-05

 272	1.002892143022563e-09
	2.892143022563047e-01
	-8.480277256261637e-04
	8.218424127942665e-05
	6.739393829264916e-04
	9.190410142020445e-05

 273	1.002924190734141e-09
	2.924190734140462e-01
	-8.497073728285127e-04
	7.110182168403419e-05
	6.869990321167118e-04
	9.160651902781114e-05

 274	1.002953313934298e-09
	2.953313934298205e-01
	-8.513015200277098e-04
	6.057157128125918e-05
	6.994000304802519e-04
	9.132991826619024e-05

 275	1.002983607955300e-09
	2.983607955300192e-01
	-8.530334428199279e-04
	4.914259647473562e-05
	7.128534444656375e-04
	9.103740187954042e-05

 276	1.003011529063393e-09
	3.011529063393086e-01
	-8.547009082375424e-04
	3.817189948622179e-05
	7.257651166055187e-04
	9.076389214567983e-05

 277	1.003040103288794e-09
	3.040103288793459e-01
	-8.564825196650588e-04
	2.650198336133742e-05
	7.394991155204592e-04
	9.048142078332438e-05

 278	1.003066994092761e-09
	3.066994092760541e-01
	-8.582325798528953e-04
	1.510456825050597e-05
	7.529140745178770e-04
	9.021393708446361e-05

 279	1.003094263821639e-09
	3.094263821638537e-01
	-8.600837230157204e-04
	3.129011203282177e-06
	7.670124136136762e-04
	8.994229819882750e-05

 280	1.003120336002354e-09
	3.120336002354346e-01
	-8.619289071104845e-04
	-8.718685672156472e-06
	7.809644401704364e-04
	8.968315261229364e-05

 281	1.003146614036072e-09
	3.146614036071813e-01
	-8.638662775034937e-04
	-2.105872322930926e-05
	7.955012403590405e-04
	8.942376037374779e-05

 282	1.003172307614435e-09
	3.172307614435167e-01
	-8.658387268878961e-04
	-3.351545740317302e-05
	8.101811882092868e-04
	8.917299608183491e-05

 283	1.003198191662244e-09
	3.198191662243597e-01
	-8.679065404641612e-04
	-4.645962537127244e-05
	8.254416670748720e-04
	8.892449876065718e-05

 284	1.003223711645561e-09
	3.223711645560964e-01
	-8.700269433682042e-04
	-5.961332976881685e-05
	8.409554786272805e-04
	8.868479450978826e-05

 285	1.003249380859079e-09
	3.249380859078665e-01
	-8.722436184894706e-04
	-7.323948906025866e-05
	8.570327737730263e-04
	8.845033377658487e-05

 286	1.003274821931390e-09
	3.274821931390327e-01
	-8.745253728613409e-04
	-8.713877590427500e-05
	8.734382746446649e-04
	8.822587412079940e-05

 287	1.003300399491659e-09
	3.300399491658960e-01
	-8.769059214152903e-04
	-1.015109658040913e-04
	8.904073505801428e-04
	8.800953663918706e-05

 288	1.003325862639312e-09
	3.325862639311653e-01
	-8.793631773546980e-04
	-1.162179322251452e-04
	9.077762651548066e-04
	8.780484442491132e-05

 289	1.003351477049037e-09
	3.351477049037281e-01
	-8.819237715500779e-04
	-1.314162054235396e-04
	9.257289045739151e-04
	8.761107239954807e-05

 290	1.003377078922447e-09
	3.377078922446782e-01
	-8.845724986377076e-04
	-1.470138307908123e-04
	9.441553841036599e-04
	8.743094532478677e-05

 291	1.003402866788224e-09
	3.402866788223515e-01
	-8.873308637690237e-04
	-1.631377358621324e-04
	9.632040437813822e-04
	8.726455584972506e-05

 292	1.003428738310151e-09
	3.428738310151321e-01
	-8.901889974751746e-04
	-1.797320652916218e-04
	9.828069297242578e-04
	8.711413304257628e-05

 293	1.003454847780167e-09
	3.454847780167076e-01
	-8.931648600671400e-04
	-1.969051437812342e-04
	1.003089649796578e-03
	8.698035405172995e-05

 294	1.003481138219318e-09
	3.481138219318364e-01
	-8.962529297478327e-04
	-2.146311832462998e-04
	1.024018946847761e-03
	8.686516614634037e-05

 295	1.003507736652178e-09
	3.507736652177545e-01
	-8.994689606379204e-04
	-2.330093030306579e-04
	1.045708582087686e-03
	8.676968158082946e-05

 296	1.003534621908356e-09
	3.534621908355514e-01
	-9.028112379432102e-04
	-2.520410698375118e-04
	1.068156577930967e-03
	8.669572984975914e-05

 297	1.003561907195988e-09
	3.561907195988187e-01
	-9.062945482422036e-04
	-2.718253254674326e-04
	1.091475092321730e-03
	8.664478138791960e-05

 298	1.003589602885070e-09
	3.589602885069775e-01
	-9.099208936604675e-04
	-2.923917059618911e-04
	1.115693906424656e-03
	8.661869319773220e-05

 299	1.003617820700009e-09
	3.617820700009094e-01
	-9.137054372924886e-04
	-3.138488463694589e-04
	1.140934994448530e-03
	8.661928921338518e-05

 300	1.003646603696041e-09
	3.646603696041342e-01
	-9.176543989043813e-04
	-3.362597549955670e-04
	1.167265537746600e-03
	8.664861615337023e-05

 301	1.003676076329250e-09
	3.676076329250432e-01
	-9.217851170008010e-04
	-3.597568171912034e-04
	1.194832993907478e-03
	8.670894028434524e-05

 302	1.003706323108771e-09
	3.706323108771326e-01
	-9.261095309070046e-04
	-3.844495743714807e-04
	1.223756369202446e-03
	8.680273607600860e-05

 303	1.003737502760131e-09
	3.737502760131172e-01
	-9.306501626390332e-04
	-4.105179009203254e-04
	1.254235099897366e-03
	8.693296366197769e-05

 304	1.003769764850585e-09
	3.769764850584483e-01
	-9.354283141441780e-04
	-4.381478016273367e-04
	1.286473144603259e-03
	8.710297116829412e-05

 305	1.003803344982769e-09
	3.803344982769261e-01
	-9.404779473424262e-04
	-4.676159368148775e-04
	1.320776849825225e-03
	8.731703433217712e-05

 306	1.003838519821312e-09
	3.838519821312336e-01
	-9.458391256660951e-04
	-4.992593075636415e-04
	1.357518017361401e-03
	8.758041586829046e-05

 307	1.003875712270645e-09
	3.875712270644615e-01
	-9.515738407867430e-04
	-5.335803543528668e-04
	1.397253763871161e-03
	8.790043126850325e-05

 308	1.003915524449316e-09
	3.915524449315836e-01
	-9.577710228333069e-04
	-5.712997303622656e-04
	1.440783309972336e-03
	8.828744322312746e-05

 309	1.003958979639064e-09
	3.958979639064365e-01
	-9.645835024088582e-04
	-6.136249487533539e-04
	1.489450149867538e-03
	8.875830129466170e-05

 310	1.004008010855386e-09
	4.008010855385516e-01
	-9.723025946817730e-04
	-6.628210652051696e-04
	1.545779741535664e-03
	8.934391835132129e-05

 311	1.004060508579629e-09
	4.060508579628830e-01
	-9.805594149274992e-04
	-7.171519244520785e-04
	1.607717463198040e-03
	8.999387618156254e-05

 312	1.004112327332840e-09
	4.112327332839816e-01
	-9.886591142517793e-04
	-7.724338133934260e-04
	1.670427709781734e-03
	9.066521786344855e-05

 313	1.004153203199935e-09
	4.153203199934997e-01
	-9.949918952037434e-04
	-8.171913522296251e-04
	1.720956088711925e-03
	9.122715872146154e-05

 314	1.004191413189115e-09
	4.191413189115082e-01
	-1.000852997542116e-03
	-8.599329952020312e-04
	1.769016528197678e-03
	9.176946454646601e-05

 315	1.004229446657188e-09
	4.229446657187513e-01
	-1.006620315665853e-03
	-9.033314063749032e-04
	1.817629977592657e-03
	9.232174444804734e-05

 316	1.004268234276861e-09
	4.268234276861065e-01
	-1.012424000801338e-03
	-9.484550122416986e-04
	1.867983388588307e-03
	9.289562445477851e-05

 317	1.004307362906500e-09
	4.307362906499879e-01
	-1.018190187303714e-03
	-9.948452082856585e-04
	1.919552362461508e-03
	9.348303312788691e-05

 318	1.004350221395048e-09
	4.350221395048016e-01
	-1.024395001353821e-03
	-1.046640095879143e-03
	1.976902405026217e-03
	9.413269220677379e-05

 319	1.004389236635013e-09
	4.389236635012479e-01
	-1.029934983302717e-03
	-1.094665653863113e-03
	2.029872538606424e-03
	9.472809855938565e-05

 320	1.004430336410371e-09
	4.430336410370771e-01
	-1.035652934849120e-03
	-1.146137474937290e-03
	2.086434410877144e-03
	9.535599890929183e-05

 321	1.004468486412101e-09
	4.468486412100573e-01
	-1.040847344312783e-03
	-1.194704210487691e-03
	2.139613751806673e-03
	9.593780299377671e-05

 322	1.004508152707257e-09
	4.508152707257365e-01
	-1.046128986924388e-03
	-1.245985352753873e-03
	2.195574902952092e-03
	9.653943672622813e-05

 323	1.004545965470792e-09
	4.545965470791997e-01
	-1.051047862308958e-03
	-1.295594473980835e-03
	2.249533829019434e-03
	9.710850727037820e-05

 324	1.004584993476706e-09
	4.584993476705992e-01
	-1.056004152497111e-03
	-1.347517598968910e-03
	2.305831978321958e-03
	9.768977314401403e-05

 325	1.004622892046848e-09
	4.622892046847669e-01
	-1.060698332223900e-03
	-1.398616747503467e-03
	2.361067841950697e-03
	9.824723777659095e-05

 326	1.004661780878143e-09
	4.661780878142742e-01
	-1.065392930926813e-03
	-1.451723806032217e-03
	2.418305712513474e-03
	9.881102444548391e-05

 327	1.004700018458274e-09
	4.700018458274404e-01
	-1.069887969415345e-03
	-1.504583801970483e-03
	2.475115363315403e-03
	9.935640807032296e-05

 328	1.004739094252461e-09
	4.739094252461105e-01
	-1.074358020058197e-03
	-1.559237272456024e-03
	2.533691500167287e-03
	9.990379234693025e-05

 329	1.004777859238584e-09
	4.777859238583818e-01
	-1.078669884019725e-03
	-1.614066755919777e-03
	2.592300365326147e-03
	1.004362746133425e-04

 330	1.004817373730865e-09
	4.817373730864641e-01
	-1.082940663175838e-03
	-1.670558169480271e-03
	2.652531117735523e-03
	1.009677149206385e-04

 331	1.004856833115244e-09
	4.856833115243954e-01
	-1.087081689250478e-03
	-1.727552716523017e-03
	2.713147825029559e-03
	1.014865807439146e-04

 332	1.004897000143178e-09
	4.897000143177876e-01
	-1.091171947646354e-03
	-1.786141372553296e-03
	2.775311033870962e-03
	1.020022863287776e-04

 333	1.004937312048260e-09
	4.937312048259476e-01
	-1.095152460828313e-03
	-1.845496015076423e-03
	2.838141505286749e-03
	1.025069706180599e-04

 334	1.004978323549526e-09
	4.978323549526406e-01
	-1.099076782942233e-03
	-1.906424641561723e-03
	2.902494401540045e-03
	1.030070229639268e-04

 335	1.005019643072363e-09
	5.019643072362533e-01
	-1.102905796617294e-03
	-1.968338993412835e-03
	2.967747699766930e-03
	1.034970902632643e-04

 336	1.005061679347125e-09
	5.061679347125198e-01
	-1.106676044052088e-03
	-2.031843955448269e-03
	3.034538492297581e-03
	1.039815072028453e-04

 337	1.005104163040947e-09
	5.104163040947183e-01
	-1.110361734683308e-03
	-2.096526479880539e-03
	3.102431579227659e-03
	1.044566353362569e-04

 338	1.005147400320064e-09
	5.147400320064245e-01
	-1.113988014933842e-03
	-2.162845767009249e-03
	3.171908367014875e-03
	1.049254149282461e-04

 339	1.005191209984027e-09
	5.191209984026615e-01
	-1.117538062824120e-03
	-2.230517759385254e-03
	3.242670443203758e-03
	1.053853790056949e-04

 340	1.005235826306477e-09
	5.235826306476982e-01
	-1.121029389943039e-03
	-2.299897572869290e-03
	3.315088439768482e-03
	1.058385230438448e-04

 341	1.005281132395579e-09
	5.281132395579256e-01
	-1.124451230782282e-03
	-2.370797076583806e-03
	3.388965127355851e-03
	1.062831800102867e-04

 342	1.005327312522542e-09
	5.327312522541924e-01
	-1.127815990741765e-03
	-2.443497701777481e-03
	3.464592986332809e-03
	1.067207061864778e-04

 343	1.005374297496707e-09
	5.374297496707134e-01
	-1.131117015413062e-03
	-2.517883678248560e-03
	3.541850713330711e-03
	1.071499803308838e-04

 344	1.005422237412825e-09
	5.422237412824754e-01
	-1.134363311745891e-03
	-2.594185222935994e-03
	3.620976607860785e-03
	1.075719268211111e-04

 345	1.005471099300344e-09
	5.471099300343486e-01
	-1.137551040024463e-03
	-2.672342296584982e-03
	3.701907540335469e-03
	1.079857962740232e-04

 346	1.005521010725250e-09
	5.521010725250007e-01
	-1.140686969028224e-03
	-2.752550785660929e-03
	3.784845533333938e-03
	1.083922213551801e-04

 347	1.005571967159884e-09
	5.571967159883554e-01
	-1.143769215148485e-03
	-2.834794900554660e-03
	3.869773410362068e-03
	1.087907053411680e-04

 348	1.005624082448025e-09
	5.624082448024917e-01
	-1.146803105045257e-03
	-2.919249210376265e-03
	3.956870631846713e-03
	1.091816835748578e-04

 349	1.005677375479070e-09
	5.677375479069650e-01
	-1.149788150547618e-03
	-3.005934621446304e-03
	4.046157941920904e-03
	1.095648300730008e-04

 350	1.005731953321574e-09
	5.731953321574107e-01
	-1.152728792165582e-03
	-3.095014831620959e-03
	4.137803177805958e-03
	1.099404459805920e-04

 351	1.005787855399719e-09
	5.787855399719021e-01
	-1.155625582576042e-03
	-3.186543030635260e-03
	4.231860293752448e-03
	1.103083194588303e-04

 352	1.005845187861179e-09
	5.845187861179389e-01
	-1.158482477812835e-03
	-3.280680982635150e-03
	4.328494801221462e-03
	1.106686592265244e-04

 353	1.005904009596464e-09
	5.904009596464121e-01
	-1.161300864400784e-03
	-3.377512473732841e-03
	4.427792009990390e-03
	1.110213281432509e-04

 354	1.005964431260324e-09
	5.964431260324387e-01
	-1.164084522821154e-03
	-3.477205721600310e-03
	4.529923774758148e-03
	1.113664696633998e-04

 355	1.006026531886795e-09
	6.026531886794737e-01
	-1.166835579918720e-03
	-3.579876102405438e-03
	4.635007688859848e-03
	1.117039934642481e-04

 356	1.006090432328954e-09
	6.090432328953485e-01
	-1.169557904946869e-03
	-3.685707157023174e-03
	4.743231067084863e-03
	1.120339948851306e-04

 357	1.006156234424676e-09
	6.156234424675833e-01
	-1.172254370783943e-03
	-3.794849938923796e-03
	4.854747899413486e-03
	1.123564102943030e-04

 358	1.006224076056445e-09
	6.224076056445385e-01
	-1.174929199263588e-03
	-3.907514017067153e-03
	4.969771919143997e-03
	1.126712971868030e-04

 359	1.006294087205202e-09
	6.294087205201585e-01
	-1.177586120467027e-03
	-4.023894427145690e-03
	5.088501943931136e-03
	1.129786036816139e-04

 360	1.006366432106287e-09
	6.366432106286690e-01
	-1.180230023333541e-03
	-4.144241430292781e-03
	5.211193098626802e-03
	1.132783549995929e-04

 361	1.006441278420294e-09
	6.441278420293859e-01
	-1.182865745949599e-03
	-4.268808989282240e-03
	5.338104235638109e-03
	1.135704995937326e-04

 362	1.006518830978830e-09
	6.518830978829987e-01
	-1.185499286587354e-03
	-4.397910524632166e-03
	5.469554778318904e-03
	1.138550329006776e-04

 363	1.006599312072756e-09
	6.599312072756425e-01
	-1.188137066215587e-03
	-4.531885631250567e-03
	5.605890802527619e-03
	1.141318949385477e-04

 364	1.006682991212770e-09
	6.682991212769951e-01
	-1.190786905203660e-03
	-4.671148979392744e-03
	5.747534832281134e-03
	1.144010523152429e-04

 365	1.006770176861068e-09
	6.770176861067917e-01
	-1.193457701487708e-03
	-4.816175691151191e-03
	5.894970961959655e-03
	1.146624306792531e-04

 366	1.006861248344723e-09
	6.861248344722800e-01
	-1.196160393600258e-03
	-4.967553266758545e-03
	6.048797690675347e-03
	1.149159696834744e-04

 367	1.006956664137558e-09
	6.956664137558022e-01
	-1.198908152495824e-03
	-5.125993680986830e-03
	6.209740253247230e-03
	1.151615802354282e-04

 368	1.007057009010234e-09
	7.057009010234263e-01
	-1.201717718942796e-03
	-5.292409306895232e-03
	6.378727841375272e-03
	1.153991844627621e-04

 369	1.007163038536268e-09
	7.163038536268260e-01
	-1.204610614866024e-03
	-5.467983096500031e-03
	6.556965015879727e-03
	1.156286954862981e-04

 370	1.007275782776135e-09
	7.275782776135019e-01
	-1.207615986282202e-03
	-5.654334608404206e-03
	6.746100534434597e-03
	1.158500602518075e-04

 371	1.007396709920716e-09
	7.396709920715613e-01
	-1.210775038924077e-03
	-5.853780907525198e-03
	6.948492663001324e-03
	1.160632834479026e-04

 372	1.007528082264021e-09
	7.528082264021282e-01
	-1.214150619766168e-03
	-6.069906273965417e-03
	7.167788347620568e-03
	1.162685461110071e-04

 373	1.007664328211216e-09
	7.664328211215963e-01
	-1.217610086562713e-03
	-6.293399641553986e-03
	7.394555777413124e-03
	1.164539507035585e-04

 374	1.007790791356614e-09
	7.790791356613697e-01
	-1.220801146838174e-03
	-6.500213344464759e-03
	7.604412717150556e-03
	1.166017741524273e-04

 375	1.007912576048972e-09
	7.912576048971979e-01
	-1.223870931031485e-03
	-6.698776958123597e-03
	7.805923650494861e-03
	1.167242386601995e-04

 376	1.008029332430673e-09
	8.029332430673293e-01
	-1.226823392361636e-03
	-6.888568266574412e-03
	7.998567045990890e-03
	1.168246129451852e-04

 377	1.008142254638008e-09
	8.142254638007956e-01
	-1.229698160368428e-03
	-7.071574380784330e-03
	8.184365784746328e-03
	1.169067564064057e-04

 378	1.008251755094921e-09
	8.251755094920977e-01
	-1.232512886027898e-03
	-7.248501097614960e-03
	8.364040851380561e-03
	1.169731322622929e-04

 379	1.008358435848248e-09
	8.358435848247605e-01
	-1.235288564207921e-03
	-7.420353696570662e-03
	8.538616386192821e-03
	1.170258745857612e-04

 380	1.008462667047440e-09
	8.462667047439519e-01
	-1.238039222979298e-03
	-7.587755784754460e-03
	8.708728394430331e-03
	1.170666133034126e-04

 381	1.008564820534450e-09
	8.564820534449473e-01
	-1.240778225836976e-03
	-7.751328143796038e-03
	8.875009649867404e-03
	1.170967197655916e-04

 382	1.008665183258824e-09
	8.665183258823809e-01
	-1.243516193483441e-03
	-7.911550436663327e-03
	9.037949301093917e-03
	1.171173290528266e-04

 383	1.008764027338055e-09
	8.764027338054486e-01
	-1.246262987314457e-03
	-8.068874484755894e-03
	9.198008055504555e-03
	1.171294165657678e-04

 384	1.008861592520203e-09
	8.861592520203007e-01
	-1.249027330968587e-03
	-8.223696749735308e-03
	9.355590253809536e-03
	1.171338268943246e-04

 385	1.008958110646064e-09
	8.958110646063653e-01
	-1.251817555833520e-03
	-8.376397718514986e-03
	9.511083969265510e-03
	1.171313050829407e-04

 386	1.009053804142282e-09
	9.053804142281542e-01
	-1.254641621929186e-03
	-8.527339707623885e-03
	9.664858813505761e-03
	1.171225160473333e-04

 387	1.009148897100585e-09
	9.148897100584927e-01
	-1.257507490602525e-03
	-8.676884503672249e-03
	9.817283933545490e-03
	1.171080607293200e-04

 388	1.009243618676646e-09
	9.243618676646355e-01
	-1.260423278142391e-03
	-8.825398685159271e-03
	9.968733474823679e-03
	1.170884884779606e-04

 389	1.009338211239262e-09
	9.338211239261738e-01
	-1.263397554259443e-03
	-8.973266287383984e-03
	1.011959953487452e-02
	1.170643067689077e-04

 390	1.009432937246347e-09
	9.432937246347314e-01
	-1.266439612555896e-03
	-9.120899280447707e-03
	1.027030290380701e-02
	1.170359891966239e-04

 391	1.009528089675588e-09
	9.528089675587488e-01
	-1.269559865790922e-03
	-9.268753398832501e-03
	1.042130928294343e-02
	1.170039816800361e-04

 392	1.009624005150196e-09
	9.624005150195527e-01
	-1.272770349697461e-03
	-9.417347882988727e-03
	1.057314952522109e-02
	1.169687074651047e-04

 393	1.009721083436427e-09
	9.721083436427069e-01
	-1.276085467043525e-03
	-9.567294726089571e-03
	1.072644962249851e-02
	1.169305706345764e-04

 394	1.009819816627727e-09
	9.819816627727053e-01
	-1.279523104240499e-03
	-9.719342329767549e-03
	1.088197547594788e-02
	1.168899580601417e-04

 395	1.009920836350601e-09
	9.920836350601306e-01
	-1.283106438301752e-03
	-9.874446051429439e-03
	1.104070525089143e-02
	1.168472388396750e-04

 396	1.010000000000000e-09
	1.000000000000000e+00
	-1.285959286749502e-03
	-9.995667263002737e-03
	1.116481363247710e-02
	1.168129172751404e-04

 397	1.010000613769620e-09
	1.000000000000000e+00
	-1.284831756053966e-03
	-9.997085955256859e-03
	1.116511791807302e-02
	1.167997932386971e-04

 398	1.010001841308860e-09
	1.000000000000000e+00
	-1.282579149207992e-03
	-9.999903583052252e-03
	1.116573307631007e-02
	1.167496559490808e-04

 399	1.010004296387340e-09
	1.000000000000000e+00
	-1.278085607355556e-03
	-1.000551080168647e-02
	1.116701912715092e-02
	1.165772818894980e-04

 400	1.010009206544300e-09
	1.000000000000000e+00
	-1.269146377048461e-03
	-1.001661190727100e-02
	1.116965637722507e-02
	1.161019070948989e-04

 401	1.010017336496005e-09
	1.000000000000000e+00
	-1.254485075985520e-03
	-1.003475403541631e-02
	1.117405124536292e-02
	1.151878660385070e-04

 402	1.010029664699198e-09
	1.000000000000000e+00
	-1.232581116314694e-03
	-1.006178279060775e-02
	1.118066950590730e-02
	1.136944010148546e-04

 403	1.010045869235971e-09
	1.000000000000000e+00
	-1.204380791989628e-03
	-1.009649204637502e-02
	1.118925823555424e-02
	1.116146028103254e-04

 404	1.010063481614999e-09
	1.000000000000000e+00
	-1.174474743196860e-03
	-1.013322548835695e-02
	1.119844810933182e-02
	1.092521222219184e-04

 405	1.010081927776991e-09
	1.000000000000000e+00
	-1.143963291023748e-03
	-1.017065111791312e-02
	1.120790197594570e-02
	1.067124329912796e-04

 406	1.010100900451485e-09
	1.000000000000000e+00
	-1.113422726967517e-03
	-1.020808190348194e-02
	1.121743242114121e-02
	1.040722093082228e-04

 407	1.010120335571957e-09
	1.000000000000000e+00
	-1.082998156689961e-03
	-1.024535495107930e-02
	1.122698328845673e-02
	1.013698193125022e-04

 408	1.010139816525839e-09
	1.000000000000000e+00
	-1.053350925444185e-03
	-1.028167011325425e-02
	1.123633588972628e-02
	9.868514897200625e-05

 409	1.010159582086488e-09
	1.000000000000000e+00
	-1.024114265915622e-03
	-1.031748216509470e-02
	1.124559550342403e-02
	9.600092758615521e-05

 410	1.010179423908279e-09
	1.000000000000000e+00
	-9.955947448940516e-04
	-1.035241895118039e-02
	1.125465722111601e-02
	9.335647495886017e-05

 411	1.010199550279477e-09
	1.000000000000000e+00
	-9.674907720542934e-04
	-1.038685145241287e-02
	1.126361030336463e-02
	9.073192110244055e-05

 412	1.010219811440582e-09
	1.000000000000000e+00
	-9.400125981483543e-04
	-1.042052303599233e-02
	1.127238297192086e-02
	8.815266221962182e-05

 413	1.010240353795972e-09
	1.000000000000000e+00
	-9.129619837715056e-04
	-1.045367686180041e-02
	1.128103451631605e-02
	8.560432925609533e-05

 414	1.010261064311880e-09
	1.000000000000000e+00
	-8.864896839061616e-04
	-1.048612832352952e-02
	1.128951379397569e-02
	8.310421346008185e-05

 415	1.010282047758645e-09
	1.000000000000000e+00
	-8.604626028212194e-04
	-1.051804041862877e-02
	1.129786099187847e-02
	8.064202957160182e-05

 416	1.010303222112549e-09
	1.000000000000000e+00
	-8.349841648342300e-04
	-1.054928621767239e-02
	1.130604114692614e-02
	7.822923558047868e-05

 417	1.010324664641682e-09
	1.000000000000000e+00
	-8.099622272335176e-04
	-1.057997843553338e-02
	1.131408233327057e-02
	7.585832949626980e-05

 418	1.010346317140772e-09
	1.000000000000000e+00
	-7.854661227259946e-04
	-1.061003179621067e-02
	1.132196115200950e-02
	7.353676692728151e-05

 419	1.010368237336502e-09
	1.000000000000000e+00
	-7.614313543053280e-04
	-1.063952510293376e-02
	1.132969739215540e-02
	7.125906508383639e-05

 420	1.010390384433111e-09
	1.000000000000000e+00
	-7.379038655211910e-04
	-1.066840169763597e-02
	1.133727554380174e-02
	6.903001935531196e-05

 421	1.010412801978928e-09
	1.000000000000000e+00
	-7.148381794246199e-04
	-1.069671706148254e-02
	1.134470962351988e-02
	6.684561738737411e-05

 422	1.010435461867046e-09
	1.000000000000000e+00
	-6.922642708419927e-04
	-1.072443409783030e-02
	1.135198947838933e-02
	6.470889028308679e-05

 423	1.010458397410513e-09
	1.000000000000000e+00
	-6.701496983983757e-04
	-1.075159230853232e-02
	1.135912512801956e-02
	6.261687891111277e-05

 424	1.010481589821926e-09
	1.000000000000000e+00
	-6.485134977167809e-04
	-1.077816801356272e-02
	1.136611007156266e-02
	6.057143971694350e-05

 425	1.010505065083468e-09
	1.000000000000000e+00
	-6.273321218843164e-04
	-1.080418981637182e-02
	1.137295157959149e-02
	5.857035866466384e-05

 426	1.010528811304021e-09
	1.000000000000000e+00
	-6.066171019444740e-04
	-1.082964325381595e-02
	1.137964564750821e-02
	5.661470825253497e-05

 427	1.010552849259553e-09
	1.000000000000000e+00
	-5.863509442370698e-04
	-1.085454951733848e-02
	1.138619766408997e-02
	5.470279748574937e-05

 428	1.010577172206090e-09
	1.000000000000000e+00
	-5.665400296474728e-04
	-1.087890047944410e-02
	1.139260533419388e-02
	5.283517489757704e-05

 429	1.010601797268241e-09
	1.000000000000000e+00
	-5.471709742088035e-04
	-1.090271230474203e-02
	1.139887276446251e-02
	5.101051448841803e-05

 430	1.010626721589904e-09
	1.000000000000000e+00
	-5.282466221273839e-04
	-1.092598122527079e-02
	1.140499883332466e-02
	4.922901407361318e-05

 431	1.010651959787435e-09
	1.000000000000000e+00
	-5.097563707864398e-04
	-1.094872000909546e-02
	1.141098677884652e-02
	4.748960103536621e-05

 432	1.010677462226823e-09
	1.000000000000000e+00
	-4.917351777812828e-04
	-1.097088541062230e-02
	1.141682510293492e-02
	4.579548546867661e-05

 433	1.010703261618653e-09
	1.000000000000000e+00
	-4.741573666564025e-04
	-1.099250873457067e-02
	1.142252193039698e-02
	4.414417083031164e-05

 434	1.010729334795778e-09
	1.000000000000000e+00
	-4.570361051464099e-04
	-1.101357353436082e-02
	1.142807282605113e-02
	4.253681345595148e-05

 435	1.010755714307356e-09
	1.000000000000000e+00
	-4.403472938148759e-04
	-1.103410921000566e-02
	1.143348543304003e-02
	4.097107078069546e-05

 436	1.010782386829420e-09
	1.000000000000000e+00
	-4.240969048765648e-04
	-1.105410818483835e-02
	1.143875766327661e-02
	3.944742643861549e-05

 437	1.010809379173733e-09
	1.000000000000000e+00
	-4.082661548348368e-04
	-1.107359334879172e-02
	1.144389545928579e-02
	3.796404434065106e-05

 438	1.010836683452495e-09
	1.000000000000000e+00
	-3.928574218902484e-04
	-1.109256156539957e-02
	1.144889791152216e-02
	3.652107576761406e-05

 439	1.010864321906041e-09
	1.000000000000000e+00
	-3.778559073312031e-04
	-1.111103084608604e-02
	1.145376968793335e-02
	3.511706548403457e-05

 440	1.010892291080236e-09
	1.000000000000000e+00
	-3.632613809110181e-04
	-1.112900128234656e-02
	1.145851073751307e-02
	3.375192574449516e-05

 441	1.010920610218572e-09
	1.000000000000000e+00
	-3.490617041145734e-04
	-1.114648763335072e-02
	1.146312488016639e-02
	3.242445729903675e-05

 442	1.010949279555373e-09
	1.000000000000000e+00
	-3.352547762187526e-04
	-1.116349231050337e-02
	1.146761268381588e-02
	3.113440290647976e-05

 443	1.010978316381730e-09
	1.000000000000000e+00
	-3.218303067028250e-04
	-1.118002781770382e-02
	1.147197738180016e-02
	2.988074260634016e-05

 444	1.011007723946895e-09
	1.000000000000000e+00
	-3.087849252140958e-04
	-1.119609814631158e-02
	1.147621996556635e-02
	2.866310595898184e-05

 445	1.011037518328507e-09
	1.000000000000000e+00
	-2.961096595017025e-04
	-1.121171419491740e-02
	1.148034325227021e-02
	2.748060214868564e-05

 446	1.011067705283637e-09
	1.000000000000000e+00
	-2.838003007088197e-04
	-1.122688100335055e-02
	1.148434851634683e-02
	2.633278771259012e-05

 447	1.011098300254461e-09
	1.000000000000000e+00
	-2.718488246729739e-04
	-1.124160831889654e-02
	1.148823827772269e-02
	2.521886584678382e-05

 448	1.011129311157659e-09
	1.000000000000000e+00
	-2.602504802728979e-04
	-1.125590186418969e-02
	1.149201399695967e-02
	2.413834750277023e-05

 449	1.011160753268874e-09
	1.000000000000000e+00
	-2.489979299435639e-04
	-1.126977055570465e-02
	1.149567798065697e-02
	2.309050499135517e-05

 450	1.011192636440541e-09
	1.000000000000000e+00
	-2.380860826040956e-04
	-1.128322054876354e-02
	1.149923180909234e-02
	2.207482227527307e-05

 451	1.011224976170983e-09
	1.000000000000000e+00
	-2.275081034652411e-04
	-1.129626015410501e-02
	1.150267763437194e-02
	2.109062319806701e-05

 452	1.011257784121665e-09
	1.000000000000000e+00
	-2.172586991628644e-04
	-1.130889578916737e-02
	1.150601711106041e-02
	2.013737726981063e-05

 453	1.011291076347915e-09
	1.000000000000000e+00
	-2.073314085583935e-04
	-1.132113531682923e-02
	1.150925227794786e-02
	1.921444743976082e-05

 454	1.011324866272583e-09
	1.000000000000000e+00
	-1.977208288802199e-04
	-1.133298530125424e-02
	1.151238483302032e-02
	1.832129711402686e-05

 455	1.011359170807898e-09
	1.000000000000000e+00
	-1.884207817536045e-04
	-1.134445326835954e-02
	1.151541673058719e-02
	1.745731952589847e-05

 456	1.011394005157161e-09
	1.000000000000000e+00
	-1.794258169337710e-04
	-1.135554585178569e-02
	1.151834969127548e-02
	1.662197744397797e-05

 457	1.011429387372271e-09
	1.000000000000000e+00
	-1.707299744654125e-04
	-1.136627031879060e-02
	1.152118560518521e-02
	1.581468807080007e-05

 458	1.011465334515239e-09
	1.000000000000000e+00
	-1.623277972359061e-04
	-1.137663332155821e-02
	1.152392620176694e-02
	1.503491702704881e-05

 459	1.011501866057355e-09
	1.000000000000000e+00
	-1.542134979189529e-04
	-1.138664192421305e-02
	1.152657332120854e-02
	1.428210092334106e-05

 460	1.011539001053006e-09
	1.000000000000000e+00
	-1.463816385180103e-04
	-1.139630276461554e-02
	1.152912869275955e-02
	1.355571037407594e-05

 461	1.011576760682848e-09
	1.000000000000000e+00
	-1.388265713745326e-04
	-1.140562274354498e-02
	1.153159411686464e-02
	1.285519805482171e-05

 462	1.011615166182038e-09
	1.000000000000000e+00
	-1.315428936840557e-04
	-1.141460846393030e-02
	1.153397131680802e-02
	1.218004080631230e-05

 463	1.011654240752892e-09
	1.000000000000000e+00
	-1.245250734813984e-04
	-1.142326669198288e-02
	1.153626206058134e-02
	1.152970488291204e-05

 464	1.011694008057196e-09
	1.000000000000000e+00
	-1.177677525182434e-04
	-1.143160398341594e-02
	1.153846806195864e-02
	1.090367397545568e-05

 465	1.011734493666458e-09
	1.000000000000000e+00
	-1.112654967615409e-04
	-1.143962699105008e-02
	1.154059106178575e-02
	1.030142602577958e-05

 466	1.011775723977901e-09
	1.000000000000000e+00
	-1.050129974501691e-04
	-1.144734221661196e-02
	1.154263276226048e-02
	9.722451801478217e-06

 467	1.011817727328570e-09
	1.000000000000000e+00
	-9.900490509564056e-05
	-1.145475621536987e-02
	1.154459488100192e-02
	9.166239463721289e-06

 468	1.011860533232249e-09
	1.000000000000000e+00
	-9.323596240721002e-05
	-1.146187543197580e-02
	1.154647910755827e-02
	8.632286824630984e-06

 469	1.011904173252319e-09
	1.000000000000000e+00
	-8.770089415359103e-05
	-1.146870633621044e-02
	1.154828713926509e-02
	8.120091098892358e-06

 470	1.011948680485582e-09
	1.000000000000000e+00
	-8.239449461159426e-05
	-1.147525531493281e-02
	1.155002065259533e-02
	7.629156949187903e-06

 471	1.011994090265946e-09
	1.000000000000000e+00
	-7.731155472154999e-05
	-1.148152876183092e-02
	1.155168132685545e-02
	7.158989697093361e-06

 472	1.012040439842736e-09
	1.000000000000000e+00
	-7.244691927744615e-05
	-1.148753300671108e-02
	1.155327082541980e-02
	6.709100568648346e-06

 473	1.012087768971543e-09
	1.000000000000000e+00
	-6.779543888137118e-05
	-1.149327437466247e-02
	1.155479081133906e-02
	6.279002204716422e-06

 474	1.012136119750712e-09
	1.000000000000000e+00
	-6.335200713672093e-05
	-1.149875914002871e-02
	1.155624293510733e-02
	5.868212058356476e-06

 475	1.012185537144955e-09
	1.000000000000000e+00
	-5.911152830300956e-05
	-1.150399357605436e-02
	1.155762885393213e-02
	5.476250425264191e-06

 476	1.012236068082999e-09
	1.000000000000000e+00
	-5.506901088739996e-05
	-1.150898379932444e-02
	1.155895016520001e-02
	5.102645011789989e-06

 477	1.012287766794222e-09
	1.000000000000000e+00
	-5.121917343576046e-05
	-1.151373631688077e-02
	1.156020859029870e-02
	4.746900017907379e-06

 478	1.012340683415932e-09
	1.000000000000000e+00
	-4.755733135785797e-05
	-1.151825689062772e-02
	1.156140564702983e-02
	4.408574955772918e-06

 479	1.012394880471474e-09
	1.000000000000000e+00
	-4.407820349668426e-05
	-1.152255202060424e-02
	1.156254304935430e-02
	4.087174746613235e-06

 480	1.012450417066241e-09
	1.000000000000000e+00
	-4.077704568936427e-05
	-1.152662754562452e-02
	1.156362233678876e-02
	3.782254525204605e-06

 481	1.012507363688244e-09
	1.000000000000000e+00
	-3.764871267792139e-05
	-1.153048980122375e-02
	1.156464518096339e-02
	3.493332938353233e-06

 482	1.012565790025105e-09
	1.000000000000000e+00
	-3.468842180015877e-05
	-1.153414467679295e-02
	1.156561313593098e-02
	3.219962662178215e-06

 483	1.012625776471617e-09
	1.000000000000000e+00
	-3.189113797710461e-05
	-1.153759837474691e-02
	1.156652783915624e-02
	2.961673567753082e-06

 484	1.012687405211010e-09
	1.000000000000000e+00
	-2.925206391643856e-05
	-1.154085680525086e-02
	1.156739085120201e-02
	2.718017965272584e-06

 485	1.012750769132018e-09
	1.000000000000000e+00
	-2.676624776996525e-05
	-1.154392607052465e-02
	1.156820378394994e-02
	2.488534344639260e-06

 486	1.012815965451899e-09
	1.000000000000000e+00
	-2.442889459968595e-05
	-1.154681208021938e-02
	1.156896819871214e-02
	2.272776106977110e-06

 487	1.012883102777893e-09
	1.000000000000000e+00
	-2.223511831903405e-05
	-1.154952085761018e-02
	1.156968568729337e-02
	2.070288635836869e-06

 488	1.012952296736401e-09
	1.000000000000000e+00
	-2.018013801661014e-05
	-1.155205829712629e-02
	1.157035780774786e-02
	1.880627395094588e-06

 489	1.013023675778008e-09
	1.000000000000000e+00
	-1.825912231014082e-05
	-1.155443035645895e-02
	1.157098613523290e-02
	1.703343536262806e-06

 490	1.013097378454487e-09
	1.000000000000000e+00
	-1.646731215826022e-05
	-1.155664290485668e-02
	1.157157222180404e-02
	1.537995210905850e-06

 491	1.013173558467736e-09
	1.000000000000000e+00
	-1.479992405829453e-05
	-1.155870184258816e-02
	1.157211762803341e-02
	1.384138613136152e-06

 492	1.013252383394251e-09
	1.000000000000000e+00
	-1.325222631740064e-05
	-1.156061300670436e-02
	1.157262389802574e-02
	1.241334996174870e-06

 493	1.013334039431835e-09
	1.000000000000000e+00
	-1.181947952918344e-05
	-1.156238224447978e-02
	1.157309257884995e-02
	1.109145158909777e-06

 494	1.013418731526902e-09
	1.000000000000000e+00
	-1.049698362952031e-05
	-1.156401535525253e-02
	1.157352520511442e-02
	9.871337676544198e-07

 495	1.013506688287262e-09
	1.000000000000000e+00
	-9.280041858662769e-06
	-1.156551813487193e-02
	1.157392331071878e-02
	8.748660118396263e-07

 496	1.013598163643237e-09
	1.000000000000000e+00
	-8.163989698193458e-06
	-1.156689633991610e-02
	1.157428841935867e-02
	7.719102555583552e-07

 497	1.013693442485497e-09
	1.000000000000000e+00
	-7.144173568361667e-06
	-1.156815571395030e-02
	1.157462205146400e-02
	6.778360546449385e-07

 498	1.013792844228150e-09
	1.000000000000000e+00
	-6.215968704783442e-06
	-1.156930196540657e-02
	1.157492571832142e-02
	5.922157899511935e-07

 499	1.013896729937571e-09
	1.000000000000000e+00
	-5.374767113711792e-06
	-1.157034078241448e-02
	1.157520092598856e-02
	5.146235396920978e-07

 500	1.014005508529045e-09
	1.000000000000000e+00
	-4.615988882634980e-06
	-1.157127781879371e-02
	1.157544917156777e-02
	4.446361085804114e-07

 501	1.014119646561580e-09
	1.000000000000000e+00
	-3.935076021900630e-06
	-1.157211870162112e-02
	1.157567194519738e-02
	3.818324456078716e-07

 502	1.014239678419264e-09
	1.000000000000000e+00
	-3.327500089984198e-06
	-1.157286902177837e-02
	1.157587072753390e-02
	3.257943344810576e-07

 503	1.014366220737196e-09
	1.000000000000000e+00
	-2.788759915516026e-06
	-1.157353433673163e-02
	1.157604699047630e-02
	2.761061708002184e-07

 504	1.014499989059413e-09
	1.000000000000000e+00
	-2.314387444246613e-06
	-1.157412016327962e-02
	1.157620219523384e-02
	2.323554900188784e-07

 505	1.014641820417454e-09
	1.000000000000000e+00
	-1.899948260039586e-06
	-1.157463197688141e-02
	1.157633779213652e-02
	1.941330048838372e-07

 506	1.014792701213256e-09
	1.000000000000000e+00
	-1.541046993309286e-06
	-1.157507520495000e-02
	1.157645521884931e-02
	1.610330939998315e-07

 507	1.014953804692411e-09
	1.000000000000000e+00
	-1.233330231938806e-06
	-1.157545522323322e-02
	1.157655589940365e-02
	1.326540615266808e-07

 508	1.015126539566375e-09
	1.000000000000000e+00
	-9.724926098679532e-07
	-1.157577734827135e-02
	1.157664124219108e-02
	1.085986900847810e-07

 509	1.015312616238784e-09
	1.000000000000000e+00
	-7.542822535906712e-07
	-1.157604683065042e-02
	1.157671263816870e-02
	8.847473527830994e-08

 510	1.015514136577675e-09
	1.000000000000000e+00
	-5.745087486852540e-07
	-1.157626884514536e-02
	1.157677145824013e-02
	7.189565391341011e-08

 511	1.015733719794121e-09
	1.000000000000000e+00
	-4.290518963064038e-07
	-1.157644847988920e-02
	1.157681905038056e-02
	5.848140491877512e-08

 512	1.015974681147427e-09
	1.000000000000000e+00
	-3.138731820215290e-07
	-1.157659072219466e-02
	1.157685673587481e-02
	4.785950189422935e-08

 513	1.016241293597382e-09
	1.000000000000000e+00
	-2.250295423091020e-07
	-1.157670044154007e-02
	1.157688580480475e-02
	3.966627762511706e-08

 514	1.016539180467775e-09
	1.000000000000000e+00
	-1.586909562853456e-07
	-1.157678236783326e-02
	1.157690751028695e-02
	3.354850257564748e-08

 515	1.016875925925421e-09
	1.000000000000000e+00
	-1.111625002429839e-07
	-1.157684106416520e-02
	1.157692306125022e-02
	2.916541522738886e-08

 516	1.017262060174187e-09
	1.000000000000000e+00
	-7.891268853643663e-08
	-1.157688089180255e-02
	1.157693361315832e-02
	2.619133274541356e-08

 517	1.017712725789780e-09
	1.000000000000000e+00
	-5.860991485542866e-08
	-1.157690596517744e-02
	1.157694025608278e-02
	2.431900949536997e-08

 518	1.018250656822827e-09
	1.000000000000000e+00
	-4.716972799162500e-08
	-1.157692009349881e-02
	1.157694399923162e-02
	2.326399517115499e-08

 519	1.018911889403196e-09
	1.000000000000000e+00
	-4.181594932123334e-08
	-1.157692670527067e-02
	1.157694575095033e-02
	2.277026967373723e-08

 520	1.019757726095569e-09
	1.000000000000000e+00
	-4.015845377416949e-08
	-1.157692875223268e-02
	1.157694629327100e-02
	2.261741545663264e-08

 521	1.020902989884843e-09
	1.000000000000000e+00
	-4.028736316774584e-08
	-1.157692859303296e-02
	1.157694625109265e-02
	2.262930349165976e-08

 522	1.022595371838726e-09
	1.000000000000000e+00
	-4.087287826248787e-08
	-1.157692786993764e-02
	1.157694605951618e-02
	2.268329971507858e-08

 523	1.025513200552667e-09
	1.000000000000000e+00
	-4.123234755709637e-08
	-1.157692742600279e-02
	1.157694594190036e-02
	2.271644999331395e-08

 524	1.031348857980548e-09
	1.000000000000000e+00
	-4.127053243943579e-08
	-1.157692737884550e-02
	1.157694592940654e-02
	2.271997139994486e-08

 525	1.041348857980548e-09
	1.000000000000000e+00
	-4.122758861385689e-08
	-1.157692743187996e-02
	1.157694594345745e-02
	2.271601112022178e-08

 526	1.051348857980548e-09
	1.000000000000000e+00
	-4.121901301876174e-08
	-1.157692744247057e-02
	1.157694594626331e-02
	2.271522027939289e-08

 527	1.061348857980548e-09
	1.000000000000000e+00
	-4.121929191025497e-08
	-1.157692744212616e-02
	1.157694594617208e-02
	2.271524599872388e-08

 528	1.071348857980548e-09
	1.000000000000000e+00
	-4.121960469130603e-08
	-1.157692744173987e-02
	1.157694594606973e-02
	2.271527484281536e-08

 529	1.081348857980548e-09
	1.000000000000000e+00
	-4.121963606898427e-08
	-1.157692744170115e-02
	1.157694594605949e-02
	2.271527773661063e-08

 530	1.091348857980548e-09
	1.000000000000000e+00
	-4.121963002520768e-08
	-1.157692744170862e-02
	1.157694594606147e-02
	2.271527717904598e-08

 531	1.101348857980548e-09
	1.000000000000000e+00
	-4.121962823150360e-08
	-1.157692744171083e-02
	1.157694594606206e-02
	2.271527701311795e-08

 532	1.111348857980548e-09
	1.000000000000000e+00
	-4.121962819680913e-08
	-1.157692744171089e-02
	1.157694594606207e-02
	2.271527701065805e-08

 533	1.121348857980548e-09
	1.000000000000000e+00
	-4.121962824885084e-08
	-1.157692744171081e-02
	1.157694594606204e-02
	2.271527701591250e-08

 534	1.131348857980548e-09
	1.000000000000000e+00
	-4.121962825578973e-08
	-1.157692744171080e-02
	1.157694594606204e-02
	2.271527701560704e-08

 535	1.141348857980548e-09
	1.000000000000000e+00
	-4.121962825578973e-08
	-1.157692744171080e-02
	1.157694594606204e-02
	2.271527701611523e-08

 536	1.151348857980548e-09
	1.000000000000000e+00
	-4.121962825578973e-08
	-1.157692744171079e-02
	1.157694594606203e-02
	2.271527701608985e-08

 537	1.161348857980548e-09
	1.000000000000000e+00
	-4.121962825578973e-08
	-1.157692744171080e-02
	1.157694594606204e-02
	2.271527701608943e-08

 538	1.171348857980548e-09
	1.000000000000000e+00
	-4.121962825578973e-08
	-1.157692744171079e-02
	1.157694594606203e-02
	2.271527701606243e-08

 539	1.181348857980548e-09
	1.000000000000000e+00
	-4.121962825578973e-08
	-1.157692744171080e-02
	1.157694594606204e-02
	2.271527701608936e-08

 540	1.191348857980548e-09
	1.000000000000000e+00
	-4.121962825578973e-08
	-1.157692744171079e-02
	1.157694594606203e-02
	2.271527701606245e-08

 541	1.201348857980548e-09
	1.000000000000000e+00
	-4.121962825578973e-08
	-1.157692744171080e-02
	1.157694594606204e-02
	2.271527701608936e-08

 542	1.211348857980548e-09
	1.000000000000000e+00
	-4.121962825578973e-08
	-1.157692744171079e-02
	1.157694594606203e-02
	2.271527701606245e-08

 543	1.221348857980548e-09
	1.000000000000000e+00
	-4.121962825578973e-08
	-1.157692744171080e-02
	1.157694594606204e-02
	2.271527701608936e-08

 544	1.231348857980547e-09
	1.000000000000000e+00
	-4.121962825578973e-08
	-1.157692744171079e-02
	1.157694594606203e-02
	2.271527701606245e-08

 545	1.241348857980547e-09
	1.000000000000000e+00
	-4.121962825578973e-08
	-1.157692744171080e-02
	1.157694594606204e-02
	2.271527701608936e-08

 546	1.251348857980547e-09
	1.000000000000000e+00
	-4.121962825578973e-08
	-1.157692744171079e-02
	1.157694594606203e-02
	2.271527701606245e-08

 547	1.261348857980547e-09
	1.000000000000000e+00
	-4.121962825578973e-08
	-1.157692744171080e-02
	1.157694594606204e-02
	2.271527701608936e-08

 548	1.271348857980547e-09
	1.000000000000000e+00
	-4.121962825578973e-08
	-1.157692744171079e-02
	1.157694594606203e-02
	2.271527701606245e-08

 549	1.281348857980547e-09
	1.000000000000000e+00
	-4.121962825578973e-08
	-1.157692744171080e-02
	1.157694594606204e-02
	2.271527701608936e-08

 550	1.291348857980547e-09
	1.000000000000000e+00
	-4.121962825578973e-08
	-1.157692744171079e-02
	1.157694594606203e-02
	2.271527701606245e-08

 551	1.301348857980547e-09
	1.000000000000000e+00
	-4.121962825578973e-08
	-1.157692744171080e-02
	1.157694594606204e-02
	2.271527701608936e-08

 552	1.311348857980547e-09
	1.000000000000000e+00
	-4.121962825578973e-08
	-1.157692744171079e-02
	1.157694594606203e-02
	2.271527701606245e-08

 553	1.321348857980547e-09
	1.000000000000000e+00
	-4.121962825578973e-08
	-1.157692744171080e-02
	1.157694594606204e-02
	2.271527701608936e-08

 554	1.331348857980547e-09
	1.000000000000000e+00
	-4.121962825578973e-08
	-1.157692744171079e-02
	1.157694594606203e-02
	2.271527701606245e-08

 555	1.341348857980547e-09
	1.000000000000000e+00
	-4.121962825578973e-08
	-1.157692744171080e-02
	1.157694594606204e-02
	2.271527701608936e-08

 556	1.351348857980547e-09
	1.000000000000000e+00
	-4.121962825578973e-08
	-1.157692744171079e-02
	1.157694594606203e-02
	2.271527701606245e-08

 557	1.361348857980547e-09
	1.000000000000000e+00
	-4.121962825578973e-08
	-1.157692744171080e-02
	1.157694594606204e-02
	2.271527701608936e-08

 558	1.371348857980547e-09
	1.000000000000000e+00
	-4.121962825578973e-08
	-1.157692744171079e-02
	1.157694594606203e-02
	2.271527701606245e-08

 559	1.381348857980547e-09
	1.000000000000000e+00
	-4.121962825578973e-08
	-1.157692744171080e-02
	1.157694594606204e-02
	2.271527701608936e-08

 560	1.391348857980547e-09
	1.000000000000000e+00
	-4.121962825578973e-08
	-1.157692744171079e-02
	1.157694594606203e-02
	2.271527701606245e-08

 561	1.401348857980547e-09
	1.000000000000000e+00
	-4.121962825578973e-08
	-1.157692744171080e-02
	1.157694594606204e-02
	2.271527701608936e-08

 562	1.411348857980547e-09
	1.000000000000000e+00
	-4.121962825578973e-08
	-1.157692744171079e-02
	1.157694594606203e-02
	2.271527701606245e-08

 563	1.421348857980547e-09
	1.000000000000000e+00
	-4.121962825578973e-08
	-1.157692744171080e-02
	1.157694594606204e-02
	2.271527701608936e-08

 564	1.431348857980547e-09
	1.000000000000000e+00
	-4.121962825578973e-08
	-1.157692744171079e-02
	1.157694594606203e-02
	2.271527701606245e-08

 565	1.441348857980547e-09
	1.000000000000000e+00
	-4.121962825578973e-08
	-1.157692744171080e-02
	1.157694594606204e-02
	2.271527701608936e-08

 566	1.451348857980547e-09
	1.000000000000000e+00
	-4.121962825578973e-08
	-1.157692744171079e-02
	1.157694594606203e-02
	2.271527701606245e-08

 567	1.461348857980547e-09
	1.000000000000000e+00
	-4.121962825578973e-08
	-1.157692744171080e-02
	1.157694594606204e-02
	2.271527701608936e-08

 568	1.471348857980547e-09
	1.000000000000000e+00
	-4.121962825578973e-08
	-1.157692744171079e-02
	1.157694594606203e-02
	2.271527701606245e-08

 569	1.481348857980547e-09
	1.000000000000000e+00
	-4.121962825578973e-08
	-1.157692744171080e-02
	1.157694594606204e-02
	2.271527701608936e-08

 570	1.491348857980547e-09
	1.000000000000000e+00
	-4.121962825578973e-08
	-1.157692744171079e-02
	1.157694594606203e-02
	2.271527701606245e-08

 571	1.501348857980547e-09
	1.000000000000000e+00
	-4.121962825578973e-08
	-1.157692744171080e-02
	1.157694594606204e-02
	2.271527701608936e-08

 572	1.511348857980547e-09
	1.000000000000000e+00
	-4.121962825578973e-08
	-1.157692744171079e-02
	1.157694594606203e-02
	2.271527701606245e-08

 573	1.521348857980546e-09
	1.000000000000000e+00
	-4.121962825578973e-08
	-1.157692744171080e-02
	1.157694594606204e-02
	2.271527701608936e-08

 574	1.531348857980546e-09
	1.000000000000000e+00
	-4.121962825578973e-08
	-1.157692744171079e-02
	1.157694594606203e-02
	2.271527701606245e-08

 575	1.541348857980546e-09
	1.000000000000000e+00
	-4.121962825578973e-08
	-1.157692744171080e-02
	1.157694594606204e-02
	2.271527701608936e-08

 576	1.551348857980546e-09
	1.000000000000000e+00
	-4.121962825578973e-08
	-1.157692744171079e-02
	1.157694594606203e-02
	2.271527701606245e-08

 577	1.561348857980546e-09
	1.000000000000000e+00
	-4.121962825578973e-08
	-1.157692744171080e-02
	1.157694594606204e-02
	2.271527701608936e-08

 578	1.571348857980546e-09
	1.000000000000000e+00
	-4.121962825578973e-08
	-1.157692744171079e-02
	1.157694594606203e-02
	2.271527701606245e-08

 579	1.581348857980546e-09
	1.000000000000000e+00
	-4.121962825578973e-08
	-1.157692744171080e-02
	1.157694594606204e-02
	2.271527701608936e-08

 580	1.591348857980546e-09
	1.000000000000000e+00
	-4.121962825578973e-08
	-1.157692744171079e-02
	1.157694594606203e-02
	2.271527701606245e-08

 581	1.601348857980546e-09
	1.000000000000000e+00
	-4.121962825578973e-08
	-1.157692744171080e-02
	1.157694594606204e-02
	2.271527701608936e-08

 582	1.611348857980546e-09
	1.000000000000000e+00
	-4.121962825578973e-08
	-1.157692744171079e-02
	1.157694594606203e-02
	2.271527701606245e-08

 583	1.621348857980546e-09
	1.000000000000000e+00
	-4.121962825578973e-08
	-1.157692744171080e-02
	1.157694594606204e-02
	2.271527701608936e-08

 584	1.631348857980546e-09
	1.000000000000000e+00
	-4.121962825578973e-08
	-1.157692744171079e-02
	1.157694594606203e-02
	2.271527701606245e-08

 585	1.641348857980546e-09
	1.000000000000000e+00
	-4.121962825578973e-08
	-1.157692744171080e-02
	1.157694594606204e-02
	2.271527701608936e-08

 586	1.651348857980546e-09
	1.000000000000000e+00
	-4.121962825578973e-08
	-1.157692744171079e-02
	1.157694594606203e-02
	2.271527701606245e-08

 587	1.661348857980546e-09
	1.000000000000000e+00
	-4.121962825578973e-08
	-1.157692744171080e-02
	1.157694594606204e-02
	2.271527701608936e-08

 588	1.671348857980546e-09
	1.000000000000000e+00
	-4.121962825578973e-08
	-1.157692744171079e-02
	1.157694594606203e-02
	2.271527701606245e-08

 589	1.681348857980546e-09
	1.000000000000000e+00
	-4.121962825578973e-08
	-1.157692744171080e-02
	1.157694594606204e-02
	2.271527701608936e-08

 590	1.691348857980546e-09
	1.000000000000000e+00
	-4.121962825578973e-08
	-1.157692744171079e-02
	1.157694594606203e-02
	2.271527701606245e-08

 591	1.701348857980546e-09
	1.000000000000000e+00
	-4.121962825578973e-08
	-1.157692744171080e-02
	1.157694594606204e-02
	2.271527701608936e-08

 592	1.711348857980546e-09
	1.000000000000000e+00
	-4.121962825578973e-08
	-1.157692744171079e-02
	1.157694594606203e-02
	2.271527701606245e-08

 593	1.721348857980546e-09
	1.000000000000000e+00
	-4.121962825578973e-08
	-1.157692744171080e-02
	1.157694594606204e-02
	2.271527701608936e-08

 594	1.731348857980546e-09
	1.000000000000000e+00
	-4.121962825578973e-08
	-1.157692744171079e-02
	1.157694594606203e-02
	2.271527701606245e-08

 595	1.741348857980546e-09
	1.000000000000000e+00
	-4.121962825578973e-08
	-1.157692744171080e-02
	1.157694594606204e-02
	2.271527701608936e-08

 596	1.751348857980546e-09
	1.000000000000000e+00
	-4.121962825578973e-08
	-1.157692744171079e-02
	1.157694594606203e-02
	2.271527701606245e-08

 597	1.761348857980546e-09
	1.000000000000000e+00
	-4.121962825578973e-08
	-1.157692744171080e-02
	1.157694594606204e-02
	2.271527701608936e-08

 598	1.771348857980546e-09
	1.000000000000000e+00
	-4.121962825578973e-08
	-1.157692744171079e-02
	1.157694594606203e-02
	2.271527701606245e-08

 599	1.781348857980546e-09
	1.000000000000000e+00
	-4.121962825578973e-08
	-1.157692744171080e-02
	1.157694594606204e-02
	2.271527701608936e-08

 600	1.791348857980546e-09
	1.000000000000000e+00
	-4.121962825578973e-08
	-1.157692744171079e-02
	1.157694594606203e-02
	2.271527701606245e-08

 601	1.801348857980546e-09
	1.000000000000000e+00
	-4.121962825578973e-08
	-1.157692744171080e-02
	1.157694594606204e-02
	2.271527701608936e-08

 602	1.811348857980545e-09
	1.000000000000000e+00
	-4.121962825578973e-08
	-1.157692744171079e-02
	1.157694594606203e-02
	2.271527701606245e-08

 603	1.821348857980545e-09
	1.000000000000000e+00
	-4.121962825578973e-08
	-1.157692744171080e-02
	1.157694594606204e-02
	2.271527701608936e-08

 604	1.831348857980545e-09
	1.000000000000000e+00
	-4.121962825578973e-08
	-1.157692744171079e-02
	1.157694594606203e-02
	2.271527701606245e-08

 605	1.841348857980545e-09
	1.000000000000000e+00
	-4.121962825578973e-08
	-1.157692744171080e-02
	1.157694594606204e-02
	2.271527701608936e-08

 606	1.851348857980545e-09
	1.000000000000000e+00
	-4.121962825578973e-08
	-1.157692744171079e-02
	1.157694594606203e-02
	2.271527701606245e-08

 607	1.861348857980545e-09
	1.000000000000000e+00
	-4.121962825578973e-08
	-1.157692744171080e-02
	1.157694594606204e-02
	2.271527701608936e-08

 608	1.871348857980545e-09
	1.000000000000000e+00
	-4.121962825578973e-08
	-1.157692744171079e-02
	1.157694594606203e-02
	2.271527701606245e-08

 609	1.881348857980545e-09
	1.000000000000000e+00
	-4.121962825578973e-08
	-1.157692744171080e-02
	1.157694594606204e-02
	2.271527701608936e-08

 610	1.891348857980546e-09
	1.000000000000000e+00
	-4.121962825578973e-08
	-1.157692744171079e-02
	1.157694594606203e-02
	2.271527701606245e-08

 611	1.901348857980546e-09
	1.000000000000000e+00
	-4.121962825578973e-08
	-1.157692744171080e-02
	1.157694594606204e-02
	2.271527701608936e-08

 612	1.911348857980546e-09
	1.000000000000000e+00
	-4.121962825578973e-08
	-1.157692744171079e-02
	1.157694594606203e-02
	2.271527701606245e-08

 613	1.921348857980546e-09
	1.000000000000000e+00
	-4.121962825578973e-08
	-1.157692744171080e-02
	1.157694594606204e-02
	2.271527701608936e-08

 614	1.931348857980546e-09
	1.000000000000000e+00
	-4.121962825578973e-08
	-1.157692744171079e-02
	1.157694594606203e-02
	2.271527701606245e-08

 615	1.941348857980546e-09
	1.000000000000000e+00
	-4.121962825578973e-08
	-1.157692744171080e-02
	1.157694594606204e-02
	2.271527701608936e-08

 616	1.951348857980547e-09
	1.000000000000000e+00
	-4.121962825578973e-08
	-1.157692744171079e-02
	1.157694594606203e-02
	2.271527701606245e-08

 617	1.961348857980547e-09
	1.000000000000000e+00
	-4.121962825578973e-08
	-1.157692744171080e-02
	1.157694594606204e-02
	2.271527701608936e-08

 618	1.971348857980547e-09
	1.000000000000000e+00
	-4.121962825578973e-08
	-1.157692744171079e-02
	1.157694594606203e-02
	2.271527701606245e-08

 619	1.981348857980547e-09
	1.000000000000000e+00
	-4.121962825578973e-08
	-1.157692744171080e-02
	1.157694594606204e-02
	2.271527701608936e-08

 620	1.991348857980547e-09
	1.000000000000000e+00
	-4.121962825578973e-08
	-1.157692744171079e-02
	1.157694594606203e-02
	2.271527701606245e-08

 621	2.001348857980548e-09
	1.000000000000000e+00
	-4.121962825578973e-08
	-1.157692744171080e-02
	1.157694594606204e-02
	2.271527701608936e-08

 622	2.011348857980548e-09
	1.000000000000000e+00
	-4.121962825578973e-08
	-1.157692744171079e-02
	1.157694594606203e-02
	2.271527701606245e-08

 623	2.021348857980548e-09
	1.000000000000000e+00
	-4.121962825578973e-08
	-1.157692744171080e-02
	1.157694594606204e-02
	2.271527701608936e-08

 624	2.031348857980548e-09
	1.000000000000000e+00
	-4.121962825578973e-08
	-1.157692744171079e-02
	1.157694594606203e-02
	2.271527701606245e-08

 625	2.041348857980548e-09
	1.000000000000000e+00
	-4.121962825578973e-08
	-1.157692744171080e-02
	1.157694594606204e-02
	2.271527701608936e-08

 626	2.051348857980548e-09
	1.000000000000000e+00
	-4.121962825578973e-08
	-1.157692744171079e-02
	1.157694594606203e-02
	2.271527701606245e-08

 627	2.061348857980549e-09
	1.000000000000000e+00
	-4.121962825578973e-08
	-1.157692744171080e-02
	1.157694594606204e-02
	2.271527701608936e-08

 628	2.071348857980549e-09
	1.000000000000000e+00
	-4.121962825578973e-08
	-1.157692744171079e-02
	1.157694594606203e-02
	2.271527701606245e-08

 629	2.081348857980549e-09
	1.000000000000000e+00
	-4.121962825578973e-08
	-1.157692744171080e-02
	1.157694594606204e-02
	2.271527701608936e-08

 630	2.091348857980549e-09
	1.000000000000000e+00
	-4.121962825578973e-08
	-1.157692744171079e-02
	1.157694594606203e-02
	2.271527701606245e-08

 631	2.101348857980549e-09
	1.000000000000000e+00
	-4.121962825578973e-08
	-1.157692744171080e-02
	1.157694594606204e-02
	2.271527701608936e-08

 632	2.111348857980549e-09
	1.000000000000000e+00
	-4.121962825578973e-08
	-1.157692744171079e-02
	1.157694594606203e-02
	2.271527701606245e-08

 633	2.121348857980550e-09
	1.000000000000000e+00
	-4.121962825578973e-08
	-1.157692744171080e-02
	1.157694594606204e-02
	2.271527701608936e-08

 634	2.131348857980550e-09
	1.000000000000000e+00
	-4.121962825578973e-08
	-1.157692744171079e-02
	1.157694594606203e-02
	2.271527701606245e-08

 635	2.141348857980550e-09
	1.000000000000000e+00
	-4.121962825578973e-08
	-1.157692744171080e-02
	1.157694594606204e-02
	2.271527701608936e-08

 636	2.151348857980550e-09
	1.000000000000000e+00
	-4.121962825578973e-08
	-1.157692744171079e-02
	1.157694594606203e-02
	2.271527701606245e-08

 637	2.161348857980550e-09
	1.000000000000000e+00
	-4.121962825578973e-08
	-1.157692744171080e-02
	1.157694594606204e-02
	2.271527701608936e-08

 638	2.171348857980550e-09
	1.000000000000000e+00
	-4.121962825578973e-08
	-1.157692744171079e-02
	1.157694594606203e-02
	2.271527701606245e-08

 639	2.181348857980551e-09
	1.000000000000000e+00
	-4.121962825578973e-08
	-1.157692744171080e-02
	1.157694594606204e-02
	2.271527701608936e-08

 640	2.191348857980551e-09
	1.000000000000000e+00
	-4.121962825578973e-08
	-1.157692744171079e-02
	1.157694594606203e-02
	2.271527701606245e-08

 641	2.201348857980551e-09
	1.000000000000000e+00
	-4.121962825578973e-08
	-1.157692744171080e-02
	1.157694594606204e-02
	2.271527701608936e-08

 642	2.211348857980551e-09
	1.000000000000000e+00
	-4.121962825578973e-08
	-1.157692744171079e-02
	1.157694594606203e-02
	2.271527701606245e-08

 643	2.221348857980551e-09
	1.000000000000000e+00
	-4.121962825578973e-08
	-1.157692744171080e-02
	1.157694594606204e-02
	2.271527701608936e-08

 644	2.231348857980551e-09
	1.000000000000000e+00
	-4.121962825578973e-08
	-1.157692744171079e-02
	1.157694594606203e-02
	2.271527701606245e-08

 645	2.241348857980552e-09
	1.000000000000000e+00
	-4.121962825578973e-08
	-1.157692744171080e-02
	1.157694594606204e-02
	2.271527701608936e-08

 646	2.251348857980552e-09
	1.000000000000000e+00
	-4.121962825578973e-08
	-1.157692744171079e-02
	1.157694594606203e-02
	2.271527701606245e-08

 647	2.261348857980552e-09
	1.000000000000000e+00
	-4.121962825578973e-08
	-1.157692744171080e-02
	1.157694594606204e-02
	2.271527701608936e-08

 648	2.271348857980552e-09
	1.000000000000000e+00
	-4.121962825578973e-08
	-1.157692744171079e-02
	1.157694594606203e-02
	2.271527701606245e-08

 649	2.281348857980552e-09
	1.000000000000000e+00
	-4.121962825578973e-08
	-1.157692744171080e-02
	1.157694594606204e-02
	2.271527701608936e-08

 650	2.291348857980553e-09
	1.000000000000000e+00
	-4.121962825578973e-08
	-1.157692744171079e-02
	1.157694594606203e-02
	2.271527701606245e-08

 651	2.301348857980553e-09
	1.000000000000000e+00
	-4.121962825578973e-08
	-1.157692744171080e-02
	1.157694594606204e-02
	2.271527701608936e-08

 652	2.311348857980553e-09
	1.000000000000000e+00
	-4.121962825578973e-08
	-1.157692744171079e-02
	1.157694594606203e-02
	2.271527701606245e-08

 653	2.321348857980553e-09
	1.000000000000000e+00
	-4.121962825578973e-08
	-1.157692744171080e-02
	1.157694594606204e-02
	2.271527701608936e-08

 654	2.331348857980553e-09
	1.000000000000000e+00
	-4.121962825578973e-08
	-1.157692744171079e-02
	1.157694594606203e-02
	2.271527701606245e-08

 655	2.341348857980553e-09
	1.000000000000000e+00
	-4.121962825578973e-08
	-1.157692744171080e-02
	1.157694594606204e-02
	2.271527701608936e-08

 656	2.351348857980554e-09
	1.000000000000000e+00
	-4.121962825578973e-08
	-1.157692744171079e-02
	1.157694594606203e-02
	2.271527701606245e-08

 657	2.361348857980554e-09
	1.000000000000000e+00
	-4.121962825578973e-08
	-1.157692744171080e-02
	1.157694594606204e-02
	2.271527701608936e-08

 658	2.371348857980554e-09
	1.000000000000000e+00
	-4.121962825578973e-08
	-1.157692744171079e-02
	1.157694594606203e-02
	2.271527701606245e-08

 659	2.381348857980554e-09
	1.000000000000000e+00
	-4.121962825578973e-08
	-1.157692744171080e-02
	1.157694594606204e-02
	2.271527701608936e-08

 660	2.391348857980554e-09
	1.000000000000000e+00
	-4.121962825578973e-08
	-1.157692744171079e-02
	1.157694594606203e-02
	2.271527701606245e-08

 661	2.401348857980554e-09
	1.000000000000000e+00
	-4.121962825578973e-08
	-1.157692744171080e-02
	1.157694594606204e-02
	2.271527701608936e-08

 662	2.411348857980555e-09
	1.000000000000000e+00
	-4.121962825578973e-08
	-1.157692744171079e-02
	1.157694594606203e-02
	2.271527701606245e-08

 663	2.421348857980555e-09
	1.000000000000000e+00
	-4.121962825578973e-08
	-1.157692744171080e-02
	1.157694594606204e-02
	2.271527701608936e-08

 664	2.431348857980555e-09
	1.000000000000000e+00
	-4.121962825578973e-08
	-1.157692744171079e-02
	1.157694594606203e-02
	2.271527701606245e-08

 665	2.441348857980555e-09
	1.000000000000000e+00
	-4.121962825578973e-08
	-1.157692744171080e-02
	1.157694594606204e-02
	2.271527701608936e-08

 666	2.451348857980555e-09
	1.000000000000000e+00
	-4.121962825578973e-08
	-1.157692744171079e-02
	1.157694594606203e-02
	2.271527701606245e-08

 667	2.461348857980555e-09
	1.000000000000000e+00
	-4.121962825578973e-08
	-1.157692744171080e-02
	1.157694594606204e-02
	2.271527701608936e-08

 668	2.471348857980556e-09
	1.000000000000000e+00
	-4.121962825578973e-08
	-1.157692744171079e-02
	1.157694594606203e-02
	2.271527701606245e-08

 669	2.481348857980556e-09
	1.000000000000000e+00
	-4.121962825578973e-08
	-1.157692744171080e-02
	1.157694594606204e-02
	2.271527701608936e-08

 670	2.491348857980556e-09
	1.000000000000000e+00
	-4.121962825578973e-08
	-1.157692744171079e-02
	1.157694594606203e-02
	2.271527701606245e-08

 671	2.501348857980556e-09
	1.000000000000000e+00
	-4.121962825578973e-08
	-1.157692744171080e-02
	1.157694594606204e-02
	2.271527701608936e-08

 672	2.511348857980556e-09
	1.000000000000000e+00
	-4.121962825578973e-08
	-1.157692744171079e-02
	1.157694594606203e-02
	2.271527701606245e-08

 673	2.521348857980556e-09
	1.000000000000000e+00
	-4.121962825578973e-08
	-1.157692744171080e-02
	1.157694594606204e-02
	2.271527701608936e-08

 674	2.531348857980557e-09
	1.000000000000000e+00
	-4.121962825578973e-08
	-1.157692744171079e-02
	1.157694594606203e-02
	2.271527701606245e-08

 675	2.541348857980557e-09
	1.000000000000000e+00
	-4.121962825578973e-08
	-1.157692744171080e-02
	1.157694594606204e-02
	2.271527701608936e-08

 676	2.551348857980557e-09
	1.000000000000000e+00
	-4.121962825578973e-08
	-1.157692744171079e-02
	1.157694594606203e-02
	2.271527701606245e-08

 677	2.561348857980557e-09
	1.000000000000000e+00
	-4.121962825578973e-08
	-1.157692744171080e-02
	1.157694594606204e-02
	2.271527701608936e-08

 678	2.571348857980557e-09
	1.000000000000000e+00
	-4.121962825578973e-08
	-1.157692744171079e-02
	1.157694594606203e-02
	2.271527701606245e-08

 679	2.581348857980558e-09
	1.000000000000000e+00
	-4.121962825578973e-08
	-1.157692744171080e-02
	1.157694594606204e-02
	2.271527701608936e-08

 680	2.591348857980558e-09
	1.000000000000000e+00
	-4.121962825578973e-08
	-1.157692744171079e-02
	1.157694594606203e-02
	2.271527701606245e-08

 681	2.601348857980558e-09
	1.000000000000000e+00
	-4.121962825578973e-08
	-1.157692744171080e-02
	1.157694594606204e-02
	2.271527701608936e-08

 682	2.611348857980558e-09
	1.000000000000000e+00
	-4.121962825578973e-08
	-1.157692744171079e-02
	1.157694594606203e-02
	2.271527701606245e-08

 683	2.621348857980558e-09
	1.000000000000000e+00
	-4.121962825578973e-08
	-1.157692744171080e-02
	1.157694594606204e-02
	2.271527701608936e-08

 684	2.631348857980558e-09
	1.000000000000000e+00
	-4.121962825578973e-08
	-1.157692744171079e-02
	1.157694594606203e-02
	2.271527701606245e-08

 685	2.641348857980559e-09
	1.000000000000000e+00
	-4.121962825578973e-08
	-1.157692744171080e-02
	1.157694594606204e-02
	2.271527701608936e-08

 686	2.651348857980559e-09
	1.000000000000000e+00
	-4.121962825578973e-08
	-1.157692744171079e-02
	1.157694594606203e-02
	2.271527701606245e-08

 687	2.661348857980559e-09
	1.000000000000000e+00
	-4.121962825578973e-08
	-1.157692744171080e-02
	1.157694594606204e-02
	2.271527701608936e-08

 688	2.671348857980559e-09
	1.000000000000000e+00
	-4.121962825578973e-08
	-1.157692744171079e-02
	1.157694594606203e-02
	2.271527701606245e-08

 689	2.681348857980559e-09
	1.000000000000000e+00
	-4.121962825578973e-08
	-1.157692744171080e-02
	1.157694594606204e-02
	2.271527701608936e-08

 690	2.691348857980559e-09
	1.000000000000000e+00
	-4.121962825578973e-08
	-1.157692744171079e-02
	1.157694594606203e-02
	2.271527701606245e-08

 691	2.701348857980560e-09
	1.000000000000000e+00
	-4.121962825578973e-08
	-1.157692744171080e-02
	1.157694594606204e-02
	2.271527701608936e-08

 692	2.711348857980560e-09
	1.000000000000000e+00
	-4.121962825578973e-08
	-1.157692744171079e-02
	1.157694594606203e-02
	2.271527701606245e-08

 693	2.721348857980560e-09
	1.000000000000000e+00
	-4.121962825578973e-08
	-1.157692744171080e-02
	1.157694594606204e-02
	2.271527701608936e-08

 694	2.731348857980560e-09
	1.000000000000000e+00
	-4.121962825578973e-08
	-1.157692744171079e-02
	1.157694594606203e-02
	2.271527701606245e-08

 695	2.741348857980560e-09
	1.000000000000000e+00
	-4.121962825578973e-08
	-1.157692744171080e-02
	1.157694594606204e-02
	2.271527701608936e-08

 696	2.751348857980560e-09
	1.000000000000000e+00
	-4.121962825578973e-08
	-1.157692744171079e-02
	1.157694594606203e-02
	2.271527701606245e-08

 697	2.761348857980561e-09
	1.000000000000000e+00
	-4.121962825578973e-08
	-1.157692744171080e-02
	1.157694594606204e-02
	2.271527701608936e-08

 698	2.771348857980561e-09
	1.000000000000000e+00
	-4.121962825578973e-08
	-1.157692744171079e-02
	1.157694594606203e-02
	2.271527701606245e-08

 699	2.781348857980561e-09
	1.000000000000000e+00
	-4.121962825578973e-08
	-1.157692744171080e-02
	1.157694594606204e-02
	2.271527701608936e-08

 700	2.791348857980561e-09
	1.000000000000000e+00
	-4.121962825578973e-08
	-1.157692744171079e-02
	1.157694594606203e-02
	2.271527701606245e-08

 701	2.801348857980561e-09
	1.000000000000000e+00
	-4.121962825578973e-08
	-1.157692744171080e-02
	1.157694594606204e-02
	2.271527701608936e-08

 702	2.811348857980561e-09
	1.000000000000000e+00
	-4.121962825578973e-08
	-1.157692744171079e-02
	1.157694594606203e-02
	2.271527701606245e-08

 703	2.821348857980562e-09
	1.000000000000000e+00
	-4.121962825578973e-08
	-1.157692744171080e-02
	1.157694594606204e-02
	2.271527701608936e-08

 704	2.831348857980562e-09
	1.000000000000000e+00
	-4.121962825578973e-08
	-1.157692744171079e-02
	1.157694594606203e-02
	2.271527701606245e-08

 705	2.841348857980562e-09
	1.000000000000000e+00
	-4.121962825578973e-08
	-1.157692744171080e-02
	1.157694594606204e-02
	2.271527701608936e-08

 706	2.851348857980562e-09
	1.000000000000000e+00
	-4.121962825578973e-08
	-1.157692744171079e-02
	1.157694594606203e-02
	2.271527701606245e-08

 707	2.861348857980562e-09
	1.000000000000000e+00
	-4.121962825578973e-08
	-1.157692744171080e-02
	1.157694594606204e-02
	2.271527701608936e-08

 708	2.871348857980563e-09
	1.000000000000000e+00
	-4.121962825578973e-08
	-1.157692744171079e-02
	1.157694594606203e-02
	2.271527701606245e-08

 709	2.881348857980563e-09
	1.000000000000000e+00
	-4.121962825578973e-08
	-1.157692744171080e-02
	1.157694594606204e-02
	2.271527701608936e-08

 710	2.891348857980563e-09
	1.000000000000000e+00
	-4.121962825578973e-08
	-1.157692744171079e-02
	1.157694594606203e-02
	2.271527701606245e-08

 711	2.901348857980563e-09
	1.000000000000000e+00
	-4.121962825578973e-08
	-1.157692744171080e-02
	1.157694594606204e-02
	2.271527701608936e-08

 712	2.911348857980563e-09
	1.000000000000000e+00
	-4.121962825578973e-08
	-1.157692744171079e-02
	1.157694594606203e-02
	2.271527701606245e-08

 713	2.921348857980563e-09
	1.000000000000000e+00
	-4.121962825578973e-08
	-1.157692744171080e-02
	1.157694594606204e-02
	2.271527701608936e-08

 714	2.931348857980564e-09
	1.000000000000000e+00
	-4.121962825578973e-08
	-1.157692744171079e-02
	1.157694594606203e-02
	2.271527701606245e-08

 715	2.941348857980564e-09
	1.000000000000000e+00
	-4.121962825578973e-08
	-1.157692744171080e-02
	1.157694594606204e-02
	2.271527701608936e-08

 716	2.951348857980564e-09
	1.000000000000000e+00
	-4.121962825578973e-08
	-1.157692744171079e-02
	1.157694594606203e-02
	2.271527701606245e-08

 717	2.961348857980564e-09
	1.000000000000000e+00
	-4.121962825578973e-08
	-1.157692744171080e-02
	1.157694594606204e-02
	2.271527701608936e-08

 718	2.971348857980564e-09
	1.000000000000000e+00
	-4.121962825578973e-08
	-1.157692744171079e-02
	1.157694594606203e-02
	2.271527701606245e-08

 719	2.981348857980564e-09
	1.000000000000000e+00
	-4.121962825578973e-08
	-1.157692744171080e-02
	1.157694594606204e-02
	2.271527701608936e-08

 720	2.991348857980565e-09
	1.000000000000000e+00
	-4.121962825578973e-08
	-1.157692744171079e-02
	1.157694594606203e-02
	2.271527701606245e-08

 721	3.001348857980565e-09
	1.000000000000000e+00
	-4.121962825578973e-08
	-1.157692744171080e-02
	1.157694594606204e-02
	2.271527701608936e-08

 722	3.011348857980565e-09
	1.000000000000000e+00
	-4.121962825578973e-08
	-1.157692744171079e-02
	1.157694594606203e-02
	2.271527701606245e-08

 723	3.021348857980565e-09
	1.000000000000000e+00
	-4.121962825578973e-08
	-1.157692744171080e-02
	1.157694594606204e-02
	2.271527701608936e-08

 724	3.031348857980565e-09
	1.000000000000000e+00
	-4.121962825578973e-08
	-1.157692744171079e-02
	1.157694594606203e-02
	2.271527701606245e-08

 725	3.041348857980565e-09
	1.000000000000000e+00
	-4.121962825578973e-08
	-1.157692744171080e-02
	1.157694594606204e-02
	2.271527701608936e-08

 726	3.051348857980566e-09
	1.000000000000000e+00
	-4.121962825578973e-08
	-1.157692744171079e-02
	1.157694594606203e-02
	2.271527701606245e-08

 727	3.061348857980566e-09
	1.000000000000000e+00
	-4.121962825578973e-08
	-1.157692744171080e-02
	1.157694594606204e-02
	2.271527701608936e-08

 728	3.071348857980566e-09
	1.000000000000000e+00
	-4.121962825578973e-08
	-1.157692744171079e-02
	1.157694594606203e-02
	2.271527701606245e-08

 729	3.081348857980566e-09
	1.000000000000000e+00
	-4.121962825578973e-08
	-1.157692744171080e-02
	1.157694594606204e-02
	2.271527701608936e-08

 730	3.091348857980566e-09
	1.000000000000000e+00
	-4.121962825578973e-08
	-1.157692744171079e-02
	1.157694594606203e-02
	2.271527701606245e-08

 731	3.101348857980566e-09
	1.000000000000000e+00
	-4.121962825578973e-08
	-1.157692744171080e-02
	1.157694594606204e-02
	2.271527701608936e-08

 732	3.111348857980567e-09
	1.000000000000000e+00
	-4.121962825578973e-08
	-1.157692744171079e-02
	1.157694594606203e-02
	2.271527701606245e-08

 733	3.121348857980567e-09
	1.000000000000000e+00
	-4.121962825578973e-08
	-1.157692744171080e-02
	1.157694594606204e-02
	2.271527701608936e-08

 734	3.131348857980567e-09
	1.000000000000000e+00
	-4.121962825578973e-08
	-1.157692744171079e-02
	1.157694594606203e-02
	2.271527701606245e-08

 735	3.141348857980567e-09
	1.000000000000000e+00
	-4.121962825578973e-08
	-1.157692744171080e-02
	1.157694594606204e-02
	2.271527701608936e-08

 736	3.151348857980567e-09
	1.000000000000000e+00
	-4.121962825578973e-08
	-1.157692744171079e-02
	1.157694594606203e-02
	2.271527701606245e-08

 737	3.161348857980568e-09
	1.000000000000000e+00
	-4.121962825578973e-08
	-1.157692744171080e-02
	1.157694594606204e-02
	2.271527701608936e-08

 738	3.171348857980568e-09
	1.000000000000000e+00
	-4.121962825578973e-08
	-1.157692744171079e-02
	1.157694594606203e-02
	2.271527701606245e-08

 739	3.181348857980568e-09
	1.000000000000000e+00
	-4.121962825578973e-08
	-1.157692744171080e-02
	1.157694594606204e-02
	2.271527701608936e-08

 740	3.191348857980568e-09
	1.000000000000000e+00
	-4.121962825578973e-08
	-1.157692744171079e-02
	1.157694594606203e-02
	2.271527701606245e-08

 741	3.201348857980568e-09
	1.000000000000000e+00
	-4.121962825578973e-08
	-1.157692744171080e-02
	1.157694594606204e-02
	2.271527701608936e-08

 742	3.211348857980568e-09
	1.000000000000000e+00
	-4.121962825578973e-08
	-1.157692744171079e-02
	1.157694594606203e-02
	2.271527701606245e-08

 743	3.221348857980569e-09
	1.000000000000000e+00
	-4.121962825578973e-08
	-1.157692744171080e-02
	1.157694594606204e-02
	2.271527701608936e-08

 744	3.231348857980569e-09
	1.000000000000000e+00
	-4.121962825578973e-08
	-1.157692744171079e-02
	1.157694594606203e-02
	2.271527701606245e-08

 745	3.241348857980569e-09
	1.000000000000000e+00
	-4.121962825578973e-08
	-1.157692744171080e-02
	1.157694594606204e-02
	2.271527701608936e-08

 746	3.251348857980569e-09
	1.000000000000000e+00
	-4.121962825578973e-08
	-1.157692744171079e-02
	1.157694594606203e-02
	2.271527701606245e-08

 747	3.261348857980569e-09
	1.000000000000000e+00
	-4.121962825578973e-08
	-1.157692744171080e-02
	1.157694594606204e-02
	2.271527701608936e-08

 748	3.271348857980569e-09
	1.000000000000000e+00
	-4.121962825578973e-08
	-1.157692744171079e-02
	1.157694594606203e-02
	2.271527701606245e-08

 749	3.281348857980570e-09
	1.000000000000000e+00
	-4.121962825578973e-08
	-1.157692744171080e-02
	1.157694594606204e-02
	2.271527701608936e-08

 750	3.291348857980570e-09
	1.000000000000000e+00
	-4.121962825578973e-08
	-1.157692744171079e-02
	1.157694594606203e-02
	2.271527701606245e-08

 751	3.301348857980570e-09
	1.000000000000000e+00
	-4.121962825578973e-08
	-1.157692744171080e-02
	1.157694594606204e-02
	2.271527701608936e-08

 752	3.311348857980570e-09
	1.000000000000000e+00
	-4.121962825578973e-08
	-1.157692744171079e-02
	1.157694594606203e-02
	2.271527701606245e-08

 753	3.321348857980570e-09
	1.000000000000000e+00
	-4.121962825578973e-08
	-1.157692744171080e-02
	1.157694594606204e-02
	2.271527701608936e-08

 754	3.331348857980570e-09
	1.000000000000000e+00
	-4.121962825578973e-08
	-1.157692744171079e-02
	1.157694594606203e-02
	2.271527701606245e-08

 755	3.341348857980571e-09
	1.000000000000000e+00
	-4.121962825578973e-08
	-1.157692744171080e-02
	1.157694594606204e-02
	2.271527701608936e-08

 756	3.351348857980571e-09
	1.000000000000000e+00
	-4.121962825578973e-08
	-1.157692744171079e-02
	1.157694594606203e-02
	2.271527701606245e-08

 757	3.361348857980571e-09
	1.000000000000000e+00
	-4.121962825578973e-08
	-1.157692744171080e-02
	1.157694594606204e-02
	2.271527701608936e-08

 758	3.371348857980571e-09
	1.000000000000000e+00
	-4.121962825578973e-08
	-1.157692744171079e-02
	1.157694594606203e-02
	2.271527701606245e-08

 759	3.381348857980571e-09
	1.000000000000000e+00
	-4.121962825578973e-08
	-1.157692744171080e-02
	1.157694594606204e-02
	2.271527701608936e-08

 760	3.391348857980571e-09
	1.000000000000000e+00
	-4.121962825578973e-08
	-1.157692744171079e-02
	1.157694594606203e-02
	2.271527701606245e-08

 761	3.401348857980572e-09
	1.000000000000000e+00
	-4.121962825578973e-08
	-1.157692744171080e-02
	1.157694594606204e-02
	2.271527701608936e-08

 762	3.411348857980572e-09
	1.000000000000000e+00
	-4.121962825578973e-08
	-1.157692744171079e-02
	1.157694594606203e-02
	2.271527701606245e-08

 763	3.421348857980572e-09
	1.000000000000000e+00
	-4.121962825578973e-08
	-1.157692744171080e-02
	1.157694594606204e-02
	2.271527701608936e-08

 764	3.431348857980572e-09
	1.000000000000000e+00
	-4.121962825578973e-08
	-1.157692744171079e-02
	1.157694594606203e-02
	2.271527701606245e-08

 765	3.441348857980572e-09
	1.000000000000000e+00
	-4.121962825578973e-08
	-1.157692744171080e-02
	1.157694594606204e-02
	2.271527701608936e-08

 766	3.451348857980573e-09
	1.000000000000000e+00
	-4.121962825578973e-08
	-1.157692744171079e-02
	1.157694594606203e-02
	2.271527701606245e-08

 767	3.461348857980573e-09
	1.000000000000000e+00
	-4.121962825578973e-08
	-1.157692744171080e-02
	1.157694594606204e-02
	2.271527701608936e-08

 768	3.471348857980573e-09
	1.000000000000000e+00
	-4.121962825578973e-08
	-1.157692744171079e-02
	1.157694594606203e-02
	2.271527701606245e-08

 769	3.481348857980573e-09
	1.000000000000000e+00
	-4.121962825578973e-08
	-1.157692744171080e-02
	1.157694594606204e-02
	2.271527701608936e-08

 770	3.491348857980573e-09
	1.000000000000000e+00
	-4.121962825578973e-08
	-1.157692744171079e-02
	1.157694594606203e-02
	2.271527701606245e-08

 771	3.501348857980573e-09
	1.000000000000000e+00
	-4.121962825578973e-08
	-1.157692744171080e-02
	1.157694594606204e-02
	2.271527701608936e-08

 772	3.511348857980574e-09
	1.000000000000000e+00
	-4.121962825578973e-08
	-1.157692744171079e-02
	1.157694594606203e-02
	2.271527701606245e-08

 773	3.521348857980574e-09
	1.000000000000000e+00
	-4.121962825578973e-08
	-1.157692744171080e-02
	1.157694594606204e-02
	2.271527701608936e-08

 774	3.531348857980574e-09
	1.000000000000000e+00
	-4.121962825578973e-08
	-1.157692744171079e-02
	1.157694594606203e-02
	2.271527701606245e-08

 775	3.541348857980574e-09
	1.000000000000000e+00
	-4.121962825578973e-08
	-1.157692744171080e-02
	1.157694594606204e-02
	2.271527701608936e-08

 776	3.551348857980574e-09
	1.000000000000000e+00
	-4.121962825578973e-08
	-1.157692744171079e-02
	1.157694594606203e-02
	2.271527701606245e-08

 777	3.561348857980574e-09
	1.000000000000000e+00
	-4.121962825578973e-08
	-1.157692744171080e-02
	1.157694594606204e-02
	2.271527701608936e-08

 778	3.571348857980575e-09
	1.000000000000000e+00
	-4.121962825578973e-08
	-1.157692744171079e-02
	1.157694594606203e-02
	2.271527701606245e-08

 779	3.581348857980575e-09
	1.000000000000000e+00
	-4.121962825578973e-08
	-1.157692744171080e-02
	1.157694594606204e-02
	2.271527701608936e-08

 780	3.591348857980575e-09
	1.000000000000000e+00
	-4.121962825578973e-08
	-1.157692744171079e-02
	1.157694594606203e-02
	2.271527701606245e-08

 781	3.601348857980575e-09
	1.000000000000000e+00
	-4.121962825578973e-08
	-1.157692744171080e-02
	1.157694594606204e-02
	2.271527701608936e-08

 782	3.611348857980575e-09
	1.000000000000000e+00
	-4.121962825578973e-08
	-1.157692744171079e-02
	1.157694594606203e-02
	2.271527701606245e-08

 783	3.621348857980575e-09
	1.000000000000000e+00
	-4.121962825578973e-08
	-1.157692744171080e-02
	1.157694594606204e-02
	2.271527701608936e-08

 784	3.631348857980576e-09
	1.000000000000000e+00
	-4.121962825578973e-08
	-1.157692744171079e-02
	1.157694594606203e-02
	2.271527701606245e-08

 785	3.641348857980576e-09
	1.000000000000000e+00
	-4.121962825578973e-08
	-1.157692744171080e-02
	1.157694594606204e-02
	2.271527701608936e-08

 786	3.651348857980576e-09
	1.000000000000000e+00
	-4.121962825578973e-08
	-1.157692744171079e-02
	1.157694594606203e-02
	2.271527701606245e-08

 787	3.661348857980576e-09
	1.000000000000000e+00
	-4.121962825578973e-08
	-1.157692744171080e-02
	1.157694594606204e-02
	2.271527701608936e-08

 788	3.671348857980576e-09
	1.000000000000000e+00
	-4.121962825578973e-08
	-1.157692744171079e-02
	1.157694594606203e-02
	2.271527701606245e-08

 789	3.681348857980576e-09
	1.000000000000000e+00
	-4.121962825578973e-08
	-1.157692744171080e-02
	1.157694594606204e-02
	2.271527701608936e-08

 790	3.691348857980577e-09
	1.000000000000000e+00
	-4.121962825578973e-08
	-1.157692744171079e-02
	1.157694594606203e-02
	2.271527701606245e-08

 791	3.701348857980577e-09
	1.000000000000000e+00
	-4.121962825578973e-08
	-1.157692744171080e-02
	1.157694594606204e-02
	2.271527701608936e-08

 792	3.711348857980577e-09
	1.000000000000000e+00
	-4.121962825578973e-08
	-1.157692744171079e-02
	1.157694594606203e-02
	2.271527701606245e-08

 793	3.721348857980577e-09
	1.000000000000000e+00
	-4.121962825578973e-08
	-1.157692744171080e-02
	1.157694594606204e-02
	2.271527701608936e-08

 794	3.731348857980577e-09
	1.000000000000000e+00
	-4.121962825578973e-08
	-1.157692744171079e-02
	1.157694594606203e-02
	2.271527701606245e-08

 795	3.741348857980577e-09
	1.000000000000000e+00
	-4.121962825578973e-08
	-1.157692744171080e-02
	1.157694594606204e-02
	2.271527701608936e-08

 796	3.751348857980577e-09
	1.000000000000000e+00
	-4.121962825578973e-08
	-1.157692744171079e-02
	1.157694594606203e-02
	2.271527701606245e-08

 797	3.761348857980577e-09
	1.000000000000000e+00
	-4.121962825578973e-08
	-1.157692744171080e-02
	1.157694594606204e-02
	2.271527701608936e-08

 798	3.771348857980576e-09
	1.000000000000000e+00
	-4.121962825578973e-08
	-1.157692744171079e-02
	1.157694594606203e-02
	2.271527701606245e-08

 799	3.781348857980576e-09
	1.000000000000000e+00
	-4.121962825578973e-08
	-1.157692744171080e-02
	1.157694594606204e-02
	2.271527701608936e-08

 800	3.791348857980576e-09
	1.000000000000000e+00
	-4.121962825578973e-08
	-1.157692744171079e-02
	1.157694594606203e-02
	2.271527701606245e-08

 801	3.801348857980576e-09
	1.000000000000000e+00
	-4.121962825578973e-08
	-1.157692744171080e-02
	1.157694594606204e-02
	2.271527701608936e-08

 802	3.811348857980575e-09
	1.000000000000000e+00
	-4.121962825578973e-08
	-1.157692744171079e-02
	1.157694594606203e-02
	2.271527701606245e-08

 803	3.821348857980575e-09
	1.000000000000000e+00
	-4.121962825578973e-08
	-1.157692744171080e-02
	1.157694594606204e-02
	2.271527701608936e-08

 804	3.831348857980575e-09
	1.000000000000000e+00
	-4.121962825578973e-08
	-1.157692744171079e-02
	1.157694594606203e-02
	2.271527701606245e-08

 805	3.841348857980575e-09
	1.000000000000000e+00
	-4.121962825578973e-08
	-1.157692744171080e-02
	1.157694594606204e-02
	2.271527701608936e-08

 806	3.851348857980574e-09
	1.000000000000000e+00
	-4.121962825578973e-08
	-1.157692744171079e-02
	1.157694594606203e-02
	2.271527701606245e-08

 807	3.861348857980574e-09
	1.000000000000000e+00
	-4.121962825578973e-08
	-1.157692744171080e-02
	1.157694594606204e-02
	2.271527701608936e-08

 808	3.871348857980574e-09
	1.000000000000000e+00
	-4.121962825578973e-08
	-1.157692744171079e-02
	1.157694594606203e-02
	2.271527701606245e-08

 809	3.881348857980574e-09
	1.000000000000000e+00
	-4.121962825578973e-08
	-1.157692744171080e-02
	1.157694594606204e-02
	2.271527701608936e-08

 810	3.891348857980573e-09
	1.000000000000000e+00
	-4.121962825578973e-08
	-1.157692744171079e-02
	1.157694594606203e-02
	2.271527701606245e-08

 811	3.901348857980573e-09
	1.000000000000000e+00
	-4.121962825578973e-08
	-1.157692744171080e-02
	1.157694594606204e-02
	2.271527701608936e-08

 812	3.911348857980573e-09
	1.000000000000000e+00
	-4.121962825578973e-08
	-1.157692744171079e-02
	1.157694594606203e-02
	2.271527701606245e-08

 813	3.921348857980573e-09
	1.000000000000000e+00
	-4.121962825578973e-08
	-1.157692744171080e-02
	1.157694594606204e-02
	2.271527701608936e-08

 814	3.931348857980573e-09
	1.000000000000000e+00
	-4.121962825578973e-08
	-1.157692744171079e-02
	1.157694594606203e-02
	2.271527701606245e-08

 815	3.941348857980572e-09
	1.000000000000000e+00
	-4.121962825578973e-08
	-1.157692744171080e-02
	1.157694594606204e-02
	2.271527701608936e-08

 816	3.951348857980572e-09
	1.000000000000000e+00
	-4.121962825578973e-08
	-1.157692744171079e-02
	1.157694594606203e-02
	2.271527701606245e-08

 817	3.961348857980572e-09
	1.000000000000000e+00
	-4.121962825578973e-08
	-1.157692744171080e-02
	1.157694594606204e-02
	2.271527701608936e-08

 818	3.971348857980572e-09
	1.000000000000000e+00
	-4.121962825578973e-08
	-1.157692744171079e-02
	1.157694594606203e-02
	2.271527701606245e-08

 819	3.981348857980571e-09
	1.000000000000000e+00
	-4.121962825578973e-08
	-1.157692744171080e-02
	1.157694594606204e-02
	2.271527701608936e-08

 820	3.991348857980571e-09
	1.000000000000000e+00
	-4.121962825578973e-08
	-1.157692744171079e-02
	1.157694594606203e-02
	2.271527701606245e-08

 821	4.001348857980571e-09
	1.000000000000000e+00
	-4.121962825578973e-08
	-1.157692744171080e-02
	1.157694594606204e-02
	2.271527701608936e-08

 822	4.011348857980571e-09
	1.000000000000000e+00
	-4.121962825578973e-08
	-1.157692744171079e-02
	1.157694594606203e-02
	2.271527701606245e-08

 823	4.021348857980570e-09
	1.000000000000000e+00
	-4.121962825578973e-08
	-1.157692744171080e-02
	1.157694594606204e-02
	2.271527701608936e-08

 824	4.031348857980570e-09
	1.000000000000000e+00
	-4.121962825578973e-08
	-1.157692744171079e-02
	1.157694594606203e-02
	2.271527701606245e-08

 825	4.041348857980570e-09
	1.000000000000000e+00
	-4.121962825578973e-08
	-1.157692744171080e-02
	1.157694594606204e-02
	2.271527701608936e-08

 826	4.051348857980570e-09
	1.000000000000000e+00
	-4.121962825578973e-08
	-1.157692744171079e-02
	1.157694594606203e-02
	2.271527701606245e-08

 827	4.061348857980569e-09
	1.000000000000000e+00
	-4.121962825578973e-08
	-1.157692744171080e-02
	1.157694594606204e-02
	2.271527701608936e-08

 828	4.071348857980569e-09
	1.000000000000000e+00
	-4.121962825578973e-08
	-1.157692744171079e-02
	1.157694594606203e-02
	2.271527701606245e-08

 829	4.081348857980569e-09
	1.000000000000000e+00
	-4.121962825578973e-08
	-1.157692744171080e-02
	1.157694594606204e-02
	2.271527701608936e-08

 830	4.091348857980569e-09
	1.000000000000000e+00
	-4.121962825578973e-08
	-1.157692744171079e-02
	1.157694594606203e-02
	2.271527701606245e-08

 831	4.101348857980568e-09
	1.000000000000000e+00
	-4.121962825578973e-08
	-1.157692744171080e-02
	1.157694594606204e-02
	2.271527701608936e-08

 832	4.111348857980568e-09
	1.000000000000000e+00
	-4.121962825578973e-08
	-1.157692744171079e-02
	1.157694594606203e-02
	2.271527701606245e-08

 833	4.121348857980568e-09
	1.000000000000000e+00
	-4.121962825578973e-08
	-1.157692744171080e-02
	1.157694594606204e-02
	2.271527701608936e-08

 834	4.131348857980568e-09
	1.000000000000000e+00
	-4.121962825578973e-08
	-1.157692744171079e-02
	1.157694594606203e-02
	2.271527701606245e-08

 835	4.141348857980567e-09
	1.000000000000000e+00
	-4.121962825578973e-08
	-1.157692744171080e-02
	1.157694594606204e-02
	2.271527701608936e-08

 836	4.151348857980567e-09
	1.000000000000000e+00
	-4.121962825578973e-08
	-1.157692744171079e-02
	1.157694594606203e-02
	2.271527701606245e-08

 837	4.161348857980567e-09
	1.000000000000000e+00
	-4.121962825578973e-08
	-1.157692744171080e-02
	1.157694594606204e-02
	2.271527701608936e-08

 838	4.171348857980567e-09
	1.000000000000000e+00
	-4.121962825578973e-08
	-1.157692744171079e-02
	1.157694594606203e-02
	2.271527701606245e-08

 839	4.181348857980566e-09
	1.000000000000000e+00
	-4.121962825578973e-08
	-1.157692744171080e-02
	1.157694594606204e-02
	2.271527701608936e-08

 840	4.191348857980566e-09
	1.000000000000000e+00
	-4.121962825578973e-08
	-1.157692744171079e-02
	1.157694594606203e-02
	2.271527701606245e-08

 841	4.201348857980566e-09
	1.000000000000000e+00
	-4.121962825578973e-08
	-1.157692744171080e-02
	1.157694594606204e-02
	2.271527701608936e-08

 842	4.211348857980566e-09
	1.000000000000000e+00
	-4.121962825578973e-08
	-1.157692744171079e-02
	1.157694594606203e-02
	2.271527701606245e-08

 843	4.221348857980566e-09
	1.000000000000000e+00
	-4.121962825578973e-08
	-1.157692744171080e-02
	1.157694594606204e-02
	2.271527701608936e-08

 844	4.231348857980565e-09
	1.000000000000000e+00
	-4.121962825578973e-08
	-1.157692744171079e-02
	1.157694594606203e-02
	2.271527701606245e-08

 845	4.241348857980565e-09
	1.000000000000000e+00
	-4.121962825578973e-08
	-1.157692744171080e-02
	1.157694594606204e-02
	2.271527701608936e-08

 846	4.251348857980565e-09
	1.000000000000000e+00
	-4.121962825578973e-08
	-1.157692744171079e-02
	1.157694594606203e-02
	2.271527701606245e-08

 847	4.261348857980565e-09
	1.000000000000000e+00
	-4.121962825578973e-08
	-1.157692744171080e-02
	1.157694594606204e-02
	2.271527701608936e-08

 848	4.271348857980564e-09
	1.000000000000000e+00
	-4.121962825578973e-08
	-1.157692744171079e-02
	1.157694594606203e-02
	2.271527701606245e-08

 849	4.281348857980564e-09
	1.000000000000000e+00
	-4.121962825578973e-08
	-1.157692744171080e-02
	1.157694594606204e-02
	2.271527701608936e-08

 850	4.291348857980564e-09
	1.000000000000000e+00
	-4.121962825578973e-08
	-1.157692744171079e-02
	1.157694594606203e-02
	2.271527701606245e-08

 851	4.301348857980564e-09
	1.000000000000000e+00
	-4.121962825578973e-08
	-1.157692744171080e-02
	1.157694594606204e-02
	2.271527701608936e-08

 852	4.311348857980563e-09
	1.000000000000000e+00
	-4.121962825578973e-08
	-1.157692744171079e-02
	1.157694594606203e-02
	2.271527701606245e-08

 853	4.321348857980563e-09
	1.000000000000000e+00
	-4.121962825578973e-08
	-1.157692744171080e-02
	1.157694594606204e-02
	2.271527701608936e-08

 854	4.331348857980563e-09
	1.000000000000000e+00
	-4.121962825578973e-08
	-1.157692744171079e-02
	1.157694594606203e-02
	2.271527701606245e-08

 855	4.341348857980563e-09
	1.000000000000000e+00
	-4.121962825578973e-08
	-1.157692744171080e-02
	1.157694594606204e-02
	2.271527701608936e-08

 856	4.351348857980562e-09
	1.000000000000000e+00
	-4.121962825578973e-08
	-1.157692744171079e-02
	1.157694594606203e-02
	2.271527701606245e-08

 857	4.361348857980562e-09
	1.000000000000000e+00
	-4.121962825578973e-08
	-1.157692744171080e-02
	1.157694594606204e-02
	2.271527701608936e-08

 858	4.371348857980562e-09
	1.000000000000000e+00
	-4.121962825578973e-08
	-1.157692744171079e-02
	1.157694594606203e-02
	2.271527701606245e-08

 859	4.381348857980562e-09
	1.000000000000000e+00
	-4.121962825578973e-08
	-1.157692744171080e-02
	1.157694594606204e-02
	2.271527701608936e-08

 860	4.391348857980561e-09
	1.000000000000000e+00
	-4.121962825578973e-08
	-1.157692744171079e-02
	1.157694594606203e-02
	2.271527701606245e-08

 861	4.401348857980561e-09
	1.000000000000000e+00
	-4.121962825578973e-08
	-1.157692744171080e-02
	1.157694594606204e-02
	2.271527701608936e-08

 862	4.411348857980561e-09
	1.000000000000000e+00
	-4.121962825578973e-08
	-1.157692744171079e-02
	1.157694594606203e-02
	2.271527701606245e-08

 863	4.421348857980561e-09
	1.000000000000000e+00
	-4.121962825578973e-08
	-1.157692744171080e-02
	1.157694594606204e-02
	2.271527701608936e-08

 864	4.431348857980560e-09
	1.000000000000000e+00
	-4.121962825578973e-08
	-1.157692744171079e-02
	1.157694594606203e-02
	2.271527701606245e-08

 865	4.441348857980560e-09
	1.000000000000000e+00
	-4.121962825578973e-08
	-1.157692744171080e-02
	1.157694594606204e-02
	2.271527701608936e-08

 866	4.451348857980560e-09
	1.000000000000000e+00
	-4.121962825578973e-08
	-1.157692744171079e-02
	1.157694594606203e-02
	2.271527701606245e-08

 867	4.461348857980560e-09
	1.000000000000000e+00
	-4.121962825578973e-08
	-1.157692744171080e-02
	1.157694594606204e-02
	2.271527701608936e-08

 868	4.471348857980559e-09
	1.000000000000000e+00
	-4.121962825578973e-08
	-1.157692744171079e-02
	1.157694594606203e-02
	2.271527701606245e-08

 869	4.481348857980559e-09
	1.000000000000000e+00
	-4.121962825578973e-08
	-1.157692744171080e-02
	1.157694594606204e-02
	2.271527701608936e-08

 870	4.491348857980559e-09
	1.000000000000000e+00
	-4.121962825578973e-08
	-1.157692744171079e-02
	1.157694594606203e-02
	2.271527701606245e-08

 871	4.501348857980559e-09
	1.000000000000000e+00
	-4.121962825578973e-08
	-1.157692744171080e-02
	1.157694594606204e-02
	2.271527701608936e-08

 872	4.511348857980559e-09
	1.000000000000000e+00
	-4.121962825578973e-08
	-1.157692744171079e-02
	1.157694594606203e-02
	2.271527701606245e-08

 873	4.521348857980558e-09
	1.000000000000000e+00
	-4.121962825578973e-08
	-1.157692744171080e-02
	1.157694594606204e-02
	2.271527701608936e-08

 874	4.531348857980558e-09
	1.000000000000000e+00
	-4.121962825578973e-08
	-1.157692744171079e-02
	1.157694594606203e-02
	2.271527701606245e-08

 875	4.541348857980558e-09
	1.000000000000000e+00
	-4.121962825578973e-08
	-1.157692744171080e-02
	1.157694594606204e-02
	2.271527701608936e-08

 876	4.551348857980558e-09
	1.000000000000000e+00
	-4.121962825578973e-08
	-1.157692744171079e-02
	1.157694594606203e-02
	2.271527701606245e-08

 877	4.561348857980557e-09
	1.000000000000000e+00
	-4.121962825578973e-08
	-1.157692744171080e-02
	1.157694594606204e-02
	2.271527701608936e-08

 878	4.571348857980557e-09
	1.000000000000000e+00
	-4.121962825578973e-08
	-1.157692744171079e-02
	1.157694594606203e-02
	2.271527701606245e-08

 879	4.581348857980557e-09
	1.000000000000000e+00
	-4.121962825578973e-08
	-1.157692744171080e-02
	1.157694594606204e-02
	2.271527701608936e-08

 880	4.591348857980557e-09
	1.000000000000000e+00
	-4.121962825578973e-08
	-1.157692744171079e-02
	1.157694594606203e-02
	2.271527701606245e-08

 881	4.601348857980556e-09
	1.000000000000000e+00
	-4.121962825578973e-08
	-1.157692744171080e-02
	1.157694594606204e-02
	2.271527701608936e-08

 882	4.611348857980556e-09
	1.000000000000000e+00
	-4.121962825578973e-08
	-1.157692744171079e-02
	1.157694594606203e-02
	2.271527701606245e-08

 883	4.621348857980556e-09
	1.000000000000000e+00
	-4.121962825578973e-08
	-1.157692744171080e-02
	1.157694594606204e-02
	2.271527701608936e-08

 884	4.631348857980556e-09
	1.000000000000000e+00
	-4.121962825578973e-08
	-1.157692744171079e-02
	1.157694594606203e-02
	2.271527701606245e-08

 885	4.641348857980555e-09
	1.000000000000000e+00
	-4.121962825578973e-08
	-1.157692744171080e-02
	1.157694594606204e-02
	2.271527701608936e-08

 886	4.651348857980555e-09
	1.000000000000000e+00
	-4.121962825578973e-08
	-1.157692744171079e-02
	1.157694594606203e-02
	2.271527701606245e-08

 887	4.661348857980555e-09
	1.000000000000000e+00
	-4.121962825578973e-08
	-1.157692744171080e-02
	1.157694594606204e-02
	2.271527701608936e-08

 888	4.671348857980555e-09
	1.000000000000000e+00
	-4.121962825578973e-08
	-1.157692744171079e-02
	1.157694594606203e-02
	2.271527701606245e-08

 889	4.681348857980554e-09
	1.000000000000000e+00
	-4.121962825578973e-08
	-1.157692744171080e-02
	1.157694594606204e-02
	2.271527701608936e-08

 890	4.691348857980554e-09
	1.000000000000000e+00
	-4.121962825578973e-08
	-1.157692744171079e-02
	1.157694594606203e-02
	2.271527701606245e-08

 891	4.701348857980554e-09
	1.000000000000000e+00
	-4.121962825578973e-08
	-1.157692744171080e-02
	1.157694594606204e-02
	2.271527701608936e-08

 892	4.711348857980554e-09
	1.000000000000000e+00
	-4.121962825578973e-08
	-1.157692744171079e-02
	1.157694594606203e-02
	2.271527701606245e-08

 893	4.721348857980553e-09
	1.000000000000000e+00
	-4.121962825578973e-08
	-1.157692744171080e-02
	1.157694594606204e-02
	2.271527701608936e-08

 894	4.731348857980553e-09
	1.000000000000000e+00
	-4.121962825578973e-08
	-1.157692744171079e-02
	1.157694594606203e-02
	2.271527701606245e-08

 895	4.741348857980553e-09
	1.000000000000000e+00
	-4.121962825578973e-08
	-1.157692744171080e-02
	1.157694594606204e-02
	2.271527701608936e-08

 896	4.751348857980553e-09
	1.000000000000000e+00
	-4.121962825578973e-08
	-1.157692744171079e-02
	1.157694594606203e-02
	2.271527701606245e-08

 897	4.761348857980552e-09
	1.000000000000000e+00
	-4.121962825578973e-08
	-1.157692744171080e-02
	1.157694594606204e-02
	2.271527701608936e-08

 898	4.771348857980552e-09
	1.000000000000000e+00
	-4.121962825578973e-08
	-1.157692744171079e-02
	1.157694594606203e-02
	2.271527701606245e-08

 899	4.781348857980552e-09
	1.000000000000000e+00
	-4.121962825578973e-08
	-1.157692744171080e-02
	1.157694594606204e-02
	2.271527701608936e-08

 900	4.791348857980552e-09
	1.000000000000000e+00
	-4.121962825578973e-08
	-1.157692744171079e-02
	1.157694594606203e-02
	2.271527701606245e-08

 901	4.801348857980552e-09
	1.000000000000000e+00
	-4.121962825578973e-08
	-1.157692744171080e-02
	1.157694594606204e-02
	2.271527701608936e-08

 902	4.811348857980551e-09
	1.000000000000000e+00
	-4.121962825578973e-08
	-1.157692744171079e-02
	1.157694594606203e-02
	2.271527701606245e-08

 903	4.821348857980551e-09
	1.000000000000000e+00
	-4.121962825578973e-08
	-1.157692744171080e-02
	1.157694594606204e-02
	2.271527701608936e-08

 904	4.831348857980551e-09
	1.000000000000000e+00
	-4.121962825578973e-08
	-1.157692744171079e-02
	1.157694594606203e-02
	2.271527701606245e-08

 905	4.841348857980551e-09
	1.000000000000000e+00
	-4.121962825578973e-08
	-1.157692744171080e-02
	1.157694594606204e-02
	2.271527701608936e-08

 906	4.851348857980550e-09
	1.000000000000000e+00
	-4.121962825578973e-08
	-1.157692744171079e-02
	1.157694594606203e-02
	2.271527701606245e-08

 907	4.861348857980550e-09
	1.000000000000000e+00
	-4.121962825578973e-08
	-1.157692744171080e-02
	1.157694594606204e-02
	2.271527701608936e-08

 908	4.871348857980550e-09
	1.000000000000000e+00
	-4.121962825578973e-08
	-1.157692744171079e-02
	1.157694594606203e-02
	2.271527701606245e-08

 909	4.881348857980550e-09
	1.000000000000000e+00
	-4.121962825578973e-08
	-1.157692744171080e-02
	1.157694594606204e-02
	2.271527701608936e-08

 910	4.891348857980549e-09
	1.000000000000000e+00
	-4.121962825578973e-08
	-1.157692744171079e-02
	1.157694594606203e-02
	2.271527701606245e-08

 911	4.901348857980549e-09
	1.000000000000000e+00
	-4.121962825578973e-08
	-1.157692744171080e-02
	1.157694594606204e-02
	2.271527701608936e-08

 912	4.911348857980549e-09
	1.000000000000000e+00
	-4.121962825578973e-08
	-1.157692744171079e-02
	1.157694594606203e-02
	2.271527701606245e-08

 913	4.921348857980549e-09
	1.000000000000000e+00
	-4.121962825578973e-08
	-1.157692744171080e-02
	1.157694594606204e-02
	2.271527701608936e-08

 914	4.931348857980548e-09
	1.000000000000000e+00
	-4.121962825578973e-08
	-1.157692744171079e-02
	1.157694594606203e-02
	2.271527701606245e-08

 915	4.941348857980548e-09
	1.000000000000000e+00
	-4.121962825578973e-08
	-1.157692744171080e-02
	1.157694594606204e-02
	2.271527701608936e-08

 916	4.951348857980548e-09
	1.000000000000000e+00
	-4.121962825578973e-08
	-1.157692744171079e-02
	1.157694594606203e-02
	2.271527701606245e-08

 917	4.961348857980548e-09
	1.000000000000000e+00
	-4.121962825578973e-08
	-1.157692744171080e-02
	1.157694594606204e-02
	2.271527701608936e-08

 918	4.971348857980547e-09
	1.000000000000000e+00
	-4.121962825578973e-08
	-1.157692744171079e-02
	1.157694594606203e-02
	2.271527701606245e-08

 919	4.981348857980547e-09
	1.000000000000000e+00
	-4.121962825578973e-08
	-1.157692744171080e-02
	1.157694594606204e-02
	2.271527701608936e-08

 920	4.991348857980547e-09
	1.000000000000000e+00
	-4.121962825578973e-08
	-1.157692744171079e-02
	1.157694594606203e-02
	2.271527701606245e-08

 921	5.000000000000000e-09
	1.000000000000000e+00
	-4.121962825578973e-08
	-1.157692744171080e-02
	1.157694594606204e-02
	2.271527701621495e-08

