 v-sweep         v(drain_iv)     v(gate_iv)      id              is              ib              ig              kcl            
 0.00000000e+00  0.00000000e+00  0.00000000e+00  1.84474275e-37  6.82482669e-32 -6.82519994e-32  3.54806238e-36  2.18952885e-47 
 1.00000000e-02  1.00000000e-02  0.00000000e+00 -4.97458079e-08  4.97456633e-08  2.40914063e-15  1.42255127e-13  2.07855343e-24 
 2.00000000e-02  2.00000000e-02  0.00000000e+00 -9.24435183e-08  9.24431052e-08  4.24424503e-15  4.08921762e-13  3.46955541e-24 
 3.00000000e-02  3.00000000e-02  0.00000000e+00 -1.28179846e-07  1.28179026e-07  5.64356003e-15  8.14795476e-13  1.32222649e-23 
 4.00000000e-02  4.00000000e-02  0.00000000e+00 -1.57328555e-07  1.57327178e-07  6.71226922e-15  1.37068935e-12  4.70608384e-25 
 5.00000000e-02  5.00000000e-02  0.00000000e+00 -1.80622537e-07  1.80620442e-07  7.53037924e-15  2.08687356e-12  6.34438701e-24 
 6.00000000e-02  6.00000000e-02  0.00000000e+00 -1.99127238e-07  1.99124256e-07  8.15867325e-15  2.97375780e-12  3.78035194e-23 
 7.00000000e-02  7.00000000e-02  0.00000000e+00 -2.14062682e-07  2.14058632e-07  8.64324171e-15  4.04209048e-12  3.23509712e-23 
 8.00000000e-02  8.00000000e-02  0.00000000e+00 -2.26559607e-07  2.26554295e-07  9.01898839e-15  5.30303897e-12  1.72729678e-23 
 9.00000000e-02  9.00000000e-02  0.00000000e+00 -2.37501856e-07  2.37495079e-07  9.31235510e-15  6.76823303e-12  2.98159998e-23 
 1.00000000e-01  1.00000000e-01  0.00000000e+00 -2.47504472e-07  2.47496013e-07  9.54340474e-15  8.44979477e-12  6.64308730e-23 
 1.10000000e-01  1.10000000e-01  0.00000000e+00 -2.56969200e-07  2.56958830e-07  9.72738595e-15  1.03603636e-11  4.90972891e-23 
 1.20000000e-01  1.20000000e-01  0.00000000e+00 -2.66152764e-07  2.66140241e-07  9.87590284e-15  1.25131188e-11  1.64868458e-23 
 1.30000000e-01  1.30000000e-01  0.00000000e+00 -2.75220144e-07  2.75205212e-07  9.99779348e-15  1.49218017e-11  5.00974006e-25 
 1.40000000e-01  1.40000000e-01  0.00000000e+00 -2.84279755e-07  2.84262144e-07  1.00997937e-14  1.76007378e-11  5.40269472e-23 
 1.50000000e-01  1.50000000e-01  0.00000000e+00 -2.93405157e-07  2.93384582e-07  1.01870407e-14  2.05648585e-11  2.85492106e-23 
 1.60000000e-01  1.60000000e-01  0.00000000e+00 -3.02648163e-07  3.02624323e-07  1.02634561e-14  2.38297247e-11  8.90097161e-24 
 1.70000000e-01  1.70000000e-01  0.00000000e+00 -3.12046768e-07  3.12019346e-07  1.03320370e-14  2.74115496e-11  6.26194568e-23 
 1.80000000e-01  1.80000000e-01  0.00000000e+00 -3.21630019e-07  3.21598681e-07  1.03950784e-14  3.13272228e-11  2.58168300e-23 
 1.90000000e-01  1.90000000e-01  0.00000000e+00 -3.31421051e-07  3.31385446e-07  1.04543412e-14  3.55943356e-11  3.23489611e-23 
 2.00000000e-01  2.00000000e-01  0.00000000e+00 -3.41439029e-07  3.41398787e-07  1.05111814e-14  4.02312058e-11  7.30986977e-23 
 2.10000000e-01  2.10000000e-01  0.00000000e+00 -3.51700419e-07  3.51655152e-07  1.05666474e-14  4.52569050e-11  5.93499439e-23 
 2.20000000e-01  2.20000000e-01  0.00000000e+00 -3.62219834e-07  3.62169132e-07  1.06215544e-14  5.06912851e-11  4.43443359e-23 
 2.30000000e-01  2.30000000e-01  0.00000000e+00 -3.73010609e-07  3.72954043e-07  1.06765412e-14  5.65550071e-11  3.21019435e-23 
 2.40000000e-01  2.40000000e-01  0.00000000e+00 -3.84085202e-07  3.84022322e-07  1.07321134e-14  6.28695697e-11  6.67876653e-23 
 2.50000000e-01  2.50000000e-01  0.00000000e+00 -3.95455484e-07  3.95385816e-07  1.07886755e-14  6.96573397e-11  2.88367915e-23 
 2.60000000e-01  2.60000000e-01  0.00000000e+00 -4.07132940e-07  4.07055988e-07  1.08465565e-14  7.69415831e-11  7.82078973e-23 
 2.70000000e-01  2.70000000e-01  0.00000000e+00 -4.19128822e-07  4.19044065e-07  1.09060285e-14  8.47464966e-11  1.47708320e-23 
 2.80000000e-01  2.80000000e-01  0.00000000e+00 -4.31454264e-07  4.31361155e-07  1.09673215e-14  9.30972415e-11  4.43518364e-23 
 2.90000000e-01  2.90000000e-01  0.00000000e+00 -4.44120368e-07  4.44018337e-07  1.10306339e-14  1.02019977e-10  1.13190094e-22 
 3.00000000e-01  3.00000000e-01  0.00000000e+00 -4.57138274e-07  4.57026721e-07  1.10961415e-14  1.11541898e-10  2.33551643e-23 
 3.10000000e-01  3.10000000e-01  0.00000000e+00 -4.70519211e-07  4.70397508e-07  1.11640032e-14  1.21691266e-10  1.96239263e-23 
 3.20000000e-01  3.20000000e-01  0.00000000e+00 -4.84274541e-07  4.84142032e-07  1.12343667e-14  1.32497454e-10  2.35931519e-22 
 3.30000000e-01  3.30000000e-01  0.00000000e+00 -4.98415797e-07  4.98271795e-07  1.13073717e-14  1.43990980e-10  7.29992444e-23 
 3.40000000e-01  3.40000000e-01  0.00000000e+00 -5.12954712e-07  5.12798497e-07  1.13831528e-14  1.56203549e-10  4.61136405e-23 
 3.50000000e-01  3.50000000e-01  0.00000000e+00 -5.27903242e-07  5.27734063e-07  1.14618421e-14  1.69168097e-10  1.40059365e-22 
 3.60000000e-01  3.60000000e-01  0.00000000e+00 -5.43273594e-07  5.43090664e-07  1.15435705e-14  1.82918829e-10  1.88886341e-22 
 3.70000000e-01  3.70000000e-01  0.00000000e+00 -5.59078242e-07  5.58880739e-07  1.16284694e-14  1.97491266e-10  3.95658898e-23 
 3.80000000e-01  3.80000000e-01  0.00000000e+00 -5.75329945e-07  5.75117011e-07  1.17166715e-14  2.12922291e-10  1.59387841e-22 
 3.90000000e-01  3.90000000e-01  0.00000000e+00 -5.92041766e-07  5.91812504e-07  1.18083118e-14  2.29250196e-10  2.91632757e-23 
 4.00000000e-01  4.00000000e-01  0.00000000e+00 -6.09227088e-07  6.08980561e-07  1.19035281e-14  2.46514729e-10  6.08536422e-23 
 4.10000000e-01  4.10000000e-01  0.00000000e+00 -6.26899625e-07  6.26634856e-07  1.20024617e-14  2.64757147e-10  1.28256253e-22 
 4.20000000e-01  4.20000000e-01  0.00000000e+00 -6.45073442e-07  6.44789410e-07  1.21052579e-14  2.84020266e-10  8.22657915e-24 
 4.30000000e-01  4.30000000e-01  0.00000000e+00 -6.63762964e-07  6.63458603e-07  1.22120664e-14  3.04348514e-10  1.35983407e-22 
 4.40000000e-01  4.40000000e-01  0.00000000e+00 -6.82982991e-07  6.82657190e-07  1.23230413e-14  3.25787990e-10  6.10444723e-23 
 4.50000000e-01  4.50000000e-01  0.00000000e+00 -7.02748712e-07  7.02400313e-07  1.24383419e-14  3.48386516e-10  7.12130551e-23 
 4.60000000e-01  4.60000000e-01  0.00000000e+00 -7.23075721e-07  7.22703515e-07  1.25581327e-14  3.72193700e-10  3.48969819e-24 
 4.70000000e-01  4.70000000e-01  0.00000000e+00 -7.43980025e-07  7.43582752e-07  1.26825836e-14  3.97260994e-10  4.90763512e-23 
 4.80000000e-01  4.80000000e-01  0.00000000e+00 -7.65478062e-07  7.65054408e-07  1.28118704e-14  4.23641758e-10  1.32587658e-22 
 4.90000000e-01  4.90000000e-01  0.00000000e+00 -7.87586714e-07  7.87135309e-07  1.29461749e-14  4.51391326e-10  1.38571998e-22 
 5.00000000e-01  5.00000000e-01  0.00000000e+00 -8.10323319e-07  8.09842738e-07  1.30856850e-14  4.80567070e-10  3.38976052e-22 
 5.10000000e-01  5.10000000e-01  0.00000000e+00 -8.33705689e-07  8.33194447e-07  1.32305951e-14  5.11228473e-10  5.56785221e-23 
 5.20000000e-01  5.20000000e-01  0.00000000e+00 -8.57752122e-07  8.57208671e-07  1.33811065e-14  5.43437195e-10  5.91789614e-23 
 5.30000000e-01  5.30000000e-01  0.00000000e+00 -8.82481419e-07  8.81904148e-07  1.35374271e-14  5.77257151e-10  1.72410186e-22 
 5.40000000e-01  5.40000000e-01  0.00000000e+00 -9.07912900e-07  9.07300132e-07  1.36997722e-14  6.12754584e-10  2.19656382e-22 
 5.50000000e-01  5.50000000e-01  0.00000000e+00 -9.34066417e-07  9.33416405e-07  1.38683645e-14  6.49998143e-10  1.13953135e-22 
 5.60000000e-01  5.60000000e-01  0.00000000e+00 -9.60962376e-07  9.60273303e-07  1.40434342e-14  6.89058968e-10  3.65553899e-23 
 5.70000000e-01  5.70000000e-01  0.00000000e+00 -9.88621751e-07  9.87891726e-07  1.42252195e-14  7.30010768e-10  1.79523932e-22 
 5.80000000e-01  5.80000000e-01  0.00000000e+00 -1.01706610e-06  1.01629316e-06  1.44139669e-14  7.72929907e-10  1.88857737e-22 
 5.90000000e-01  5.90000000e-01  0.00000000e+00 -1.04631760e-06  1.04549969e-06  1.46099313e-14  8.17895498e-10  1.44117362e-22 
 6.00000000e-01  6.00000000e-01  0.00000000e+00 -1.07639903e-06  1.07553403e-06  1.48133760e-14  8.64989489e-10  1.13605216e-23 
 6.10000000e-01  6.10000000e-01  0.00000000e+00 -1.10733384e-06  1.10641953e-06  1.50245738e-14  9.14296758e-10  6.85718147e-22 
 6.20000000e-01  6.20000000e-01  0.00000000e+00 -1.13914613e-06  1.13818020e-06  1.52438063e-14  9.65905212e-10  3.96368974e-22 
 6.30000000e-01  6.30000000e-01  0.00000000e+00 -1.17186069e-06  1.17084077e-06  1.54713651e-14  1.01990589e-09  1.77000401e-22 
 6.40000000e-01  6.40000000e-01  0.00000000e+00 -1.20550304e-06  1.20442663e-06  1.57075514e-14  1.07639305e-09  1.74951338e-22 
 6.50000000e-01  6.50000000e-01  0.00000000e+00 -1.24009941e-06  1.23896393e-06  1.59526768e-14  1.13546431e-09  7.87389396e-23 
 6.60000000e-01  6.60000000e-01  0.00000000e+00 -1.27567682e-06  1.27447959e-06  1.62070634e-14  1.19722071e-09  2.57950836e-22 
 6.70000000e-01  6.70000000e-01  0.00000000e+00 -1.31226306e-06  1.31100128e-06  1.64710440e-14  1.26176687e-09  1.08685068e-22 
 6.80000000e-01  6.80000000e-01  0.00000000e+00 -1.34988673e-06  1.34855750e-06  1.67449629e-14  1.32921110e-09  3.85817723e-22 
 6.90000000e-01  6.90000000e-01  0.00000000e+00 -1.38857727e-06  1.38717759e-06  1.70291757e-14  1.39966547e-09  3.39393678e-23 
 7.00000000e-01  7.00000000e-01  0.00000000e+00 -1.42836502e-06  1.42689176e-06  1.73240502e-14  1.47324601e-09  1.25362033e-22 
 7.10000000e-01  7.10000000e-01  0.00000000e+00 -1.46928119e-06  1.46773110e-06  1.76299663e-14  1.55007279e-09  1.45259623e-22 
 7.20000000e-01  7.20000000e-01  0.00000000e+00 -1.51135794e-06  1.50972765e-06  1.79473168e-14  1.63027006e-09  2.30277744e-22 
 7.30000000e-01  7.30000000e-01  0.00000000e+00 -1.55462838e-06  1.55291440e-06  1.82765075e-14  1.71396639e-09  3.71485121e-22 
 7.40000000e-01  7.40000000e-01  0.00000000e+00 -1.59912665e-06  1.59732533e-06  1.86179577e-14  1.80129483e-09  7.15803739e-23 
 7.50000000e-01  7.50000000e-01  0.00000000e+00 -1.64488789e-06  1.64299548e-06  1.89721007e-14  1.89239301e-09  9.98258290e-23 
 7.60000000e-01  7.60000000e-01  0.00000000e+00 -1.69194834e-06  1.68996091e-06  1.93393843e-14  1.98740333e-09  8.43849180e-23 
 7.70000000e-01  7.70000000e-01  0.00000000e+00 -1.74034533e-06  1.73825884e-06  1.97202709e-14  2.08647309e-09  4.29447739e-22 
 7.80000000e-01  7.80000000e-01  0.00000000e+00 -1.79011737e-06  1.78792760e-06  2.01152384e-14  2.18975467e-09  6.83841563e-22 
 7.90000000e-01  7.90000000e-01  0.00000000e+00 -1.84130413e-06  1.83900670e-06  2.05247803e-14  2.29740569e-09  5.10920261e-22 
 8.00000000e-01  8.00000000e-01  0.00000000e+00 -1.89394653e-06  1.89153692e-06  2.09494066e-14  2.40958914e-09  1.12768487e-21 
 8.10000000e-01  8.10000000e-01  0.00000000e+00 -1.94808677e-06  1.94556027e-06  2.13896438e-14  2.52647361e-09  5.21192423e-22 
 8.20000000e-01  8.20000000e-01  0.00000000e+00 -2.00376837e-06  2.00112011e-06  2.18460360e-14  2.64823344e-09  2.96996207e-22 
 8.30000000e-01  8.30000000e-01  0.00000000e+00 -2.06103622e-06  2.05826115e-06  2.23191447e-14  2.77504890e-09  3.02898310e-22 
 8.40000000e-01  8.40000000e-01  0.00000000e+00 -2.11993665e-06  2.11702952e-06  2.28095503e-14  2.90710641e-09  4.13324018e-22 
 8.50000000e-01  8.50000000e-01  0.00000000e+00 -2.18051745e-06  2.17747282e-06  2.33178517e-14  3.04459869e-09  6.90658681e-22 
 8.60000000e-01  8.60000000e-01  0.00000000e+00 -2.24282793e-06  2.23964018e-06  2.38446675e-14  3.18772500e-09  5.20570264e-22 
 8.70000000e-01  8.70000000e-01  0.00000000e+00 -2.30691900e-06  2.30358229e-06  2.43906365e-14  3.33669135e-09  1.16849712e-22 
 8.80000000e-01  8.80000000e-01  0.00000000e+00 -2.37284320e-06  2.36935147e-06  2.49564182e-14  3.49171069e-09  8.91007191e-23 
 8.90000000e-01  8.90000000e-01  0.00000000e+00 -2.44065478e-06  2.43700175e-06  2.55426932e-14  3.65300313e-09  9.64732821e-22 
 9.00000000e-01  9.00000000e-01  0.00000000e+00 -2.51040973e-06  2.50658891e-06  2.61501646e-14  3.82079622e-09  8.52521113e-22 
 9.10000000e-01  9.10000000e-01  0.00000000e+00 -2.58216589e-06  2.57817054e-06  2.67795578e-14  3.99532510e-09  1.25611521e-22 
 9.20000000e-01  9.20000000e-01  0.00000000e+00 -2.65598297e-06  2.65180611e-06  2.74316217e-14  4.17683283e-09  9.26388044e-23 
 9.30000000e-01  9.30000000e-01  0.00000000e+00 -2.73192264e-06  2.72755704e-06  2.81071293e-14  4.36557059e-09  4.36990843e-22 
 9.40000000e-01  9.40000000e-01  0.00000000e+00 -2.81004862e-06  2.80548679e-06  2.88068785e-14  4.56179792e-09  6.60987827e-22 
 9.50000000e-01  9.50000000e-01  0.00000000e+00 -2.89042671e-06  2.88566089e-06  3.67236492e-14  4.76578306e-09  4.82563659e-22 
 9.60000000e-01  9.60000000e-01  0.00000000e+00 -2.97312491e-06  2.96814706e-06  4.99292423e-14  4.97780314e-09  7.36940731e-23 
 9.70000000e-01  9.70000000e-01  0.00000000e+00 -3.05821345e-06  3.05301524e-06  6.94001233e-14  5.19814450e-09  9.38753186e-23 
 9.80000000e-01  9.80000000e-01  0.00000000e+00 -3.14576494e-06  3.14033773e-06  9.78838757e-14  5.42710301e-09  2.61991309e-22 
 9.90000000e-01  9.90000000e-01  0.00000000e+00 -3.23585436e-06  3.23018923e-06  1.39237587e-13  5.66498429e-09  1.77478558e-22 
 1.00000000e+00  1.00000000e+00  0.00000000e+00 -3.32855924e-06  3.32264694e-06  1.98848156e-13  5.91210411e-09  1.30756333e-22 
 1.01000000e+00  1.01000000e+00  0.00000000e+00 -3.42395971e-06  3.41779064e-06  2.84237443e-13  6.16878864e-09  2.35237050e-21 
 1.02000000e+00  1.02000000e+00  0.00000000e+00 -3.52213858e-06  3.51570280e-06  4.06031749e-13  6.43537480e-09  2.74423701e-21 
 1.03000000e+00  1.03000000e+00  0.00000000e+00 -3.62318146e-06  3.61646867e-06  5.79778259e-13  6.71221060e-09  5.08030260e-22 
 1.04000000e+00  1.04000000e+00  0.00000000e+00 -3.72717685e-06  3.72017637e-06  8.29841291e-13  6.99965549e-09  2.03000543e-23 
 1.05000000e+00  1.05000000e+00  0.00000000e+00 -3.83421628e-06  3.82691700e-06  1.19826790e-12  7.29808071e-09  1.93705222e-21 
 1.06000000e+00  1.06000000e+00  0.00000000e+00 -3.94439440e-06  3.93678476e-06  1.76480344e-12  7.60786964e-09  9.59735498e-23 
 1.07000000e+00  1.07000000e+00  0.00000000e+00 -4.05780914e-06  4.04987703e-06  2.69017892e-12  7.92941823e-09  2.44602114e-21 
 1.08000000e+00  1.08000000e+00  0.00000000e+00 -4.17456194e-06  4.16629450e-06  4.30463256e-12  8.26313534e-09  1.39686329e-21 
 1.09000000e+00  1.09000000e+00  0.00000000e+00 -4.29475802e-06  4.28614130e-06  7.27870712e-12  8.60944317e-09  1.51906226e-21 
 1.10000000e+00  1.10000000e+00  0.00000000e+00 -4.41850679e-06  4.40952508e-06  1.29348928e-11  8.96877767e-09  2.67836074e-21 
 1.11000000e+00  1.11000000e+00  0.00000000e+00 -4.54592257e-06  4.53655719e-06  2.37874895e-11  9.34158896e-09  3.03471887e-22 
 1.12000000e+00  1.12000000e+00  0.00000000e+00 -4.67712556e-06  4.66735278e-06  4.44343367e-11  9.72834177e-09  1.42980108e-21 
 1.13000000e+00  1.13000000e+00  0.00000000e+00 -4.81224341e-06  4.80203092e-06  8.29671976e-11  1.01295159e-08  5.67771603e-21 
 1.14000000e+00  1.14000000e+00  0.00000000e+00 -4.95141350e-06  4.94071478e-06  1.53116102e-10  1.05456067e-08  1.89026280e-21 
 1.15000000e+00  1.15000000e+00  0.00000000e+00 -5.09478624e-06  5.08353172e-06  2.77394546e-10  1.09771255e-08  4.15554860e-22 
 1.16000000e+00  1.16000000e+00  0.00000000e+00 -5.24252965e-06  5.23061348e-06  4.91564155e-10  1.14246002e-08  3.05850031e-22 
 1.17000000e+00  1.17000000e+00  0.00000000e+00 -5.39483570e-06  5.38209634e-06  8.50785881e-10  1.18885757e-08  5.72698497e-21 
 1.18000000e+00  1.18000000e+00  0.00000000e+00 -5.55192870e-06  5.53812122e-06  1.43786658e-09  1.23696144e-08  2.22366828e-21 
 1.19000000e+00  1.19000000e+00  0.00000000e+00 -5.71407625e-06  5.69883391e-06  2.37404165e-09  1.28682967e-08  1.57164316e-21 
 1.20000000e+00  1.20000000e+00  0.00000000e+00 -5.88160318e-06  5.86438521e-06  3.83275353e-09  1.33852220e-08  3.53371558e-21 
 0.00000000e+00  0.00000000e+00  2.00000000e-01  3.46241185e-11  3.46241186e-11  9.10741610e-13 -7.01589789e-11  1.20446201e-19 
 1.00000000e-02  1.00000000e-02  2.00000000e-01 -2.06944114e-06  2.06950623e-06  9.13759311e-13 -6.60096630e-11  1.03388508e-19 
 2.00000000e-02  2.00000000e-02  2.00000000e-01 -3.85055075e-06  3.85061204e-06  9.16265250e-13 -6.22023674e-11  2.90678009e-19 
 3.00000000e-02  3.00000000e-02  2.00000000e-01 -5.34765161e-06  5.34770941e-06  9.18407482e-13 -5.87202353e-11  2.21324453e-19 
 4.00000000e-02  4.00000000e-02  2.00000000e-01 -6.57530408e-06  6.57535871e-06  9.20302556e-13 -5.55469299e-11  8.75400194e-21 
 5.00000000e-02  5.00000000e-02  2.00000000e-01 -7.56107249e-06  7.56112423e-06  9.22041647e-13 -5.26666800e-11  1.27587175e-19 
 6.00000000e-02  6.00000000e-02  2.00000000e-01 -8.34531932e-06  8.34536846e-06  9.23693493e-13 -5.00643329e-11  1.91676517e-19 
 7.00000000e-02  7.00000000e-02  2.00000000e-01 -8.97560115e-06  8.97564795e-06  9.25306360e-13 -4.77253419e-11  5.07396229e-19 
 8.00000000e-02  8.00000000e-02  2.00000000e-01 -9.49770937e-06  9.49775408e-06  9.26911578e-13 -4.56357504e-11  1.78026210e-19 
 9.00000000e-02  9.00000000e-02  2.00000000e-01 -9.94881347e-06  9.94885632e-06  9.28528798e-13 -4.37821723e-11  7.02634382e-19 
 1.00000000e-01  1.00000000e-01  2.00000000e-01 -1.03555785e-05  1.03556197e-05  9.30170923e-13 -4.21517760e-11  4.25256584e-19 
 1.10000000e-01  1.10000000e-01  2.00000000e-01 -1.07357842e-05  1.07358240e-05  9.31847332e-13 -4.07322730e-11  3.76124951e-19 
 1.20000000e-01  1.20000000e-01  2.00000000e-01 -1.11009195e-05  1.11009581e-05  9.33565509e-13 -3.95118990e-11  1.70778563e-19 
 1.30000000e-01  1.30000000e-01  2.00000000e-01 -1.14583910e-05  1.14584285e-05  9.35331774e-13 -3.84794072e-11  1.65498541e-19 
 1.40000000e-01  1.40000000e-01  2.00000000e-01 -1.18130487e-05  1.18130854e-05  9.37151612e-13 -3.76240662e-11  6.47210963e-19 
 1.50000000e-01  1.50000000e-01  2.00000000e-01 -1.21681527e-05  1.21681887e-05  9.39029855e-13 -3.69356828e-11  8.99038540e-20 
 1.60000000e-01  1.60000000e-01  2.00000000e-01 -1.25259646e-05  1.25260001e-05  9.40970820e-13 -3.64047030e-11  3.77824540e-19 
 1.70000000e-01  1.70000000e-01  2.00000000e-01 -1.28881098e-05  1.28881449e-05  9.42978417e-13 -3.60225196e-11  3.98228440e-19 
 1.80000000e-01  1.80000000e-01  2.00000000e-01 -1.32557990e-05  1.32558338e-05  9.45056240e-13 -3.57824707e-11  6.15436133e-19 
 1.90000000e-01  1.90000000e-01  2.00000000e-01 -1.36299683e-05  1.36300030e-05  9.47207653e-13 -3.56752254e-11  3.50654385e-19 
 2.00000000e-01  2.00000000e-01  2.00000000e-01 -1.40113680e-05  1.40114027e-05  9.49435852e-13 -3.56153930e-11  1.71758765e-19 
 2.10000000e-01  2.10000000e-01  2.00000000e-01 -1.44006204e-05  1.44006549e-05  9.51743924e-13 -3.54740196e-11  5.05984362e-19 
 2.20000000e-01  2.20000000e-01  2.00000000e-01 -1.47982587e-05  1.47982930e-05  9.54134891e-13 -3.52082564e-11  7.44590999e-19 
 2.30000000e-01  2.30000000e-01  2.00000000e-01 -1.52047530e-05  1.52047868e-05  9.56611744e-13 -3.48033043e-11  2.04694331e-19 
 2.40000000e-01  2.40000000e-01  2.00000000e-01 -1.56205286e-05  1.56205619e-05  9.59177475e-13 -3.42483533e-11  2.86535014e-19 
 2.50000000e-01  2.50000000e-01  2.00000000e-01 -1.60459788e-05  1.60460114e-05  9.61835096e-13 -3.35331333e-11  5.15957546e-19 
 2.60000000e-01  2.60000000e-01  2.00000000e-01 -1.64814743e-05  1.64815060e-05  9.64587658e-13 -3.26472326e-11  6.26012315e-20 
 2.70000000e-01  2.70000000e-01  2.00000000e-01 -1.69273695e-05  1.69274001e-05  9.67438265e-13 -3.15799049e-11  2.46804971e-20 
 2.80000000e-01  2.80000000e-01  2.00000000e-01 -1.73840080e-05  1.73840374e-05  9.70390088e-13 -3.03199826e-11  3.47600513e-20 
 2.90000000e-01  2.90000000e-01  2.00000000e-01 -1.78517259e-05  1.78517537e-05  9.73446371e-13 -2.88558361e-11  2.93819643e-20 
 3.00000000e-01  3.00000000e-01  2.00000000e-01 -1.83308547e-05  1.83308809e-05  9.76610440e-13 -2.71753440e-11  3.80719747e-19 
 3.10000000e-01  3.10000000e-01  2.00000000e-01 -1.88217241e-05  1.88217484e-05  9.79885709e-13 -2.52658662e-11  1.34897042e-19 
 3.20000000e-01  3.20000000e-01  2.00000000e-01 -1.93246628e-05  1.93246849e-05  9.83275683e-13 -2.31142249e-11  4.13207495e-19 
 3.30000000e-01  3.30000000e-01  2.00000000e-01 -1.98400006e-05  1.98400203e-05  9.86783968e-13 -2.07066777e-11  1.86805273e-19 
 3.40000000e-01  3.40000000e-01  2.00000000e-01 -2.03680692e-05  2.03680862e-05  9.90414271e-13 -1.80289009e-11  3.77723122e-19 
 3.50000000e-01  3.50000000e-01  2.00000000e-01 -2.09092033e-05  2.09092174e-05  9.94170405e-13 -1.50659632e-11  7.78871124e-21 
 3.60000000e-01  3.60000000e-01  2.00000000e-01 -2.14637411e-05  2.14637519e-05  9.98056289e-13 -1.18023035e-11  1.05030711e-19 
 3.70000000e-01  3.70000000e-01  2.00000000e-01 -2.20320253e-05  2.20320325e-05  1.00207596e-12 -8.22170934e-12  1.36159569e-19 
 3.80000000e-01  3.80000000e-01  2.00000000e-01 -2.26144031e-05  2.26144064e-05  1.00623356e-12 -4.30729150e-12  6.29440831e-20 
 3.90000000e-01  3.90000000e-01  2.00000000e-01 -2.32112273e-05  2.32112263e-05  1.01053337e-12 -4.14590237e-14  1.35242224e-19 
 4.00000000e-01  4.00000000e-01  2.00000000e-01 -2.38228561e-05  2.38228505e-05  1.01497977e-12  4.59410548e-12  1.28349437e-19 
 4.10000000e-01  4.10000000e-01  2.00000000e-01 -2.44496541e-05  2.44496435e-05  1.01957728e-12  9.61847268e-12  1.93162285e-19 
 4.20000000e-01  4.20000000e-01  2.00000000e-01 -2.50919920e-05  2.50919759e-05  1.02433054e-12  1.50514952e-11  9.99123787e-20 
 4.30000000e-01  4.30000000e-01  2.00000000e-01 -2.57502473e-05  2.57502253e-05  1.02924432e-12  2.09138323e-11  1.68427403e-19 
 4.40000000e-01  4.40000000e-01  2.00000000e-01 -2.64248043e-05  2.64247761e-05  1.03432354e-12  2.72269837e-11  3.99355150e-19 
 4.50000000e-01  4.50000000e-01  2.00000000e-01 -2.71160548e-05  2.71160197e-05  1.03957323e-12  3.40133143e-11  3.97156769e-19 
 4.60000000e-01  4.60000000e-01  2.00000000e-01 -2.78243977e-05  2.78243554e-05  1.04499858e-12  4.12960898e-11  1.72101933e-19 
 4.70000000e-01  4.70000000e-01  2.00000000e-01 -2.85502399e-05  2.85501897e-05  1.05060493e-12  4.90995061e-11  8.28480178e-19 
 4.80000000e-01  4.80000000e-01  2.00000000e-01 -2.92939959e-05  2.92939373e-05  1.05639774e-12  5.74487268e-11  2.42426234e-19 
 4.90000000e-01  4.90000000e-01  2.00000000e-01 -3.00560884e-05  3.00560209e-05  1.06238264e-12  6.63699078e-11  3.10771841e-19 
 5.00000000e-01  5.00000000e-01  2.00000000e-01 -3.08369485e-05  3.08368715e-05  1.06856542e-12  7.58902429e-11  1.96915303e-19 
 5.10000000e-01  5.10000000e-01  2.00000000e-01 -3.16370157e-05  3.16369286e-05  1.07495201e-12  8.60379957e-11  4.99163028e-19 
 5.20000000e-01  5.20000000e-01  2.00000000e-01 -3.24567384e-05  3.24566405e-05  1.08154852e-12  9.68425366e-11  3.50495511e-19 
 5.30000000e-01  5.30000000e-01  2.00000000e-01 -3.32965739e-05  3.32964645e-05  1.08836120e-12  1.08334384e-10  2.27566952e-19 
 5.40000000e-01  5.40000000e-01  2.00000000e-01 -3.41569885e-05  3.41568669e-05  1.09539648e-12  1.20545243e-10  1.65450729e-19 
 5.50000000e-01  5.50000000e-01  2.00000000e-01 -3.50384581e-05  3.50383234e-05  1.10266098e-12  1.33508047e-10  2.11515263e-19 
 5.60000000e-01  5.60000000e-01  2.00000000e-01 -3.59414680e-05  3.59413196e-05  1.11016146e-12  1.47257002e-10  6.23414683e-20 
 5.70000000e-01  5.70000000e-01  2.00000000e-01 -3.68665136e-05  3.68663507e-05  1.11790490e-12  1.61827629e-10  2.48565377e-19 
 5.80000000e-01  5.80000000e-01  2.00000000e-01 -3.78141002e-05  3.78139218e-05  1.12589843e-12  1.77256808e-10  7.68813206e-20 
 5.90000000e-01  5.90000000e-01  2.00000000e-01 -3.87847435e-05  3.87845488e-05  1.13414938e-12  1.93582832e-10  2.04465359e-20 
 6.00000000e-01  6.00000000e-01  2.00000000e-01 -3.97789697e-05  3.97787577e-05  1.14266528e-12  2.10845450e-10  1.64989855e-19 
 6.10000000e-01  6.10000000e-01  2.00000000e-01 -4.07973159e-05  4.07970857e-05  1.15145384e-12  2.29085915e-10  4.04666672e-19 
 6.20000000e-01  6.20000000e-01  2.00000000e-01 -4.18403303e-05  4.18400808e-05  1.16052298e-12  2.48347045e-10  5.60552911e-19 
 6.30000000e-01  6.30000000e-01  2.00000000e-01 -4.29085726e-05  4.29083027e-05  1.16988082e-12  2.68673267e-10  1.54950975e-19 
 6.40000000e-01  6.40000000e-01  2.00000000e-01 -4.40026140e-05  4.40023227e-05  1.17953570e-12  2.90110679e-10  8.76911016e-20 
 6.50000000e-01  6.50000000e-01  2.00000000e-01 -4.51230378e-05  4.51227239e-05  1.18949614e-12  3.12707101e-10  2.68325011e-21 
 6.60000000e-01  6.60000000e-01  2.00000000e-01 -4.62704396e-05  4.62701019e-05  1.19977092e-12  3.36512142e-10  2.12054417e-19 
 6.70000000e-01  6.70000000e-01  2.00000000e-01 -4.74454277e-05  4.74450649e-05  1.21036901e-12  3.61577252e-10  6.14807696e-19 
 6.80000000e-01  6.80000000e-01  2.00000000e-01 -4.86486234e-05  4.86482342e-05  1.22129962e-12  3.87955792e-10  6.81696161e-20 
 6.90000000e-01  6.90000000e-01  2.00000000e-01 -4.98806611e-05  4.98802442e-05  1.23257217e-12  4.15703095e-10  4.32053456e-20 
 7.00000000e-01  7.00000000e-01  2.00000000e-01 -5.11421893e-05  5.11417432e-05  1.24419635e-12  4.44876532e-10  4.59608795e-20 
 7.10000000e-01  7.10000000e-01  2.00000000e-01 -5.24338702e-05  5.24333934e-05  1.25618205e-12  4.75535585e-10  4.39442529e-19 
 7.20000000e-01  7.20000000e-01  2.00000000e-01 -5.37563806e-05  5.37558716e-05  1.26853944e-12  5.07741912e-10  6.33209380e-19 
 7.30000000e-01  7.30000000e-01  2.00000000e-01 -5.51104123e-05  5.51098695e-05  1.28127890e-12  5.41559431e-10  6.70413833e-19 
 7.40000000e-01  7.40000000e-01  2.00000000e-01 -5.64966723e-05  5.64960939e-05  1.29441108e-12  5.77054379e-10  4.07631362e-19 
 7.50000000e-01  7.50000000e-01  2.00000000e-01 -5.79158832e-05  5.79152676e-05  1.30794691e-12  6.14295410e-10  4.78156022e-20 
 7.60000000e-01  7.60000000e-01  2.00000000e-01 -5.93687839e-05  5.93681292e-05  1.32189754e-12  6.53353659e-10  3.73022055e-19 
 7.70000000e-01  7.70000000e-01  2.00000000e-01 -6.08561298e-05  6.08554342e-05  1.33627442e-12  6.94302836e-10  4.61027733e-20 
 7.80000000e-01  7.80000000e-01  2.00000000e-01 -6.23786936e-05  6.23779550e-05  1.35108924e-12  7.37219304e-10  3.09877298e-20 
 7.90000000e-01  7.90000000e-01  2.00000000e-01 -6.39372654e-05  6.39364818e-05  1.36635400e-12  7.82182176e-10  2.97717851e-19 
 8.00000000e-01  8.00000000e-01  2.00000000e-01 -6.55326532e-05  6.55318225e-05  1.38208095e-12  8.29273396e-10  8.37169447e-20 
 8.10000000e-01  8.10000000e-01  2.00000000e-01 -6.71656839e-05  6.71648039e-05  1.39828264e-12  8.78577845e-10  1.06091054e-19 
 8.20000000e-01  8.20000000e-01  2.00000000e-01 -6.88372032e-05  6.88362716e-05  1.41497191e-12  9.30183428e-10  4.21990235e-19 
 8.30000000e-01  8.30000000e-01  2.00000000e-01 -7.05480767e-05  7.05470911e-05  1.43216190e-12  9.84181179e-10  4.60208310e-19 
 8.40000000e-01  8.40000000e-01  2.00000000e-01 -7.22991898e-05  7.22981477e-05  1.44986602e-12  1.04066536e-09  4.81705500e-20 
 8.50000000e-01  8.50000000e-01  2.00000000e-01 -7.40914488e-05  7.40903476e-05  1.46809801e-12  1.09973359e-09  2.54387211e-19 
 8.60000000e-01  8.60000000e-01  2.00000000e-01 -7.59257815e-05  7.59246185e-05  1.48687192e-12  1.16148691e-09  2.03299322e-19 
 8.70000000e-01  8.70000000e-01  2.00000000e-01 -7.78031371e-05  7.78019096e-05  1.50620209e-12  1.22602993e-09  5.95489754e-19 
 8.80000000e-01  8.80000000e-01  2.00000000e-01 -7.97244876e-05  7.97231926e-05  1.52610320e-12  1.29347096e-09  1.96554219e-19 
 8.90000000e-01  8.90000000e-01  2.00000000e-01 -8.16908281e-05  8.16894626e-05  1.54659023e-12  1.36392207e-09  3.94811249e-19 
 9.00000000e-01  9.00000000e-01  2.00000000e-01 -8.37031772e-05  8.37017381e-05  1.56767851e-12  1.43749930e-09  6.42881264e-20 
 9.10000000e-01  9.10000000e-01  2.00000000e-01 -8.57625778e-05  8.57610619e-05  1.58938368e-12  1.51432271e-09  7.08266513e-19 
 9.20000000e-01  9.20000000e-01  2.00000000e-01 -8.78700980e-05  8.78685019e-05  1.61172173e-12  1.59451654e-09  4.22372944e-19 
 9.30000000e-01  9.30000000e-01  2.00000000e-01 -9.00268314e-05  9.00251515e-05  1.63470897e-12  1.67820938e-09  3.21704456e-19 
 9.40000000e-01  9.40000000e-01  2.00000000e-01 -9.22338977e-05  9.22321306e-05  1.65836208e-12  1.76553426e-09  1.57479489e-20 
 9.50000000e-01  9.50000000e-01  2.00000000e-01 -9.44924439e-05  9.44905856e-05  1.68269805e-12  1.85662882e-09  3.91658986e-19 
 9.60000000e-01  9.60000000e-01  2.00000000e-01 -9.68036447e-05  9.68016911e-05  1.88354190e-12  1.95163545e-09  3.36494811e-19 
 9.70000000e-01  9.70000000e-01  2.00000000e-01 -9.91687027e-05  9.91666498e-05  2.28391527e-12  2.05070147e-09  4.29458236e-19 
 9.80000000e-01  9.80000000e-01  2.00000000e-01 -1.01588850e-04  1.01586693e-04  2.86696957e-12  2.15397923e-09  4.41548565e-19 
 9.90000000e-01  9.90000000e-01  2.00000000e-01 -1.04065348e-04  1.04063083e-04  3.71017501e-12  2.26162636e-09  1.26105122e-19 
 1.00000000e+00  1.00000000e+00  2.00000000e-01 -1.06599490e-04  1.06597112e-04  4.92111667e-12  2.37380586e-09  6.46824753e-20 
 1.01000000e+00  1.01000000e+00  2.00000000e-01 -1.09192599e-04  1.09190102e-04  6.64814783e-12  2.49068631e-09  8.62647435e-20 
 1.02000000e+00  1.02000000e+00  2.00000000e-01 -1.11846030e-04  1.11843409e-04  9.09444290e-12  2.61244204e-09  2.02781644e-19 
 1.03000000e+00  1.03000000e+00  2.00000000e-01 -1.14561173e-04  1.14558421e-04  1.25364176e-11  2.73925334e-09  2.82787882e-19 
 1.04000000e+00  1.04000000e+00  2.00000000e-01 -1.17339449e-04  1.17336561e-04  1.73477253e-11  2.87130661e-09  7.97668844e-20 
 1.05000000e+00  1.05000000e+00  2.00000000e-01 -1.20182315e-04  1.20179283e-04  2.40303332e-11  3.00879458e-09  3.25454471e-20 
 1.06000000e+00  1.06000000e+00  2.00000000e-01 -1.23091264e-04  1.23088079e-04  3.32545341e-11  3.15191650e-09  1.41788812e-19 
 1.07000000e+00  1.07000000e+00  2.00000000e-01 -1.26067822e-04  1.26064475e-04  4.59101804e-11  3.30087839e-09  7.99385005e-19 
 1.08000000e+00  1.08000000e+00  2.00000000e-01 -1.29113556e-04  1.29110037e-04  6.31719299e-11  3.45589318e-09  5.53196577e-19 
 1.09000000e+00  1.09000000e+00  2.00000000e-01 -1.32230068e-04  1.32226364e-04  8.65819072e-11  3.61718101e-09  5.58151880e-19 
 1.10000000e+00  1.10000000e+00  2.00000000e-01 -1.35419001e-04  1.35415097e-04  1.18153895e-10  3.78496939e-09  4.96003732e-19 
 1.11000000e+00  1.11000000e+00  2.00000000e-01 -1.38682035e-04  1.38677915e-04  1.60504021e-10  3.95949349e-09  4.49037658e-19 
 1.12000000e+00  1.12000000e+00  2.00000000e-01 -1.42020893e-04  1.42016535e-04  2.17013902e-10  4.14099636e-09  5.49245859e-20 
 1.13000000e+00  1.13000000e+00  2.00000000e-01 -1.45437341e-04  1.45432719e-04  2.92033360e-10  4.32972916e-09  6.63504989e-19 
 1.14000000e+00  1.14000000e+00  2.00000000e-01 -1.48933184e-04  1.48928267e-04  3.91131183e-10  4.52595146e-09  2.34121271e-19 
 1.15000000e+00  1.15000000e+00  2.00000000e-01 -1.52510275e-04  1.52505024e-04  5.21403973e-10  4.72993147e-09  2.48893683e-19 
 1.16000000e+00  1.16000000e+00  2.00000000e-01 -1.56170511e-04  1.56164877e-04  6.91854921e-10  4.94194634e-09  5.32605570e-19 
 1.17000000e+00  1.17000000e+00  2.00000000e-01 -1.59915834e-04  1.59909758e-04  9.13856454e-10  5.16228240e-09  1.53599375e-19 
 1.18000000e+00  1.18000000e+00  2.00000000e-01 -1.63748236e-04  1.63741643e-04  1.20171304e-09  5.39123551e-09  1.51210891e-19 
 1.19000000e+00  1.19000000e+00  2.00000000e-01 -1.67669759e-04  1.67662557e-04  1.57334324e-09  5.62911132e-09  4.57025560e-20 
 1.20000000e+00  1.20000000e+00  2.00000000e-01 -1.71682496e-04  1.71674569e-04  2.05110310e-09  5.87622556e-09  1.01411516e-19 
 0.00000000e+00  0.00000000e+00  4.00000000e-01  2.52610801e-10  2.52610802e-10  4.93322486e-12 -5.10154827e-10  3.86627896e-19 
 1.00000000e-02  1.00000000e-02  4.00000000e-01 -3.60991669e-05  3.60996562e-05  4.97284030e-12 -4.94287915e-10  4.08009062e-19 
 2.00000000e-02  2.00000000e-02  4.00000000e-01 -6.91446054e-05  6.91450795e-05  5.01305920e-12 -4.79127456e-10  6.03795997e-19 
 3.00000000e-02  3.00000000e-02  4.00000000e-01 -9.91626307e-05  9.91630904e-05  5.05411432e-12 -4.64768906e-10  2.51353788e-19 
 4.00000000e-02  4.00000000e-02  4.00000000e-01 -1.26198416e-04  1.26198862e-04  5.09622881e-12 -4.51223187e-10  8.30403440e-19 
 5.00000000e-02  5.00000000e-02  4.00000000e-01 -1.50322155e-04  1.50322588e-04  5.13962798e-12 -4.38462521e-10  3.24624362e-19 
 6.00000000e-02  6.00000000e-02  4.00000000e-01 -1.71639032e-04  1.71639453e-04  5.18454597e-12 -4.26454569e-10  3.19935035e-20 
 7.00000000e-02  7.00000000e-02  4.00000000e-01 -1.90301649e-04  1.90302059e-04  5.23122435e-12 -4.15168106e-10  1.51656819e-19 
 8.00000000e-02  8.00000000e-02  4.00000000e-01 -2.06521388e-04  2.06521787e-04  5.27989913e-12 -4.04573397e-10  1.08857766e-18 
 9.00000000e-02  9.00000000e-02  4.00000000e-01 -2.20572060e-04  2.20572450e-04  5.33077593e-12 -3.94641650e-10  3.59453990e-19 
 1.00000000e-01  1.00000000e-01  4.00000000e-01 -2.32778646e-04  2.32779026e-04  5.38400110e-12 -3.85344425e-10  1.10637749e-18 
 1.10000000e-01  1.10000000e-01  4.00000000e-01 -2.43489745e-04  2.43490117e-04  5.43964273e-12 -3.76653279e-10  5.03570816e-19 
 1.20000000e-01  1.20000000e-01  4.00000000e-01 -2.53042380e-04  2.53042743e-04  5.49769293e-12 -3.68539800e-10  1.16465549e-18 
 1.30000000e-01  1.30000000e-01  4.00000000e-01 -2.61732846e-04  2.61733202e-04  5.55808933e-12 -3.60975951e-10  3.45389475e-20 
 1.40000000e-01  1.40000000e-01  4.00000000e-01 -2.69802255e-04  2.69802604e-04  5.62074341e-12 -3.53934501e-10  4.23961011e-20 
 1.50000000e-01  1.50000000e-01  4.00000000e-01 -2.77436133e-04  2.77436475e-04  5.68556402e-12 -3.47389327e-10  1.92407621e-19 
 1.60000000e-01  1.60000000e-01  4.00000000e-01 -2.84772278e-04  2.84772614e-04  5.75247131e-12 -3.41315564e-10  4.90874711e-19 
 1.70000000e-01  1.70000000e-01  4.00000000e-01 -2.91911179e-04  2.91911509e-04  5.82140243e-12 -3.35689620e-10  1.75080339e-19 
 1.80000000e-01  1.80000000e-01  4.00000000e-01 -2.98925704e-04  2.98926029e-04  5.89231213e-12 -3.30489112e-10  1.19587958e-18 
 1.90000000e-01  1.90000000e-01  4.00000000e-01 -3.05868855e-04  3.05869175e-04  5.96517095e-12 -3.25692780e-10  1.62101436e-18 
 2.00000000e-01  2.00000000e-01  4.00000000e-01 -3.12779524e-04  3.12779839e-04  6.03996260e-12 -3.21280416e-10  1.28564072e-18 
 2.10000000e-01  2.10000000e-01  4.00000000e-01 -3.19686597e-04  3.19686909e-04  6.11668144e-12 -3.17232749e-10  1.67770297e-18 
 2.20000000e-01  2.20000000e-01  4.00000000e-01 -3.26611837e-04  3.26612144e-04  6.19533028e-12 -3.13531400e-10  2.19431106e-19 
 2.30000000e-01  2.30000000e-01  4.00000000e-01 -3.33571885e-04  3.33572189e-04  6.27591860e-12 -3.10158821e-10  4.46284647e-19 
 2.40000000e-01  2.40000000e-01  4.00000000e-01 -3.40579671e-04  3.40579971e-04  6.35846118e-12 -3.07098224e-10  3.25159921e-19 
 2.50000000e-01  2.50000000e-01  4.00000000e-01 -3.47645390e-04  3.47645687e-04  6.44297698e-12 -3.04333557e-10  3.44107603e-20 
 2.60000000e-01  2.60000000e-01  4.00000000e-01 -3.54777209e-04  3.54777504e-04  6.52948836e-12 -3.01849459e-10  4.04662321e-20 
 2.70000000e-01  2.70000000e-01  4.00000000e-01 -3.61981765e-04  3.61982058e-04  6.61802044e-12 -2.99631220e-10  7.23199350e-19 
 2.80000000e-01  2.80000000e-01  4.00000000e-01 -3.69264529e-04  3.69264820e-04  6.70860059e-12 -2.97664764e-10  5.32736570e-19 
 2.90000000e-01  2.90000000e-01  4.00000000e-01 -3.76630072e-04  3.76630361e-04  6.80125808e-12 -2.95936611e-10  1.77814371e-18 
 3.00000000e-01  3.00000000e-01  4.00000000e-01 -3.84082263e-04  3.84082551e-04  6.89602379e-12 -2.94433854e-10  1.19512755e-18 
 3.10000000e-01  3.10000000e-01  4.00000000e-01 -3.91624418e-04  3.91624704e-04  6.99292996e-12 -2.93144144e-10  2.90920850e-19 
 3.20000000e-01  3.20000000e-01  4.00000000e-01 -3.99259408e-04  3.99259693e-04  7.09201006e-12 -2.92055671e-10  5.67632930e-19 
 3.30000000e-01  3.30000000e-01  4.00000000e-01 -4.06989750e-04  4.06990034e-04  7.19329857e-12 -2.91157149e-10  9.73666060e-20 
 3.40000000e-01  3.40000000e-01  4.00000000e-01 -4.14817671e-04  4.14817954e-04  7.29683096e-12 -2.90437811e-10  3.64132838e-19 
 3.50000000e-01  3.50000000e-01  4.00000000e-01 -4.22745158e-04  4.22745440e-04  7.40264353e-12 -2.89887440e-10  3.58243582e-19 
 3.60000000e-01  3.60000000e-01  4.00000000e-01 -4.30773999e-04  4.30774281e-04  7.51077335e-12 -2.89496465e-10  1.63568604e-18 
 3.70000000e-01  3.70000000e-01  4.00000000e-01 -4.38905818e-04  4.38906099e-04  7.62125824e-12 -2.89256258e-10  1.07004418e-18 
 3.80000000e-01  3.80000000e-01  4.00000000e-01 -4.47142097e-04  4.47142378e-04  7.73413666e-12 -2.89160149e-10  8.45147513e-19 
 3.90000000e-01  3.90000000e-01  4.00000000e-01 -4.55484198e-04  4.55484479e-04  7.84944771e-12 -2.89198798e-10  1.57499877e-19 
 4.00000000e-01  4.00000000e-01  4.00000000e-01 -4.63933380e-04  4.63933661e-04  7.96723110e-12 -2.89286812e-10  8.11314532e-19 
 4.10000000e-01  4.10000000e-01  4.00000000e-01 -4.72490812e-04  4.72491093e-04  8.08752707e-12 -2.89295233e-10  3.31488390e-19 
 4.20000000e-01  4.20000000e-01  4.00000000e-01 -4.81157584e-04  4.81157865e-04  8.21037645e-12 -2.89181213e-10  1.60891584e-19 
 4.30000000e-01  4.30000000e-01  4.00000000e-01 -4.89934718e-04  4.89934998e-04  8.33582054e-12 -2.88929957e-10  4.28682934e-19 
 4.40000000e-01  4.40000000e-01  4.00000000e-01 -4.98823170e-04  4.98823450e-04  8.46390118e-12 -2.88530657e-10  1.24089207e-18 
 4.50000000e-01  4.50000000e-01  4.00000000e-01 -5.07823844e-04  5.07824123e-04  8.59466068e-12 -2.87973051e-10  1.10016130e-19 
 4.60000000e-01  4.60000000e-01  4.00000000e-01 -5.16937591e-04  5.16937870e-04  8.72814185e-12 -2.87246734e-10  4.94640899e-19 
 4.70000000e-01  4.70000000e-01  4.00000000e-01 -5.26165218e-04  5.26165495e-04  8.86438792e-12 -2.86340968e-10  2.52340277e-19 
 4.80000000e-01  4.80000000e-01  4.00000000e-01 -5.35507488e-04  5.35507764e-04  9.00344262e-12 -2.85244596e-10  3.40545668e-19 
 4.90000000e-01  4.90000000e-01  4.00000000e-01 -5.44965125e-04  5.44965400e-04  9.14535008e-12 -2.83945999e-10  4.59228108e-19 
 5.00000000e-01  5.00000000e-01  4.00000000e-01 -5.54538818e-04  5.54539091e-04  9.29015492e-12 -2.82433068e-10  1.18545196e-18 
 5.10000000e-01  5.10000000e-01  4.00000000e-01 -5.64229221e-04  5.64229492e-04  9.43790213e-12 -2.80693174e-10  4.95878629e-19 
 5.20000000e-01  5.20000000e-01  4.00000000e-01 -5.74036957e-04  5.74037226e-04  9.58863716e-12 -2.78713156e-10  2.29660084e-19 
 5.30000000e-01  5.30000000e-01  4.00000000e-01 -5.83962618e-04  5.83962885e-04  9.74240588e-12 -2.76479286e-10  1.52210574e-18 
 5.40000000e-01  5.40000000e-01  4.00000000e-01 -5.94006769e-04  5.94007033e-04  9.89925455e-12 -2.73977251e-10  3.88260328e-19 
 5.50000000e-01  5.50000000e-01  4.00000000e-01 -6.04169947e-04  6.04170208e-04  1.00592298e-11 -2.71192140e-10  7.95430076e-20 
 5.60000000e-01  5.60000000e-01  4.00000000e-01 -6.14452665e-04  6.14452923e-04  1.02223789e-11 -2.68108405e-10  7.86742586e-19 
 5.70000000e-01  5.70000000e-01  4.00000000e-01 -6.24855413e-04  6.24855667e-04  1.03887490e-11 -2.64709856e-10  7.08070608e-19 
 5.80000000e-01  5.80000000e-01  4.00000000e-01 -6.35378656e-04  6.35378907e-04  1.05583883e-11 -2.60979616e-10  5.77363069e-20 
 5.90000000e-01  5.90000000e-01  4.00000000e-01 -6.46022841e-04  6.46023087e-04  1.07313449e-11 -2.56900115e-10  1.13061673e-18 
 6.00000000e-01  6.00000000e-01  4.00000000e-01 -6.56788391e-04  6.56788633e-04  1.09076675e-11 -2.52453056e-10  1.83081734e-18 
 6.10000000e-01  6.10000000e-01  4.00000000e-01 -6.67675715e-04  6.67675952e-04  1.10874051e-11 -2.47619382e-10  2.00221394e-19 
 6.20000000e-01  6.20000000e-01  4.00000000e-01 -6.78685202e-04  6.78685433e-04  1.12706071e-11 -2.42379267e-10  1.03155691e-18 
 6.30000000e-01  6.30000000e-01  4.00000000e-01 -6.89817225e-04  6.89817450e-04  1.14573234e-11 -2.36712067e-10  8.23695654e-19 
 6.40000000e-01  6.40000000e-01  4.00000000e-01 -7.01072143e-04  7.01072362e-04  1.16476042e-11 -2.30596305e-10  6.00118206e-19 
 6.50000000e-01  6.50000000e-01  4.00000000e-01 -7.12450304e-04  7.12450516e-04  1.18414999e-11 -2.24009638e-10  1.40789237e-18 
 6.60000000e-01  6.60000000e-01  4.00000000e-01 -7.23952040e-04  7.23952245e-04  1.20390616e-11 -2.16928819e-10  1.58881330e-20 
 6.70000000e-01  6.70000000e-01  4.00000000e-01 -7.35577678e-04  7.35577875e-04  1.22403405e-11 -2.09329677e-10  6.75266622e-19 
 6.80000000e-01  6.80000000e-01  4.00000000e-01 -7.47327532e-04  7.47327721e-04  1.24453883e-11 -2.01187072e-10  5.61996795e-19 
 6.90000000e-01  6.90000000e-01  4.00000000e-01 -7.59201913e-04  7.59202093e-04  1.26542572e-11 -1.92474869e-10  6.19670897e-19 
 7.00000000e-01  7.00000000e-01  4.00000000e-01 -7.71201124e-04  7.71201295e-04  1.28669994e-11 -1.83165897e-10  6.03720969e-19 
 7.10000000e-01  7.10000000e-01  4.00000000e-01 -7.83325468e-04  7.83325628e-04  1.30836678e-11 -1.73231918e-10  1.38473750e-20 
 7.20000000e-01  7.20000000e-01  4.00000000e-01 -7.95575244e-04  7.95575393e-04  1.33043156e-11 -1.62643585e-10  9.04001721e-19 
 7.30000000e-01  7.30000000e-01  4.00000000e-01 -8.07950752e-04  8.07950890e-04  1.35289962e-11 -1.51370405e-10  1.46551440e-18 
 7.40000000e-01  7.40000000e-01  4.00000000e-01 -8.20452297e-04  8.20452423e-04  1.37577636e-11 -1.39380698e-10  5.21730600e-20 
 7.50000000e-01  7.50000000e-01  4.00000000e-01 -8.33080186e-04  8.33080299e-04  1.39906721e-11 -1.26641556e-10  2.51199163e-19 
 7.60000000e-01  7.60000000e-01  4.00000000e-01 -8.45834736e-04  8.45834834e-04  1.42277762e-11 -1.13118798e-10  5.37173222e-19 
 7.70000000e-01  7.70000000e-01  4.00000000e-01 -8.58716269e-04  8.58716353e-04  1.44691309e-11 -9.87769337e-11  1.57132843e-18 
 7.80000000e-01  7.80000000e-01  4.00000000e-01 -8.71725121e-04  8.71725190e-04  1.47147917e-11 -8.35791037e-11  1.52511122e-18 
 7.90000000e-01  7.90000000e-01  4.00000000e-01 -8.84861642e-04  8.84861695e-04  1.49648141e-11 -6.74870455e-11  8.44530823e-19 
 8.00000000e-01  8.00000000e-01  4.00000000e-01 -8.98126196e-04  8.98126232e-04  1.52192544e-11 -5.04610390e-11  2.48814490e-19 
 8.10000000e-01  8.10000000e-01  4.00000000e-01 -9.11519167e-04  9.11519184e-04  1.54781690e-11 -3.24598577e-11  7.78294561e-19 
 8.20000000e-01  8.20000000e-01  4.00000000e-01 -9.25040959e-04  9.25040956e-04  1.57416147e-11 -1.34407147e-11  7.81113283e-19 
 8.30000000e-01  8.30000000e-01  4.00000000e-01 -9.38691997e-04  9.38691974e-04  1.60096487e-11  6.64079208e-12  2.31275033e-19 
 8.40000000e-01  8.40000000e-01  4.00000000e-01 -9.52472734e-04  9.52472690e-04  1.62823286e-11  2.78307256e-11  2.37618895e-19 
 8.50000000e-01  8.50000000e-01  4.00000000e-01 -9.66383649e-04  9.66383583e-04  1.65597123e-11  5.01768809e-11  6.43039804e-20 
 8.60000000e-01  8.60000000e-01  4.00000000e-01 -9.80425254e-04  9.80425163e-04  1.68418582e-11  7.37288329e-11  1.33743254e-18 
 8.70000000e-01  8.70000000e-01  4.00000000e-01 -9.94598089e-04  9.94597974e-04  1.71288249e-11  9.85380033e-11  3.99556531e-19 
 8.80000000e-01  8.80000000e-01  4.00000000e-01 -1.00890273e-03  1.00890259e-03  1.74206715e-11  1.24657720e-10  1.06347394e-18 
 8.90000000e-01  8.90000000e-01  4.00000000e-01 -1.02333980e-03  1.02333963e-03  1.77174575e-11  1.52143283e-10  6.90837179e-19 
 9.00000000e-01  9.00000000e-01  4.00000000e-01 -1.03790995e-03  1.03790975e-03  1.80192426e-11  1.81052034e-10  2.69085414e-19 
 9.10000000e-01  9.10000000e-01  4.00000000e-01 -1.05261388e-03  1.05261365e-03  1.83260872e-11  2.11443417e-10  1.28450465e-18 
 9.20000000e-01  9.20000000e-01  4.00000000e-01 -1.06745232e-03  1.06745206e-03  1.86380518e-11  2.43379063e-10  1.99405723e-18 
 9.30000000e-01  9.30000000e-01  4.00000000e-01 -1.08242607e-03  1.08242577e-03  1.89551974e-11  2.76922850e-10  7.14526439e-19 
 9.40000000e-01  9.40000000e-01  4.00000000e-01 -1.09753597e-03  1.09753564e-03  1.92775854e-11  3.12140986e-10  1.11250891e-18 
 9.50000000e-01  9.50000000e-01  4.00000000e-01 -1.11278290e-03  1.11278253e-03  1.96052775e-11  3.49102086e-10  8.21091978e-19 
 9.60000000e-01  9.60000000e-01  4.00000000e-01 -1.12816781e-03  1.12816740e-03  1.99383360e-11  3.87877253e-10  1.62457460e-18 
 9.70000000e-01  9.70000000e-01  4.00000000e-01 -1.14369171e-03  1.14369126e-03  2.02768235e-11  4.28540154e-10  1.48115930e-19 
 9.80000000e-01  9.80000000e-01  4.00000000e-01 -1.15935564e-03  1.15935514e-03  2.06208028e-11  4.71167124e-10  3.96212831e-19 
 9.90000000e-01  9.90000000e-01  4.00000000e-01 -1.17516072e-03  1.17516019e-03  2.09703375e-11  5.15837234e-10  9.61756672e-19 
 1.00000000e+00  1.00000000e+00  4.00000000e-01 -1.19110815e-03  1.19110757e-03  2.13254914e-11  5.62632392e-10  3.49099021e-19 
 1.01000000e+00  1.01000000e+00  4.00000000e-01 -1.20719916e-03  1.20719853e-03  2.16863286e-11  6.11637440e-10  1.35569260e-18 
 1.02000000e+00  1.02000000e+00  4.00000000e-01 -1.22343507e-03  1.22343438e-03  2.20529138e-11  6.62940245e-10  9.07739810e-19 
 1.03000000e+00  1.03000000e+00  4.00000000e-01 -1.23981725e-03  1.23981652e-03  2.24253121e-11  7.16631801e-10  3.62338357e-19 
 1.04000000e+00  1.04000000e+00  4.00000000e-01 -1.25634717e-03  1.25634637e-03  2.37308993e-11  7.72806336e-10  1.80420481e-18 
 1.05000000e+00  1.05000000e+00  4.00000000e-01 -1.27302634e-03  1.27302548e-03  2.80508351e-11  8.31561412e-10  4.00909405e-19 
 1.06000000e+00  1.06000000e+00  4.00000000e-01 -1.28985636e-03  1.28985543e-03  3.41293978e-11  8.92998042e-10  2.27328360e-18 
 1.07000000e+00  1.07000000e+00  4.00000000e-01 -1.30683890e-03  1.30683790e-03  4.26533864e-11  9.57220799e-10  8.13764150e-19 
 1.08000000e+00  1.08000000e+00  4.00000000e-01 -1.32397572e-03  1.32397464e-03  5.45550071e-11  1.02433793e-09  3.12860730e-19 
 1.09000000e+00  1.09000000e+00  4.00000000e-01 -1.34126865e-03  1.34126748e-03  7.10913278e-11  1.09446150e-09  9.18615607e-19 
 1.10000000e+00  1.10000000e+00  4.00000000e-01 -1.35871959e-03  1.35871833e-03  9.39467938e-11  1.16770746e-09  1.84308507e-18 
 1.11000000e+00  1.11000000e+00  4.00000000e-01 -1.37633054e-03  1.37632917e-03  1.25364719e-10  1.24419585e-09  1.09482431e-18 
 1.12000000e+00  1.12000000e+00  4.00000000e-01 -1.39410358e-03  1.39410209e-03  1.68314976e-10  1.32405087e-09  6.74391410e-19 
 1.13000000e+00  1.13000000e+00  4.00000000e-01 -1.41204087e-03  1.41203924e-03  2.26706676e-10  1.40740106e-09  1.16593842e-18 
 1.14000000e+00  1.14000000e+00  4.00000000e-01 -1.43014467e-03  1.43014287e-03  3.05656455e-10  1.49437939e-09  8.08381641e-19 
 1.15000000e+00  1.15000000e+00  4.00000000e-01 -1.44841730e-03  1.44841530e-03  4.11825138e-10  1.58512347e-09  1.25891161e-18 
 1.16000000e+00  1.16000000e+00  4.00000000e-01 -1.46686120e-03  1.46685896e-03  5.53838100e-10  1.67977563e-09  4.50703315e-19 
 1.17000000e+00  1.17000000e+00  4.00000000e-01 -1.48547888e-03  1.48547636e-03  7.42807531e-10  1.77848315e-09  9.12412579e-19 
 1.18000000e+00  1.18000000e+00  4.00000000e-01 -1.50427297e-03  1.50427010e-03  9.92978249e-10  1.88139834e-09  1.52595136e-18 
 1.19000000e+00  1.19000000e+00  4.00000000e-01 -1.52324617e-03  1.52324286e-03  1.32252258e-09  1.98867876e-09  1.56351363e-18 
 1.20000000e+00  1.20000000e+00  4.00000000e-01 -1.54240128e-03  1.54239742e-03  1.75451436e-09  2.10048737e-09  1.53837293e-18 
 0.00000000e+00  0.00000000e+00  6.00000000e-01  1.38354525e-09  1.38354526e-09  7.31814892e-11 -2.84027199e-09  6.62561357e-19 
 1.00000000e-02  1.00000000e-02  6.00000000e-01 -1.18191874e-04  1.18194598e-04  7.42409137e-11 -2.79859454e-09  3.53056635e-19 
 2.00000000e-02  2.00000000e-02  6.00000000e-01 -2.32016992e-04  2.32019672e-04  7.53166559e-11 -2.75524760e-09  9.51224617e-20 
 3.00000000e-02  3.00000000e-02  6.00000000e-01 -3.41518015e-04  3.41520652e-04  7.64091484e-11 -2.71308486e-09  1.09034807e-18 
 4.00000000e-02  4.00000000e-02  6.00000000e-01 -4.46738453e-04  4.46741048e-04  7.75188050e-11 -2.67290921e-09  1.04309388e-18 
 5.00000000e-02  5.00000000e-02  6.00000000e-01 -5.47721138e-04  5.47723694e-04  7.86460309e-11 -2.63471932e-09  4.21773940e-19 
 6.00000000e-02  6.00000000e-02  6.00000000e-01 -6.44508140e-04  6.44510659e-04  7.97912307e-11 -2.59841446e-09  1.96910676e-18 
 7.00000000e-02  7.00000000e-02  6.00000000e-01 -7.37140747e-04  7.37143230e-04  8.09548166e-11 -2.56389852e-09  1.31595435e-18 
 8.00000000e-02  8.00000000e-02  6.00000000e-01 -8.25659527e-04  8.25661976e-04  8.21372153e-11 -2.53108915e-09  8.92185066e-19 
 9.00000000e-02  9.00000000e-02  6.00000000e-01 -9.10104505e-04  9.10106921e-04  8.33388749e-11 -2.49991527e-09  2.76878548e-20 
 1.00000000e-01  1.00000000e-01  6.00000000e-01 -9.90515499e-04  9.90517885e-04  8.45602717e-11 -2.47031431e-09  1.25192659e-18 
 1.10000000e-01  1.10000000e-01  6.00000000e-01 -1.06693269e-03  1.06693505e-03  8.58019176e-11 -2.44223052e-09  4.08051931e-19 
 1.20000000e-01  1.20000000e-01  6.00000000e-01 -1.13939752e-03  1.13939985e-03  8.70643669e-11 -2.41561383e-09  7.75902471e-19 
 1.30000000e-01  1.30000000e-01  6.00000000e-01 -1.20795406e-03  1.20795636e-03  8.83482228e-11 -2.39041933e-09  4.50903377e-19 
 1.40000000e-01  1.40000000e-01  6.00000000e-01 -1.27265100e-03  1.27265328e-03  8.96541436e-11 -2.36660681e-09  7.69519481e-19 
 1.50000000e-01  1.50000000e-01  6.00000000e-01 -1.33354447e-03  1.33354672e-03  9.09828454e-11 -2.34414041e-09  8.74886936e-19 
 1.60000000e-01  1.60000000e-01  6.00000000e-01 -1.39070182e-03  1.39070405e-03  9.23351017e-11 -2.32298826e-09  1.06123809e-19 
 1.70000000e-01  1.70000000e-01  6.00000000e-01 -1.44420641e-03  1.44420862e-03  9.37117360e-11 -2.30312180e-09  2.27873172e-18 
 1.80000000e-01  1.80000000e-01  6.00000000e-01 -1.49416325e-03  1.49416544e-03  9.51136053e-11 -2.28451486e-09  1.65844698e-18 
 1.90000000e-01  1.90000000e-01  6.00000000e-01 -1.54070480e-03  1.54070697e-03  9.65415736e-11 -2.26714235e-09  6.82087162e-19 
 2.00000000e-01  2.00000000e-01  6.00000000e-01 -1.58399586e-03  1.58399802e-03  9.79964747e-11 -2.25097861e-09  1.75892076e-18 
 2.10000000e-01  2.10000000e-01  6.00000000e-01 -1.62423618e-03  1.62423831e-03  9.94790691e-11 -2.23599564e-09  4.48116437e-19 
 2.20000000e-01  2.20000000e-01  6.00000000e-01 -1.66165902e-03  1.66166114e-03  1.00990003e-10 -2.22216149e-09  7.40240673e-19 
 2.30000000e-01  2.30000000e-01  6.00000000e-01 -1.69652525e-03  1.69652736e-03  1.02529775e-10 -2.20943921e-09  2.16120612e-18 
 2.40000000e-01  2.40000000e-01  6.00000000e-01 -1.72911313e-03  1.72911522e-03  1.04098732e-10 -2.19778671e-09  1.53304082e-18 
 2.50000000e-01  2.50000000e-01  6.00000000e-01 -1.75970575e-03  1.75970783e-03  1.05697068e-10 -2.18715738e-09  1.63659287e-19 
 2.60000000e-01  2.60000000e-01  6.00000000e-01 -1.78857846e-03  1.78858053e-03  1.07324861e-10 -2.17750148e-09  4.09561743e-19 
 2.70000000e-01  2.70000000e-01  6.00000000e-01 -1.81598853e-03  1.81599059e-03  1.08982109e-10 -2.16876779e-09  2.58373678e-18 
 2.80000000e-01  2.80000000e-01  6.00000000e-01 -1.84216821e-03  1.84217026e-03  1.10668764e-10 -2.16090522e-09  2.22438793e-19 
 2.90000000e-01  2.90000000e-01  6.00000000e-01 -1.86732138e-03  1.86732342e-03  1.12384770e-10 -2.15386405e-09  9.67456770e-19 
 3.00000000e-01  3.00000000e-01  6.00000000e-01 -1.89162320e-03  1.89162523e-03  1.14130084e-10 -2.14759685e-09  1.43420191e-18 
 3.10000000e-01  3.10000000e-01  6.00000000e-01 -1.91522181e-03  1.91522383e-03  1.15904695e-10 -2.14205902e-09  6.20692124e-19 
 3.20000000e-01  3.20000000e-01  6.00000000e-01 -1.93824108e-03  1.93824310e-03  1.17708630e-10 -2.13720887e-09  6.71502119e-19 
 3.30000000e-01  3.30000000e-01  6.00000000e-01 -1.96078391e-03  1.96078592e-03  1.19541958e-10 -2.13300772e-09  4.99242196e-19 
 3.40000000e-01  3.40000000e-01  6.00000000e-01 -1.98293544e-03  1.98293745e-03  1.21404787e-10 -2.12941969e-09  7.49565790e-19 
 3.50000000e-01  3.50000000e-01  6.00000000e-01 -2.00476604e-03  2.00476804e-03  1.23297266e-10 -2.12641152e-09  1.76849897e-18 
 3.60000000e-01  3.60000000e-01  6.00000000e-01 -2.02633388e-03  2.02633588e-03  1.25219579e-10 -2.12395231e-09  9.57433151e-19 
 3.70000000e-01  3.70000000e-01  6.00000000e-01 -2.04768718e-03  2.04768917e-03  1.27171941e-10 -2.12201335e-09  2.98815222e-19 
 3.80000000e-01  3.80000000e-01  6.00000000e-01 -2.06886598e-03  2.06886797e-03  1.29154596e-10 -2.12056783e-09  2.04620581e-18 
 3.90000000e-01  3.90000000e-01  6.00000000e-01 -2.08990369e-03  2.08990568e-03  1.31167813e-10 -2.11959069e-09  1.94403362e-18 
 4.00000000e-01  4.00000000e-01  6.00000000e-01 -2.11082826e-03  2.11083025e-03  1.33211881e-10 -2.11905843e-09  8.23204459e-19 
 4.10000000e-01  4.10000000e-01  6.00000000e-01 -2.13166321e-03  2.13166519e-03  1.35287110e-10 -2.11894899e-09  1.88053076e-18 
 4.20000000e-01  4.20000000e-01  6.00000000e-01 -2.15242837e-03  2.15243036e-03  1.37393828e-10 -2.11924157e-09  2.96308632e-18 
 4.30000000e-01  4.30000000e-01  6.00000000e-01 -2.17314058e-03  2.17314256e-03  1.39532377e-10 -2.11991659e-09  1.29263812e-18 
 4.40000000e-01  4.40000000e-01  6.00000000e-01 -2.19381417e-03  2.19381615e-03  1.41703114e-10 -2.12095549e-09  4.05906962e-19 
 4.50000000e-01  4.50000000e-01  6.00000000e-01 -2.21446138e-03  2.21446336e-03  1.43906406e-10 -2.12234076e-09  2.39722817e-18 
 4.60000000e-01  4.60000000e-01  6.00000000e-01 -2.23509275e-03  2.23509473e-03  1.46142635e-10 -2.12405579e-09  9.87003849e-19 
 4.70000000e-01  4.70000000e-01  6.00000000e-01 -2.25571733e-03  2.25571931e-03  1.48412193e-10 -2.12608481e-09  3.23188978e-19 
 4.80000000e-01  4.80000000e-01  6.00000000e-01 -2.27634298e-03  2.27634495e-03  1.50715480e-10 -2.12841289e-09  7.05456281e-19 
 4.90000000e-01  4.90000000e-01  6.00000000e-01 -2.29697649e-03  2.29697846e-03  1.53052908e-10 -2.13102581e-09  1.65042048e-19 
 5.00000000e-01  5.00000000e-01  6.00000000e-01 -2.31762379e-03  2.31762577e-03  1.55424895e-10 -2.13391010e-09  1.04501767e-18 
 5.10000000e-01  5.10000000e-01  6.00000000e-01 -2.33829006e-03  2.33829204e-03  1.57831871e-10 -2.13705293e-09  6.47631341e-19 
 5.20000000e-01  5.20000000e-01  6.00000000e-01 -2.35897984e-03  2.35898182e-03  1.60274272e-10 -2.14044213e-09  6.76573977e-19 
 5.30000000e-01  5.30000000e-01  6.00000000e-01 -2.37969711e-03  2.37969909e-03  1.62752543e-10 -2.14406613e-09  2.14561242e-19 
 5.40000000e-01  5.40000000e-01  6.00000000e-01 -2.40044537e-03  2.40044735e-03  1.65267134e-10 -2.14791396e-09  1.35593012e-18 
 5.50000000e-01  5.50000000e-01  6.00000000e-01 -2.42122772e-03  2.42122970e-03  1.67818507e-10 -2.15197530e-09  1.43906074e-18 
 5.60000000e-01  5.60000000e-01  6.00000000e-01 -2.44204688e-03  2.44204886e-03  1.70407128e-10 -2.15624049e-09  8.60474296e-19 
 5.70000000e-01  5.70000000e-01  6.00000000e-01 -2.46290528e-03  2.46290726e-03  1.73033471e-10 -2.16070091e-09  5.02614741e-19 
 5.80000000e-01  5.80000000e-01  6.00000000e-01 -2.48380506e-03  2.48380705e-03  1.75698019e-10 -2.16534993e-09  1.81729427e-18 
 5.90000000e-01  5.90000000e-01  6.00000000e-01 -2.50474813e-03  2.50475013e-03  1.78401260e-10 -2.17017829e-09  5.72484981e-20 
 6.00000000e-01  6.00000000e-01  6.00000000e-01 -2.52573619e-03  2.52573819e-03  1.81143690e-10 -2.17510073e-09  3.24646506e-18 
 6.10000000e-01  6.10000000e-01  6.00000000e-01 -2.54677075e-03  2.54677274e-03  1.83925813e-10 -2.17998846e-09  4.76645509e-19 
 6.20000000e-01  6.20000000e-01  6.00000000e-01 -2.56785314e-03  2.56785514e-03  1.86748138e-10 -2.18479884e-09  2.57125707e-19 
 6.30000000e-01  6.30000000e-01  6.00000000e-01 -2.58898457e-03  2.58898657e-03  1.89611182e-10 -2.18951729e-09  7.09176371e-19 
 6.40000000e-01  6.40000000e-01  6.00000000e-01 -2.61016612e-03  2.61016812e-03  1.92515472e-10 -2.19413327e-09  2.45138542e-18 
 6.50000000e-01  6.50000000e-01  6.00000000e-01 -2.63139873e-03  2.63140073e-03  1.95461537e-10 -2.19863680e-09  1.83769567e-18 
 6.60000000e-01  6.60000000e-01  6.00000000e-01 -2.65268326e-03  2.65268527e-03  1.98449917e-10 -2.20301779e-09  2.81833272e-18 
 6.70000000e-01  6.70000000e-01  6.00000000e-01 -2.67402049e-03  2.67402249e-03  2.01481158e-10 -2.20726584e-09  4.65395697e-18 
 6.80000000e-01  6.80000000e-01  6.00000000e-01 -2.69541109e-03  2.69541310e-03  2.04555813e-10 -2.21137013e-09  6.35378883e-19 
 6.90000000e-01  6.90000000e-01  6.00000000e-01 -2.71685569e-03  2.71685770e-03  2.07674443e-10 -2.21531943e-09  2.20998710e-18 
 7.00000000e-01  7.00000000e-01  6.00000000e-01 -2.73835486e-03  2.73835686e-03  2.10837616e-10 -2.21910202e-09  1.87337435e-19 
 7.10000000e-01  7.10000000e-01  6.00000000e-01 -2.75990909e-03  2.75991109e-03  2.14045908e-10 -2.22270568e-09  1.70615168e-18 
 7.20000000e-01  7.20000000e-01  6.00000000e-01 -2.78151885e-03  2.78152086e-03  2.17299901e-10 -2.22611768e-09  9.30258329e-19 
 7.30000000e-01  7.30000000e-01  6.00000000e-01 -2.80318457e-03  2.80318658e-03  2.20600186e-10 -2.22932473e-09  1.08853544e-18 
 7.40000000e-01  7.40000000e-01  6.00000000e-01 -2.82490665e-03  2.82490866e-03  2.23947361e-10 -2.23231298e-09  6.20054923e-19 
 7.50000000e-01  7.50000000e-01  6.00000000e-01 -2.84668547e-03  2.84668748e-03  2.27342033e-10 -2.23506799e-09  1.39318670e-19 
 7.60000000e-01  7.60000000e-01  6.00000000e-01 -2.86852138e-03  2.86852339e-03  2.30784815e-10 -2.23757471e-09  3.84431673e-19 
 7.70000000e-01  7.70000000e-01  6.00000000e-01 -2.89041473e-03  2.89041674e-03  2.34276329e-10 -2.23981744e-09  7.08801554e-19 
 7.80000000e-01  7.80000000e-01  6.00000000e-01 -2.91236587e-03  2.91236788e-03  2.37817204e-10 -2.24177982e-09  7.31881703e-19 
 7.90000000e-01  7.90000000e-01  6.00000000e-01 -2.93437514e-03  2.93437714e-03  2.41408078e-10 -2.24344482e-09  1.55377379e-18 
 8.00000000e-01  8.00000000e-01  6.00000000e-01 -2.95644290e-03  2.95644490e-03  2.45049597e-10 -2.24479467e-09  2.86987212e-20 
 8.10000000e-01  8.10000000e-01  6.00000000e-01 -2.97856951e-03  2.97857150e-03  2.48742415e-10 -2.24581087e-09  1.25087338e-18 
 8.20000000e-01  8.20000000e-01  6.00000000e-01 -3.00075535e-03  3.00075735e-03  2.52487195e-10 -2.24647417e-09  1.98169117e-18 
 8.30000000e-01  8.30000000e-01  6.00000000e-01 -3.02300085e-03  3.02300285e-03  2.56284607e-10 -2.24676450e-09  2.69789072e-18 
 8.40000000e-01  8.40000000e-01  6.00000000e-01 -3.04530645e-03  3.04530844e-03  2.60135331e-10 -2.24666096e-09  1.61259595e-18 
 8.50000000e-01  8.50000000e-01  6.00000000e-01 -3.06767262e-03  3.06767460e-03  2.64040055e-10 -2.24614183e-09  2.30313242e-18 
 8.60000000e-01  8.60000000e-01  6.00000000e-01 -3.09009988e-03  3.09010186e-03  2.67999475e-10 -2.24518446e-09  5.41395605e-19 
 8.70000000e-01  8.70000000e-01  6.00000000e-01 -3.11258881e-03  3.11259078e-03  2.72014298e-10 -2.24376531e-09  3.02182933e-19 
 8.80000000e-01  8.80000000e-01  6.00000000e-01 -3.13514003e-03  3.13514200e-03  2.76085236e-10 -2.24185986e-09  7.14456419e-19 
 8.90000000e-01  8.90000000e-01  6.00000000e-01 -3.15775421e-03  3.15775617e-03  2.80213015e-10 -2.23944265e-09  1.17245717e-19 
 9.00000000e-01  9.00000000e-01  6.00000000e-01 -3.18043211e-03  3.18043406e-03  2.84398367e-10 -2.23648714e-09  6.52767512e-20 
 9.10000000e-01  9.10000000e-01  6.00000000e-01 -3.20317454e-03  3.20317648e-03  2.88642034e-10 -2.23296578e-09  6.67842466e-19 
 9.20000000e-01  9.20000000e-01  6.00000000e-01 -3.22598238e-03  3.22598431e-03  2.92944766e-10 -2.22884990e-09  9.11986478e-19 
 9.30000000e-01  9.30000000e-01  6.00000000e-01 -3.24885660e-03  3.24885853e-03  2.97307325e-10 -2.22410969e-09  3.75458159e-18 
 9.40000000e-01  9.40000000e-01  6.00000000e-01 -3.27179826e-03  3.27180018e-03  3.01730481e-10 -2.21871417e-09  4.71193406e-19 
 9.50000000e-01  9.50000000e-01  6.00000000e-01 -3.29480850e-03  3.29481040e-03  3.06215015e-10 -2.21263116e-09  8.97223165e-20 
 9.60000000e-01  9.60000000e-01  6.00000000e-01 -3.31788854e-03  3.31789044e-03  3.10761715e-10 -2.20582719e-09  1.40091143e-18 
 9.70000000e-01  9.70000000e-01  6.00000000e-01 -3.34103973e-03  3.34104161e-03  3.15371382e-10 -2.19826751e-09  5.37623868e-19 
 9.80000000e-01  9.80000000e-01  6.00000000e-01 -3.36426350e-03  3.36426537e-03  3.20044826e-10 -2.18991601e-09  1.13572886e-18 
 9.90000000e-01  9.90000000e-01  6.00000000e-01 -3.38756139e-03  3.38756324e-03  3.24782866e-10 -2.18073519e-09  8.87406599e-20 
 1.00000000e+00  1.00000000e+00  6.00000000e-01 -3.41093505e-03  3.41093689e-03  3.29586333e-10 -2.17068608e-09  1.04669222e-18 
 1.01000000e+00  1.01000000e+00  6.00000000e-01 -3.43438625e-03  3.43438807e-03  3.34456068e-10 -2.15972825e-09  6.95460372e-20 
 1.02000000e+00  1.02000000e+00  6.00000000e-01 -3.45791687e-03  3.45791868e-03  3.39392923e-10 -2.14781971e-09  2.57751288e-18 
 1.03000000e+00  1.03000000e+00  6.00000000e-01 -3.48152893e-03  3.48153072e-03  3.44397758e-10 -2.13491684e-09  1.08007764e-19 
 1.04000000e+00  1.04000000e+00  6.00000000e-01 -3.50522454e-03  3.50522631e-03  3.49471447e-10 -2.12097441e-09  2.24763429e-18 
 1.05000000e+00  1.05000000e+00  6.00000000e-01 -3.52900598e-03  3.52900773e-03  3.54614874e-10 -2.10594544e-09  1.71010229e-18 
 1.06000000e+00  1.06000000e+00  6.00000000e-01 -3.55287562e-03  3.55287735e-03  3.59828934e-10 -2.08978120e-09  1.38682548e-18 
 1.07000000e+00  1.07000000e+00  6.00000000e-01 -3.57683599e-03  3.57683770e-03  3.65114532e-10 -2.07243111e-09  5.32081189e-19 
 1.08000000e+00  1.08000000e+00  6.00000000e-01 -3.60088975e-03  3.60089143e-03  3.70472586e-10 -2.05384271e-09  5.82533003e-19 
 1.09000000e+00  1.09000000e+00  6.00000000e-01 -3.62503969e-03  3.62504135e-03  3.75904025e-10 -2.03396157e-09  3.08508724e-18 
 1.10000000e+00  1.10000000e+00  6.00000000e-01 -3.64928875e-03  3.64929039e-03  3.81409789e-10 -2.01273124e-09  6.49576767e-19 
 1.11000000e+00  1.11000000e+00  6.00000000e-01 -3.67364001e-03  3.67364161e-03  3.86990831e-10 -1.99009316e-09  8.02384840e-20 
 1.12000000e+00  1.12000000e+00  6.00000000e-01 -3.69809668e-03  3.69809826e-03  3.92648114e-10 -1.96598661e-09  3.50398665e-18 
 1.13000000e+00  1.13000000e+00  6.00000000e-01 -3.72266214e-03  3.72266368e-03  3.98382615e-10 -1.94034865e-09  9.03033488e-19 
 1.14000000e+00  1.14000000e+00  6.00000000e-01 -3.74733988e-03  3.74734139e-03  4.04195322e-10 -1.91311398e-09  3.48408060e-19 
 1.15000000e+00  1.15000000e+00  6.00000000e-01 -3.77213358e-03  3.77213505e-03  4.10087236e-10 -1.88421496e-09  3.76420428e-19 
 1.16000000e+00  1.16000000e+00  6.00000000e-01 -3.79704703e-03  3.79704847e-03  4.16059370e-10 -1.85358142e-09  1.00825588e-18 
 1.17000000e+00  1.17000000e+00  6.00000000e-01 -3.82208419e-03  3.82208559e-03  4.22897801e-10 -1.82114068e-09  2.19620025e-18 
 1.18000000e+00  1.18000000e+00  6.00000000e-01 -3.84724918e-03  3.84725053e-03  4.40046586e-10 -1.78681739e-09  1.44336172e-18 
 1.19000000e+00  1.19000000e+00  6.00000000e-01 -3.87254625e-03  3.87254754e-03  4.62063031e-10 -1.75053346e-09  2.50778673e-19 
 1.20000000e+00  1.20000000e+00  6.00000000e-01 -3.89797979e-03  3.89798101e-03  4.90789754e-10 -1.71220801e-09  8.56243603e-20 
 0.00000000e+00  0.00000000e+00  8.00000000e-01  4.68356364e-09  4.68356381e-09  1.36631574e-09 -1.07334432e-08  8.16189657e-19 
 1.00000000e-02  1.00000000e-02  8.00000000e-01 -1.67451991e-04  1.67461258e-04  1.38585200e-09 -1.06523089e-08  1.26504681e-18 
 2.00000000e-02  2.00000000e-02  8.00000000e-01 -3.31126934e-04  3.31136088e-04  1.40565687e-09 -1.05599885e-08  4.37021851e-19 
 3.00000000e-02  3.00000000e-02  8.00000000e-01 -4.91049149e-04  4.91058192e-04  1.42573401e-09 -1.04689722e-08  3.04472921e-18 
 4.00000000e-02  4.00000000e-02  8.00000000e-01 -6.47247060e-04  6.47255997e-04  1.44608710e-09 -1.03826959e-08  2.90053529e-18 
 5.00000000e-02  5.00000000e-02  8.00000000e-01 -7.99748480e-04  7.99757314e-04  1.46671986e-09 -1.03012563e-08  3.51490011e-18 
 6.00000000e-02  6.00000000e-02  8.00000000e-01 -9.48580572e-04  9.48589309e-04  1.48763601e-09 -1.02243588e-08  5.24151267e-19 
 7.00000000e-02  7.00000000e-02  8.00000000e-01 -1.09376982e-03  1.09377847e-03  1.50883933e-09 -1.01517300e-08  3.36531587e-18 
 8.00000000e-02  8.00000000e-02  8.00000000e-01 -1.23534200e-03  1.23535055e-03  1.53033364e-09 -1.00831485e-08  1.62687236e-18 
 9.00000000e-02  9.00000000e-02  8.00000000e-01 -1.37332211e-03  1.37333058e-03  1.55212280e-09 -1.00184321e-08  2.64229819e-19 
 1.00000000e-01  1.00000000e-01  8.00000000e-01 -1.50773434e-03  1.50774273e-03  1.57421072e-09 -9.95742512e-09  4.20881573e-18 
 1.10000000e-01  1.10000000e-01  8.00000000e-01 -1.63860204e-03  1.63861034e-03  1.59660134e-09 -9.89999062e-09  8.35499568e-19 
 1.20000000e-01  1.20000000e-01  8.00000000e-01 -1.76594761e-03  1.76595584e-03  1.61929869e-09 -9.84600530e-09  1.86118740e-19 
 1.30000000e-01  1.30000000e-01  8.00000000e-01 -1.88979249e-03  1.88980064e-03  1.64230684e-09 -9.79535642e-09  6.15802052e-19 
 1.40000000e-01  1.40000000e-01  8.00000000e-01 -2.01015705e-03  2.01016513e-03  1.66562991e-09 -9.74793997e-09  1.87375475e-18 
 1.50000000e-01  1.50000000e-01  8.00000000e-01 -2.12706054e-03  2.12706855e-03  1.68927210e-09 -9.70365946e-09  1.49413448e-18 
 1.60000000e-01  1.60000000e-01  8.00000000e-01 -2.24052102e-03  2.24052897e-03  1.71323767e-09 -9.66242519e-09  1.81080589e-19 
 1.70000000e-01  1.70000000e-01  8.00000000e-01 -2.35055526e-03  2.35056315e-03  1.73753095e-09 -9.62415376e-09  3.85563152e-19 
 1.80000000e-01  1.80000000e-01  8.00000000e-01 -2.45717871e-03  2.45718654e-03  1.76215636e-09 -9.58876786e-09  3.95933640e-18 
 1.90000000e-01  1.90000000e-01  8.00000000e-01 -2.56040542e-03  2.56041319e-03  1.78711838e-09 -9.55619607e-09  1.60082403e-19 
 2.00000000e-01  2.00000000e-01  8.00000000e-01 -2.66024803e-03  2.66025574e-03  1.81242157e-09 -9.52637296e-09  1.47050317e-18 
 2.10000000e-01  2.10000000e-01  8.00000000e-01 -2.75671780e-03  2.75672546e-03  1.83807061e-09 -9.49923904e-09  7.89191929e-19 
 2.20000000e-01  2.20000000e-01  8.00000000e-01 -2.84982472e-03  2.84983233e-03  1.86407025e-09 -9.47474093e-09  1.24794423e-18 
 2.30000000e-01  2.30000000e-01  8.00000000e-01 -2.93957771e-03  2.93958527e-03  1.89042535e-09 -9.45283148e-09  1.51457928e-18 
 2.40000000e-01  2.40000000e-01  8.00000000e-01 -3.02598501e-03  3.02599252e-03  1.91714087e-09 -9.43346992e-09  9.80711952e-19 
 2.50000000e-01  2.50000000e-01  8.00000000e-01 -3.10905476e-03  3.10906223e-03  1.94422189e-09 -9.41662194e-09  1.15397320e-18 
 2.60000000e-01  2.60000000e-01  8.00000000e-01 -3.18879594e-03  3.18880337e-03  1.97167362e-09 -9.40225969e-09  1.76627876e-19 
 2.70000000e-01  2.70000000e-01  8.00000000e-01 -3.26521962e-03  3.26522701e-03  1.99950136e-09 -9.39036162e-09  3.53056402e-19 
 2.80000000e-01  2.80000000e-01  8.00000000e-01 -3.33834078e-03  3.33834813e-03  2.02771053e-09 -9.38091204e-09  1.17868646e-18 
 2.90000000e-01  2.90000000e-01  8.00000000e-01 -3.40818056e-03  3.40818788e-03  2.05630668e-09 -9.37390033e-09  3.25159984e-18 
 3.00000000e-01  3.00000000e-01  8.00000000e-01 -3.47476918e-03  3.47477646e-03  2.08529544e-09 -9.36931973e-09  2.23099710e-19 
 3.10000000e-01  3.10000000e-01  8.00000000e-01 -3.53814924e-03  3.53815650e-03  2.11468251e-09 -9.36716562e-09  2.00104420e-18 
 3.20000000e-01  3.20000000e-01  8.00000000e-01 -3.59837933e-03  3.59838655e-03  2.14447365e-09 -9.36743324e-09  1.05145078e-18 
 3.30000000e-01  3.30000000e-01  8.00000000e-01 -3.65553743e-03  3.65554463e-03  2.17467461e-09 -9.37011500e-09  8.22605063e-19 
 3.40000000e-01  3.40000000e-01  8.00000000e-01 -3.70972376e-03  3.70973093e-03  2.20529114e-09 -9.37519772e-09  1.50496413e-19 
 3.50000000e-01  3.50000000e-01  8.00000000e-01 -3.76106221e-03  3.76106935e-03  2.23632888e-09 -9.38265986e-09  1.07655406e-18 
 3.60000000e-01  3.60000000e-01  8.00000000e-01 -3.80970007e-03  3.80970720e-03  2.26779341e-09 -9.39246947e-09  7.59720725e-19 
 3.70000000e-01  3.70000000e-01  8.00000000e-01 -3.85580569e-03  3.85581279e-03  2.29969017e-09 -9.40458294e-09  3.11197341e-19 
 3.80000000e-01  3.80000000e-01  8.00000000e-01 -3.89956412e-03  3.89957121e-03  2.33202445e-09 -9.41894503e-09  1.45917183e-18 
 3.90000000e-01  3.90000000e-01  8.00000000e-01 -3.94117137e-03  3.94117844e-03  2.36480146e-09 -9.43549000e-09  1.76330794e-18 
 4.00000000e-01  4.00000000e-01  8.00000000e-01 -3.98082797e-03  3.98083502e-03  2.39802629e-09 -9.45414363e-09  2.47769793e-18 
 4.10000000e-01  4.10000000e-01  8.00000000e-01 -4.01873262e-03  4.01873967e-03  2.43170399e-09 -9.47482589e-09  1.75193959e-18 
 4.20000000e-01  4.20000000e-01  8.00000000e-01 -4.05507684e-03  4.05508387e-03  2.46583959e-09 -9.49745366e-09  3.73815864e-18 
 4.30000000e-01  4.30000000e-01  8.00000000e-01 -4.09004072e-03  4.09004774e-03  2.50043812e-09 -9.52194331e-09  2.70507871e-18 
 4.40000000e-01  4.40000000e-01  8.00000000e-01 -4.12379022e-03  4.12379724e-03  2.53550469e-09 -9.54821285e-09  1.76826979e-18 
 4.50000000e-01  4.50000000e-01  8.00000000e-01 -4.15647572e-03  4.15648273e-03  2.57104445e-09 -9.57618353e-09  7.53813828e-20 
 4.60000000e-01  4.60000000e-01  8.00000000e-01 -4.18823167e-03  4.18823867e-03  2.60706267e-09 -9.60578091e-09  5.99978914e-19 
 4.70000000e-01  4.70000000e-01  8.00000000e-01 -4.21917701e-03  4.21918401e-03  2.64356472e-09 -9.63693549e-09  5.39731669e-18 
 4.80000000e-01  4.80000000e-01  8.00000000e-01 -4.24941620e-03  4.24942318e-03  2.68055606e-09 -9.66958294e-09  8.33659918e-19 
 4.90000000e-01  4.90000000e-01  8.00000000e-01 -4.27904039e-03  4.27904738e-03  2.71804230e-09 -9.70366417e-09  2.01956147e-20 
 5.00000000e-01  5.00000000e-01  8.00000000e-01 -4.30812890e-03  4.30813588e-03  2.75602914e-09 -9.73912508e-09  1.68167307e-18 
 5.10000000e-01  5.10000000e-01  8.00000000e-01 -4.33675054e-03  4.33675752e-03  2.79452240e-09 -9.77591630e-09  3.91793435e-18 
 5.20000000e-01  5.20000000e-01  8.00000000e-01 -4.36496497e-03  4.36497195e-03  2.83352801e-09 -9.81399284e-09  3.09838200e-18 
 5.30000000e-01  5.30000000e-01  8.00000000e-01 -4.39282390e-03  4.39283088e-03  2.87305201e-09 -9.85331373e-09  1.63675303e-18 
 5.40000000e-01  5.40000000e-01  8.00000000e-01 -4.42037220e-03  4.42037918e-03  2.91310056e-09 -9.89384170e-09  1.48100402e-18 
 5.50000000e-01  5.50000000e-01  8.00000000e-01 -4.44764882e-03  4.44765580e-03  2.95367990e-09 -9.93554277e-09  6.91149934e-19 
 5.60000000e-01  5.60000000e-01  8.00000000e-01 -4.47468766e-03  4.47469465e-03  2.99479638e-09 -9.97838601e-09  2.65169289e-19 
 5.70000000e-01  5.70000000e-01  8.00000000e-01 -4.50151827e-03  4.50152526e-03  3.03645646e-09 -1.00223432e-08  1.49144221e-18 
 5.80000000e-01  5.80000000e-01  8.00000000e-01 -4.52816646e-03  4.52817345e-03  3.07866666e-09 -1.00673886e-08  2.86882780e-19 
 5.90000000e-01  5.90000000e-01  8.00000000e-01 -4.55465484e-03  4.55466183e-03  3.12143363e-09 -1.01134986e-08  1.83838286e-18 
 6.00000000e-01  6.00000000e-01  8.00000000e-01 -4.58100327e-03  4.58101026e-03  3.16476410e-09 -1.01606520e-08  1.27417992e-18 
 6.10000000e-01  6.10000000e-01  8.00000000e-01 -4.60722922e-03  4.60723622e-03  3.20866490e-09 -1.02088290e-08  1.25158713e-18 
 6.20000000e-01  6.20000000e-01  8.00000000e-01 -4.63334812e-03  4.63335512e-03  3.25314291e-09 -1.02580118e-08  1.02238903e-18 
 6.30000000e-01  6.30000000e-01  8.00000000e-01 -4.65937361e-03  4.65938062e-03  3.29820516e-09 -1.03081841e-08  4.81724346e-19 
 6.40000000e-01  6.40000000e-01  8.00000000e-01 -4.68531782e-03  4.68532484e-03  3.34385873e-09 -1.03593310e-08  8.09544295e-19 
 6.50000000e-01  6.50000000e-01  8.00000000e-01 -4.71119152e-03  4.71119854e-03  3.39011079e-09 -1.04114390e-08  2.46069689e-19 
 6.60000000e-01  6.60000000e-01  8.00000000e-01 -4.73700430e-03  4.73701133e-03  3.43696860e-09 -1.04644959e-08  3.43019392e-20 
 6.70000000e-01  6.70000000e-01  8.00000000e-01 -4.76276476e-03  4.76277179e-03  3.48443954e-09 -1.05184905e-08  1.01719227e-18 
 6.80000000e-01  6.80000000e-01  8.00000000e-01 -4.78848059e-03  4.78848763e-03  3.53253102e-09 -1.05734127e-08  6.63729724e-20 
 6.90000000e-01  6.90000000e-01  8.00000000e-01 -4.81415871e-03  4.81416575e-03  3.58125060e-09 -1.06292537e-08  1.01809266e-18 
 7.00000000e-01  7.00000000e-01  8.00000000e-01 -4.83980532e-03  4.83981238e-03  3.63060587e-09 -1.06860052e-08  7.75001646e-19 
 7.10000000e-01  7.10000000e-01  8.00000000e-01 -4.86542604e-03  4.86543311e-03  3.68060456e-09 -1.07436602e-08  4.13370690e-19 
 7.20000000e-01  7.20000000e-01  8.00000000e-01 -4.89102595e-03  4.89103302e-03  3.73125446e-09 -1.08022124e-08  2.57067386e-18 
 7.30000000e-01  7.30000000e-01  8.00000000e-01 -4.91660963e-03  4.91661671e-03  3.78256346e-09 -1.08616562e-08  8.90087698e-19 
 7.40000000e-01  7.40000000e-01  8.00000000e-01 -4.94218126e-03  4.94218835e-03  3.83453953e-09 -1.09219870e-08  4.57619310e-18 
 7.50000000e-01  7.50000000e-01  8.00000000e-01 -4.96774463e-03  4.96775172e-03  3.88719075e-09 -1.09832010e-08  4.29968317e-18 
 7.60000000e-01  7.60000000e-01  8.00000000e-01 -4.99330319e-03  4.99331029e-03  3.94052527e-09 -1.10452951e-08  7.16282162e-19 
 7.70000000e-01  7.70000000e-01  8.00000000e-01 -5.01886010e-03  5.01886721e-03  3.99455134e-09 -1.11082675e-08  2.83534022e-18 
 7.80000000e-01  7.80000000e-01  8.00000000e-01 -5.04441826e-03  5.04442538e-03  4.04927731e-09 -1.11721186e-08  1.30328923e-19 
 7.90000000e-01  7.90000000e-01  8.00000000e-01 -5.06998031e-03  5.06998744e-03  4.10471161e-09 -1.12368463e-08  6.00512197e-18 
 8.00000000e-01  8.00000000e-01  8.00000000e-01 -5.09554870e-03  5.09555584e-03  4.16086278e-09 -1.13023725e-08  1.93411536e-18 
 8.10000000e-01  8.10000000e-01  8.00000000e-01 -5.12112568e-03  5.12113283e-03  4.21773944e-09 -1.13685759e-08  2.49855033e-18 
 8.20000000e-01  8.20000000e-01  8.00000000e-01 -5.14671333e-03  5.14672049e-03  4.27535031e-09 -1.14354215e-08  3.89267888e-19 
 8.30000000e-01  8.30000000e-01  8.00000000e-01 -5.17231360e-03  5.17232077e-03  4.33370421e-09 -1.15029024e-08  9.19871163e-19 
 8.40000000e-01  8.40000000e-01  8.00000000e-01 -5.19792829e-03  5.19793547e-03  4.39281006e-09 -1.15710159e-08  2.73247369e-18 
 8.50000000e-01  8.50000000e-01  8.00000000e-01 -5.22355909e-03  5.22356628e-03  4.45267685e-09 -1.16397600e-08  1.49002029e-18 
 8.60000000e-01  8.60000000e-01  8.00000000e-01 -5.24920761e-03  5.24921480e-03  4.51331371e-09 -1.17091327e-08  4.57331617e-20 
 8.70000000e-01  8.70000000e-01  8.00000000e-01 -5.27487535e-03  5.27488256e-03  4.57472984e-09 -1.17791318e-08  6.82650653e-19 
 8.80000000e-01  8.80000000e-01  8.00000000e-01 -5.30056378e-03  5.30057099e-03  4.63693455e-09 -1.18497550e-08  8.70940121e-19 
 8.90000000e-01  8.90000000e-01  8.00000000e-01 -5.32627427e-03  5.32628149e-03  4.69993725e-09 -1.19209994e-08  3.63353973e-18 
 9.00000000e-01  9.00000000e-01  8.00000000e-01 -5.35200819e-03  5.35201542e-03  4.76374744e-09 -1.19928620e-08  1.24911717e-19 
 9.10000000e-01  9.10000000e-01  8.00000000e-01 -5.37776685e-03  5.37777409e-03  4.82837475e-09 -1.20653391e-08  1.21503237e-18 
 9.20000000e-01  9.20000000e-01  8.00000000e-01 -5.40355157e-03  5.40355881e-03  4.89382888e-09 -1.21384270e-08  2.48301587e-18 
 9.30000000e-01  9.30000000e-01  8.00000000e-01 -5.42936362e-03  5.42937088e-03  4.96011965e-09 -1.22121214e-08  3.16774358e-18 
 9.40000000e-01  9.40000000e-01  8.00000000e-01 -5.45520434e-03  5.45521159e-03  5.02725700e-09 -1.22864174e-08  2.54812161e-19 
 9.50000000e-01  9.50000000e-01  8.00000000e-01 -5.48107502e-03  5.48108229e-03  5.09525094e-09 -1.23613097e-08  6.56639131e-19 
 9.60000000e-01  9.60000000e-01  8.00000000e-01 -5.50697703e-03  5.50698430e-03  5.16411162e-09 -1.24367928e-08  2.87977719e-18 
 9.70000000e-01  9.70000000e-01  8.00000000e-01 -5.53291174e-03  5.53291902e-03  5.23384928e-09 -1.25128601e-08  2.33166416e-18 
 9.80000000e-01  9.80000000e-01  8.00000000e-01 -5.55888059e-03  5.55888788e-03  5.30447428e-09 -1.25895051e-08  5.84700888e-20 
 9.90000000e-01  9.90000000e-01  8.00000000e-01 -5.58488509e-03  5.58489238e-03  5.37599706e-09 -1.26667202e-08  7.83877707e-20 
 1.00000000e+00  1.00000000e+00  8.00000000e-01 -5.61092678e-03  5.61093407e-03  5.44842821e-09 -1.27444975e-08  1.49788678e-18 
 1.01000000e+00  1.01000000e+00  8.00000000e-01 -5.63700731e-03  5.63701461e-03  5.52177840e-09 -1.28228283e-08  1.30798596e-18 
 1.02000000e+00  1.02000000e+00  8.00000000e-01 -5.66312840e-03  5.66313570e-03  5.59605844e-09 -1.29017035e-08  3.57872413e-18 
 1.03000000e+00  1.03000000e+00  8.00000000e-01 -5.68929187e-03  5.68929918e-03  5.67127922e-09 -1.29811129e-08  5.13728791e-19 
 1.04000000e+00  1.04000000e+00  8.00000000e-01 -5.71549966e-03  5.71550697e-03  5.74745177e-09 -1.30610460e-08  1.49054059e-18 
 1.05000000e+00  1.05000000e+00  8.00000000e-01 -5.74175380e-03  5.74176111e-03  5.82458721e-09 -1.31414914e-08  1.09249466e-18 
 1.06000000e+00  1.06000000e+00  8.00000000e-01 -5.76805645e-03  5.76806377e-03  5.90269681e-09 -1.32224369e-08  2.42972890e-18 
 1.07000000e+00  1.07000000e+00  8.00000000e-01 -5.79440990e-03  5.79441722e-03  5.98179192e-09 -1.33038694e-08  4.68834391e-19 
 1.08000000e+00  1.08000000e+00  8.00000000e-01 -5.82081657e-03  5.82082390e-03  6.06188403e-09 -1.33857753e-08  3.12036515e-19 
 1.09000000e+00  1.09000000e+00  8.00000000e-01 -5.84727904e-03  5.84728637e-03  6.14298475e-09 -1.34681397e-08  1.26430421e-19 
 1.10000000e+00  1.10000000e+00  8.00000000e-01 -5.87380002e-03  5.87380735e-03  6.22510578e-09 -1.35509471e-08  3.81718210e-18 
 1.11000000e+00  1.11000000e+00  8.00000000e-01 -5.90038239e-03  5.90038972e-03  6.30825897e-09 -1.36341810e-08  2.06870592e-18 
 1.12000000e+00  1.12000000e+00  8.00000000e-01 -5.92702918e-03  5.92703650e-03  6.39245628e-09 -1.37178239e-08  3.11145559e-18 
 1.13000000e+00  1.13000000e+00  8.00000000e-01 -5.95374359e-03  5.95375092e-03  6.47770980e-09 -1.38018571e-08  6.73705522e-20 
 1.14000000e+00  1.14000000e+00  8.00000000e-01 -5.98052900e-03  5.98053632e-03  6.56403173e-09 -1.38862611e-08  5.82639554e-19 
 1.15000000e+00  1.15000000e+00  8.00000000e-01 -6.00738896e-03  6.00739628e-03  6.65143439e-09 -1.39710153e-08  2.07275911e-18 
 1.16000000e+00  1.16000000e+00  8.00000000e-01 -6.03432721e-03  6.03433452e-03  6.73993024e-09 -1.40560977e-08  4.27788448e-18 
 1.17000000e+00  1.17000000e+00  8.00000000e-01 -6.06134766e-03  6.06135497e-03  6.82953187e-09 -1.41414854e-08  1.01872752e-18 
 1.18000000e+00  1.18000000e+00  8.00000000e-01 -6.08845442e-03  6.08846172e-03  6.92025197e-09 -1.42271541e-08  3.59061485e-18 
 1.19000000e+00  1.19000000e+00  8.00000000e-01 -6.11565179e-03  6.11565909e-03  7.01210338e-09 -1.43130783e-08  1.62229970e-19 
 1.20000000e+00  1.20000000e+00  8.00000000e-01 -6.14294427e-03  6.14295156e-03  7.10509905e-09 -1.43992311e-08  1.11099869e-18 
 0.00000000e+00  0.00000000e+00  1.00000000e+00  1.24001146e-08  1.24001170e-08  1.90167320e-08 -4.38169636e-08  1.36630385e-19 
 1.00000000e-02  1.00000000e-02  1.00000000e+00 -1.91044732e-04  1.91069311e-04  1.92616348e-08 -4.38405855e-08  1.82368841e-18 
 2.00000000e-02  2.00000000e-02  1.00000000e+00 -3.78994171e-04  3.79018493e-04  1.95094533e-08 -4.38312051e-08  2.15353826e-18 
 3.00000000e-02  3.00000000e-02  1.00000000e+00 -5.63853394e-04  5.63877458e-04  1.97602179e-08 -4.38246463e-08  5.21805383e-19 
 4.00000000e-02  4.00000000e-02  1.00000000e+00 -7.45639636e-04  7.45663453e-04  2.00139596e-08 -4.38306347e-08  8.56959115e-21 
 5.00000000e-02  5.00000000e-02  1.00000000e+00 -9.24369870e-04  9.24393449e-04  2.02707097e-08 -4.38495279e-08  1.09720214e-18 
 6.00000000e-02  6.00000000e-02  1.00000000e+00 -1.10006079e-03  1.10008414e-03  2.05304999e-08 -4.38806161e-08  5.02727289e-20 
 7.00000000e-02  7.00000000e-02  1.00000000e+00 -1.27272880e-03  1.27275193e-03  2.07933619e-08 -4.39232559e-08  2.08426684e-18 
 8.00000000e-02  8.00000000e-02  1.00000000e+00 -1.44239002e-03  1.44241294e-03  2.10593278e-08 -4.39769486e-08  2.90002905e-18 
 9.00000000e-02  9.00000000e-02  1.00000000e+00 -1.60906024e-03  1.60908295e-03  2.13284301e-08 -4.40413013e-08  5.92397638e-18 
 1.00000000e-01  1.00000000e-01  1.00000000e+00 -1.77275493e-03  1.77277745e-03  2.16007013e-08 -4.41159915e-08  3.72633616e-18 
 1.10000000e-01  1.10000000e-01  1.00000000e+00 -1.93348923e-03  1.93351155e-03  2.18761744e-08 -4.42007442e-08  5.48275162e-19 
 1.20000000e-01  1.20000000e-01  1.00000000e+00 -2.09127790e-03  2.09130004e-03  2.21548824e-08 -4.42953174e-08  1.81179024e-19 
 1.30000000e-01  1.30000000e-01  1.00000000e+00 -2.24613534e-03  2.24615731e-03  2.24368589e-08 -4.43994937e-08  7.51529982e-19 
 1.40000000e-01  1.40000000e-01  1.00000000e+00 -2.39807554e-03  2.39809733e-03  2.27221375e-08 -4.45130746e-08  4.18507068e-19 
 1.50000000e-01  1.50000000e-01  1.00000000e+00 -2.54711205e-03  2.54713368e-03  2.30107521e-08 -4.46358772e-08  1.86771427e-18 
 1.60000000e-01  1.60000000e-01  1.00000000e+00 -2.69325797e-03  2.69327944e-03  2.33027371e-08 -4.47677313e-08  2.05431959e-18 
 1.70000000e-01  1.70000000e-01  1.00000000e+00 -2.83652591e-03  2.83654722e-03  2.35981270e-08 -4.49084784e-08  2.23287811e-18 
 1.80000000e-01  1.80000000e-01  1.00000000e+00 -2.97692794e-03  2.97694910e-03  2.38969565e-08 -4.50579702e-08  2.24698650e-18 
 1.90000000e-01  1.90000000e-01  1.00000000e+00 -3.11447557e-03  3.11449659e-03  2.41992609e-08 -4.52160678e-08  1.24601194e-18 
 2.00000000e-01  2.00000000e-01  1.00000000e+00 -3.24917968e-03  3.24920056e-03  2.45050754e-08 -4.53826413e-08  1.29529205e-18 
 2.10000000e-01  2.10000000e-01  1.00000000e+00 -3.38105049e-03  3.38107123e-03  2.48144358e-08 -4.55575692e-08  3.80377350e-19 
 2.20000000e-01  2.20000000e-01  1.00000000e+00 -3.51009748e-03  3.51011810e-03  2.51273780e-08 -4.57407383e-08  2.97794285e-18 
 2.30000000e-01  2.30000000e-01  1.00000000e+00 -3.63632936e-03  3.63634985e-03  2.54439382e-08 -4.59320432e-08  2.16104575e-18 
 2.40000000e-01  2.40000000e-01  1.00000000e+00 -3.75975395e-03  3.75977432e-03  2.57641532e-08 -4.61313867e-08  4.27665612e-19 
 2.50000000e-01  2.50000000e-01  1.00000000e+00 -3.88037816e-03  3.88039841e-03  2.60880596e-08 -4.63386792e-08  1.92852197e-19 
 2.60000000e-01  2.60000000e-01  1.00000000e+00 -3.99820788e-03  3.99822801e-03  2.64156947e-08 -4.65538391e-08  2.64296779e-18 
 2.70000000e-01  2.70000000e-01  1.00000000e+00 -4.11324787e-03  4.11326790e-03  2.67470959e-08 -4.67767928e-08  2.37900453e-18 
 2.80000000e-01  2.80000000e-01  1.00000000e+00 -4.22550175e-03  4.22552168e-03  2.70823010e-08 -4.70074745e-08  1.79435989e-18 
 2.90000000e-01  2.90000000e-01  1.00000000e+00 -4.33497184e-03  4.33499167e-03  2.74213482e-08 -4.72458271e-08  1.33055972e-18 
 3.00000000e-01  3.00000000e-01  1.00000000e+00 -4.44165912e-03  4.44167885e-03  2.77642758e-08 -4.74918016e-08  1.69212698e-18 
 3.10000000e-01  3.10000000e-01  1.00000000e+00 -4.54556316e-03  4.54558280e-03  2.81111225e-08 -4.77453580e-08  2.43590132e-18 
 3.20000000e-01  3.20000000e-01  1.00000000e+00 -4.64668208e-03  4.64670162e-03  2.84619276e-08 -4.80064653e-08  2.95328625e-18 
 3.30000000e-01  3.30000000e-01  1.00000000e+00 -4.74501254e-03  4.74503200e-03  2.88167303e-08 -4.82751018e-08  1.43402678e-18 
 3.40000000e-01  3.40000000e-01  1.00000000e+00 -4.84054982e-03  4.84056919e-03  2.91755704e-08 -4.85512556e-08  1.89200360e-18 
 3.50000000e-01  3.50000000e-01  1.00000000e+00 -4.93328794e-03  4.93330724e-03  2.95384881e-08 -4.88349247e-08  1.29747250e-18 
 3.60000000e-01  3.60000000e-01  1.00000000e+00 -5.02321995e-03  5.02323917e-03  2.99055237e-08 -4.91261173e-08  1.95744020e-20 
 3.70000000e-01  3.70000000e-01  1.00000000e+00 -5.11033831e-03  5.11035746e-03  3.02767181e-08 -4.94248519e-08  1.69605113e-19 
 3.80000000e-01  3.80000000e-01  1.00000000e+00 -5.19463552e-03  5.19465460e-03  3.06521125e-08 -4.97311570e-08  2.17349978e-19 
 3.90000000e-01  3.90000000e-01  1.00000000e+00 -5.27610503e-03  5.27612404e-03  3.10317483e-08 -5.00450708e-08  2.12764088e-18 
 4.00000000e-01  4.00000000e-01  1.00000000e+00 -5.35474235e-03  5.35476130e-03  3.14156675e-08 -5.03666402e-08  2.88454423e-20 
 4.10000000e-01  4.10000000e-01  1.00000000e+00 -5.43054661e-03  5.43056550e-03  3.18039122e-08 -5.06959194e-08  7.38242153e-19 
 4.20000000e-01  4.20000000e-01  1.00000000e+00 -5.50352239e-03  5.50354123e-03  3.21965251e-08 -5.10329682e-08  4.91504103e-19 
 4.30000000e-01  4.30000000e-01  1.00000000e+00 -5.57368193e-03  5.57370072e-03  3.25935489e-08 -5.13778486e-08  7.26595450e-21 
 4.40000000e-01  4.40000000e-01  1.00000000e+00 -5.64104748e-03  5.64106621e-03  3.29950269e-08 -5.17306222e-08  1.81662097e-18 
 4.50000000e-01  4.50000000e-01  1.00000000e+00 -5.70565377e-03  5.70567246e-03  3.34010023e-08 -5.20913457e-08  2.92578415e-18 
 4.60000000e-01  4.60000000e-01  1.00000000e+00 -5.76755029e-03  5.76756894e-03  3.38115190e-08 -5.24600667e-08  8.39634644e-19 
 4.70000000e-01  4.70000000e-01  1.00000000e+00 -5.82680309e-03  5.82682170e-03  3.42266206e-08 -5.28368198e-08  7.45468403e-19 
 4.80000000e-01  4.80000000e-01  1.00000000e+00 -5.88349573e-03  5.88351430e-03  3.46463511e-08 -5.32216227e-08  1.21426805e-18 
 4.90000000e-01  4.90000000e-01  1.00000000e+00 -5.93772932e-03  5.93774787e-03  3.50707547e-08 -5.36144732e-08  1.65373919e-18 
 5.00000000e-01  5.00000000e-01  1.00000000e+00 -5.98962132e-03  5.98963984e-03  3.54998756e-08 -5.40153481e-08  2.00288881e-18 
 5.10000000e-01  5.10000000e-01  1.00000000e+00 -6.03930322e-03  6.03932171e-03  3.59337580e-08 -5.44242033e-08  1.05853972e-18 
 5.20000000e-01  5.20000000e-01  1.00000000e+00 -6.08691735e-03  6.08693581e-03  3.63724465e-08 -5.48409753e-08  3.05503608e-18 
 5.30000000e-01  5.30000000e-01  1.00000000e+00 -6.13261305e-03  6.13263150e-03  3.68159857e-08 -5.52655842e-08  1.43122760e-18 
 5.40000000e-01  5.40000000e-01  1.00000000e+00 -6.17654273e-03  6.17656116e-03  3.72644203e-08 -5.56979375e-08  5.84698903e-18 
 5.50000000e-01  5.50000000e-01  1.00000000e+00 -6.21885808e-03  6.21887650e-03  3.77177952e-08 -5.61379345e-08  8.99244588e-20 
 5.60000000e-01  5.60000000e-01  1.00000000e+00 -6.25970677e-03  6.25972518e-03  3.81761558e-08 -5.65854701e-08  5.22926378e-18 
 5.70000000e-01  5.70000000e-01  1.00000000e+00 -6.29922983e-03  6.29924823e-03  3.86395475e-08 -5.70404387e-08  2.95178409e-18 
 5.80000000e-01  5.80000000e-01  1.00000000e+00 -6.33755978e-03  6.33757818e-03  3.91080162e-08 -5.75027376e-08  1.29680744e-18 
 5.90000000e-01  5.90000000e-01  1.00000000e+00 -6.37481946e-03  6.37483786e-03  3.95816078e-08 -5.79722688e-08  3.54074992e-18 
 6.00000000e-01  6.00000000e-01  1.00000000e+00 -6.41112143e-03  6.41113982e-03  4.00603689e-08 -5.84489414e-08  1.42321387e-18 
 6.10000000e-01  6.10000000e-01  1.00000000e+00 -6.44656790e-03  6.44658628e-03  4.05443462e-08 -5.89326723e-08  3.04439523e-18 
 6.20000000e-01  6.20000000e-01  1.00000000e+00 -6.48125101e-03  6.48126940e-03  4.10335869e-08 -5.94233870e-08  2.42379801e-18 
 6.30000000e-01  6.30000000e-01  1.00000000e+00 -6.51525337e-03  6.51527176e-03  4.15281386e-08 -5.99210195e-08  4.21515358e-18 
 6.40000000e-01  6.40000000e-01  1.00000000e+00 -6.54864874e-03  6.54866714e-03  4.20280491e-08 -6.04255127e-08  5.37806365e-18 
 6.50000000e-01  6.50000000e-01  1.00000000e+00 -6.58150275e-03  6.58152115e-03  4.25333666e-08 -6.09368176e-08  3.06019769e-18 
 6.60000000e-01  6.60000000e-01  1.00000000e+00 -6.61387371e-03  6.61389212e-03  4.30441398e-08 -6.14548930e-08  2.06638981e-18 
 6.70000000e-01  6.70000000e-01  1.00000000e+00 -6.64581337e-03  6.64583179e-03  4.35604175e-08 -6.19797052e-08  1.68235302e-18 
 6.80000000e-01  6.80000000e-01  1.00000000e+00 -6.67736760e-03  6.67738603e-03  4.40822492e-08 -6.25112272e-08  3.12185242e-18 
 6.90000000e-01  6.90000000e-01  1.00000000e+00 -6.70857711e-03  6.70859555e-03  4.46096845e-08 -6.30494383e-08  3.87545367e-18 
 7.00000000e-01  7.00000000e-01  1.00000000e+00 -6.73947802e-03  6.73949647e-03  4.51427734e-08 -6.35943235e-08  8.41831636e-19 
 7.10000000e-01  7.10000000e-01  1.00000000e+00 -6.77010239e-03  6.77012085e-03  4.56815663e-08 -6.41458733e-08  4.43208666e-18 
 7.20000000e-01  7.20000000e-01  1.00000000e+00 -6.80047876e-03  6.80049723e-03  4.62261139e-08 -6.47040828e-08  4.93129347e-18 
 7.30000000e-01  7.30000000e-01  1.00000000e+00 -6.83063252e-03  6.83065101e-03  4.67764672e-08 -6.52689515e-08  2.09984100e-18 
 7.40000000e-01  7.40000000e-01  1.00000000e+00 -6.86058633e-03  6.86060484e-03  4.73326777e-08 -6.58404830e-08  3.05037740e-18 
 7.50000000e-01  7.50000000e-01  1.00000000e+00 -6.89036042e-03  6.89037895e-03  4.78947970e-08 -6.64186846e-08  1.64935844e-18 
 7.60000000e-01  7.60000000e-01  1.00000000e+00 -6.91997291e-03  6.91999145e-03  4.84628774e-08 -6.70035670e-08  3.39323384e-18 
 7.70000000e-01  7.70000000e-01  1.00000000e+00 -6.94944002e-03  6.94945858e-03  4.90369711e-08 -6.75951440e-08  5.16426724e-18 
 7.80000000e-01  7.80000000e-01  1.00000000e+00 -6.97877635e-03  6.97879493e-03  4.96171310e-08 -6.81934321e-08  1.19167610e-18 
 7.90000000e-01  7.90000000e-01  1.00000000e+00 -7.00799501e-03  7.00801360e-03  5.02034101e-08 -6.87984506e-08  2.13222016e-18 
 8.00000000e-01  8.00000000e-01  1.00000000e+00 -7.03710783e-03  7.03712645e-03  5.07958618e-08 -6.94102214e-08  1.41271199e-18 
 8.10000000e-01  8.10000000e-01  1.00000000e+00 -7.06612551e-03  7.06614414e-03  5.13945399e-08 -7.00287683e-08  5.34200519e-18 
 8.20000000e-01  8.20000000e-01  1.00000000e+00 -7.09505770e-03  7.09507636e-03  5.19994985e-08 -7.06541176e-08  5.76114753e-20 
 8.30000000e-01  8.30000000e-01  1.00000000e+00 -7.12391319e-03  7.12393186e-03  5.26107921e-08 -7.12862973e-08  4.07983345e-18 
 8.40000000e-01  8.40000000e-01  1.00000000e+00 -7.15269992e-03  7.15271862e-03  5.32284753e-08 -7.19253374e-08  1.78156175e-18 
 8.50000000e-01  8.50000000e-01  1.00000000e+00 -7.18142516e-03  7.18144388e-03  5.38526032e-08 -7.25712697e-08  9.26309937e-19 
 8.60000000e-01  8.60000000e-01  1.00000000e+00 -7.21009549e-03  7.21011423e-03  5.44832313e-08 -7.32241275e-08  3.02634284e-18 
 8.70000000e-01  8.70000000e-01  1.00000000e+00 -7.23871697e-03  7.23873573e-03  5.51204153e-08 -7.38839457e-08  7.50881473e-19 
 8.80000000e-01  8.80000000e-01  1.00000000e+00 -7.26729510e-03  7.26731389e-03  5.57642113e-08 -7.45507607e-08  4.61358332e-18 
 8.90000000e-01  8.90000000e-01  1.00000000e+00 -7.29583495e-03  7.29585376e-03  5.64146758e-08 -7.52246103e-08  4.48957902e-18 
 9.00000000e-01  9.00000000e-01  1.00000000e+00 -7.32434117e-03  7.32436001e-03  5.70718654e-08 -7.59055335e-08  4.12798860e-18 
 9.10000000e-01  9.10000000e-01  1.00000000e+00 -7.35281804e-03  7.35283690e-03  5.77358372e-08 -7.65935709e-08  1.09047551e-18 
 9.20000000e-01  9.20000000e-01  1.00000000e+00 -7.38126952e-03  7.38128840e-03  5.84066487e-08 -7.72887639e-08  5.98594875e-18 
 9.30000000e-01  9.30000000e-01  1.00000000e+00 -7.40969925e-03  7.40971816e-03  5.90843576e-08 -7.79911553e-08  7.38043630e-20 
 9.40000000e-01  9.40000000e-01  1.00000000e+00 -7.43811064e-03  7.43812957e-03  5.97690220e-08 -7.87007890e-08  7.39036246e-19 
 9.50000000e-01  9.50000000e-01  1.00000000e+00 -7.46650684e-03  7.46652580e-03  6.04607003e-08 -7.94177101e-08  4.51872225e-18 
 9.60000000e-01  9.60000000e-01  1.00000000e+00 -7.49489081e-03  7.49490979e-03  6.11594512e-08 -8.01419649e-08  5.17595364e-18 
 9.70000000e-01  9.70000000e-01  1.00000000e+00 -7.52326531e-03  7.52328432e-03  6.18653338e-08 -8.08736011e-08  1.79518045e-19 
 9.80000000e-01  9.80000000e-01  1.00000000e+00 -7.55163297e-03  7.55165200e-03  6.25784076e-08 -8.16126690e-08  7.75167496e-19 
 9.90000000e-01  9.90000000e-01  1.00000000e+00 -7.57999626e-03  7.58001532e-03  6.32987323e-08 -8.23592166e-08  1.04809739e-18 
 1.00000000e+00  1.00000000e+00  1.00000000e+00 -7.60835754e-03  7.60837662e-03  6.40263680e-08 -8.31132165e-08  8.13495736e-19 
 1.01000000e+00  1.01000000e+00  1.00000000e+00 -7.63671907e-03  7.63673819e-03  6.47613750e-08 -8.38745982e-08  3.56831158e-18 
 1.02000000e+00  1.02000000e+00  1.00000000e+00 -7.66508306e-03  7.66510220e-03  6.55038143e-08 -8.46433777e-08  4.89656512e-18 
 1.03000000e+00  1.03000000e+00  1.00000000e+00 -7.69345164e-03  7.69347080e-03  6.62537467e-08 -8.54195996e-08  2.35387809e-18 
 1.04000000e+00  1.04000000e+00  1.00000000e+00 -7.72182689e-03  7.72184608e-03  6.70112339e-08 -8.62033130e-08  3.21089014e-18 
 1.05000000e+00  1.05000000e+00  1.00000000e+00 -7.75021089e-03  7.75023010e-03  6.77763375e-08 -8.69945679e-08  2.30895887e-19 
 1.06000000e+00  1.06000000e+00  1.00000000e+00 -7.77860570e-03  7.77862494e-03  6.85491197e-08 -8.77934145e-08  1.74938773e-19 
 1.07000000e+00  1.07000000e+00  1.00000000e+00 -7.80701339e-03  7.80703266e-03  6.93296428e-08 -8.85999033e-08  2.00128739e-18 
 1.08000000e+00  1.08000000e+00  1.00000000e+00 -7.83543606e-03  7.83545536e-03  7.01179697e-08 -8.94140846e-08  2.25953980e-18 
 1.09000000e+00  1.09000000e+00  1.00000000e+00 -7.86387586e-03  7.86389518e-03  7.09141636e-08 -9.02360089e-08  1.27858300e-18 
 1.10000000e+00  1.10000000e+00  1.00000000e+00 -7.89233497e-03  7.89235431e-03  7.17182877e-08 -9.10657264e-08  7.87806815e-19 
 1.11000000e+00  1.11000000e+00  1.00000000e+00 -7.92081565e-03  7.92083502e-03  7.25304060e-08 -9.19032873e-08  2.15539445e-18 
 1.12000000e+00  1.12000000e+00  1.00000000e+00 -7.94932025e-03  7.94933965e-03  7.33505825e-08 -9.27487416e-08  2.20842665e-18 
 1.13000000e+00  1.13000000e+00  1.00000000e+00 -7.97785122e-03  7.97787064e-03  7.41788819e-08 -9.36021392e-08  1.61464332e-18 
 1.14000000e+00  1.14000000e+00  1.00000000e+00 -8.00641109e-03  8.00643054e-03  7.50153687e-08 -9.44635298e-08  1.62186957e-18 
 1.15000000e+00  1.15000000e+00  1.00000000e+00 -8.03500255e-03  8.03502203e-03  7.58601083e-08 -9.53329629e-08  4.99167104e-18 
 1.16000000e+00  1.16000000e+00  1.00000000e+00 -8.06362840e-03  8.06364790e-03  7.67131661e-08 -9.62104876e-08  3.62397753e-18 
 1.17000000e+00  1.17000000e+00  1.00000000e+00 -8.09229160e-03  8.09231112e-03  7.75746079e-08 -9.70961531e-08  1.32531539e-18 
 1.18000000e+00  1.18000000e+00  1.00000000e+00 -8.12099524e-03  8.12101478e-03  7.84445000e-08 -9.79900079e-08  6.22066290e-19 
 1.19000000e+00  1.19000000e+00  1.00000000e+00 -8.14974260e-03  8.14976217e-03  7.93229088e-08 -9.88921004e-08  1.37679912e-18 
 1.20000000e+00  1.20000000e+00  1.00000000e+00 -8.17853714e-03  8.17855673e-03  8.02099013e-08 -9.98024786e-08  2.92402391e-18 
 0.00000000e+00  0.00000000e+00  1.20000000e+00  2.86966276e-08  2.86966486e-08  1.72600495e-07 -2.29993771e-07  3.10596394e-19 
 1.00000000e-02  1.00000000e-02  1.20000000e+00 -2.03134188e-04  2.03191119e-04  1.74411424e-07 -2.31342156e-07  3.16480626e-18 
 2.00000000e-02  2.00000000e-02  1.20000000e+00 -4.03722055e-04  4.03778435e-04  1.76238545e-07 -2.32618641e-07  1.82125319e-18 
 3.00000000e-02  3.00000000e-02  1.20000000e+00 -6.01745834e-04  6.01801660e-04  1.78081963e-07 -2.33908220e-07  2.35451337e-18 
 4.00000000e-02  4.00000000e-02  1.20000000e+00 -7.97216377e-04  7.97271669e-04  1.79941789e-07 -2.35233774e-07  4.49192160e-19 
 5.00000000e-02  5.00000000e-02  1.20000000e+00 -9.90144431e-04  9.90199209e-04  1.81818138e-07 -2.36596233e-07  1.80920944e-19 
 6.00000000e-02  6.00000000e-02  1.20000000e+00 -1.18054061e-03  1.18059490e-03  1.83711124e-07 -2.37994064e-07  6.20943972e-18 
 7.00000000e-02  7.00000000e-02  1.20000000e+00 -1.36841542e-03  1.36846923e-03  1.85620861e-07 -2.39425903e-07  2.16705439e-18 
 8.00000000e-02  8.00000000e-02  1.20000000e+00 -1.55377921e-03  1.55383256e-03  1.87547467e-07 -2.40890723e-07  7.88693553e-19 
 9.00000000e-02  9.00000000e-02  1.20000000e+00 -1.73664221e-03  1.73669511e-03  1.89491057e-07 -2.42387743e-07  3.45695322e-20 
 1.00000000e-01  1.00000000e-01  1.20000000e+00 -1.91701450e-03  1.91706697e-03  1.91451748e-07 -2.43916343e-07  3.00807869e-18 
 1.10000000e-01  1.10000000e-01  1.20000000e+00 -2.09490602e-03  2.09495806e-03  1.93429657e-07 -2.45476009e-07  3.95606738e-18 
 1.20000000e-01  1.20000000e-01  1.20000000e+00 -2.27032653e-03  2.27037817e-03  1.95424903e-07 -2.47066302e-07  9.55373755e-19 
 1.30000000e-01  1.30000000e-01  1.20000000e+00 -2.44328568e-03  2.44333693e-03  1.97437603e-07 -2.48686834e-07  1.32465365e-18 
 1.40000000e-01  1.40000000e-01  1.20000000e+00 -2.61379290e-03  2.61384377e-03  1.99467877e-07 -2.50337259e-07  3.64547099e-18 
 1.50000000e-01  1.50000000e-01  1.20000000e+00 -2.78185749e-03  2.78190799e-03  2.01515843e-07 -2.52017262e-07  5.81541058e-19 
 1.60000000e-01  1.60000000e-01  1.20000000e+00 -2.94748852e-03  2.94753867e-03  2.03581623e-07 -2.53726552e-07  2.23246121e-19 
 1.70000000e-01  1.70000000e-01  1.20000000e+00 -3.11069491e-03  3.11074471e-03  2.05665337e-07 -2.55464864e-07  1.62799732e-18 
 1.80000000e-01  1.80000000e-01  1.20000000e+00 -3.27148535e-03  3.27153481e-03  2.07767106e-07 -2.57231949e-07  2.84444252e-19 
 1.90000000e-01  1.90000000e-01  1.20000000e+00 -3.42986829e-03  3.42991743e-03  2.09887051e-07 -2.59027578e-07  1.14090044e-18 
 2.00000000e-01  2.00000000e-01  1.20000000e+00 -3.58585199e-03  3.58590082e-03  2.12025296e-07 -2.60851536e-07  7.47400697e-19 
 2.10000000e-01  2.10000000e-01  1.20000000e+00 -3.73944443e-03  3.73949296e-03  2.14181963e-07 -2.62703625e-07  2.73491057e-18 
 2.20000000e-01  2.20000000e-01  1.20000000e+00 -3.89065334e-03  3.89070157e-03  2.16357175e-07 -2.64583660e-07  2.22928484e-19 
 2.30000000e-01  2.30000000e-01  1.20000000e+00 -4.03948614e-03  4.03953408e-03  2.18551056e-07 -2.66491467e-07  6.83383535e-18 
 2.40000000e-01  2.40000000e-01  1.20000000e+00 -4.18594996e-03  4.18599763e-03  2.20763732e-07 -2.68426890e-07  6.70643630e-18 
 2.50000000e-01  2.50000000e-01  1.20000000e+00 -4.33005160e-03  4.33009899e-03  2.22995328e-07 -2.70389780e-07  3.14704504e-18 
 2.60000000e-01  2.60000000e-01  1.20000000e+00 -4.47179748e-03  4.47184461e-03  2.25245968e-07 -2.72380003e-07  2.11594124e-18 
 2.70000000e-01  2.70000000e-01  1.20000000e+00 -4.61119364e-03  4.61124052e-03  2.27515781e-07 -2.74397435e-07  5.79635234e-19 
 2.80000000e-01  2.80000000e-01  1.20000000e+00 -4.74824570e-03  4.74829233e-03  2.29804892e-07 -2.76441966e-07  2.46804225e-19 
 2.90000000e-01  2.90000000e-01  1.20000000e+00 -4.88295881e-03  4.88300521e-03  2.32113429e-07 -2.78513493e-07  4.71876761e-19 
 3.00000000e-01  3.00000000e-01  1.20000000e+00 -5.01533762e-03  5.01538379e-03  2.34441521e-07 -2.80611929e-07  1.00897506e-18 
 3.10000000e-01  3.10000000e-01  1.20000000e+00 -5.14538624e-03  5.14543219e-03  2.36789297e-07 -2.82737194e-07  2.83266346e-18 
 3.20000000e-01  3.20000000e-01  1.20000000e+00 -5.27310817e-03  5.27315391e-03  2.39156885e-07 -2.84889220e-07  4.39684215e-18 
 3.30000000e-01  3.30000000e-01  1.20000000e+00 -5.39850628e-03  5.39855180e-03  2.41544416e-07 -2.87067952e-07  3.08526457e-18 
 3.40000000e-01  3.40000000e-01  1.20000000e+00 -5.52158268e-03  5.52162801e-03  2.43952021e-07 -2.89273344e-07  2.64697796e-22 
 3.50000000e-01  3.50000000e-01  1.20000000e+00 -5.64233877e-03  5.64238389e-03  2.46379830e-07 -2.91505362e-07  2.60579098e-18 
 3.60000000e-01  3.60000000e-01  1.20000000e+00 -5.76077504e-03  5.76081998e-03  2.48827977e-07 -2.93763982e-07  4.21594768e-18 
 3.70000000e-01  3.70000000e-01  1.20000000e+00 -5.87689111e-03  5.87693586e-03  2.51296593e-07 -2.96049194e-07  5.11766719e-19 
 3.80000000e-01  3.80000000e-01  1.20000000e+00 -5.99068557e-03  5.99073015e-03  2.53785811e-07 -2.98360998e-07  1.46314354e-18 
 3.90000000e-01  3.90000000e-01  1.20000000e+00 -6.10215596e-03  6.10220037e-03  2.56295766e-07 -3.00699406e-07  1.14984723e-18 
 4.00000000e-01  4.00000000e-01  1.20000000e+00 -6.21129866e-03  6.21134290e-03  2.58826591e-07 -3.03064445e-07  4.29683932e-18 
 4.10000000e-01  4.10000000e-01  1.20000000e+00 -6.31810881e-03  6.31815289e-03  2.61378423e-07 -3.05456152e-07  1.07107316e-18 
 4.20000000e-01  4.20000000e-01  1.20000000e+00 -6.42258028e-03  6.42262420e-03  2.63951397e-07 -3.07874580e-07  6.41362760e-19 
 4.30000000e-01  4.30000000e-01  1.20000000e+00 -6.52470558e-03  6.52474936e-03  2.66545649e-07 -3.10319793e-07  2.23923748e-18 
 4.40000000e-01  4.40000000e-01  1.20000000e+00 -6.62447589e-03  6.62451952e-03  2.69161317e-07 -3.12791872e-07  8.12055780e-18 
 4.50000000e-01  4.50000000e-01  1.20000000e+00 -6.72188100e-03  6.72192450e-03  2.71798539e-07 -3.15290912e-07  1.22703310e-18 
 4.60000000e-01  4.60000000e-01  1.20000000e+00 -6.81690945e-03  6.81695281e-03  2.74457452e-07 -3.17817024e-07  2.03367317e-18 
 4.70000000e-01  4.70000000e-01  1.20000000e+00 -6.90954862e-03  6.90959185e-03  2.77138197e-07 -3.20370333e-07  2.21329709e-18 
 4.80000000e-01  4.80000000e-01  1.20000000e+00 -6.99978497e-03  6.99982808e-03  2.79840913e-07 -3.22950981e-07  2.05892534e-18 
 4.90000000e-01  4.90000000e-01  1.20000000e+00 -7.08760442e-03  7.08764742e-03  2.82565741e-07 -3.25559126e-07  4.95122521e-18 
 5.00000000e-01  5.00000000e-01  1.20000000e+00 -7.17299284e-03  7.17303572e-03  2.85312822e-07 -3.28194939e-07  3.49432854e-18 
 5.10000000e-01  5.10000000e-01  1.20000000e+00 -7.25593674e-03  7.25597951e-03  2.88082299e-07 -3.30858606e-07  2.92146957e-18 
 5.20000000e-01  5.20000000e-01  1.20000000e+00 -7.33642416e-03  7.33646684e-03  2.90874314e-07 -3.33550327e-07  1.31724211e-18 
 5.30000000e-01  5.30000000e-01  1.20000000e+00 -7.41444584e-03  7.41448842e-03  2.93689011e-07 -3.36270308e-07  2.00916215e-18 
 5.40000000e-01  5.40000000e-01  1.20000000e+00 -7.48999653e-03  7.49003902e-03  2.96526534e-07 -3.39018763e-07  3.01088449e-18 
 5.50000000e-01  5.50000000e-01  1.20000000e+00 -7.56307656e-03  7.56311897e-03  2.99387027e-07 -3.41795907e-07  2.54088708e-18 
 5.60000000e-01  5.60000000e-01  1.20000000e+00 -7.63369357e-03  7.63373590e-03  3.02270637e-07 -3.44601955e-07  5.82345739e-18 
 5.70000000e-01  5.70000000e-01  1.20000000e+00 -7.70186426e-03  7.70190652e-03  3.05177509e-07 -3.47437108e-07  8.91872754e-19 
 5.80000000e-01  5.80000000e-01  1.20000000e+00 -7.76761603e-03  7.76765822e-03  3.08107791e-07 -3.50301555e-07  5.03534617e-18 
 5.90000000e-01  5.90000000e-01  1.20000000e+00 -7.83098845e-03  7.83103059e-03  3.11061629e-07 -3.53195463e-07  5.73600124e-19 
 6.00000000e-01  6.00000000e-01  1.20000000e+00 -7.89203424e-03  7.89207632e-03  3.14039171e-07 -3.56118971e-07  1.32158316e-18 
 6.10000000e-01  6.10000000e-01  1.20000000e+00 -7.95081967e-03  7.95086170e-03  3.17040566e-07 -3.59072189e-07  5.35462466e-18 
 6.20000000e-01  6.20000000e-01  1.20000000e+00 -8.00742430e-03  8.00746629e-03  3.20065963e-07 -3.62055189e-07  4.91898502e-18 
 6.30000000e-01  6.30000000e-01  1.20000000e+00 -8.06194000e-03  8.06198195e-03  3.23115512e-07 -3.65068012e-07  1.88803644e-18 
 6.40000000e-01  6.40000000e-01  1.20000000e+00 -8.11446925e-03  8.11451117e-03  3.26189361e-07 -3.68110663e-07  1.05312665e-18 
 6.50000000e-01  6.50000000e-01  1.20000000e+00 -8.16512299e-03  8.16516489e-03  3.29287662e-07 -3.71183118e-07  2.54845744e-18 
 6.60000000e-01  6.60000000e-01  1.20000000e+00 -8.21401803e-03  8.21405990e-03  3.32410566e-07 -3.74285325e-07  2.69303538e-18 
 6.70000000e-01  6.70000000e-01  1.20000000e+00 -8.26127443e-03  8.26131629e-03  3.35558225e-07 -3.77417215e-07  2.71759933e-18 
 6.80000000e-01  6.80000000e-01  1.20000000e+00 -8.30701293e-03  8.30705478e-03  3.38730790e-07 -3.80578701e-07  3.63112437e-19 
 6.90000000e-01  6.90000000e-01  1.20000000e+00 -8.35135262e-03  8.35139446e-03  3.41928415e-07 -3.83769693e-07  6.09440206e-19 
 7.00000000e-01  7.00000000e-01  1.20000000e+00 -8.39440899e-03  8.39445082e-03  3.45151253e-07 -3.86990093e-07  3.46436475e-19 
 7.10000000e-01  7.10000000e-01  1.20000000e+00 -8.43629244e-03  8.43633428e-03  3.48399459e-07 -3.90239810e-07  1.37600502e-18 
 7.20000000e-01  7.20000000e-01  1.20000000e+00 -8.47710718e-03  8.47714903e-03  3.51673187e-07 -3.93518758e-07  7.13360560e-19 
 7.30000000e-01  7.30000000e-01  1.20000000e+00 -8.51695054e-03  8.51699239e-03  3.54972594e-07 -3.96826859e-07  5.25160427e-19 
 7.40000000e-01  7.40000000e-01  1.20000000e+00 -8.55591260e-03  8.55595447e-03  3.58297837e-07 -4.00164048e-07  1.57251667e-18 
 7.50000000e-01  7.50000000e-01  1.20000000e+00 -8.59407618e-03  8.59411807e-03  3.61649071e-07 -4.03530273e-07  5.53430152e-19 
 7.60000000e-01  7.60000000e-01  1.20000000e+00 -8.63151693e-03  8.63155883e-03  3.65026457e-07 -4.06925494e-07  9.68370417e-19 
 7.70000000e-01  7.70000000e-01  1.20000000e+00 -8.66830364e-03  8.66834555e-03  3.68430152e-07 -4.10349687e-07  3.92668592e-18 
 7.80000000e-01  7.80000000e-01  1.20000000e+00 -8.70449864e-03  8.70454058e-03  3.71860316e-07 -4.13802841e-07  1.49289557e-19 
 7.90000000e-01  7.90000000e-01  1.20000000e+00 -8.74015827e-03  8.74020023e-03  3.75317111e-07 -4.17284956e-07  3.20517267e-18 
 8.00000000e-01  8.00000000e-01  1.20000000e+00 -8.77533332e-03  8.77537531e-03  3.78800696e-07 -4.20796048e-07  1.12284805e-19 
 8.10000000e-01  8.10000000e-01  1.20000000e+00 -8.81006955e-03  8.81011158e-03  3.82311235e-07 -4.24336142e-07  4.95503686e-18 
 8.20000000e-01  8.20000000e-01  1.20000000e+00 -8.84440816e-03  8.84445021e-03  3.85848891e-07 -4.27905276e-07  3.77903749e-18 
 8.30000000e-01  8.30000000e-01  1.20000000e+00 -8.87838618e-03  8.87842827e-03  3.89413827e-07 -4.31503499e-07  6.16364700e-18 
 8.40000000e-01  8.40000000e-01  1.20000000e+00 -8.91203697e-03  8.91207910e-03  3.93006209e-07 -4.35130867e-07  2.83152526e-18 
 8.50000000e-01  8.50000000e-01  1.20000000e+00 -8.94539054e-03  8.94543271e-03  3.96626200e-07 -4.38787448e-07  2.47042453e-18 
 8.60000000e-01  8.60000000e-01  1.20000000e+00 -8.97847394e-03  8.97851614e-03  4.00273968e-07 -4.42473315e-07  7.19448610e-19 
 8.70000000e-01  8.70000000e-01  1.20000000e+00 -9.01131153e-03  9.01135377e-03  4.03949680e-07 -4.46188552e-07  1.04047410e-18 
 8.80000000e-01  8.80000000e-01  1.20000000e+00 -9.04392532e-03  9.04396760e-03  4.07653504e-07 -4.49933248e-07  1.05947940e-18 
 8.90000000e-01  8.90000000e-01  1.20000000e+00 -9.07633519e-03  9.07637752e-03  4.11385608e-07 -4.53707499e-07  1.05333841e-18 
 9.00000000e-01  9.00000000e-01  1.20000000e+00 -9.10855912e-03  9.10860149e-03  4.15146162e-07 -4.57511406e-07  1.44524997e-19 
 9.10000000e-01  9.10000000e-01  1.20000000e+00 -9.14061340e-03  9.14065581e-03  4.18935336e-07 -4.61345077e-07  6.34803548e-18 
 9.20000000e-01  9.20000000e-01  1.20000000e+00 -9.17251281e-03  9.17255527e-03  4.22753301e-07 -4.65208624e-07  3.68014640e-18 
 9.30000000e-01  9.30000000e-01  1.20000000e+00 -9.20427077e-03  9.20431327e-03  4.26600230e-07 -4.69102164e-07  2.45443678e-18 
 9.40000000e-01  9.40000000e-01  1.20000000e+00 -9.23589949e-03  9.23594204e-03  4.30476295e-07 -4.73025820e-07  2.21223830e-18 
 9.50000000e-01  9.50000000e-01  1.20000000e+00 -9.26741010e-03  9.26745269e-03  4.34381671e-07 -4.76979718e-07  3.66468805e-18 
 9.60000000e-01  9.60000000e-01  1.20000000e+00 -9.29881275e-03  9.29885539e-03  4.38316531e-07 -4.80963986e-07  4.98267131e-18 
 9.70000000e-01  9.70000000e-01  1.20000000e+00 -9.33011672e-03  9.33015942e-03  4.42281050e-07 -4.84978758e-07  2.98790872e-18 
 9.80000000e-01  9.80000000e-01  1.20000000e+00 -9.36133051e-03  9.36137326e-03  4.46275407e-07 -4.89024172e-07  1.20056332e-18 
 9.90000000e-01  9.90000000e-01  1.20000000e+00 -9.39246189e-03  9.39250469e-03  4.50299776e-07 -4.93100366e-07  2.80770246e-18 
 1.00000000e+00  1.00000000e+00  1.20000000e+00 -9.42351803e-03  9.42356089e-03  4.54354337e-07 -4.97207485e-07  8.27921766e-19 
 1.01000000e+00  1.01000000e+00  1.20000000e+00 -9.45450551e-03  9.45454841e-03  4.58439267e-07 -5.01345674e-07  2.53008741e-18 
 1.02000000e+00  1.02000000e+00  1.20000000e+00 -9.48543037e-03  9.48547333e-03  4.62554748e-07 -5.05515082e-07  3.51216918e-18 
 1.03000000e+00  1.03000000e+00  1.20000000e+00 -9.51629823e-03  9.51634125e-03  4.66700959e-07 -5.09715859e-07  1.91397682e-18 
 1.04000000e+00  1.04000000e+00  1.20000000e+00 -9.54711427e-03  9.54715734e-03  4.70878081e-07 -5.13948162e-07  3.48511706e-18 
 1.05000000e+00  1.05000000e+00  1.20000000e+00 -9.57788330e-03  9.57792643e-03  4.75086297e-07 -5.18212144e-07  1.71026540e-18 
 1.06000000e+00  1.06000000e+00  1.20000000e+00 -9.60860979e-03  9.60865297e-03  4.79325791e-07 -5.22507965e-07  6.58038721e-19 
 1.07000000e+00  1.07000000e+00  1.20000000e+00 -9.63929792e-03  9.63934116e-03  4.83596746e-07 -5.26835787e-07  1.06620272e-18 
 1.08000000e+00  1.08000000e+00  1.20000000e+00 -9.66995160e-03  9.66999490e-03  4.87899347e-07 -5.31195770e-07  6.99956264e-18 
 1.09000000e+00  1.09000000e+00  1.20000000e+00 -9.70057451e-03  9.70061787e-03  4.92233780e-07 -5.35588082e-07  1.44397942e-18 
 1.10000000e+00  1.10000000e+00  1.20000000e+00 -9.73117012e-03  9.73121353e-03  4.96600231e-07 -5.40012888e-07  2.87355927e-19 
 1.11000000e+00  1.11000000e+00  1.20000000e+00 -9.76174173e-03  9.76178520e-03  5.00998889e-07 -5.44470358e-07  1.40247480e-18 
 1.12000000e+00  1.12000000e+00  1.20000000e+00 -9.79229248e-03  9.79233601e-03  5.05429943e-07 -5.48960662e-07  4.09963946e-19 
 1.13000000e+00  1.13000000e+00  1.20000000e+00 -9.82282540e-03  9.82286899e-03  5.09893580e-07 -5.53483974e-07  1.55536425e-18 
 1.14000000e+00  1.14000000e+00  1.20000000e+00 -9.85334339e-03  9.85338704e-03  5.14389992e-07 -5.58040467e-07  5.99688739e-18 
 1.15000000e+00  1.15000000e+00  1.20000000e+00 -9.88384932e-03  9.88389303e-03  5.18919371e-07 -5.62630318e-07  2.39477390e-18 
 1.16000000e+00  1.16000000e+00  1.20000000e+00 -9.91434595e-03  9.91438973e-03  5.23481908e-07 -5.67253705e-07  7.02825588e-18 
 1.17000000e+00  1.17000000e+00  1.20000000e+00 -9.94483605e-03  9.94487988e-03  5.28077796e-07 -5.71910809e-07  4.23982342e-18 
 1.18000000e+00  1.18000000e+00  1.20000000e+00 -9.97532235e-03  9.97536624e-03  5.32707230e-07 -5.76601813e-07  4.81961747e-19 
 1.19000000e+00  1.19000000e+00  1.20000000e+00 -1.00058076e-02  1.00058515e-02  5.37370405e-07 -5.81326899e-07  8.40150805e-19 
 1.20000000e+00  1.20000000e+00  1.20000000e+00 -1.00362945e-02  1.00363386e-02  5.42067516e-07 -5.86086174e-07  2.21075599e-18 
