 v-sweep         v(drain_iv)     v(gate_iv)      id              is              ib              ig              kcl            
 0.00000000e+00  0.00000000e+00  0.00000000e+00  1.88309099e-38  6.97518165e-38 -1.08833408e-37  2.02506811e-38  2.08809743e-53 
 1.00000000e-02  1.00000000e-02  0.00000000e+00 -8.38723643e-09  8.38709115e-09  3.02720038e-15  1.42255127e-13  1.03416785e-24 
 2.00000000e-02  2.00000000e-02  0.00000000e+00 -1.49859289e-08  1.49855148e-08  5.14441828e-15  4.08921762e-13  8.32346074e-25 
 3.00000000e-02  3.00000000e-02  0.00000000e+00 -1.99906530e-08  1.99898315e-08  6.62633163e-15  8.14795476e-13  1.44428678e-24 
 4.00000000e-02  4.00000000e-02  0.00000000e+00 -2.37070080e-08  2.37056297e-08  7.66474675e-15  1.37068935e-12  1.30179404e-24 
 5.00000000e-02  5.00000000e-02  0.00000000e+00 -2.64963799e-08  2.64942846e-08  8.39358195e-15  2.08687356e-12  3.57101870e-24 
 6.00000000e-02  6.00000000e-02  0.00000000e+00 -2.86902590e-08  2.86872763e-08  8.90632535e-15  2.97375780e-12  5.33525247e-24 
 7.00000000e-02  7.00000000e-02  0.00000000e+00 -3.05333835e-08  3.05293322e-08  9.26824150e-15  4.04209048e-12  6.23376820e-25 
 8.00000000e-02  8.00000000e-02  0.00000000e+00 -3.21820511e-08  3.21767385e-08  9.52489841e-15  5.30303898e-12  4.48516965e-24 
 9.00000000e-02  9.00000000e-02  0.00000000e+00 -3.37294247e-08  3.37226468e-08  9.70811683e-15  6.76823303e-12  2.12115231e-25 
 1.00000000e-01  1.00000000e-01  0.00000000e+00 -3.52303688e-08  3.52219092e-08  9.84012025e-15  8.44979477e-12  6.26276673e-26 
 1.10000000e-01  1.10000000e-01  0.00000000e+00 -3.67179210e-08  3.67075507e-08  9.93643098e-15  1.03603636e-11  4.44055799e-24 
 1.20000000e-01  1.20000000e-01  0.00000000e+00 -3.82128013e-08  3.82002782e-08  1.00078919e-14  1.25131188e-11  1.41353461e-24 
 1.30000000e-01  1.30000000e-01  0.00000000e+00 -3.97286717e-08  3.97137398e-08  1.00620785e-14  1.49218017e-11  5.11189282e-24 
 1.40000000e-01  1.40000000e-01  0.00000000e+00 -4.12750447e-08  4.12574338e-08  1.01042844e-14  1.76007378e-11  4.16740070e-24 
 1.50000000e-01  1.50000000e-01  0.00000000e+00 -4.28589259e-08  4.28383509e-08  1.01382101e-14  2.05648585e-11  2.40223923e-24 
 1.60000000e-01  1.60000000e-01  0.00000000e+00 -4.44857666e-08  4.44619268e-08  1.01664439e-14  2.38297247e-11  7.31779088e-24 
 1.70000000e-01  1.70000000e-01  0.00000000e+00 -4.61600335e-08  4.61326117e-08  1.01907977e-14  2.74115496e-11  8.75931585e-24 
 1.80000000e-01  1.80000000e-01  0.00000000e+00 -4.78855602e-08  4.78542228e-08  1.02125409e-14  3.13272228e-11  4.54590563e-24 
 1.90000000e-01  1.90000000e-01  0.00000000e+00 -4.96657714e-08  4.96301668e-08  1.02325652e-14  3.55943356e-11  1.08053023e-23 
 2.00000000e-01  2.00000000e-01  0.00000000e+00 -5.15038281e-08  5.14635866e-08  1.02514979e-14  4.02312058e-11  5.29311783e-24 
 2.10000000e-01  2.10000000e-01  0.00000000e+00 -5.34027261e-08  5.33574590e-08  1.02697825e-14  4.52569050e-11  7.10229459e-24 
 2.20000000e-01  2.20000000e-01  0.00000000e+00 -5.53653640e-08  5.53146625e-08  1.02877343e-14  5.06912851e-11  3.05439685e-24 
 2.30000000e-01  2.30000000e-01  0.00000000e+00 -5.73945905e-08  5.73380252e-08  1.03055791e-14  5.65550071e-11  6.64598904e-24 
 2.40000000e-01  2.40000000e-01  0.00000000e+00 -5.94932393e-08  5.94303594e-08  1.03234808e-14  6.28695697e-11  2.55428428e-24 
 2.50000000e-01  2.50000000e-01  0.00000000e+00 -6.16641554e-08  6.15944877e-08  1.03415599e-14  6.96573397e-11  5.49536284e-25 
 2.60000000e-01  2.60000000e-01  0.00000000e+00 -6.39102143e-08  6.38332624e-08  1.03599076e-14  7.69415831e-11  1.43513993e-24 
 2.70000000e-01  2.70000000e-01  0.00000000e+00 -6.62343379e-08  6.61495810e-08  1.03785941e-14  8.47464966e-11  8.82589098e-24 
 2.80000000e-01  2.80000000e-01  0.00000000e+00 -6.86395069e-08  6.85463992e-08  1.03976760e-14  9.30972415e-11  1.34726903e-23 
 2.90000000e-01  2.90000000e-01  0.00000000e+00 -7.11287710e-08  7.10267406e-08  1.04172002e-14  1.02019977e-10  1.16068308e-23 
 3.00000000e-01  3.00000000e-01  0.00000000e+00 -7.37052582e-08  7.35937059e-08  1.04372075e-14  1.11541898e-10  9.45912383e-24 
 3.10000000e-01  3.10000000e-01  0.00000000e+00 -7.63721821e-08  7.62504804e-08  1.04577345e-14  1.21691266e-10  1.13165189e-23 
 3.20000000e-01  3.20000000e-01  0.00000000e+00 -7.91328489e-08  7.90003409e-08  1.04788155e-14  1.32497454e-10  9.77395191e-24 
 3.30000000e-01  3.30000000e-01  0.00000000e+00 -8.19906639e-08  8.18466624e-08  1.05004835e-14  1.43990980e-10  9.32043893e-25 
 3.40000000e-01  3.40000000e-01  0.00000000e+00 -8.49491372e-08  8.47929232e-08  1.05227709e-14  1.56203549e-10  4.12986039e-24 
 3.50000000e-01  3.50000000e-01  0.00000000e+00 -8.80118898e-08  8.78427111e-08  1.05457102e-14  1.69168097e-10  1.36226623e-23 
 3.60000000e-01  3.60000000e-01  0.00000000e+00 -9.11826584e-08  9.09997290e-08  1.05693344e-14  1.82918829e-10  2.96107429e-23 
 3.70000000e-01  3.70000000e-01  0.00000000e+00 -9.44653012e-08  9.42677993e-08  1.05936771e-14  1.97491266e-10  2.64473507e-24 
 3.80000000e-01  3.80000000e-01  0.00000000e+00 -9.78638030e-08  9.76508701e-08  1.06187730e-14  2.12922291e-10  8.50952463e-24 
 3.90000000e-01  3.90000000e-01  0.00000000e+00 -1.01382281e-07  1.01153020e-07  1.06446582e-14  2.29250196e-10  3.18227720e-23 
 4.00000000e-01  4.00000000e-01  0.00000000e+00 -1.05024988e-07  1.04778463e-07  1.06713698e-14  2.46514729e-10  1.40810615e-23 
 4.10000000e-01  4.10000000e-01  0.00000000e+00 -1.08796322e-07  1.08531554e-07  1.06989466e-14  2.64757147e-10  8.21501761e-24 
 4.20000000e-01  4.20000000e-01  0.00000000e+00 -1.12700826e-07  1.12416795e-07  1.07274288e-14  2.84020266e-10  1.04016454e-23 
 4.30000000e-01  4.30000000e-01  0.00000000e+00 -1.16743198e-07  1.16438839e-07  1.07568585e-14  3.04348514e-10  2.90836607e-24 
 4.40000000e-01  4.40000000e-01  0.00000000e+00 -1.20928296e-07  1.20602497e-07  1.07872793e-14  3.25787990e-10  1.56417234e-24 
 4.50000000e-01  4.50000000e-01  0.00000000e+00 -1.25261141e-07  1.24912744e-07  1.08187367e-14  3.48386516e-10  5.16088077e-23 
 4.60000000e-01  4.60000000e-01  0.00000000e+00 -1.29746926e-07  1.29374721e-07  1.08512783e-14  3.72193700e-10  8.14470170e-24 
 4.70000000e-01  4.70000000e-01  0.00000000e+00 -1.34391020e-07  1.33993748e-07  1.08849536e-14  3.97260994e-10  1.32359137e-23 
 4.80000000e-01  4.80000000e-01  0.00000000e+00 -1.39198976e-07  1.38775323e-07  1.09198142e-14  4.23641758e-10  3.50952226e-23 
 4.90000000e-01  4.90000000e-01  0.00000000e+00 -1.44176537e-07  1.43725135e-07  1.09559139e-14  4.51391326e-10  5.72733244e-23 
 5.00000000e-01  5.00000000e-01  0.00000000e+00 -1.49329643e-07  1.48849065e-07  1.09933087e-14  4.80567071e-10  2.61429766e-24 
 5.10000000e-01  5.10000000e-01  0.00000000e+00 -1.54664435e-07  1.54153195e-07  1.10320572e-14  5.11228473e-10  1.36712845e-23 
 5.20000000e-01  5.20000000e-01  0.00000000e+00 -1.60187266e-07  1.59643818e-07  1.10722203e-14  5.43437195e-10  2.89799382e-23 
 5.30000000e-01  5.30000000e-01  0.00000000e+00 -1.65904710e-07  1.65327442e-07  1.11138615e-14  5.77257151e-10  4.47776351e-23 
 5.40000000e-01  5.40000000e-01  0.00000000e+00 -1.71823562e-07  1.71210796e-07  1.11570471e-14  6.12754584e-10  4.11158658e-23 
 5.50000000e-01  5.50000000e-01  0.00000000e+00 -1.77950855e-07  1.77300846e-07  1.12018461e-14  6.49998143e-10  1.40092120e-23 
 5.60000000e-01  5.60000000e-01  0.00000000e+00 -1.84293863e-07  1.83604792e-07  1.12483303e-14  6.89058968e-10  2.23878820e-23 
 5.70000000e-01  5.70000000e-01  0.00000000e+00 -1.90860110e-07  1.90130088e-07  1.12965746e-14  7.30010768e-10  2.82131685e-23 
 5.80000000e-01  5.80000000e-01  0.00000000e+00 -1.97657382e-07  1.96884440e-07  1.13466573e-14  7.72929907e-10  4.45886919e-23 
 5.90000000e-01  5.90000000e-01  0.00000000e+00 -2.04693734e-07  2.03875827e-07  1.13986595e-14  8.17895498e-10  4.84380917e-23 
 6.00000000e-01  6.00000000e-01  0.00000000e+00 -2.11977500e-07  2.11112499e-07  1.14526660e-14  8.64989489e-10  6.06297666e-24 
 6.10000000e-01  6.10000000e-01  0.00000000e+00 -2.19517304e-07  2.18602996e-07  1.15087650e-14  9.14296758e-10  2.94526899e-23 
 6.20000000e-01  6.20000000e-01  0.00000000e+00 -2.27322071e-07  2.26356154e-07  1.15670485e-14  9.65905212e-10  1.25727461e-22 
 6.30000000e-01  6.30000000e-01  0.00000000e+00 -2.35401036e-07  2.34381118e-07  1.16276122e-14  1.01990589e-09  7.29763422e-23 
 6.40000000e-01  6.40000000e-01  0.00000000e+00 -2.43763757e-07  2.42687353e-07  1.16905559e-14  1.07639305e-09  8.18485472e-24 
 6.50000000e-01  6.50000000e-01  0.00000000e+00 -2.52420128e-07  2.51284652e-07  1.17559832e-14  1.13546431e-09  2.76004823e-23 
 6.60000000e-01  6.60000000e-01  0.00000000e+00 -2.61380389e-07  2.60183156e-07  1.18240023e-14  1.19722071e-09  6.37915211e-23 
 6.70000000e-01  6.70000000e-01  0.00000000e+00 -2.70655140e-07  2.69393362e-07  1.18947258e-14  1.26176687e-09  8.44820584e-23 
 6.80000000e-01  6.80000000e-01  0.00000000e+00 -2.80255357e-07  2.78926134e-07  1.19682709e-14  1.32921110e-09  2.89174288e-23 
 6.90000000e-01  6.90000000e-01  0.00000000e+00 -2.90192402e-07  2.88792724e-07  1.20447594e-14  1.39966547e-09  1.79014060e-22 
 7.00000000e-01  7.00000000e-01  0.00000000e+00 -3.00478040e-07  2.99004781e-07  1.21243184e-14  1.47324601e-09  1.39214408e-22 
 7.10000000e-01  7.10000000e-01  0.00000000e+00 -3.11124453e-07  3.09574368e-07  1.22070801e-14  1.55007279e-09  1.53797477e-22 
 7.20000000e-01  7.20000000e-01  0.00000000e+00 -3.22144260e-07  3.20513978e-07  1.22931820e-14  1.63027006e-09  1.70904538e-23 
 7.30000000e-01  7.30000000e-01  0.00000000e+00 -3.33550528e-07  3.31836549e-07  1.23827672e-14  1.71396639e-09  4.88674971e-23 
 7.40000000e-01  7.40000000e-01  0.00000000e+00 -3.45356791e-07  3.43555484e-07  1.24759846e-14  1.80129483e-09  1.08047844e-22 
 7.50000000e-01  7.50000000e-01  0.00000000e+00 -3.57577071e-07  3.55684666e-07  1.25729894e-14  1.89239301e-09  2.17590917e-22 
 7.60000000e-01  7.60000000e-01  0.00000000e+00 -3.70225894e-07  3.68238478e-07  1.26739426e-14  1.98740333e-09  1.34317453e-24 
 7.70000000e-01  7.70000000e-01  0.00000000e+00 -3.83318310e-07  3.81231824e-07  1.27790122e-14  2.08647309e-09  7.23276493e-23 
 7.80000000e-01  7.80000000e-01  0.00000000e+00 -3.96869912e-07  3.94680144e-07  1.28883726e-14  2.18975467e-09  2.99898934e-22 
 7.90000000e-01  7.90000000e-01  0.00000000e+00 -4.10896860e-07  4.08599442e-07  1.30022053e-14  2.29740569e-09  1.71464487e-23 
 8.00000000e-01  8.00000000e-01  0.00000000e+00 -4.25415903e-07  4.23006301e-07  1.31206994e-14  2.40958914e-09  1.49926423e-23 
 8.10000000e-01  8.10000000e-01  0.00000000e+00 -4.40444398e-07  4.37917912e-07  1.32440510e-14  2.52647361e-09  9.32841431e-23 
 8.20000000e-01  8.20000000e-01  0.00000000e+00 -4.56000339e-07  4.53352092e-07  1.33724646e-14  2.64823344e-09  7.47093150e-23 
 8.30000000e-01  8.30000000e-01  0.00000000e+00 -4.72102378e-07  4.69327315e-07  1.35061524e-14  2.77504890e-09  1.17264331e-23 
 8.40000000e-01  8.40000000e-01  0.00000000e+00 -4.88769852e-07  4.85862732e-07  1.36453354e-14  2.90710641e-09  1.03105482e-22 
 8.50000000e-01  8.50000000e-01  0.00000000e+00 -5.06022813e-07  5.02978201e-07  1.37902433e-14  3.04459869e-09  2.67654016e-22 
 8.60000000e-01  8.60000000e-01  0.00000000e+00 -5.23882051e-07  5.20694312e-07  1.39411148e-14  3.18772500e-09  1.35922785e-23 
 8.70000000e-01  8.70000000e-01  0.00000000e+00 -5.42369128e-07  5.39032422e-07  1.40981981e-14  3.33669135e-09  1.69260407e-22 
 8.80000000e-01  8.80000000e-01  0.00000000e+00 -5.61506403e-07  5.58014679e-07  1.42617513e-14  3.49171069e-09  1.98977283e-22 
 8.90000000e-01  8.90000000e-01  0.00000000e+00 -5.81317072e-07  5.77664054e-07  1.44320425e-14  3.65300313e-09  4.18170938e-23 
 9.00000000e-01  9.00000000e-01  0.00000000e+00 -6.01825191e-07  5.98004380e-07  1.46093506e-14  3.82079622e-09  1.15787098e-22 
 9.10000000e-01  9.10000000e-01  0.00000000e+00 -6.23055718e-07  6.19060378e-07  1.47939653e-14  3.99532510e-09  3.18730483e-22 
 9.20000000e-01  9.20000000e-01  0.00000000e+00 -6.45034546e-07  6.40857698e-07  1.49861876e-14  4.17683283e-09  4.25643161e-22 
 9.30000000e-01  9.30000000e-01  0.00000000e+00 -6.67788540e-07  6.63422953e-07  1.61350472e-14  4.36557059e-09  4.47458992e-22 
 9.40000000e-01  9.40000000e-01  0.00000000e+00 -6.91345576e-07  6.86783759e-07  1.88821816e-14  4.56179792e-09  8.38885194e-23 
 9.50000000e-01  9.50000000e-01  0.00000000e+00 -7.15734581e-07  7.10968775e-07  2.29666277e-14  4.76578306e-09  2.60325613e-23 
 9.60000000e-01  9.60000000e-01  0.00000000e+00 -7.40985576e-07  7.36007744e-07  2.89931727e-14  4.97780314e-09  3.17559643e-22 
 9.70000000e-01  9.70000000e-01  0.00000000e+00 -7.67129717e-07  7.61931535e-07  3.78186772e-14  5.19814450e-09  6.23112457e-22 
 9.80000000e-01  9.80000000e-01  0.00000000e+00 -7.94199345e-07  7.88772191e-07  5.06486517e-14  5.42710301e-09  5.38585254e-23 
 9.90000000e-01  9.90000000e-01  0.00000000e+00 -8.22228027e-07  8.16562973e-07  6.91692315e-14  5.66498429e-09  8.12578860e-23 
 1.00000000e+00  1.00000000e+00  0.00000000e+00 -8.51250611e-07  8.45338411e-07  9.57338542e-14  5.91210411e-09  3.61313946e-22 
 1.01000000e+00  1.01000000e+00  0.00000000e+00 -8.81303275e-07  8.75134353e-07  1.33656321e-13  6.16878864e-09  5.92727062e-22 
 1.02000000e+00  1.02000000e+00  0.00000000e+00 -9.12423581e-07  9.05988018e-07  1.87766180e-13  6.43537480e-09  3.78570511e-22 
 1.03000000e+00  1.03000000e+00  0.00000000e+00 -9.44650528e-07  9.37938052e-07  2.65679227e-13  6.71221061e-09  3.99679091e-23 
 1.04000000e+00  1.04000000e+00  0.00000000e+00 -9.78024620e-07  9.71024583e-07  3.80978470e-13  6.99965549e-09  5.08523973e-22 
 1.05000000e+00  1.05000000e+00  0.00000000e+00 -1.01258792e-06  1.00528928e-06  5.61148211e-13  7.29808071e-09  7.75222220e-22 
 1.06000000e+00  1.06000000e+00  0.00000000e+00 -1.04838416e-06  1.04077542e-06  8.66383483e-13  7.60786964e-09  2.67550923e-22 
 1.07000000e+00  1.07000000e+00  0.00000000e+00 -1.08545880e-06  1.07752795e-06  1.43132454e-12  7.92941823e-09  2.01536417e-23 
 1.08000000e+00  1.08000000e+00  0.00000000e+00 -1.12385923e-06  1.11559354e-06  2.55159000e-12  8.26313534e-09  4.95940014e-22 
 1.09000000e+00  1.09000000e+00  0.00000000e+00 -1.16363497e-06  1.15502067e-06  4.85204121e-12  8.60944317e-09  1.65635648e-22 
 1.10000000e+00  1.10000000e+00  0.00000000e+00 -1.20483808e-06  1.19585971e-06  9.59521545e-12  8.96877767e-09  6.89807239e-23 
 1.11000000e+00  1.11000000e+00  0.00000000e+00 -1.24752375e-06  1.23816295e-06  1.92171404e-11  9.34158896e-09  3.62250178e-22 
 1.12000000e+00  1.12000000e+00  0.00000000e+00 -1.29175129e-06  1.28198473e-06  3.82139839e-11  9.72834177e-09  1.71196014e-21 
 1.13000000e+00  1.13000000e+00  0.00000000e+00 -1.33758556e-06  1.32738150e-06  7.45460924e-11  1.01295159e-08  4.33649436e-22 
 1.14000000e+00  1.14000000e+00  0.00000000e+00 -1.38509927e-06  1.37441189e-06  1.41774442e-10  1.05456067e-08  8.35659214e-22 
 1.15000000e+00  1.15000000e+00  0.00000000e+00 -1.43437614e-06  1.42313682e-06  2.62196068e-10  1.09771255e-08  1.08557116e-21 
 1.16000000e+00  1.16000000e+00  0.00000000e+00 -1.48551547e-06  1.47361958e-06  4.71296679e-10  1.14246002e-08  6.61124105e-22 
 1.17000000e+00  1.17000000e+00  0.00000000e+00 -1.53863837e-06  1.52592591e-06  8.23887061e-10  1.18885757e-08  2.35953270e-22 
 1.18000000e+00  1.18000000e+00  0.00000000e+00 -1.59389609e-06  1.58012414e-06  1.40233157e-09  1.23696144e-08  5.66618720e-22 
 1.19000000e+00  1.19000000e+00  0.00000000e+00 -1.65148085e-06  1.63628525e-06  2.32730870e-09  1.28682967e-08  1.50836385e-21 
 1.20000000e+00  1.20000000e+00  0.00000000e+00 -1.71163977e-06  1.69448298e-06  3.77156290e-09  1.33852220e-08  7.58524622e-22 
 0.00000000e+00  0.00000000e+00  2.00000000e-01  3.45631396e-11  3.45631396e-11  7.35933621e-14 -6.91998733e-11  7.13930712e-19 
 1.00000000e-02  1.00000000e-02  2.00000000e-01 -1.24760740e-06  1.24767238e-06  7.66599587e-14 -6.50501155e-11  3.98862090e-19 
 2.00000000e-02  2.00000000e-02  2.00000000e-01 -2.22765249e-06  2.22771365e-06  7.88592133e-14 -6.12426802e-11  5.15329872e-19 
 3.00000000e-02  3.00000000e-02  2.00000000e-01 -2.96953343e-06  2.96959111e-06  8.04718560e-14 -5.77604587e-11  8.05227756e-20 
 4.00000000e-02  4.00000000e-02  2.00000000e-01 -3.51839446e-06  3.51844897e-06  8.16940444e-14 -5.45870085e-11  2.35259795e-19 
 5.00000000e-02  5.00000000e-02  2.00000000e-01 -3.92742408e-06  3.92747570e-06  8.26600389e-14 -5.17065371e-11  3.32648151e-19 
 6.00000000e-02  6.00000000e-02  2.00000000e-01 -4.24569920e-06  4.24574822e-06  8.34596798e-14 -4.91038850e-11  1.61455140e-19 
 7.00000000e-02  7.00000000e-02  2.00000000e-01 -4.50977060e-06  4.50981728e-06  8.41529495e-14 -4.67645102e-11  6.54741883e-19 
 8.00000000e-02  8.00000000e-02  2.00000000e-01 -4.74314722e-06  4.74319181e-06  8.47807186e-14 -4.46744603e-11  4.56915165e-20 
 9.00000000e-02  9.00000000e-02  2.00000000e-01 -4.95989103e-06  4.95993377e-06  8.53715432e-14 -4.28203627e-11  5.71776515e-20 
 1.00000000e-01  1.00000000e-01  2.00000000e-01 -5.16827834e-06  5.16831944e-06  8.59457507e-14 -4.11893969e-11  3.73674083e-19 
 1.10000000e-01  1.10000000e-01  2.00000000e-01 -5.37326874e-06  5.37330842e-06  8.65180033e-14 -3.97692834e-11  2.89497580e-19 
 1.20000000e-01  1.20000000e-01  2.00000000e-01 -5.57794310e-06  5.57798156e-06  8.70990079e-14 -3.85482648e-11  1.16147279e-19 
 1.30000000e-01  1.30000000e-01  2.00000000e-01 -5.78430254e-06  5.78433997e-06  8.76967029e-14 -3.75150978e-11  2.31999502e-20 
 1.40000000e-01  1.40000000e-01  2.00000000e-01 -5.99371149e-06  5.99374806e-06  8.83170953e-14 -3.66590547e-11  9.59631665e-20 
 1.50000000e-01  1.50000000e-01  2.00000000e-01 -6.20714791e-06  6.20718379e-06  8.89648531e-14 -3.59699458e-11  9.31829771e-19 
 1.60000000e-01  1.60000000e-01  2.00000000e-01 -6.42534842e-06  6.42538377e-06  8.96437247e-14 -3.54382192e-11  1.50589460e-19 
 1.70000000e-01  1.70000000e-01  2.00000000e-01 -6.64889511e-06  6.64893008e-06  9.03568354e-14 -3.50552668e-11  3.44554942e-19 
 1.80000000e-01  1.80000000e-01  2.00000000e-01 -6.87826888e-06  6.87830361e-06  9.11068966e-14 -3.48144300e-11  7.00255263e-19 
 1.90000000e-01  1.90000000e-01  2.00000000e-01 -7.11388334e-06  7.11391795e-06  9.18963527e-14 -3.47063767e-11  6.74272867e-19 
 2.00000000e-01  2.00000000e-01  2.00000000e-01 -7.35610687e-06  7.35614142e-06  9.27274851e-14 -3.46457169e-11  3.99873840e-19 
 2.10000000e-01  2.10000000e-01  2.00000000e-01 -7.60527731e-06  7.60531172e-06  9.36024852e-14 -3.45034964e-11  1.89749298e-21 
 2.20000000e-01  2.20000000e-01  2.00000000e-01 -7.86171189e-06  7.86174603e-06  9.45235063e-14 -3.42368655e-11  4.90814059e-19 
 2.30000000e-01  2.30000000e-01  2.00000000e-01 -8.12571428e-06  8.12574802e-06  9.54926996e-14 -3.38310291e-11  5.32773226e-19 
 2.40000000e-01  2.40000000e-01  2.00000000e-01 -8.39757966e-06  8.39761284e-06  9.65122413e-14 -3.32751743e-11  2.65689593e-20 
 2.50000000e-01  2.50000000e-01  2.00000000e-01 -8.67759834e-06  8.67763080e-06  9.75843509e-14 -3.25590297e-11  1.04134925e-19 
 2.60000000e-01  2.60000000e-01  2.00000000e-01 -8.96605851e-06  8.96609008e-06  9.87113052e-14 -3.16721866e-11  1.45839817e-19 
 2.70000000e-01  2.70000000e-01  2.00000000e-01 -9.26324824e-06  9.26327875e-06  9.98954491e-14 -3.06038962e-11  3.16630259e-19 
 2.80000000e-01  2.80000000e-01  2.00000000e-01 -9.56945713e-06  9.56948637e-06  1.01139203e-13 -2.93429911e-11  4.81322155e-19 
 2.90000000e-01  2.90000000e-01  2.00000000e-01 -9.88497748e-06  9.88500525e-06  1.02445070e-13 -2.78778420e-11  8.13721857e-19 
 3.00000000e-01  3.00000000e-01  2.00000000e-01 -1.02101053e-05  1.02101314e-05  1.03815640e-13 -2.61963255e-11  2.54916307e-19 
 3.10000000e-01  3.10000000e-01  2.00000000e-01 -1.05451413e-05  1.05451655e-05  1.05253596e-13 -2.42858038e-11  2.83095092e-19 
 3.20000000e-01  3.20000000e-01  2.00000000e-01 -1.08903911e-05  1.08904132e-05  1.06761717e-13 -2.21330966e-11  2.20158025e-19 
 3.30000000e-01  3.30000000e-01  2.00000000e-01 -1.12461665e-05  1.12461861e-05  1.08342880e-13 -1.97244638e-11  1.76322494e-19 
 3.40000000e-01  3.40000000e-01  2.00000000e-01 -1.16127852e-05  1.16128022e-05  1.10000068e-13 -1.70455785e-11  2.83029469e-19 
 3.50000000e-01  3.50000000e-01  2.00000000e-01 -1.19905719e-05  1.19905859e-05  1.11736370e-13 -1.40815107e-11  7.64014112e-20 
 3.60000000e-01  3.60000000e-01  2.00000000e-01 -1.23798583e-05  1.23798690e-05  1.13554985e-13 -1.08166982e-11  1.83143114e-19 
 3.70000000e-01  3.70000000e-01  2.00000000e-01 -1.27809835e-05  1.27809906e-05  1.15459228e-13 -7.23492880e-12  2.41682693e-19 
 3.80000000e-01  3.80000000e-01  2.00000000e-01 -1.31942945e-05  1.31942977e-05  1.17452529e-13 -3.31931314e-12  3.52592928e-19 
 3.90000000e-01  3.90000000e-01  2.00000000e-01 -1.36201463e-05  1.36201452e-05  1.19538440e-13  9.47741018e-13  3.78735100e-19 
 4.00000000e-01  4.00000000e-01  2.00000000e-01 -1.40589023e-05  1.40588966e-05  1.21720638e-13  5.58455148e-12  7.00599800e-20 
 4.10000000e-01  4.10000000e-01  2.00000000e-01 -1.45109344e-05  1.45109237e-05  1.24002927e-13  1.06101889e-11  3.30408284e-20 
 4.20000000e-01  4.20000000e-01  2.00000000e-01 -1.49766237e-05  1.49766076e-05  1.26389245e-13  1.60445060e-11  2.81113905e-19 
 4.30000000e-01  4.30000000e-01  2.00000000e-01 -1.54563602e-05  1.54563382e-05  1.28883664e-13  2.19081628e-11  1.61178835e-19 
 4.40000000e-01  4.40000000e-01  2.00000000e-01 -1.59505434e-05  1.59505151e-05  1.31490398e-13  2.82226586e-11  1.06402498e-19 
 4.50000000e-01  4.50000000e-01  2.00000000e-01 -1.64595825e-05  1.64595473e-05  1.34213801e-13  3.50103601e-11  6.19233266e-20 
 4.60000000e-01  4.60000000e-01  2.00000000e-01 -1.69838964e-05  1.69838539e-05  1.37058380e-13  4.22945325e-11  5.50016931e-19 
 4.70000000e-01  4.70000000e-01  2.00000000e-01 -1.75239143e-05  1.75238641e-05  1.40028790e-13  5.00993743e-11  1.37235465e-20 
 4.80000000e-01  4.80000000e-01  2.00000000e-01 -1.80800759e-05  1.80800173e-05  1.43129844e-13  5.84500452e-11  1.92867425e-20 
 4.90000000e-01  4.90000000e-01  2.00000000e-01 -1.86528313e-05  1.86527638e-05  1.46366517e-13  6.73727051e-11  7.76516356e-20 
 5.00000000e-01  5.00000000e-01  2.00000000e-01 -1.92426417e-05  1.92425646e-05  1.49743948e-13  7.68945472e-11  2.56013989e-20 
 5.10000000e-01  5.10000000e-01  2.00000000e-01 -1.98499792e-05  1.98498920e-05  1.53267445e-13  8.70438357e-11  3.42946716e-19 
 5.20000000e-01  5.20000000e-01  2.00000000e-01 -2.04753275e-05  2.04752295e-05  1.56942492e-13  9.78499408e-11  2.44922735e-19 
 5.30000000e-01  5.30000000e-01  2.00000000e-01 -2.11191820e-05  2.11190725e-05  1.60774752e-13  1.09343383e-10  4.17747018e-19 
 5.40000000e-01  5.40000000e-01  2.00000000e-01 -2.17820499e-05  2.17819282e-05  1.64770072e-13  1.21555867e-10  6.15618919e-19 
 5.50000000e-01  5.50000000e-01  2.00000000e-01 -2.24644506e-05  2.24643159e-05  1.68934489e-13  1.34520326e-10  2.18322126e-19 
 5.60000000e-01  5.60000000e-01  2.00000000e-01 -2.31669160e-05  2.31667676e-05  1.73274231e-13  1.48270967e-10  2.38241552e-19 
 5.70000000e-01  5.70000000e-01  2.00000000e-01 -2.38899910e-05  2.38898280e-05  1.77795729e-13  1.62843310e-10  2.33546526e-19 
 5.80000000e-01  5.80000000e-01  2.00000000e-01 -2.46342334e-05  2.46340550e-05  1.82505616e-13  1.78274240e-10  1.82277594e-19 
 5.90000000e-01  5.90000000e-01  2.00000000e-01 -2.54002144e-05  2.54000196e-05  1.87410735e-13  1.94602046e-10  2.10278519e-19 
 6.00000000e-01  6.00000000e-01  2.00000000e-01 -2.61885190e-05  2.61883069e-05  1.92518146e-13  2.11866479e-10  1.55137339e-20 
 6.10000000e-01  6.10000000e-01  2.00000000e-01 -2.69997461e-05  2.69995158e-05  1.97835126e-13  2.30108795e-10  4.98140146e-19 
 6.20000000e-01  6.20000000e-01  2.00000000e-01 -2.78345093e-05  2.78342597e-05  2.03369181e-13  2.49371808e-10  2.43411565e-19 
 6.30000000e-01  6.30000000e-01  2.00000000e-01 -2.86934366e-05  2.86931667e-05  2.09128048e-13  2.69699948e-10  5.37519963e-19 
 6.40000000e-01  6.40000000e-01  2.00000000e-01 -2.95771712e-05  2.95768799e-05  2.15119701e-13  2.91139314e-10  2.74785270e-19 
 6.50000000e-01  6.50000000e-01  2.00000000e-01 -3.04863721e-05  3.04860581e-05  2.21352357e-13  3.13737726e-10  6.91792146e-20 
 6.60000000e-01  6.60000000e-01  2.00000000e-01 -3.14217136e-05  3.14213758e-05  2.27834482e-13  3.37544793e-10  1.01197222e-19 
 6.70000000e-01  6.70000000e-01  2.00000000e-01 -3.23838867e-05  3.23835238e-05  2.34574798e-13  3.62611967e-10  1.13422194e-21 
 6.80000000e-01  6.80000000e-01  2.00000000e-01 -3.33735989e-05  3.33732097e-05  2.41582288e-13  3.88992609e-10  1.15701951e-19 
 6.90000000e-01  6.90000000e-01  2.00000000e-01 -3.43915749e-05  3.43911580e-05  2.48866200e-13  4.16742052e-10  3.30413925e-19 
 7.00000000e-01  7.00000000e-01  2.00000000e-01 -3.54385569e-05  3.54381107e-05  2.56436057e-13  4.45917668e-10  1.32033446e-19 
 7.10000000e-01  7.10000000e-01  2.00000000e-01 -3.65153049e-05  3.65148281e-05  2.64301661e-13  4.76578940e-10  1.43243679e-19 
 7.20000000e-01  7.20000000e-01  2.00000000e-01 -3.76225977e-05  3.76220886e-05  2.72473101e-13  5.08787527e-10  1.59419244e-19 
 7.30000000e-01  7.30000000e-01  2.00000000e-01 -3.87612327e-05  3.87606898e-05  2.80960755e-13  5.42607345e-10  1.43083437e-19 
 7.40000000e-01  7.40000000e-01  2.00000000e-01 -3.99320269e-05  3.99314485e-05  2.89775301e-13  5.78104636e-10  1.45220434e-19 
 7.50000000e-01  7.50000000e-01  2.00000000e-01 -4.11358172e-05  4.11352016e-05  2.98927723e-13  6.15348050e-10  5.85568648e-19 
 7.60000000e-01  7.60000000e-01  2.00000000e-01 -4.23734609e-05  4.23728062e-05  3.08429313e-13  6.54408728e-10  5.74824310e-19 
 7.70000000e-01  7.70000000e-01  2.00000000e-01 -4.36458364e-05  4.36451407e-05  3.18291684e-13  6.95360375e-10  4.21242378e-19 
 7.80000000e-01  7.80000000e-01  2.00000000e-01 -4.49538433e-05  4.49531047e-05  3.28526770e-13  7.38279359e-10  7.18503911e-19 
 7.90000000e-01  7.90000000e-01  2.00000000e-01 -4.62984037e-05  4.62976201e-05  3.39146838e-13  7.83244791e-10  2.75277607e-19 
 8.00000000e-01  8.00000000e-01  2.00000000e-01 -4.76804620e-05  4.76796313e-05  3.50164491e-13  8.30338619e-10  1.75942306e-19 
 8.10000000e-01  8.10000000e-01  2.00000000e-01 -4.91009861e-05  4.91001061e-05  3.61592676e-13  8.79645721e-10  2.19218991e-19 
 8.20000000e-01  8.20000000e-01  2.00000000e-01 -5.05609677e-05  5.05600361e-05  3.73444689e-13  9.31254004e-10  7.56643175e-20 
 8.30000000e-01  8.30000000e-01  2.00000000e-01 -5.20614228e-05  5.20604371e-05  3.85734185e-13  9.85254504e-10  2.00890260e-19 
 8.40000000e-01  8.40000000e-01  2.00000000e-01 -5.36033926e-05  5.36023504e-05  3.98475181e-13  1.04174149e-09  1.18275054e-19 
 8.50000000e-01  8.50000000e-01  2.00000000e-01 -5.51879440e-05  5.51868428e-05  4.11682063e-13  1.10081256e-09  1.43918898e-19 
 8.60000000e-01  8.60000000e-01  2.00000000e-01 -5.68161705e-05  5.68150075e-05  4.25369594e-13  1.16256878e-09  4.35863936e-19 
 8.70000000e-01  8.70000000e-01  2.00000000e-01 -5.84891925e-05  5.84879649e-05  4.39552920e-13  1.22711475e-09  1.20457126e-20 
 8.80000000e-01  8.80000000e-01  2.00000000e-01 -6.02081580e-05  6.02068629e-05  4.54247575e-13  1.29455878e-09  1.22474045e-19 
 8.90000000e-01  8.90000000e-01  2.00000000e-01 -6.19742436e-05  6.19728782e-05  4.69469488e-13  1.36501295e-09  8.12794138e-20 
 9.00000000e-01  9.00000000e-01  2.00000000e-01 -6.37886553e-05  6.37872162e-05  4.85234991e-13  1.43859328e-09  2.27746739e-19 
 9.10000000e-01  9.10000000e-01  2.00000000e-01 -6.56526285e-05  6.56511126e-05  5.01560823e-13  1.51541985e-09  3.86755564e-19 
 9.20000000e-01  9.20000000e-01  2.00000000e-01 -6.75674297e-05  6.75658335e-05  5.18464135e-13  1.59561691e-09  4.71856541e-19 
 9.30000000e-01  9.30000000e-01  2.00000000e-01 -6.95343564e-05  6.95326765e-05  5.35962499e-13  1.67931302e-09  3.22290979e-19 
 9.40000000e-01  9.40000000e-01  2.00000000e-01 -7.15547386e-05  7.15529712e-05  7.61775294e-13  1.76664123e-09  8.68343238e-20 
 9.50000000e-01  9.50000000e-01  2.00000000e-01 -7.36299389e-05  7.36280800e-05  1.09903066e-12  1.85773918e-09  2.84276568e-19 
 9.60000000e-01  9.60000000e-01  2.00000000e-01 -7.57613537e-05  7.57593993e-05  1.59360727e-12  1.95274926e-09  2.42588980e-19 
 9.70000000e-01  9.70000000e-01  2.00000000e-01 -7.79504139e-05  7.79483597e-05  2.31324809e-12  2.05181879e-09  4.33679207e-19 
 9.80000000e-01  9.80000000e-01  2.00000000e-01 -8.01985857e-05  8.01964272e-05  3.35246267e-12  2.15510012e-09  6.17056967e-19 
 9.90000000e-01  9.90000000e-01  2.00000000e-01 -8.25073715e-05  8.25051039e-05  4.84216739e-12  2.26275089e-09  8.99197154e-20 
 1.00000000e+00  1.00000000e+00  2.00000000e-01 -8.48783106e-05  8.48759287e-05  6.96246410e-12  2.37493408e-09  4.55331175e-19 
 1.01000000e+00  1.01000000e+00  2.00000000e-01 -8.73129802e-05  8.73104784e-05  9.95947077e-12  2.49181829e-09  8.25017842e-20 
 1.02000000e+00  1.02000000e+00  2.00000000e-01 -8.98129960e-05  8.98103683e-05  1.41673522e-11  2.61357785e-09  1.86112704e-19 
 1.03000000e+00  1.03000000e+00  2.00000000e-01 -9.23800135e-05  9.23772531e-05  2.00369846e-11  2.74039303e-09  1.82640058e-19 
 1.04000000e+00  1.04000000e+00  2.00000000e-01 -9.50157286e-05  9.50128279e-05  2.81730364e-11  2.87245026e-09  3.72318120e-19 
 1.05000000e+00  1.05000000e+00  2.00000000e-01 -9.77218784e-05  9.77188290e-05  3.93816660e-11  3.00994225e-09  4.23449504e-19 
 1.06000000e+00  1.06000000e+00  2.00000000e-01 -1.00500242e-04  1.00497035e-04  5.47315442e-11  3.15306827e-09  6.41488730e-19 
 1.07000000e+00  1.07000000e+00  2.00000000e-01 -1.03352644e-04  1.03349266e-04  7.56315111e-11  3.30203432e-09  9.54469233e-20 
 1.08000000e+00  1.08000000e+00  2.00000000e-01 -1.06280949e-04  1.06277388e-04  1.03928897e-10  3.45705335e-09  1.71967696e-19 
 1.09000000e+00  1.09000000e+00  2.00000000e-01 -1.09287070e-04  1.09283310e-04  1.42033390e-10  3.61834548e-09  4.77272719e-19 
 1.10000000e+00  1.10000000e+00  2.00000000e-01 -1.12372967e-04  1.12368988e-04  1.93072333e-10  3.78613824e-09  1.90883352e-19 
 1.11000000e+00  1.11000000e+00  2.00000000e-01 -1.15540645e-04  1.15536423e-04  2.61084526e-10  3.96066680e-09  7.83076945e-19 
 1.12000000e+00  1.12000000e+00  2.00000000e-01 -1.18792157e-04  1.18787664e-04  3.51260970e-10  4.14217420e-09  3.05637446e-19 
 1.13000000e+00  1.13000000e+00  2.00000000e-01 -1.22129610e-04  1.22124809e-04  4.70242612e-10  4.33091161e-09  1.36439099e-19 
 1.14000000e+00  1.14000000e+00  2.00000000e-01 -1.25555157e-04  1.25550004e-04  6.26487020e-10  4.52713860e-09  4.53531549e-19 
 1.15000000e+00  1.15000000e+00  2.00000000e-01 -1.29071007e-04  1.29065445e-04  8.30718052e-10  4.73112338e-09  8.68855006e-20 
 1.16000000e+00  1.16000000e+00  2.00000000e-01 -1.32679420e-04  1.32673381e-04  1.09647509e-09  4.94314309e-09  1.85645799e-19 
 1.17000000e+00  1.17000000e+00  2.00000000e-01 -1.36382714e-04  1.36376109e-04  1.44078122e-09  5.16348408e-09  9.20784371e-20 
 1.18000000e+00  1.18000000e+00  2.00000000e-01 -1.40183261e-04  1.40175984e-04  1.88495305e-09  5.39244220e-09  2.03473609e-19 
 1.19000000e+00  1.19000000e+00  2.00000000e-01 -1.44083495e-04  1.44075409e-04  2.45557852e-09  5.63032310e-09  4.28463014e-20 
 1.20000000e+00  1.20000000e+00  2.00000000e-01 -1.48085909e-04  1.48076846e-04  3.18569323e-09  5.87744253e-09  9.12719360e-20 
 0.00000000e+00  0.00000000e+00  4.00000000e-01  2.43218419e-10  2.43218419e-10  4.16199678e-13 -4.86853039e-10  6.44948890e-19 
 1.00000000e-02  1.00000000e-02  4.00000000e-01 -5.85150982e-05  5.85155687e-05  4.23175763e-13 -4.70953759e-10  4.88042800e-19 
 2.00000000e-02  2.00000000e-02  4.00000000e-01 -1.08824584e-04  1.08825040e-04  4.30647800e-13 -4.55825017e-10  1.72105869e-18 
 3.00000000e-02  3.00000000e-02  4.00000000e-01 -1.51363858e-04  1.51364299e-04  4.39109941e-13 -4.41512477e-10  6.88441466e-19 
 4.00000000e-02  4.00000000e-02  4.00000000e-01 -1.86732062e-04  1.86732489e-04  4.49023752e-13 -4.28013647e-10  6.63214572e-19 
 5.00000000e-02  5.00000000e-02  4.00000000e-01 -2.15696357e-04  2.15696772e-04  4.60812549e-13 -4.15300589e-10  1.13012339e-18 
 6.00000000e-02  6.00000000e-02  4.00000000e-01 -2.39202527e-04  2.39202930e-04  4.74815133e-13 -4.03341276e-10  5.00557214e-19 
 7.00000000e-02  7.00000000e-02  4.00000000e-01 -2.58324119e-04  2.58324511e-04  4.91224136e-13 -3.92103139e-10  5.46840738e-19 
 8.00000000e-02  8.00000000e-02  4.00000000e-01 -2.74140179e-04  2.74140560e-04  5.10059400e-13 -3.81553402e-10  9.09642406e-19 
 9.00000000e-02  9.00000000e-02  4.00000000e-01 -2.87600832e-04  2.87601203e-04  5.31204067e-13 -3.71659503e-10  5.70245806e-19 
 1.00000000e-01  1.00000000e-01  4.00000000e-01 -2.99451454e-04  2.99451815e-04  5.54476226e-13 -3.62389746e-10  8.10762778e-19 
 1.10000000e-01  1.10000000e-01  4.00000000e-01 -3.10230198e-04  3.10230551e-04  5.79690766e-13 -3.53713793e-10  4.33157295e-20 
 1.20000000e-01  1.20000000e-01  4.00000000e-01 -3.20307166e-04  3.20307511e-04  6.06691840e-13 -3.45602869e-10  2.76916647e-19 
 1.30000000e-01  1.30000000e-01  4.00000000e-01 -3.29931689e-04  3.29932026e-04  6.35361625e-13 -3.38029741e-10  7.97534539e-19 
 1.40000000e-01  1.40000000e-01  4.00000000e-01 -3.39271501e-04  3.39271832e-04  6.65617220e-13 -3.30968585e-10  3.52514045e-19 
 1.50000000e-01  1.50000000e-01  4.00000000e-01 -3.48440618e-04  3.48440942e-04  6.97403848e-13 -3.24394867e-10  5.58590346e-19 
 1.60000000e-01  1.60000000e-01  4.00000000e-01 -3.57517838e-04  3.57518155e-04  7.30688096e-13 -3.18285210e-10  8.50568060e-19 
 1.70000000e-01  1.70000000e-01  4.00000000e-01 -3.66558700e-04  3.66559012e-04  7.65452387e-13 -3.12617290e-10  2.01476903e-19 
 1.80000000e-01  1.80000000e-01  4.00000000e-01 -3.75603169e-04  3.75603475e-04  8.01690809e-13 -3.07369765e-10  4.97952879e-19 
 1.90000000e-01  1.90000000e-01  4.00000000e-01 -3.84680591e-04  3.84680893e-04  8.39406074e-13 -3.02522205e-10  5.50934928e-20 
 2.00000000e-01  2.00000000e-01  4.00000000e-01 -3.93812951e-04  3.93813249e-04  8.78607318e-13 -2.98055036e-10  2.34909121e-19 
 2.10000000e-01  2.10000000e-01  4.00000000e-01 -4.03017026e-04  4.03017319e-04  9.19308526e-13 -2.93949497e-10  4.93174822e-19 
 2.20000000e-01  2.20000000e-01  4.00000000e-01 -4.12305847e-04  4.12306136e-04  9.61527383e-13 -2.90187598e-10  8.46358803e-20 
 2.30000000e-01  2.30000000e-01  4.00000000e-01 -4.21689702e-04  4.21689988e-04  1.00528444e-12 -2.86752090e-10  3.87875580e-19 
 2.40000000e-01  2.40000000e-01  4.00000000e-01 -4.31176839e-04  4.31177121e-04  1.05060251e-12 -2.83626429e-10  1.92175341e-19 
 2.50000000e-01  2.50000000e-01  4.00000000e-01 -4.40773961e-04  4.40774241e-04  1.09750616e-12 -2.80794749e-10  4.75986578e-19 
 2.60000000e-01  2.60000000e-01  4.00000000e-01 -4.50486590e-04  4.50486867e-04  1.14602143e-12 -2.78241833e-10  2.19794071e-19 
 2.70000000e-01  2.70000000e-01  4.00000000e-01 -4.60319324e-04  4.60319599e-04  1.19617550e-12 -2.75953094e-10  3.35923057e-20 
 2.80000000e-01  2.80000000e-01  4.00000000e-01 -4.70276036e-04  4.70276309e-04  1.24799655e-12 -2.73914544e-10  8.16946521e-19 
 2.90000000e-01  2.90000000e-01  4.00000000e-01 -4.80360019e-04  4.80360290e-04  1.30151352e-12 -2.72112775e-10  7.98861750e-19 
 3.00000000e-01  3.00000000e-01  4.00000000e-01 -4.90574097e-04  4.90574366e-04  1.35675603e-12 -2.70534946e-10  6.89583839e-19 
 3.10000000e-01  3.10000000e-01  4.00000000e-01 -5.00920708e-04  5.00920976e-04  1.41375428e-12 -2.69168752e-10  2.41538879e-18 
 3.20000000e-01  3.20000000e-01  4.00000000e-01 -5.11401974e-04  5.11402241e-04  1.47253894e-12 -2.68002412e-10  1.03313740e-18 
 3.30000000e-01  3.30000000e-01  4.00000000e-01 -5.22019751e-04  5.22020017e-04  1.53314107e-12 -2.67024672e-10  1.62159137e-19 
 3.40000000e-01  3.40000000e-01  4.00000000e-01 -5.32775669e-04  5.32775933e-04  1.59559211e-12 -2.66224790e-10  3.96343657e-19 
 3.50000000e-01  3.50000000e-01  4.00000000e-01 -5.43671163e-04  5.43671427e-04  1.65992377e-12 -2.65592567e-10  1.46233211e-18 
 3.60000000e-01  3.60000000e-01  4.00000000e-01 -5.54707505e-04  5.54707768e-04  1.72616804e-12 -2.65118432e-10  2.19010590e-19 
 3.70000000e-01  3.70000000e-01  4.00000000e-01 -5.65885819e-04  5.65886082e-04  1.79435710e-12 -2.64793777e-10  9.33989053e-20 
 3.80000000e-01  3.80000000e-01  4.00000000e-01 -5.77207102e-04  5.77207365e-04  1.86452335e-12 -2.64611930e-10  9.26055109e-19 
 3.90000000e-01  3.90000000e-01  4.00000000e-01 -5.88672236e-04  5.88672499e-04  1.93669932e-12 -2.64563556e-10  1.48010004e-18 
 4.00000000e-01  4.00000000e-01  4.00000000e-01 -6.00282002e-04  6.00282264e-04  2.01091768e-12 -2.64563257e-10  6.62577314e-19 
 4.10000000e-01  4.10000000e-01  4.00000000e-01 -6.12037087e-04  6.12037349e-04  2.08721121e-12 -2.64482076e-10  7.06474590e-19 
 4.20000000e-01  4.20000000e-01  4.00000000e-01 -6.23938095e-04  6.23938357e-04  2.16561277e-12 -2.64277157e-10  2.71032053e-20 
 4.30000000e-01  4.30000000e-01  4.00000000e-01 -6.35985551e-04  6.35985813e-04  2.24615529e-12 -2.63933702e-10  6.59442396e-19 
 4.40000000e-01  4.40000000e-01  4.00000000e-01 -6.48179911e-04  6.48180173e-04  2.32887176e-12 -2.63440894e-10  7.22703340e-19 
 4.50000000e-01  4.50000000e-01  4.00000000e-01 -6.60521563e-04  6.60521824e-04  2.41379518e-12 -2.62788463e-10  5.45863533e-19 
 4.60000000e-01  4.60000000e-01  4.00000000e-01 -6.73010833e-04  6.73011092e-04  2.50095858e-12 -2.61965994e-10  3.72388421e-19 
 4.70000000e-01  4.70000000e-01  4.00000000e-01 -6.85647989e-04  6.85648247e-04  2.59039499e-12 -2.60962736e-10  9.43551639e-19 
 4.80000000e-01  4.80000000e-01  4.00000000e-01 -6.98433245e-04  6.98433503e-04  2.68213742e-12 -2.59767523e-10  7.89272152e-19 
 4.90000000e-01  4.90000000e-01  4.00000000e-01 -7.11366765e-04  7.11367020e-04  2.77621886e-12 -2.58368721e-10  8.06135389e-19 
 5.00000000e-01  5.00000000e-01  4.00000000e-01 -7.24448660e-04  7.24448914e-04  2.87267227e-12 -2.56754210e-10  7.50043662e-19 
 5.10000000e-01  5.10000000e-01  4.00000000e-01 -7.37679001e-04  7.37679253e-04  2.97153054e-12 -2.54911347e-10  4.69947271e-19 
 5.20000000e-01  5.20000000e-01  4.00000000e-01 -7.51057810e-04  7.51058060e-04  3.07282650e-12 -2.52826954e-10  1.07788429e-18 
 5.30000000e-01  5.30000000e-01  4.00000000e-01 -7.64585072e-04  7.64585319e-04  3.17659294e-12 -2.50487285e-10  1.67003578e-19 
 5.40000000e-01  5.40000000e-01  4.00000000e-01 -7.78260730e-04  7.78260975e-04  3.28286251e-12 -2.47878020e-10  6.18066619e-19 
 5.50000000e-01  5.50000000e-01  4.00000000e-01 -7.92084694e-04  7.92084935e-04  3.39166782e-12 -2.44984225e-10  6.34772229e-19 
 5.60000000e-01  5.60000000e-01  4.00000000e-01 -8.06056836e-04  8.06057074e-04  3.50304135e-12 -2.41790337e-10  1.12588413e-18 
 5.70000000e-01  5.70000000e-01  4.00000000e-01 -8.20176998e-04  8.20177233e-04  3.61701546e-12 -2.38280144e-10  7.90841663e-19 
 5.80000000e-01  5.80000000e-01  4.00000000e-01 -8.34444991e-04  8.34445222e-04  3.73362242e-12 -2.34436758e-10  3.10629072e-18 
 5.90000000e-01  5.90000000e-01  4.00000000e-01 -8.48860601e-04  8.48860827e-04  3.85289434e-12 -2.30242589e-10  2.21012667e-19 
 6.00000000e-01  6.00000000e-01  4.00000000e-01 -8.63423584e-04  8.63423806e-04  3.97486322e-12 -2.25679316e-10  6.24620705e-19 
 6.10000000e-01  6.10000000e-01  4.00000000e-01 -8.78133677e-04  8.78133894e-04  4.09956088e-12 -2.20727870e-10  3.42394974e-19 
 6.20000000e-01  6.20000000e-01  4.00000000e-01 -8.92990596e-04  8.92990807e-04  4.22701902e-12 -2.15368398e-10  1.40851064e-18 
 6.30000000e-01  6.30000000e-01  4.00000000e-01 -9.07994038e-04  9.07994243e-04  4.35726916e-12 -2.09580244e-10  7.09457489e-19 
 6.40000000e-01  6.40000000e-01  4.00000000e-01 -9.23143685e-04  9.23143884e-04  4.49034268e-12 -2.03341905e-10  1.18441968e-19 
 6.50000000e-01  6.50000000e-01  4.00000000e-01 -9.38439208e-04  9.38439400e-04  4.62627076e-12 -1.96631017e-10  9.03089998e-19 
 6.60000000e-01  6.60000000e-01  4.00000000e-01 -9.53880266e-04  9.53880451e-04  4.76508441e-12 -1.89424317e-10  2.50078440e-19 
 6.70000000e-01  6.70000000e-01  4.00000000e-01 -9.69466513e-04  9.69466689e-04  4.90681447e-12 -1.81697607e-10  6.68367032e-20 
 6.80000000e-01  6.80000000e-01  4.00000000e-01 -9.85197598e-04  9.85197766e-04  5.05149158e-12 -1.73425725e-10  1.10374052e-18 
 6.90000000e-01  6.90000000e-01  4.00000000e-01 -1.00107317e-03  1.00107333e-03  5.19914618e-12 -1.64582517e-10  8.16454556e-19 
 7.00000000e-01  7.00000000e-01  4.00000000e-01 -1.01709288e-03  1.01709303e-03  5.34980853e-12 -1.55140787e-10  2.64500962e-19 
 7.10000000e-01  7.10000000e-01  4.00000000e-01 -1.03325638e-03  1.03325652e-03  5.50350868e-12 -1.45072276e-10  4.28859849e-19 
 7.20000000e-01  7.20000000e-01  4.00000000e-01 -1.04956334e-03  1.04956347e-03  5.66027646e-12 -1.34347610e-10  4.79590127e-19 
 7.30000000e-01  7.30000000e-01  4.00000000e-01 -1.06601344e-03  1.06601356e-03  5.82014150e-12 -1.22936275e-10  1.04866323e-18 
 7.40000000e-01  7.40000000e-01  4.00000000e-01 -1.08260636e-03  1.08260647e-03  5.98313322e-12 -1.10806564e-10  4.12969590e-20 
 7.50000000e-01  7.50000000e-01  4.00000000e-01 -1.09934182e-03  1.09934191e-03  6.14928082e-12 -9.79255496e-11  7.83673622e-19 
 7.60000000e-01  7.60000000e-01  4.00000000e-01 -1.11621955e-03  1.11621963e-03  6.31861328e-12 -8.42590208e-11  7.50048397e-19 
 7.70000000e-01  7.70000000e-01  4.00000000e-01 -1.13323931e-03  1.13323938e-03  6.49115937e-12 -6.97714629e-11  6.72571152e-19 
 7.80000000e-01  7.80000000e-01  4.00000000e-01 -1.15040089e-03  1.15040093e-03  6.66694760e-12 -5.44259915e-11  1.07406908e-18 
 7.90000000e-01  7.90000000e-01  4.00000000e-01 -1.16770409e-03  1.16770413e-03  6.84600630e-12 -3.81843186e-11  1.01599963e-19 
 8.00000000e-01  8.00000000e-01  4.00000000e-01 -1.18514879e-03  1.18514881e-03  7.02836353e-12 -2.10066981e-11  4.00341291e-19 
 8.10000000e-01  8.10000000e-01  4.00000000e-01 -1.20273487e-03  1.20273487e-03  7.21404716e-12 -2.85187499e-12  1.20845088e-18 
 8.20000000e-01  8.20000000e-01  4.00000000e-01 -1.22046227e-03  1.22046225e-03  7.40308480e-12  1.63229647e-11  1.16085901e-18 
 8.30000000e-01  8.30000000e-01  4.00000000e-01 -1.23833097e-03  1.23833093e-03  7.59550383e-12  3.65622480e-11  1.55901581e-18 
 8.40000000e-01  8.40000000e-01  4.00000000e-01 -1.25634101e-03  1.25634094e-03  7.79133142e-12  5.79120710e-11  4.00256216e-19 
 8.50000000e-01  8.50000000e-01  4.00000000e-01 -1.27449247e-03  1.27449238e-03  7.99059448e-12  8.04202538e-11  6.16267858e-19 
 8.60000000e-01  8.60000000e-01  4.00000000e-01 -1.29278549e-03  1.29278537e-03  8.19331971e-12  1.04136399e-10  4.41074746e-19 
 8.70000000e-01  8.70000000e-01  4.00000000e-01 -1.31122027e-03  1.31122013e-03  8.39953357e-12  1.29111962e-10  7.68950513e-19 
 8.80000000e-01  8.80000000e-01  4.00000000e-01 -1.32979707e-03  1.32979691e-03  8.60926229e-12  1.55400292e-10  2.05273676e-18 
 8.90000000e-01  8.90000000e-01  4.00000000e-01 -1.34851623e-03  1.34851604e-03  8.82253186e-12  1.83056729e-10  1.75923805e-19 
 9.00000000e-01  9.00000000e-01  4.00000000e-01 -1.36737814e-03  1.36737791e-03  9.03936804e-12  2.12138637e-10  1.90813927e-18 
 9.10000000e-01  9.10000000e-01  4.00000000e-01 -1.38638326e-03  1.38638301e-03  9.25979637e-12  2.42705498e-10  1.16566465e-19 
 9.20000000e-01  9.20000000e-01  4.00000000e-01 -1.40553216e-03  1.40553187e-03  9.48384216e-12  2.74818968e-10  8.00676253e-19 
 9.30000000e-01  9.30000000e-01  4.00000000e-01 -1.42482544e-03  1.42482512e-03  9.71153049e-12  3.08542959e-10  1.43121777e-18 
 9.40000000e-01  9.40000000e-01  4.00000000e-01 -1.44426380e-03  1.44426345e-03  9.94288622e-12  3.43943714e-10  1.16338343e-18 
 9.50000000e-01  9.50000000e-01  4.00000000e-01 -1.46384804e-03  1.46384765e-03  1.01779340e-11  3.81089874e-10  3.90570125e-19 
 9.60000000e-01  9.60000000e-01  4.00000000e-01 -1.48357902e-03  1.48357859e-03  1.04166982e-11  4.20052580e-10  2.78740171e-19 
 9.70000000e-01  9.70000000e-01  4.00000000e-01 -1.50345770e-03  1.50345723e-03  1.06592030e-11  4.60905532e-10  5.66674309e-19 
 9.80000000e-01  9.80000000e-01  4.00000000e-01 -1.52348513e-03  1.52348461e-03  1.09054724e-11  5.03725098e-10  1.01390808e-18 
 9.90000000e-01  9.90000000e-01  4.00000000e-01 -1.54366245e-03  1.54366189e-03  1.11555302e-11  5.48590381e-10  1.60108062e-19 
 1.00000000e+00  1.00000000e+00  4.00000000e-01 -1.56399089e-03  1.56399028e-03  1.32439939e-11  5.95583328e-10  3.69979065e-19 
 1.01000000e+00  1.01000000e+00  4.00000000e-01 -1.58447180e-03  1.58447114e-03  1.87466716e-11  6.44788814e-10  7.00894231e-19 
 1.02000000e+00  1.02000000e+00  4.00000000e-01 -1.60510661e-03  1.60510589e-03  2.65902988e-11  6.96294739e-10  1.55417401e-19 
 1.03000000e+00  1.03000000e+00  4.00000000e-01 -1.62589684e-03  1.62589605e-03  3.76929653e-11  7.50192139e-10  1.48316496e-18 
 1.04000000e+00  1.04000000e+00  4.00000000e-01 -1.64684414e-03  1.64684328e-03  5.33013852e-11  8.06575273e-10  6.73345459e-19 
 1.05000000e+00  1.05000000e+00  4.00000000e-01 -1.66795025e-03  1.66794930e-03  7.50973372e-11  8.65541744e-10  1.07876788e-18 
 1.06000000e+00  1.06000000e+00  4.00000000e-01 -1.68921700e-03  1.68921597e-03  1.05334956e-10  9.27192601e-10  1.45892131e-18 
 1.07000000e+00  1.07000000e+00  4.00000000e-01 -1.71064637e-03  1.71064523e-03  1.47016762e-10  9.91632456e-10  8.33061867e-19 
 1.08000000e+00  1.08000000e+00  4.00000000e-01 -1.73224042e-03  1.73223915e-03  2.04118045e-10  1.05896960e-09  1.15044869e-18 
 1.09000000e+00  1.09000000e+00  4.00000000e-01 -1.75400131e-03  1.75399990e-03  2.81871290e-10  1.12931612e-09  1.91014842e-18 
 1.10000000e+00  1.10000000e+00  4.00000000e-01 -1.77593135e-03  1.77592976e-03  3.87124738e-10  1.20278802e-09  2.06288076e-18 
 1.11000000e+00  1.11000000e+00  4.00000000e-01 -1.79803293e-03  1.79803112e-03  5.28792016e-10  1.27950538e-09  1.10504413e-18 
 1.12000000e+00  1.12000000e+00  4.00000000e-01 -1.82030857e-03  1.82030650e-03  7.18413103e-10  1.35959244e-09  9.08393412e-19 
 1.13000000e+00  1.13000000e+00  4.00000000e-01 -1.84276092e-03  1.84275850e-03  9.70850692e-10  1.44317777e-09  2.10311084e-19 
 1.14000000e+00  1.14000000e+00  4.00000000e-01 -1.86539271e-03  1.86538988e-03  1.30515048e-09  1.53039440e-09  4.16117343e-19 
 1.15000000e+00  1.15000000e+00  4.00000000e-01 -1.88820683e-03  1.88820347e-03  1.74559902e-09  1.62137997e-09  1.06992338e-18 
 1.16000000e+00  1.16000000e+00  4.00000000e-01 -1.91120628e-03  1.91120224e-03  2.32301851e-09  1.71627686e-09  1.26136441e-18 
 1.17000000e+00  1.17000000e+00  4.00000000e-01 -1.93439417e-03  1.93438928e-03  3.07634474e-09  1.81523238e-09  6.64180537e-19 
 1.18000000e+00  1.18000000e+00  4.00000000e-01 -1.95777376e-03  1.95776779e-03  4.05454174e-09  1.91839890e-09  9.04172930e-19 
 1.19000000e+00  1.19000000e+00  4.00000000e-01 -1.98134841e-03  1.98134107e-03  5.31891529e-09  2.02593402e-09  1.39892289e-18 
 1.20000000e+00  1.20000000e+00  4.00000000e-01 -2.00512164e-03  2.00511256e-03  6.94589725e-09  2.13800074e-09  2.73573444e-19 
 0.00000000e+00  0.00000000e+00  6.00000000e-01  1.35086593e-09  1.35086593e-09  9.03266229e-12 -2.71076452e-09  5.69706761e-19 
 1.00000000e-02  1.00000000e-02  6.00000000e-01 -2.22760884e-04  2.22763543e-04  9.18796142e-12 -2.66806757e-09  9.22615186e-20 
 2.00000000e-02  2.00000000e-02  6.00000000e-01 -4.33325661e-04  4.33328275e-04  9.34709980e-12 -2.62397295e-09  6.01087656e-19 
 3.00000000e-02  3.00000000e-02  6.00000000e-01 -6.31944007e-04  6.31946579e-04  9.51059542e-12 -2.58108789e-09  4.16981210e-19 
 4.00000000e-02  4.00000000e-02  6.00000000e-01 -8.18888332e-04  8.18890863e-04  9.67893070e-12 -2.54018066e-09  1.33127791e-18 
 5.00000000e-02  5.00000000e-02  6.00000000e-01 -9.94432552e-04  9.94435044e-04  9.85258830e-12 -2.50126000e-09  2.54019792e-18 
 6.00000000e-02  6.00000000e-02  6.00000000e-01 -1.15884364e-03  1.15884609e-03  1.00320811e-11 -2.46423628e-09  2.71940234e-19 
 7.00000000e-02  7.00000000e-02  6.00000000e-01 -1.31237850e-03  1.31238092e-03  1.02179786e-11 -2.42902384e-09  9.15527476e-19 
 8.00000000e-02  8.00000000e-02  6.00000000e-01 -1.45528440e-03  1.45528678e-03  1.04109305e-11 -2.39555123e-09  3.64941961e-19 
 9.00000000e-02  9.00000000e-02  6.00000000e-01 -1.58780261e-03  1.58780496e-03  1.06116867e-11 -2.36375936e-09  1.04139381e-18 
 1.00000000e-01  1.00000000e-01  6.00000000e-01 -1.71017601e-03  1.71017833e-03  1.08211113e-11 -2.33359912e-09  3.37914153e-19 
 1.10000000e-01  1.10000000e-01  6.00000000e-01 -1.82266164e-03  1.82266393e-03  1.10401847e-11 -2.30502940e-09  1.71130823e-19 
 1.20000000e-01  1.20000000e-01  6.00000000e-01 -1.92554895e-03  1.92555122e-03  1.12699866e-11 -2.27801520e-09  5.19907310e-19 
 1.30000000e-01  1.30000000e-01  6.00000000e-01 -2.01918360e-03  2.01918584e-03  1.15116512e-11 -2.25252546e-09  7.12817901e-19 
 1.40000000e-01  1.40000000e-01  6.00000000e-01 -2.10399372e-03  2.10399594e-03  1.17662886e-11 -2.22853020e-09  3.07814288e-19 
 1.50000000e-01  1.50000000e-01  6.00000000e-01 -2.18051254e-03  2.18051474e-03  1.20348787e-11 -2.20599722e-09  2.22223298e-18 
 1.60000000e-01  1.60000000e-01  6.00000000e-01 -2.24938806e-03  2.24939023e-03  1.23181559e-11 -2.18488875e-09  1.03651068e-18 
 1.70000000e-01  1.70000000e-01  6.00000000e-01 -2.31137195e-03  2.31137410e-03  1.26165187e-11 -2.16515915e-09  1.46089336e-18 
 1.80000000e-01  1.80000000e-01  6.00000000e-01 -2.36728604e-03  2.36728817e-03  1.29299947e-11 -2.14675422e-09  7.40061482e-20 
 1.90000000e-01  1.90000000e-01  6.00000000e-01 -2.41797373e-03  2.41797585e-03  1.32582731e-11 -2.12961244e-09  7.18877567e-19 
 2.00000000e-01  2.00000000e-01  6.00000000e-01 -2.46424968e-03  2.46425178e-03  1.36007898e-11 -2.11366769e-09  3.40400599e-18 
 2.10000000e-01  2.10000000e-01  6.00000000e-01 -2.50685986e-03  2.50686194e-03  1.39568339e-11 -2.09885228e-09  4.95124627e-21 
 2.20000000e-01  2.20000000e-01  6.00000000e-01 -2.54645811e-03  2.54646019e-03  1.43256458e-11 -2.08509970e-09  7.68202342e-19 
 2.30000000e-01  2.30000000e-01  6.00000000e-01 -2.58359867e-03  2.58360072e-03  1.47064897e-11 -2.07234645e-09  6.48502815e-19 
 2.40000000e-01  2.40000000e-01  6.00000000e-01 -2.61874013e-03  2.61874217e-03  1.50986980e-11 -2.06053314e-09  5.30410165e-19 
 2.50000000e-01  2.50000000e-01  6.00000000e-01 -2.65225600e-03  2.65225803e-03  1.55016913e-11 -2.04960477e-09  6.63920127e-19 
 2.60000000e-01  2.60000000e-01  6.00000000e-01 -2.68444762e-03  2.68444964e-03  1.59149828e-11 -2.03951074e-09  1.82478863e-18 
 2.70000000e-01  2.70000000e-01  6.00000000e-01 -2.71555699e-03  2.71555901e-03  1.63381733e-11 -2.03020449e-09  2.55202089e-19 
 2.80000000e-01  2.80000000e-01  6.00000000e-01 -2.74577835e-03  2.74578035e-03  1.67709416e-11 -2.02164308e-09  1.89004642e-18 
 2.90000000e-01  2.90000000e-01  6.00000000e-01 -2.77526781e-03  2.77526980e-03  1.72130339e-11 -2.01378685e-09  7.93489908e-19 
 3.00000000e-01  3.00000000e-01  6.00000000e-01 -2.80415131e-03  2.80415330e-03  1.76642532e-11 -2.00659895e-09  1.19464940e-18 
 3.10000000e-01  3.10000000e-01  6.00000000e-01 -2.83253093e-03  2.83253292e-03  1.81244499e-11 -2.00004505e-09  6.57173736e-20 
 3.20000000e-01  3.20000000e-01  6.00000000e-01 -2.86048985e-03  2.86049182e-03  1.85935137e-11 -1.99409299e-09  6.93069484e-19 
 3.30000000e-01  3.30000000e-01  6.00000000e-01 -2.88809621e-03  2.88809818e-03  1.90713667e-11 -1.98871261e-09  1.54617211e-18 
 3.40000000e-01  3.40000000e-01  6.00000000e-01 -2.91540622e-03  2.91540818e-03  1.95579579e-11 -1.98387549e-09  1.51681025e-18 
 3.50000000e-01  3.50000000e-01  6.00000000e-01 -2.94246646e-03  2.94246842e-03  2.00532587e-11 -1.97955474e-09  1.60867651e-18 
 3.60000000e-01  3.60000000e-01  6.00000000e-01 -2.96931582e-03  2.96931777e-03  2.05572589e-11 -1.97572495e-09  1.43188467e-19 
 3.70000000e-01  3.70000000e-01  6.00000000e-01 -2.99598689e-03  2.99598884e-03  2.10699640e-11 -1.97236199e-09  2.29310680e-18 
 3.80000000e-01  3.80000000e-01  6.00000000e-01 -3.02250719e-03  3.02250913e-03  2.15913928e-11 -1.96944294e-09  8.94176727e-19 
 3.90000000e-01  3.90000000e-01  6.00000000e-01 -3.04890002e-03  3.04890197e-03  2.21215748e-11 -1.96694598e-09  1.47217137e-18 
 4.00000000e-01  4.00000000e-01  6.00000000e-01 -3.07518526e-03  3.07518721e-03  2.26605494e-11 -1.96485034e-09  1.08251302e-18 
 4.10000000e-01  4.10000000e-01  6.00000000e-01 -3.10137993e-03  3.10138187e-03  2.32083642e-11 -1.96313621e-09  3.34752719e-18 
 4.20000000e-01  4.20000000e-01  6.00000000e-01 -3.12749863e-03  3.12750057e-03  2.37650736e-11 -1.96178468e-09  1.33672728e-18 
 4.30000000e-01  4.30000000e-01  6.00000000e-01 -3.15355401e-03  3.15355595e-03  2.43307387e-11 -1.96077770e-09  7.97485959e-20 
 4.40000000e-01  4.40000000e-01  6.00000000e-01 -3.17955700e-03  3.17955894e-03  2.49054259e-11 -1.96009804e-09  8.12328468e-19 
 4.50000000e-01  4.50000000e-01  6.00000000e-01 -3.20551714e-03  3.20551907e-03  2.54892064e-11 -1.95972923e-09  1.57498599e-18 
 4.60000000e-01  4.60000000e-01  6.00000000e-01 -3.23144273e-03  3.23144466e-03  2.60821561e-11 -1.95965553e-09  3.15927102e-18 
 4.70000000e-01  4.70000000e-01  6.00000000e-01 -3.25734105e-03  3.25734298e-03  2.66843548e-11 -1.95986189e-09  3.90559388e-19 
 4.80000000e-01  4.80000000e-01  6.00000000e-01 -3.28321849e-03  3.28322042e-03  2.72958859e-11 -1.96033393e-09  9.82643480e-19 
 4.90000000e-01  4.90000000e-01  6.00000000e-01 -3.30908068e-03  3.30908262e-03  2.79168364e-11 -1.96105789e-09  6.27770761e-20 
 5.00000000e-01  5.00000000e-01  6.00000000e-01 -3.33493260e-03  3.33493453e-03  2.85472964e-11 -1.96202063e-09  1.64280058e-18 
 5.10000000e-01  5.10000000e-01  6.00000000e-01 -3.36077864e-03  3.36078057e-03  2.91873588e-11 -1.96320960e-09  3.62841238e-19 
 5.20000000e-01  5.20000000e-01  6.00000000e-01 -3.38662270e-03  3.38662463e-03  2.98371194e-11 -1.96461279e-09  3.31145493e-19 
 5.30000000e-01  5.30000000e-01  6.00000000e-01 -3.41246825e-03  3.41247019e-03  3.04966769e-11 -1.96621875e-09  1.35572291e-18 
 5.40000000e-01  5.40000000e-01  6.00000000e-01 -3.43831837e-03  3.43832031e-03  3.11661321e-11 -1.96801660e-09  9.34900686e-19 
 5.50000000e-01  5.50000000e-01  6.00000000e-01 -3.46417583e-03  3.46417776e-03  3.18455887e-11 -1.96999598e-09  1.69937426e-18 
 5.60000000e-01  5.60000000e-01  6.00000000e-01 -3.49004306e-03  3.49004500e-03  3.25351525e-11 -1.97214722e-09  1.74807434e-18 
 5.70000000e-01  5.70000000e-01  6.00000000e-01 -3.51592229e-03  3.51592423e-03  3.32349318e-11 -1.97446163e-09  3.79729422e-18 
 5.80000000e-01  5.80000000e-01  6.00000000e-01 -3.54181547e-03  3.54181741e-03  3.39450371e-11 -1.97693245e-09  2.24089548e-19 
 5.90000000e-01  5.90000000e-01  6.00000000e-01 -3.56772438e-03  3.56772632e-03  3.46655811e-11 -1.97955029e-09  8.81761479e-20 
 6.00000000e-01  6.00000000e-01  6.00000000e-01 -3.59365061e-03  3.59365256e-03  3.53966787e-11 -1.98222973e-09  2.65316982e-18 
 6.10000000e-01  6.10000000e-01  6.00000000e-01 -3.61959560e-03  3.61959754e-03  3.61384471e-11 -1.98484178e-09  3.66641924e-18 
 6.20000000e-01  6.20000000e-01  6.00000000e-01 -3.64556064e-03  3.64556259e-03  3.68910055e-11 -1.98734356e-09  1.35914279e-18 
 6.30000000e-01  6.30000000e-01  6.00000000e-01 -3.67154691e-03  3.67154886e-03  3.76544754e-11 -1.98972028e-09  3.91501030e-19 
 6.40000000e-01  6.40000000e-01  6.00000000e-01 -3.69755548e-03  3.69755744e-03  3.84289804e-11 -1.99196115e-09  9.41171717e-19 
 6.50000000e-01  6.50000000e-01  6.00000000e-01 -3.72358734e-03  3.72358929e-03  3.92146462e-11 -1.99405589e-09  8.02104878e-19 
 6.60000000e-01  6.60000000e-01  6.00000000e-01 -3.74964337e-03  3.74964533e-03  4.00116007e-11 -1.99599414e-09  8.07313524e-19 
 6.70000000e-01  6.70000000e-01  6.00000000e-01 -3.77572443e-03  3.77572638e-03  4.08199740e-11 -1.99776518e-09  7.57940858e-19 
 6.80000000e-01  6.80000000e-01  6.00000000e-01 -3.80183127e-03  3.80183323e-03  4.16398983e-11 -1.99935789e-09  2.77399507e-18 
 6.90000000e-01  6.90000000e-01  6.00000000e-01 -3.82796466e-03  3.82796661e-03  4.24715080e-11 -2.00076070e-09  7.51849804e-19 
 7.00000000e-01  7.00000000e-01  6.00000000e-01 -3.85412527e-03  3.85412723e-03  4.33149396e-11 -2.00196153e-09  2.27246586e-18 
 7.10000000e-01  7.10000000e-01  6.00000000e-01 -3.88031380e-03  3.88031576e-03  4.41703321e-11 -2.00294783e-09  1.04372919e-18 
 7.20000000e-01  7.20000000e-01  6.00000000e-01 -3.90653090e-03  3.90653286e-03  4.50378266e-11 -2.00370649e-09  2.09994985e-19 
 7.30000000e-01  7.30000000e-01  6.00000000e-01 -3.93277725e-03  3.93277920e-03  4.59175662e-11 -2.00422384e-09  4.45108253e-19 
 7.40000000e-01  7.40000000e-01  6.00000000e-01 -3.95905349e-03  3.95905544e-03  4.68096967e-11 -2.00448566e-09  4.47716870e-20 
 7.50000000e-01  7.50000000e-01  6.00000000e-01 -3.98536030e-03  3.98536226e-03  4.77143660e-11 -2.00447710e-09  2.26889410e-18 
 7.60000000e-01  7.60000000e-01  6.00000000e-01 -4.01169839e-03  4.01170034e-03  4.86317243e-11 -2.00418270e-09  2.80482810e-18 
 7.70000000e-01  7.70000000e-01  6.00000000e-01 -4.03806848e-03  4.03807043e-03  4.95619243e-11 -2.00358635e-09  5.35950300e-19 
 7.80000000e-01  7.80000000e-01  6.00000000e-01 -4.06447133e-03  4.06447328e-03  5.05051211e-11 -2.00267128e-09  2.78671927e-18 
 7.90000000e-01  7.90000000e-01  6.00000000e-01 -4.09090775e-03  4.09090970e-03  5.14614721e-11 -2.00142000e-09  1.57139444e-18 
 8.00000000e-01  8.00000000e-01  6.00000000e-01 -4.11737861e-03  4.11738056e-03  5.24311372e-11 -1.99981432e-09  3.70082299e-19 
 8.10000000e-01  8.10000000e-01  6.00000000e-01 -4.14388484e-03  4.14388678e-03  5.34142789e-11 -1.99783529e-09  1.96410178e-19 
 8.20000000e-01  8.20000000e-01  6.00000000e-01 -4.17042742e-03  4.17042936e-03  5.44110621e-11 -1.99546318e-09  5.29019949e-19 
 8.30000000e-01  8.30000000e-01  6.00000000e-01 -4.19700744e-03  4.19700937e-03  5.54216545e-11 -1.99267748e-09  1.52341910e-18 
 8.40000000e-01  8.40000000e-01  6.00000000e-01 -4.22362603e-03  4.22362796e-03  5.64462260e-11 -1.98945682e-09  1.36467605e-19 
 8.50000000e-01  8.50000000e-01  6.00000000e-01 -4.25028445e-03  4.25028638e-03  5.74849496e-11 -1.98577897e-09  1.41049486e-18 
 8.60000000e-01  8.60000000e-01  6.00000000e-01 -4.27698404e-03  4.27698596e-03  5.85380008e-11 -1.98162082e-09  7.89206521e-19 
 8.70000000e-01  8.70000000e-01  6.00000000e-01 -4.30372624e-03  4.30372816e-03  5.96055576e-11 -1.97695833e-09  2.46973864e-18 
 8.80000000e-01  8.80000000e-01  6.00000000e-01 -4.33051260e-03  4.33051451e-03  6.06878011e-11 -1.97176647e-09  3.46612339e-18 
 8.90000000e-01  8.90000000e-01  6.00000000e-01 -4.35734480e-03  4.35734670e-03  6.17849152e-11 -1.96601926e-09  2.29620051e-18 
 9.00000000e-01  9.00000000e-01  6.00000000e-01 -4.38422462e-03  4.38422652e-03  6.28970863e-11 -1.95968966e-09  3.79672844e-18 
 9.10000000e-01  9.10000000e-01  6.00000000e-01 -4.41115398e-03  4.41115587e-03  6.40245041e-11 -1.95274959e-09  2.08503970e-18 
 9.20000000e-01  9.20000000e-01  6.00000000e-01 -4.43813493e-03  4.43813681e-03  6.51673610e-11 -1.94516983e-09  3.53957843e-18 
 9.30000000e-01  9.30000000e-01  6.00000000e-01 -4.46516966e-03  4.46517153e-03  6.63258525e-11 -1.93692004e-09  2.59109196e-19 
 9.40000000e-01  9.40000000e-01  6.00000000e-01 -4.49226050e-03  4.49226236e-03  6.75001771e-11 -1.92796871e-09  1.77021666e-19 
 9.50000000e-01  9.50000000e-01  6.00000000e-01 -4.51940991e-03  4.51941176e-03  6.86905364e-11 -1.91828308e-09  2.26377729e-18 
 9.60000000e-01  9.60000000e-01  6.00000000e-01 -4.54662053e-03  4.54662236e-03  6.98971351e-11 -1.90782913e-09  4.19831666e-18 
 9.70000000e-01  9.70000000e-01  6.00000000e-01 -4.57389512e-03  4.57389695e-03  7.11201810e-11 -1.89657152e-09  1.84538495e-18 
 9.80000000e-01  9.80000000e-01  6.00000000e-01 -4.60123663e-03  4.60123844e-03  7.23598854e-11 -1.88447359e-09  6.90153233e-20 
 9.90000000e-01  9.90000000e-01  6.00000000e-01 -4.62864815e-03  4.62864995e-03  7.36164625e-11 -1.87149723e-09  4.57265802e-18 
 1.00000000e+00  1.00000000e+00  6.00000000e-01 -4.65613294e-03  4.65613472e-03  7.48901302e-11 -1.85760290e-09  2.09596181e-18 
 1.01000000e+00  1.01000000e+00  6.00000000e-01 -4.68369442e-03  4.68369619e-03  7.61811095e-11 -1.84274954e-09  3.67583529e-19 
 1.02000000e+00  1.02000000e+00  6.00000000e-01 -4.71133619e-03  4.71133794e-03  7.74896251e-11 -1.82689457e-09  9.99256242e-19 
 1.03000000e+00  1.03000000e+00  6.00000000e-01 -4.73906202e-03  4.73906375e-03  7.88159049e-11 -1.80999376e-09  3.72910786e-18 
 1.04000000e+00  1.04000000e+00  6.00000000e-01 -4.76687582e-03  4.76687754e-03  8.01601807e-11 -1.79200124e-09  8.24389783e-20 
 1.05000000e+00  1.05000000e+00  6.00000000e-01 -4.79478173e-03  4.79478342e-03  8.15226875e-11 -1.77286941e-09  3.05245785e-18 
 1.06000000e+00  1.06000000e+00  6.00000000e-01 -4.82278402e-03  4.82278569e-03  8.29036643e-11 -1.75254889e-09  5.36228207e-19 
 1.07000000e+00  1.07000000e+00  6.00000000e-01 -4.85088714e-03  4.85088879e-03  8.43033537e-11 -1.73098846e-09  3.32239936e-19 
 1.08000000e+00  1.08000000e+00  6.00000000e-01 -4.87909575e-03  4.87909737e-03  8.57220021e-11 -1.70813500e-09  1.37367080e-18 
 1.09000000e+00  1.09000000e+00  6.00000000e-01 -4.90741464e-03  4.90741624e-03  8.71598596e-11 -1.68393342e-09  1.32342312e-18 
 1.10000000e+00  1.10000000e+00  6.00000000e-01 -4.93584882e-03  4.93585039e-03  8.86171805e-11 -1.65832660e-09  9.06440955e-19 
 1.11000000e+00  1.11000000e+00  6.00000000e-01 -4.96440346e-03  4.96440499e-03  9.93848479e-11 -1.63125529e-09  5.69814480e-19 
 1.12000000e+00  1.12000000e+00  6.00000000e-01 -4.99308390e-03  4.99308539e-03  1.18828913e-10 -1.60265810e-09  2.72207756e-18 
 1.13000000e+00  1.13000000e+00  6.00000000e-01 -5.02189567e-03  5.02189710e-03  1.45922754e-10 -1.57247138e-09  1.39859150e-18 
 1.14000000e+00  1.14000000e+00  6.00000000e-01 -5.05084447e-03  5.05084582e-03  1.83560630e-10 -1.54062913e-09  1.34541268e-18 
 1.15000000e+00  1.15000000e+00  6.00000000e-01 -5.07993616e-03  5.07993744e-03  2.35635656e-10 -1.50706299e-09  2.16539392e-18 
 1.16000000e+00  1.16000000e+00  6.00000000e-01 -5.10917681e-03  5.10917798e-03  3.07350792e-10 -1.47170208e-09  4.77095237e-19 
 1.17000000e+00  1.17000000e+00  6.00000000e-01 -5.13857264e-03  5.13857367e-03  4.05616090e-10 -1.43447298e-09  2.81364803e-18 
 1.18000000e+00  1.18000000e+00  6.00000000e-01 -5.16813005e-03  5.16813091e-03  5.39553203e-10 -1.39529961e-09  9.92782378e-19 
 1.19000000e+00  1.19000000e+00  6.00000000e-01 -5.19785561e-03  5.19785624e-03  7.21132458e-10 -1.35410313e-09  2.28148004e-18 
 1.20000000e+00  1.20000000e+00  6.00000000e-01 -5.22775606e-03  5.22775641e-03  9.65972941e-10 -1.31080191e-09  1.94807507e-18 
 0.00000000e+00  0.00000000e+00  8.00000000e-01  4.51362735e-09  4.51362735e-09  2.67197153e-10 -9.29445185e-09  3.90735109e-18 
 1.00000000e-02  1.00000000e-02  8.00000000e-01 -3.07520400e-04  3.07529326e-04  2.71725743e-10 -9.19778660e-09  1.68582108e-18 
 2.00000000e-02  2.00000000e-02  8.00000000e-01 -6.05249676e-04  6.05258490e-04  2.76330612e-10 -9.09100351e-09  2.54748375e-18 
 3.00000000e-02  3.00000000e-02  8.00000000e-01 -8.93320060e-04  8.93328765e-04  2.81013370e-10 -8.98551534e-09  3.39786393e-18 
 4.00000000e-02  4.00000000e-02  8.00000000e-01 -1.17187152e-03  1.17188011e-03  2.85775583e-10 -8.88454004e-09  1.26397334e-19 
 5.00000000e-02  5.00000000e-02  8.00000000e-01 -1.44104371e-03  1.44105221e-03  2.90618799e-10 -8.78817980e-09  5.42991133e-19 
 6.00000000e-02  6.00000000e-02  8.00000000e-01 -1.70097372e-03  1.70098212e-03  2.95544567e-10 -8.69615992e-09  1.15363302e-18 
 7.00000000e-02  7.00000000e-02  8.00000000e-01 -1.95179439e-03  1.95180269e-03  3.00554454e-10 -8.60822211e-09  1.02999330e-18 
 8.00000000e-02  8.00000000e-02  8.00000000e-01 -2.19363305e-03  2.19364127e-03  3.05650059e-10 -8.52415646e-09  6.98033937e-19 
 9.00000000e-02  9.00000000e-02  8.00000000e-01 -2.42661054e-03  2.42661867e-03  3.10833024e-10 -8.44379041e-09  1.11951120e-18 
 1.00000000e-01  1.00000000e-01  8.00000000e-01 -2.65084026e-03  2.65084831e-03  3.16105044e-10 -8.36697782e-09  1.62308320e-18 
 1.10000000e-01  1.10000000e-01  8.00000000e-01 -2.86642738e-03  2.86643536e-03  3.21467876e-10 -8.29359169e-09  2.91949168e-18 
 1.20000000e-01  1.20000000e-01  8.00000000e-01 -3.07346804e-03  3.07347594e-03  3.26923356e-10 -8.22351989e-09  1.15026935e-18 
 1.30000000e-01  1.30000000e-01  8.00000000e-01 -3.27204865e-03  3.27205648e-03  3.32473401e-10 -8.15666265e-09  3.75634400e-19 
 1.40000000e-01  1.40000000e-01  8.00000000e-01 -3.46224534e-03  3.46225310e-03  3.38120029e-10 -8.09293114e-09  3.32632589e-19 
 1.50000000e-01  1.50000000e-01  8.00000000e-01 -3.64412357e-03  3.64413125e-03  3.43865368e-10 -8.03224672e-09  1.67513447e-18 
 1.60000000e-01  1.60000000e-01  8.00000000e-01 -3.81773814e-03  3.81774576e-03  3.49711670e-10 -7.97454062e-09  6.69610099e-19 
 1.70000000e-01  1.70000000e-01  8.00000000e-01 -3.98313384e-03  3.98314141e-03  3.55661324e-10 -7.91975384e-09  3.74896927e-18 
 1.80000000e-01  1.80000000e-01  8.00000000e-01 -4.14034705e-03  4.14035455e-03  3.61716868e-10 -7.86783702e-09  3.08350081e-19 
 1.90000000e-01  1.90000000e-01  8.00000000e-01 -4.28940868e-03  4.28941613e-03  3.67880994e-10 -7.81875031e-09  2.62462635e-18 
 2.00000000e-01  2.00000000e-01  8.00000000e-01 -4.43034923e-03  4.43035663e-03  3.74156548e-10 -7.77246279e-09  3.36510515e-20 
 2.10000000e-01  2.10000000e-01  8.00000000e-01 -4.56320615e-03  4.56321350e-03  3.80546517e-10 -7.72895147e-09  2.81244645e-18 
 2.20000000e-01  2.20000000e-01  8.00000000e-01 -4.68803429e-03  4.68804159e-03  3.87054000e-10 -7.68819945e-09  4.34062406e-19 
 2.30000000e-01  2.30000000e-01  8.00000000e-01 -4.80491912e-03  4.80492638e-03  3.93682159e-10 -7.65019311e-09  2.95704015e-18 
 2.40000000e-01  2.40000000e-01  8.00000000e-01 -4.91399203e-03  4.91399925e-03  4.00434143e-10 -7.61491839e-09  1.67390699e-18 
 2.50000000e-01  2.50000000e-01  8.00000000e-01 -5.01544589e-03  5.01545307e-03  4.07313000e-10 -7.58235612e-09  3.59467315e-18 
 2.60000000e-01  2.60000000e-01  8.00000000e-01 -5.10954789e-03  5.10955503e-03  4.14321574e-10 -7.55247729e-09  1.47730776e-18 
 2.70000000e-01  2.70000000e-01  8.00000000e-01 -5.19664630e-03  5.19665340e-03  4.21462414e-10 -7.52523871e-09  4.57862667e-19 
 2.80000000e-01  2.80000000e-01  8.00000000e-01 -5.27716849e-03  5.27717556e-03  4.28737709e-10 -7.50058021e-09  2.25248968e-18 
 2.90000000e-01  2.90000000e-01  8.00000000e-01 -5.35160912e-03  5.35161616e-03  4.36149262e-10 -7.47842395e-09  1.79430804e-18 
 3.00000000e-01  3.00000000e-01  8.00000000e-01 -5.42051012e-03  5.42051713e-03  4.43698518e-10 -7.45867605e-09  9.49525278e-19 
 3.10000000e-01  3.10000000e-01  8.00000000e-01 -5.48443616e-03  5.48444315e-03  4.51386623e-10 -7.44123005e-09  7.54322337e-19 
 3.20000000e-01  3.20000000e-01  8.00000000e-01 -5.54394992e-03  5.54395689e-03  4.59214515e-10 -7.42597143e-09  8.10434083e-19 
 3.30000000e-01  3.30000000e-01  8.00000000e-01 -5.59959092e-03  5.59959787e-03  4.67183023e-10 -7.41278233e-09  2.40717572e-18 
 3.40000000e-01  3.40000000e-01  8.00000000e-01 -5.65186017e-03  5.65186710e-03  4.75292946e-10 -7.40154562e-09  1.89980205e-18 
 3.50000000e-01  3.50000000e-01  8.00000000e-01 -5.70121097e-03  5.70121788e-03  4.83545129e-10 -7.39214805e-09  5.05170698e-18 
 3.60000000e-01  3.60000000e-01  8.00000000e-01 -5.74804522e-03  5.74805211e-03  4.91940504e-10 -7.38448232e-09  3.65838307e-19 
 3.70000000e-01  3.70000000e-01  8.00000000e-01 -5.79271377e-03  5.79272064e-03  5.00480125e-10 -7.37844831e-09  1.10768262e-18 
 3.80000000e-01  3.80000000e-01  8.00000000e-01 -5.83551952e-03  5.83552638e-03  5.09165183e-10 -7.37395345e-09  7.51152581e-19 
 3.90000000e-01  3.90000000e-01  8.00000000e-01 -5.87672198e-03  5.87672883e-03  5.17997004e-10 -7.37091270e-09  2.06226673e-19 
 4.00000000e-01  4.00000000e-01  8.00000000e-01 -5.91654235e-03  5.91654920e-03  5.26977050e-10 -7.36924816e-09  1.97904823e-19 
 4.10000000e-01  4.10000000e-01  8.00000000e-01 -5.95516873e-03  5.95517556e-03  5.36106915e-10 -7.36888855e-09  3.56845055e-18 
 4.20000000e-01  4.20000000e-01  8.00000000e-01 -5.99276086e-03  5.99276768e-03  5.45388309e-10 -7.36976860e-09  1.48330855e-18 
 4.30000000e-01  4.30000000e-01  8.00000000e-01 -6.02945447e-03  6.02946129e-03  5.54823056e-10 -7.37182846e-09  3.76882326e-18 
 4.40000000e-01  4.40000000e-01  8.00000000e-01 -6.06536505e-03  6.06537186e-03  5.64413078e-10 -7.37501310e-09  4.65532699e-19 
 4.50000000e-01  4.50000000e-01  8.00000000e-01 -6.10059105e-03  6.10059785e-03  5.74160394e-10 -7.37927182e-09  3.13373860e-18 
 4.60000000e-01  4.60000000e-01  8.00000000e-01 -6.13521661e-03  6.13522341e-03  5.84067106e-10 -7.38455774e-09  8.81538787e-20 
 4.70000000e-01  4.70000000e-01  8.00000000e-01 -6.16931387e-03  6.16932067e-03  5.94135397e-10 -7.39082744e-09  3.57641464e-19 
 4.80000000e-01  4.80000000e-01  8.00000000e-01 -6.20294488e-03  6.20295167e-03  6.04367524e-10 -7.39804056e-09  3.05738259e-19 
 4.90000000e-01  4.90000000e-01  8.00000000e-01 -6.23616315e-03  6.23616994e-03  6.14765813e-10 -7.40615952e-09  1.48773210e-18 
 5.00000000e-01  5.00000000e-01  8.00000000e-01 -6.26901502e-03  6.26902181e-03  6.25332655e-10 -7.41514921e-09  4.76425510e-18 
 5.10000000e-01  5.10000000e-01  8.00000000e-01 -6.30154076e-03  6.30154755e-03  6.36070504e-10 -7.42497680e-09  2.68332014e-19 
 5.20000000e-01  5.20000000e-01  8.00000000e-01 -6.33377545e-03  6.33378224e-03  6.46981873e-10 -7.43561155e-09  1.27506748e-18 
 5.30000000e-01  5.30000000e-01  8.00000000e-01 -6.36574979e-03  6.36575658e-03  6.58069333e-10 -7.44702456e-09  7.98515702e-20 
 5.40000000e-01  5.40000000e-01  8.00000000e-01 -6.39749072e-03  6.39749751e-03  6.69335512e-10 -7.45918872e-09  2.06053772e-18 
 5.50000000e-01  5.50000000e-01  8.00000000e-01 -6.42902195e-03  6.42902874e-03  6.80783090e-10 -7.47207848e-09  2.54153001e-19 
 5.60000000e-01  5.60000000e-01  8.00000000e-01 -6.46036440e-03  6.46037120e-03  6.92414802e-10 -7.48566983e-09  1.05544937e-19 
 5.70000000e-01  5.70000000e-01  8.00000000e-01 -6.49153664e-03  6.49154344e-03  7.04233434e-10 -7.49994010e-09  2.41541340e-18 
 5.80000000e-01  5.80000000e-01  8.00000000e-01 -6.52255514e-03  6.52256194e-03  7.16241827e-10 -7.51486795e-09  2.04661916e-18 
 5.90000000e-01  5.90000000e-01  8.00000000e-01 -6.55343457e-03  6.55344137e-03  7.28442871e-10 -7.53043325e-09  2.96780348e-18 
 6.00000000e-01  6.00000000e-01  8.00000000e-01 -6.58418804e-03  6.58419485e-03  7.40839509e-10 -7.54661702e-09  2.62808226e-18 
 6.10000000e-01  6.10000000e-01  8.00000000e-01 -6.61482730e-03  6.61483411e-03  7.53434732e-10 -7.56340133e-09  3.94254959e-20 
 6.20000000e-01  6.20000000e-01  8.00000000e-01 -6.64536289e-03  6.64536971e-03  7.66231587e-10 -7.58076931e-09  2.40474122e-19 
 6.30000000e-01  6.30000000e-01  8.00000000e-01 -6.67580430e-03  6.67581112e-03  7.79233168e-10 -7.59870503e-09  1.87401283e-19 
 6.40000000e-01  6.40000000e-01  8.00000000e-01 -6.70616008e-03  6.70616691e-03  7.92442623e-10 -7.61719350e-09  4.40717488e-18 
 6.50000000e-01  6.50000000e-01  8.00000000e-01 -6.73643798e-03  6.73644481e-03  8.05863151e-10 -7.63622059e-09  4.31821574e-19 
 6.60000000e-01  6.60000000e-01  8.00000000e-01 -6.76664502e-03  6.76665186e-03  8.19498003e-10 -7.65577299e-09  3.01978206e-19 
 6.70000000e-01  6.70000000e-01  8.00000000e-01 -6.79678756e-03  6.79679440e-03  8.33350482e-10 -7.67583822e-09  1.63405001e-18 
 6.80000000e-01  6.80000000e-01  8.00000000e-01 -6.82687141e-03  6.82687826e-03  8.47423946e-10 -7.69640454e-09  1.19261298e-18 
 6.90000000e-01  6.90000000e-01  8.00000000e-01 -6.85690187e-03  6.85690872e-03  8.61721802e-10 -7.71746094e-09  5.77241993e-19 
 7.00000000e-01  7.00000000e-01  8.00000000e-01 -6.88688377e-03  6.88689063e-03  8.76247515e-10 -7.73899712e-09  1.64989259e-18 
 7.10000000e-01  7.10000000e-01  8.00000000e-01 -6.91682155e-03  6.91682842e-03  8.91004601e-10 -7.76100344e-09  2.07849633e-18 
 7.20000000e-01  7.20000000e-01  8.00000000e-01 -6.94671931e-03  6.94672619e-03  9.05996635e-10 -7.78347091e-09  2.03352841e-19 
 7.30000000e-01  7.30000000e-01  8.00000000e-01 -6.97658081e-03  6.97658769e-03  9.21227243e-10 -7.80639120e-09  1.26190755e-18 
 7.40000000e-01  7.40000000e-01  8.00000000e-01 -7.00640953e-03  7.00641642e-03  9.36700109e-10 -7.82975659e-09  3.82008550e-20 
 7.50000000e-01  7.50000000e-01  8.00000000e-01 -7.03620871e-03  7.03621561e-03  9.52418975e-10 -7.85356002e-09  2.59388537e-19 
 7.60000000e-01  7.60000000e-01  8.00000000e-01 -7.06598138e-03  7.06598829e-03  9.68387638e-10 -7.87779517e-09  5.08116371e-19 
 7.70000000e-01  7.70000000e-01  8.00000000e-01 -7.09573035e-03  7.09573727e-03  9.84609955e-10 -7.90245676e-09  6.91771560e-19 
 7.80000000e-01  7.80000000e-01  8.00000000e-01 -7.12545830e-03  7.12546523e-03  1.00108984e-09 -7.92754157e-09  2.86443009e-18 
 7.90000000e-01  7.90000000e-01  8.00000000e-01 -7.15516775e-03  7.15517469e-03  1.01783127e-09 -7.95304379e-09  2.87027537e-19 
 8.00000000e-01  8.00000000e-01  8.00000000e-01 -7.18486111e-03  7.18486805e-03  1.03483828e-09 -7.97888166e-09  2.29246820e-18 
 8.10000000e-01  8.10000000e-01  8.00000000e-01 -7.21454067e-03  7.21454763e-03  1.05211496e-09 -8.00492995e-09  9.17277952e-19 
 8.20000000e-01  8.20000000e-01  8.00000000e-01 -7.24420869e-03  7.24421565e-03  1.06966547e-09 -8.03114960e-09  8.31855837e-19 
 8.30000000e-01  8.30000000e-01  8.00000000e-01 -7.27386732e-03  7.27387429e-03  1.08749404e-09 -8.05752971e-09  2.18878215e-18 
 8.40000000e-01  8.40000000e-01  8.00000000e-01 -7.30351871e-03  7.30352569e-03  1.10560494e-09 -8.08406347e-09  8.95910222e-19 
 8.50000000e-01  8.50000000e-01  8.00000000e-01 -7.33316498e-03  7.33317196e-03  1.12400253e-09 -8.11074466e-09  2.78572841e-18 
 8.60000000e-01  8.60000000e-01  8.00000000e-01 -7.36280822e-03  7.36281522e-03  1.14269121e-09 -8.13756704e-09  3.76705558e-18 
 8.70000000e-01  8.70000000e-01  8.00000000e-01 -7.39245057e-03  7.39245758e-03  1.16167547e-09 -8.16452408e-09  7.70861607e-19 
 8.80000000e-01  8.80000000e-01  8.00000000e-01 -7.42209418e-03  7.42210119e-03  1.18095984e-09 -8.19160893e-09  1.15757454e-18 
 8.90000000e-01  8.90000000e-01  8.00000000e-01 -7.45174124e-03  7.45174826e-03  1.20054896e-09 -8.21881439e-09  5.84374979e-19 
 9.00000000e-01  9.00000000e-01  8.00000000e-01 -7.48139400e-03  7.48140102e-03  1.22044748e-09 -8.24613281e-09  7.70412861e-19 
 9.10000000e-01  9.10000000e-01  8.00000000e-01 -7.51105478e-03  7.51106181e-03  1.24066017e-09 -8.27355611e-09  2.49865414e-18 
 9.20000000e-01  9.20000000e-01  8.00000000e-01 -7.54072599e-03  7.54073303e-03  1.26119185e-09 -8.30107579e-09  1.03798883e-18 
 9.30000000e-01  9.30000000e-01  8.00000000e-01 -7.57041013e-03  7.57041718e-03  1.28204740e-09 -8.32868282e-09  7.12434118e-20 
 9.40000000e-01  9.40000000e-01  8.00000000e-01 -7.60010984e-03  7.60011689e-03  1.30323180e-09 -8.35636771e-09  1.58231379e-20 
 9.50000000e-01  9.50000000e-01  8.00000000e-01 -7.62982783e-03  7.62983489e-03  1.32475008e-09 -8.38412042e-09  2.67947127e-18 
 9.60000000e-01  9.60000000e-01  8.00000000e-01 -7.65956700e-03  7.65957406e-03  1.34660735e-09 -8.41193038e-09  1.77019691e-18 
 9.70000000e-01  9.70000000e-01  8.00000000e-01 -7.68933035e-03  7.68933742e-03  1.36880879e-09 -8.43978644e-09  7.39251313e-21 
 9.80000000e-01  9.80000000e-01  8.00000000e-01 -7.71912106e-03  7.71912814e-03  1.39135968e-09 -8.46767687e-09  2.21071463e-18 
 9.90000000e-01  9.90000000e-01  8.00000000e-01 -7.74894247e-03  7.74894956e-03  1.41426534e-09 -8.49558931e-09  3.41733064e-18 
 1.00000000e+00  1.00000000e+00  8.00000000e-01 -7.77879810e-03  7.77880519e-03  1.43753120e-09 -8.52351077e-09  3.60267535e-18 
 1.01000000e+00  1.01000000e+00  8.00000000e-01 -7.80869165e-03  7.80869874e-03  1.46116274e-09 -8.55142759e-09  1.65215307e-18 
 1.02000000e+00  1.02000000e+00  8.00000000e-01 -7.83862699e-03  7.83863408e-03  1.48516555e-09 -8.57932539e-09  3.25609929e-18 
 1.03000000e+00  1.03000000e+00  8.00000000e-01 -7.86860822e-03  7.86861531e-03  1.50954529e-09 -8.60718911e-09  3.32349383e-19 
 1.04000000e+00  1.04000000e+00  8.00000000e-01 -7.89863962e-03  7.89864672e-03  1.53430768e-09 -8.63500292e-09  2.00205129e-18 
 1.05000000e+00  1.05000000e+00  8.00000000e-01 -7.92872571e-03  7.92873282e-03  1.55945855e-09 -8.66275019e-09  9.10493003e-19 
 1.06000000e+00  1.06000000e+00  8.00000000e-01 -7.95887121e-03  7.95887831e-03  1.58500381e-09 -8.69041352e-09  2.34556782e-18 
 1.07000000e+00  1.07000000e+00  8.00000000e-01 -7.98908105e-03  7.98908815e-03  1.61094945e-09 -8.71797464e-09  2.61028588e-18 
 1.08000000e+00  1.08000000e+00  8.00000000e-01 -8.01936040e-03  8.01936751e-03  1.63730154e-09 -8.74541442e-09  2.02312951e-18 
 1.09000000e+00  1.09000000e+00  8.00000000e-01 -8.04971468e-03  8.04972179e-03  1.66406625e-09 -8.77271280e-09  8.82674712e-19 
 1.10000000e+00  1.10000000e+00  8.00000000e-01 -8.08014951e-03  8.08015662e-03  1.69124982e-09 -8.79984881e-09  7.58486365e-19 
 1.11000000e+00  1.11000000e+00  8.00000000e-01 -8.11067078e-03  8.11067789e-03  1.71885861e-09 -8.82680047e-09  5.08239621e-19 
 1.12000000e+00  1.12000000e+00  8.00000000e-01 -8.14128459e-03  8.14129170e-03  1.74689903e-09 -8.85354483e-09  2.08122861e-18 
 1.13000000e+00  1.13000000e+00  8.00000000e-01 -8.17199730e-03  8.17200441e-03  1.77537763e-09 -8.88005784e-09  2.45013875e-18 
 1.14000000e+00  1.14000000e+00  8.00000000e-01 -8.20281552e-03  8.20282262e-03  1.80430101e-09 -8.90631439e-09  2.32470198e-18 
 1.15000000e+00  1.15000000e+00  8.00000000e-01 -8.23374608e-03  8.23375318e-03  1.83367588e-09 -8.93228823e-09  8.36478950e-19 
 1.16000000e+00  1.16000000e+00  8.00000000e-01 -8.26479609e-03  8.26480318e-03  1.86350905e-09 -8.95795192e-09  7.61232811e-19 
 1.17000000e+00  1.17000000e+00  8.00000000e-01 -8.29597286e-03  8.29597995e-03  1.89380742e-09 -8.98327684e-09  7.93100771e-20 
 1.18000000e+00  1.18000000e+00  8.00000000e-01 -8.32728400e-03  8.32729108e-03  1.92457799e-09 -9.00823307e-09  1.51032054e-18 
 1.19000000e+00  1.19000000e+00  8.00000000e-01 -8.35873731e-03  8.35874438e-03  1.95582787e-09 -9.03278941e-09  1.85602703e-18 
 1.20000000e+00  1.20000000e+00  8.00000000e-01 -8.39034086e-03  8.39034793e-03  1.98756424e-09 -9.05691329e-09  1.45601159e-19 
 0.00000000e+00  0.00000000e+00  1.00000000e+00  1.18722144e-08  1.18722144e-08  6.29829779e-09 -3.00427267e-08  1.13222001e-18 
 1.00000000e-02  1.00000000e-02  1.00000000e+00 -3.47038023e-04  3.47061545e-04  6.39928175e-09 -2.99215350e-08  7.30053065e-20 
 2.00000000e-02  2.00000000e-02  1.00000000e+00 -6.86307039e-04  6.86330307e-04  6.50181150e-09 -2.97697011e-08  4.30560744e-19 
 3.00000000e-02  3.00000000e-02  1.00000000e+00 -1.01787919e-03  1.01790221e-03  6.60590906e-09 -2.96198885e-08  1.22077796e-18 
 4.00000000e-02  4.00000000e-02  1.00000000e+00 -1.34183848e-03  1.34186125e-03  6.71159677e-09 -2.94811137e-08  2.83079900e-18 
 5.00000000e-02  5.00000000e-02  1.00000000e+00 -1.65826821e-03  1.65829074e-03  6.81889722e-09 -2.93537219e-08  1.92165223e-18 
 6.00000000e-02  6.00000000e-02  1.00000000e+00 -1.96725046e-03  1.96727277e-03  6.92783326e-09 -2.92370465e-08  2.98263296e-18 
 7.00000000e-02  7.00000000e-02  1.00000000e+00 -2.26886567e-03  2.26888776e-03  7.03842799e-09 -2.91304752e-08  3.08611822e-18 
 8.00000000e-02  8.00000000e-02  1.00000000e+00 -2.56319229e-03  2.56321417e-03  7.15070476e-09 -2.90335282e-08  1.58605430e-18 
 9.00000000e-02  9.00000000e-02  1.00000000e+00 -2.85030643e-03  2.85032811e-03  7.26468722e-09 -2.89458242e-08  2.90683840e-18 
 1.00000000e-01  1.00000000e-01  1.00000000e+00 -3.13028157e-03  3.13030306e-03  7.38039928e-09 -2.88670480e-08  1.81677318e-18 
 1.10000000e-01  1.10000000e-01  1.00000000e+00 -3.40318829e-03  3.40320959e-03  7.49786517e-09 -2.87969299e-08  2.07111136e-18 
 1.20000000e-01  1.20000000e-01  1.00000000e+00 -3.66909392e-03  3.66911504e-03  7.61710940e-09 -2.87352323e-08  1.38774437e-18 
 1.30000000e-01  1.30000000e-01  1.00000000e+00 -3.92806227e-03  3.92808322e-03  7.73815678e-09 -2.86817425e-08  3.03226545e-18 
 1.40000000e-01  1.40000000e-01  1.00000000e+00 -4.18015327e-03  4.18017404e-03  7.86103245e-09 -2.86362670e-08  3.57303643e-18 
 1.50000000e-01  1.50000000e-01  1.00000000e+00 -4.42542260e-03  4.42544321e-03  7.98576185e-09 -2.85986292e-08  2.81110714e-18 
 1.60000000e-01  1.60000000e-01  1.00000000e+00 -4.66392134e-03  4.66394179e-03  8.11237076e-09 -2.85686667e-08  4.11456180e-19 
 1.70000000e-01  1.70000000e-01  1.00000000e+00 -4.89569548e-03  4.89571578e-03  8.24088528e-09 -2.85462308e-08  4.97069374e-20 
 1.80000000e-01  1.80000000e-01  1.00000000e+00 -5.12078548e-03  5.12080564e-03  8.37133185e-09 -2.85311853e-08  2.81181024e-18 
 1.90000000e-01  1.90000000e-01  1.00000000e+00 -5.33922576e-03  5.33924578e-03  8.50373726e-09 -2.85234063e-08  3.70820436e-18 
 2.00000000e-01  2.00000000e-01  1.00000000e+00 -5.55104414e-03  5.55106403e-03  8.63812868e-09 -2.85227821e-08  7.83356584e-19 
 2.10000000e-01  2.10000000e-01  1.00000000e+00 -5.75626133e-03  5.75628109e-03  8.77453360e-09 -2.85292132e-08  6.35541063e-19 
 2.20000000e-01  2.20000000e-01  1.00000000e+00 -5.95489036e-03  5.95490999e-03  8.91297995e-09 -2.85426127e-08  5.53631984e-18 
 2.30000000e-01  2.30000000e-01  1.00000000e+00 -6.14693611e-03  6.14695562e-03  9.05349599e-09 -2.85629068e-08  5.18595922e-18 
 2.40000000e-01  2.40000000e-01  1.00000000e+00 -6.33239495e-03  6.33241435e-03  9.19611044e-09 -2.85900348e-08  2.22475189e-18 
 2.50000000e-01  2.50000000e-01  1.00000000e+00 -6.51125465e-03  6.51127393e-03  9.34085239e-09 -2.86239500e-08  1.82636847e-18 
 2.60000000e-01  2.60000000e-01  1.00000000e+00 -6.68349454e-03  6.68351372e-03  9.48775138e-09 -2.86646197e-08  1.56543931e-19 
 2.70000000e-01  2.70000000e-01  1.00000000e+00 -6.84908636e-03  6.84910543e-03  9.63683740e-09 -2.87120260e-08  4.26775069e-18 
 2.80000000e-01  2.80000000e-01  1.00000000e+00 -7.00799574e-03  7.00801472e-03  9.78814085e-09 -2.87661650e-08  2.69206758e-18 
 2.90000000e-01  2.90000000e-01  1.00000000e+00 -7.16018487e-03  7.16020376e-03  9.94169259e-09 -2.88270471e-08  8.45472885e-19 
 3.00000000e-01  3.00000000e-01  1.00000000e+00 -7.30561640e-03  7.30563520e-03  1.00975239e-08 -2.88946948e-08  1.88280535e-18 
 3.10000000e-01  3.10000000e-01  1.00000000e+00 -7.44425898e-03  7.44427770e-03  1.02556666e-08 -2.89691414e-08  6.87426794e-19 
 3.20000000e-01  3.20000000e-01  1.00000000e+00 -7.57609460e-03  7.57611324e-03  1.04161526e-08 -2.90504268e-08  2.98095544e-18 
 3.30000000e-01  3.30000000e-01  1.00000000e+00 -7.70112745e-03  7.70114601e-03  1.05790144e-08 -2.91385937e-08  3.29458759e-18 
 3.40000000e-01  3.40000000e-01  1.00000000e+00 -7.81939398e-03  7.81941247e-03  1.07442847e-08 -2.92336811e-08  8.36617089e-19 
 3.50000000e-01  3.50000000e-01  1.00000000e+00 -7.93097325e-03  7.93099167e-03  1.09119964e-08 -2.93357179e-08  9.60045671e-19 
 3.60000000e-01  3.60000000e-01  1.00000000e+00 -8.03599600e-03  8.03601436e-03  1.10821825e-08 -2.94447160e-08  2.18854619e-18 
 3.70000000e-01  3.70000000e-01  1.00000000e+00 -8.13465108e-03  8.13466938e-03  1.12548759e-08 -2.95606640e-08  4.64816940e-18 
 3.80000000e-01  3.80000000e-01  1.00000000e+00 -8.22718760e-03  8.22720585e-03  1.14301097e-08 -2.96835225e-08  1.45992580e-18 
 3.90000000e-01  3.90000000e-01  1.00000000e+00 -8.31391193e-03  8.31393013e-03  1.16079167e-08 -2.98132216e-08  6.87347384e-19 
 4.00000000e-01  4.00000000e-01  1.00000000e+00 -8.39517962e-03  8.39519778e-03  1.17883298e-08 -2.99496623e-08  4.10023503e-19 
 4.10000000e-01  4.10000000e-01  1.00000000e+00 -8.47138318e-03  8.47140130e-03  1.19713819e-08 -3.00927190e-08  2.03745173e-18 
 4.20000000e-01  4.20000000e-01  1.00000000e+00 -8.54293746e-03  8.54295554e-03  1.21571057e-08 -3.02422455e-08  1.95639961e-18 
 4.30000000e-01  4.30000000e-01  1.00000000e+00 -8.61026469e-03  8.61028275e-03  1.23455344e-08 -3.03980814e-08  2.26862224e-18 
 4.40000000e-01  4.40000000e-01  1.00000000e+00 -8.67378095e-03  8.67379897e-03  1.25367009e-08 -3.05600591e-08  4.75580379e-18 
 4.50000000e-01  4.50000000e-01  1.00000000e+00 -8.73388505e-03  8.73390305e-03  1.27306388e-08 -3.07280096e-08  1.88163902e-18 
 4.60000000e-01  4.60000000e-01  1.00000000e+00 -8.79095068e-03  8.79096865e-03  1.29273818e-08 -3.09017682e-08  2.00974118e-18 
 4.70000000e-01  4.70000000e-01  1.00000000e+00 -8.84532147e-03  8.84533943e-03  1.31269641e-08 -3.10811779e-08  2.82061641e-18 
 4.80000000e-01  4.80000000e-01  1.00000000e+00 -8.89730873e-03  8.89732667e-03  1.33294202e-08 -3.12660919e-08  3.76010498e-18 
 4.90000000e-01  4.90000000e-01  1.00000000e+00 -8.94719118e-03  8.94720911e-03  1.35347852e-08 -3.14563755e-08  2.21089330e-18 
 5.00000000e-01  5.00000000e-01  1.00000000e+00 -8.99521618e-03  8.99523409e-03  1.37430946e-08 -3.16519063e-08  4.15891523e-19 
 5.10000000e-01  5.10000000e-01  1.00000000e+00 -9.04160177e-03  9.04161967e-03  1.39543842e-08 -3.18525740e-08  2.62321141e-18 
 5.20000000e-01  5.20000000e-01  1.00000000e+00 -9.08653931e-03  9.08655720e-03  1.41686904e-08 -3.20582807e-08  1.37166398e-18 
 5.30000000e-01  5.30000000e-01  1.00000000e+00 -9.13019619e-03  9.13021407e-03  1.43860501e-08 -3.22689394e-08  3.99151372e-18 
 5.40000000e-01  5.40000000e-01  1.00000000e+00 -9.17271859e-03  9.17273647e-03  1.46065007e-08 -3.24844737e-08  5.36249941e-18 
 5.50000000e-01  5.50000000e-01  1.00000000e+00 -9.21423408e-03  9.21425195e-03  1.48300797e-08 -3.27048168e-08  2.15187397e-18 
 5.60000000e-01  5.60000000e-01  1.00000000e+00 -9.25485398e-03  9.25487185e-03  1.50568255e-08 -3.29299105e-08  3.47190202e-18 
 5.70000000e-01  5.70000000e-01  1.00000000e+00 -9.29467553e-03  9.29469340e-03  1.52867765e-08 -3.31597044e-08  4.93285519e-18 
 5.80000000e-01  5.80000000e-01  1.00000000e+00 -9.33378375e-03  9.33380162e-03  1.55199719e-08 -3.33941556e-08  6.16639986e-19 
 5.90000000e-01  5.90000000e-01  1.00000000e+00 -9.37225309e-03  9.37227097e-03  1.57564510e-08 -3.36332273e-08  1.23898421e-19 
 6.00000000e-01  6.00000000e-01  1.00000000e+00 -9.41014890e-03  9.41016678e-03  1.59962537e-08 -3.38768887e-08  4.11972341e-18 
 6.10000000e-01  6.10000000e-01  1.00000000e+00 -9.44752862e-03  9.44754651e-03  1.62394202e-08 -3.41251143e-08  1.22927642e-18 
 6.20000000e-01  6.20000000e-01  1.00000000e+00 -9.48444288e-03  9.48446077e-03  1.64859912e-08 -3.43778833e-08  3.19542518e-18 
 6.30000000e-01  6.30000000e-01  1.00000000e+00 -9.52093640e-03  9.52095430e-03  1.67360077e-08 -3.46351794e-08  3.79335103e-18 
 6.40000000e-01  6.40000000e-01  1.00000000e+00 -9.55704876e-03  9.55706666e-03  1.69895112e-08 -3.48969904e-08  2.07892987e-18 
 6.50000000e-01  6.50000000e-01  1.00000000e+00 -9.59281510e-03  9.59283302e-03  1.72465435e-08 -3.51633074e-08  1.53713319e-18 
 6.60000000e-01  6.60000000e-01  1.00000000e+00 -9.62826668e-03  9.62828461e-03  1.75071468e-08 -3.54341255e-08  1.53091279e-18 
 6.70000000e-01  6.70000000e-01  1.00000000e+00 -9.66343139e-03  9.66344933e-03  1.77713637e-08 -3.57094423e-08  5.98236871e-19 
 6.80000000e-01  6.80000000e-01  1.00000000e+00 -9.69833414e-03  9.69835209e-03  1.80392373e-08 -3.59892587e-08  2.52577284e-18 
 6.90000000e-01  6.90000000e-01  1.00000000e+00 -9.73299725e-03  9.73301521e-03  1.83108109e-08 -3.62735781e-08  3.18203809e-18 
 7.00000000e-01  7.00000000e-01  1.00000000e+00 -9.76744078e-03  9.76745876e-03  1.85861283e-08 -3.65624067e-08  5.52031886e-18 
 7.10000000e-01  7.10000000e-01  1.00000000e+00 -9.80168278e-03  9.80170077e-03  1.88652336e-08 -3.68557528e-08  5.44562776e-19 
 7.20000000e-01  7.20000000e-01  1.00000000e+00 -9.83573952e-03  9.83575753e-03  1.91481714e-08 -3.71536270e-08  2.48497629e-18 
 7.30000000e-01  7.30000000e-01  1.00000000e+00 -9.86962572e-03  9.86964375e-03  1.94349865e-08 -3.74560420e-08  8.72298352e-19 
 7.40000000e-01  7.40000000e-01  1.00000000e+00 -9.90335472e-03  9.90337276e-03  1.97257244e-08 -3.77630126e-08  2.64854629e-18 
 7.50000000e-01  7.50000000e-01  1.00000000e+00 -9.93693861e-03  9.93695666e-03  2.00204306e-08 -3.80745554e-08  1.11554239e-18 
 7.60000000e-01  7.60000000e-01  1.00000000e+00 -9.97038840e-03  9.97040647e-03  2.03191513e-08 -3.83906886e-08  2.08648038e-19 
 7.70000000e-01  7.70000000e-01  1.00000000e+00 -1.00037141e-02  1.00037322e-02  2.06219328e-08 -3.87114324e-08  2.19438774e-18 
 7.80000000e-01  7.80000000e-01  1.00000000e+00 -1.00369250e-02  1.00369431e-02  2.09288220e-08 -3.90368085e-08  5.51419110e-18 
 7.90000000e-01  7.90000000e-01  1.00000000e+00 -1.00700293e-02  1.00700474e-02  2.12398660e-08 -3.93668403e-08  8.15325460e-19 
 8.00000000e-01  8.00000000e-01  1.00000000e+00 -1.01030348e-02  1.01030530e-02  2.15551126e-08 -3.97015523e-08  2.31015663e-18 
 8.10000000e-01  8.10000000e-01  1.00000000e+00 -1.01359486e-02  1.01359668e-02  2.18746095e-08 -4.00409709e-08  5.69338489e-18 
 8.20000000e-01  8.20000000e-01  1.00000000e+00 -1.01687772e-02  1.01687954e-02  2.21984052e-08 -4.03851235e-08  2.21849840e-18 
 8.30000000e-01  8.30000000e-01  1.00000000e+00 -1.02015266e-02  1.02015448e-02  2.25265483e-08 -4.07340391e-08  6.89140712e-20 
 8.40000000e-01  8.40000000e-01  1.00000000e+00 -1.02342025e-02  1.02342207e-02  2.28590880e-08 -4.10877479e-08  3.46691247e-19 
 8.50000000e-01  8.50000000e-01  1.00000000e+00 -1.02668100e-02  1.02668283e-02  2.31960737e-08 -4.14462812e-08  2.93747717e-18 
 8.60000000e-01  8.60000000e-01  1.00000000e+00 -1.02993540e-02  1.02993723e-02  2.35375552e-08 -4.18096716e-08  2.11893894e-18 
 8.70000000e-01  8.70000000e-01  1.00000000e+00 -1.03318391e-02  1.03318574e-02  2.38835828e-08 -4.21779529e-08  1.86109351e-18 
 8.80000000e-01  8.80000000e-01  1.00000000e+00 -1.03642696e-02  1.03642879e-02  2.42342070e-08 -4.25511599e-08  1.05480748e-18 
 8.90000000e-01  8.90000000e-01  1.00000000e+00 -1.03966495e-02  1.03966678e-02  2.45894789e-08 -4.29293286e-08  1.68785211e-18 
 9.00000000e-01  9.00000000e-01  1.00000000e+00 -1.04289827e-02  1.04290010e-02  2.49494497e-08 -4.33124959e-08  1.31727189e-18 
 9.10000000e-01  9.10000000e-01  1.00000000e+00 -1.04612729e-02  1.04612913e-02  2.53141712e-08 -4.37007000e-08  1.63999475e-18 
 9.20000000e-01  9.20000000e-01  1.00000000e+00 -1.04935237e-02  1.04935421e-02  2.56836955e-08 -4.40939797e-08  3.73721524e-18 
 9.30000000e-01  9.30000000e-01  1.00000000e+00 -1.05257386e-02  1.05257570e-02  2.60580749e-08 -4.44923751e-08  3.53951246e-18 
 9.40000000e-01  9.40000000e-01  1.00000000e+00 -1.05579210e-02  1.05579394e-02  2.64373625e-08 -4.48959271e-08  9.86905880e-19 
 9.50000000e-01  9.50000000e-01  1.00000000e+00 -1.05900742e-02  1.05900927e-02  2.68216113e-08 -4.53046778e-08  2.62302281e-19 
 9.60000000e-01  9.60000000e-01  1.00000000e+00 -1.06222015e-02  1.06222200e-02  2.72108749e-08 -4.57186701e-08  3.50054894e-18 
 9.70000000e-01  9.70000000e-01  1.00000000e+00 -1.06543064e-02  1.06543249e-02  2.76052073e-08 -4.61379485e-08  1.41514059e-20 
 9.80000000e-01  9.80000000e-01  1.00000000e+00 -1.06863920e-02  1.06864106e-02  2.80046628e-08 -4.65625598e-08  3.05985358e-18 
 9.90000000e-01  9.90000000e-01  1.00000000e+00 -1.07184618e-02  1.07184804e-02  2.84092960e-08 -4.69925485e-08  1.82894927e-18 
 1.00000000e+00  1.00000000e+00  1.00000000e+00 -1.07505193e-02  1.07505379e-02  2.88191620e-08 -4.74278835e-08  2.46127922e-18 
 1.01000000e+00  1.01000000e+00  1.00000000e+00 -1.07825680e-02  1.07825866e-02  2.92343163e-08 -4.78684906e-08  1.84897697e-18 
 1.02000000e+00  1.02000000e+00  1.00000000e+00 -1.08146115e-02  1.08146302e-02  2.96548145e-08 -4.83143820e-08  1.67938840e-18 
 1.03000000e+00  1.03000000e+00  1.00000000e+00 -1.08466536e-02  1.08466723e-02  3.00807129e-08 -4.87655986e-08  1.53172012e-18 
 1.04000000e+00  1.04000000e+00  1.00000000e+00 -1.08786982e-02  1.08787169e-02  3.05120679e-08 -4.92221854e-08  3.87927855e-19 
 1.05000000e+00  1.05000000e+00  1.00000000e+00 -1.09107493e-02  1.09107680e-02  3.09489364e-08 -4.96841885e-08  7.24874914e-20 
 1.06000000e+00  1.06000000e+00  1.00000000e+00 -1.09428111e-02  1.09428299e-02  3.13913755e-08 -5.01516543e-08  4.98928876e-19 
 1.07000000e+00  1.07000000e+00  1.00000000e+00 -1.09748882e-02  1.09749070e-02  3.18394430e-08 -5.06246291e-08  3.82382436e-19 
 1.08000000e+00  1.08000000e+00  1.00000000e+00 -1.10069851e-02  1.10070039e-02  3.22931967e-08 -5.11031592e-08  6.05165998e-18 
 1.09000000e+00  1.09000000e+00  1.00000000e+00 -1.10391066e-02  1.10391254e-02  3.27526950e-08 -5.15872909e-08  6.65509816e-19 
 1.10000000e+00  1.10000000e+00  1.00000000e+00 -1.10712578e-02  1.10712766e-02  3.32179964e-08 -5.20770704e-08  4.72167929e-19 
 1.11000000e+00  1.11000000e+00  1.00000000e+00 -1.11034439e-02  1.11034628e-02  3.36891599e-08 -5.25725436e-08  2.45276919e-18 
 1.12000000e+00  1.12000000e+00  1.00000000e+00 -1.11356707e-02  1.11356896e-02  3.41662451e-08 -5.30737565e-08  8.46510169e-19 
 1.13000000e+00  1.13000000e+00  1.00000000e+00 -1.11679438e-02  1.11679627e-02  3.46493114e-08 -5.35807546e-08  2.93388390e-18 
 1.14000000e+00  1.14000000e+00  1.00000000e+00 -1.12002693e-02  1.12002882e-02  3.51384191e-08 -5.40935835e-08  4.80730902e-19 
 1.15000000e+00  1.15000000e+00  1.00000000e+00 -1.12326536e-02  1.12326726e-02  3.56336284e-08 -5.46122883e-08  2.64495302e-18 
 1.16000000e+00  1.16000000e+00  1.00000000e+00 -1.12651033e-02  1.12651223e-02  3.61350003e-08 -5.51369140e-08  4.14893943e-19 
 1.17000000e+00  1.17000000e+00  1.00000000e+00 -1.12976254e-02  1.12976445e-02  3.66425957e-08 -5.56675052e-08  5.58972924e-18 
 1.18000000e+00  1.18000000e+00  1.00000000e+00 -1.13302271e-02  1.13302462e-02  3.71564760e-08 -5.62041063e-08  1.84596934e-18 
 1.19000000e+00  1.19000000e+00  1.00000000e+00 -1.13629159e-02  1.13629350e-02  3.76767032e-08 -5.67467612e-08  6.71630953e-19 
 1.20000000e+00  1.20000000e+00  1.00000000e+00 -1.13956997e-02  1.13957188e-02  3.82033393e-08 -5.72955136e-08  7.75299845e-19 
 0.00000000e+00  0.00000000e+00  1.20000000e+00  2.74212480e-08  2.74212480e-08  9.47371625e-08 -1.49579658e-07  2.13924788e-18 
 1.00000000e-02  1.00000000e-02  1.20000000e+00 -3.68165882e-04  3.68220260e-04  9.59515641e-08 -1.50329924e-07  1.06445572e-18 
 2.00000000e-02  2.00000000e-02  1.20000000e+00 -7.29997977e-04  7.30051812e-04  9.71790083e-08 -1.51013979e-07  7.86840668e-19 
 3.00000000e-02  3.00000000e-02  1.20000000e+00 -1.08552475e-03  1.08557804e-03  9.84195921e-08 -1.51709377e-07  2.21575878e-18 
 4.00000000e-02  4.00000000e-02  1.20000000e+00 -1.43480163e-03  1.43485440e-03  9.96734159e-08 -1.52437268e-07  2.61862883e-18 
 5.00000000e-02  5.00000000e-02  1.20000000e+00 -1.77788347e-03  1.77793573e-03  1.00940582e-07 -1.53198536e-07  4.19217781e-18 
 6.00000000e-02  6.00000000e-02  1.20000000e+00 -2.11482434e-03  2.11487612e-03  1.02221192e-07 -1.53991750e-07  1.72625315e-18 
 7.00000000e-02  7.00000000e-02  1.20000000e+00 -2.44567747e-03  2.44572877e-03  1.03515350e-07 -1.54815622e-07  1.07996701e-20 
 8.00000000e-02  8.00000000e-02  1.20000000e+00 -2.77049509e-03  2.77054593e-03  1.04823158e-07 -1.55669171e-07  5.26920668e-19 
 9.00000000e-02  9.00000000e-02  1.20000000e+00 -3.08932836e-03  3.08937877e-03  1.06144721e-07 -1.56551642e-07  3.41116050e-18 
 1.00000000e-01  1.00000000e-01  1.20000000e+00 -3.40222730e-03  3.40227728e-03  1.07480141e-07 -1.57462433e-07  1.88759969e-18 
 1.10000000e-01  1.10000000e-01  1.20000000e+00 -3.70924063e-03  3.70929020e-03  1.08829522e-07 -1.58401037e-07  1.08326250e-18 
 1.20000000e-01  1.20000000e-01  1.20000000e+00 -4.01041571e-03  4.01046489e-03  1.10192971e-07 -1.59367021e-07  2.13047315e-18 
 1.30000000e-01  1.30000000e-01  1.20000000e+00 -4.30579845e-03  4.30584724e-03  1.11570590e-07 -1.60360001e-07  9.80837683e-19 
 1.40000000e-01  1.40000000e-01  1.20000000e+00 -4.59543317e-03  4.59548159e-03  1.12962485e-07 -1.61379629e-07  2.74541907e-18 
 1.50000000e-01  1.50000000e-01  1.20000000e+00 -4.87936248e-03  4.87941054e-03  1.14368763e-07 -1.62425593e-07  4.95156932e-19 
 1.60000000e-01  1.60000000e-01  1.20000000e+00 -5.15762719e-03  5.15767489e-03  1.15789528e-07 -1.63497605e-07  1.45638051e-18 
 1.70000000e-01  1.70000000e-01  1.20000000e+00 -5.43026611e-03  5.43031348e-03  1.17224887e-07 -1.64595397e-07  1.19030628e-18 
 1.80000000e-01  1.80000000e-01  1.20000000e+00 -5.69731596e-03  5.69736300e-03  1.18674947e-07 -1.65718726e-07  9.10401600e-19 
 1.90000000e-01  1.90000000e-01  1.20000000e+00 -5.95881113e-03  5.95885786e-03  1.20139814e-07 -1.66867365e-07  2.91090813e-18 
 2.00000000e-01  2.00000000e-01  1.20000000e+00 -6.21478353e-03  6.21482995e-03  1.21619596e-07 -1.68041105e-07  3.82366554e-18 
 2.10000000e-01  2.10000000e-01  1.20000000e+00 -6.46526233e-03  6.46530845e-03  1.23114401e-07 -1.69239755e-07  5.45115994e-18 
 2.20000000e-01  2.20000000e-01  1.20000000e+00 -6.71027376e-03  6.71031959e-03  1.24624337e-07 -1.70463137e-07  1.83054408e-18 
 2.30000000e-01  2.30000000e-01  1.20000000e+00 -6.94984081e-03  6.94988637e-03  1.26149512e-07 -1.71711093e-07  4.24284097e-19 
 2.40000000e-01  2.40000000e-01  1.20000000e+00 -7.18398293e-03  7.18402822e-03  1.27690035e-07 -1.72983479e-07  4.24045869e-19 
 2.50000000e-01  2.50000000e-01  1.20000000e+00 -7.41271570e-03  7.41276073e-03  1.29246016e-07 -1.74280165e-07  2.90161724e-19 
 2.60000000e-01  2.60000000e-01  1.20000000e+00 -7.63605048e-03  7.63609526e-03  1.30817564e-07 -1.75601041e-07  2.37148049e-18 
 2.70000000e-01  2.70000000e-01  1.20000000e+00 -7.85399397e-03  7.85403851e-03  1.32404789e-07 -1.76946010e-07  4.45031110e-18 
 2.80000000e-01  2.80000000e-01  1.20000000e+00 -8.06654784e-03  8.06659215e-03  1.34007802e-07 -1.78314994e-07  1.23084475e-20 
 2.90000000e-01  2.90000000e-01  1.20000000e+00 -8.27370826e-03  8.27375234e-03  1.35626714e-07 -1.79707930e-07  4.05728782e-19 
 3.00000000e-01  3.00000000e-01  1.20000000e+00 -8.47546545e-03  8.47550931e-03  1.37261635e-07 -1.81124776e-07  1.50189529e-18 
 3.10000000e-01  3.10000000e-01  1.20000000e+00 -8.67180328e-03  8.67184693e-03  1.38912678e-07 -1.82565505e-07  1.98692754e-18 
 3.20000000e-01  3.20000000e-01  1.20000000e+00 -8.86269885e-03  8.86274230e-03  1.40579956e-07 -1.84030112e-07  1.45250269e-18 
 3.30000000e-01  3.30000000e-01  1.20000000e+00 -9.04812223e-03  9.04816548e-03  1.42263580e-07 -1.85518612e-07  2.40716176e-18 
 3.40000000e-01  3.40000000e-01  1.20000000e+00 -9.22803633e-03  9.22807940e-03  1.43963663e-07 -1.87031040e-07  6.78685149e-19 
 3.50000000e-01  3.50000000e-01  1.20000000e+00 -9.40239701e-03  9.40243989e-03  1.45680320e-07 -1.88567453e-07  2.82527840e-18 
 3.60000000e-01  3.60000000e-01  1.20000000e+00 -9.57115353e-03  9.57119625e-03  1.47413665e-07 -1.90127930e-07  1.99899776e-18 
 3.70000000e-01  3.70000000e-01  1.20000000e+00 -9.73424957e-03  9.73429211e-03  1.49163812e-07 -1.91712572e-07  1.30088379e-18 
 3.80000000e-01  3.80000000e-01  1.20000000e+00 -9.89162474e-03  9.89166713e-03  1.50930877e-07 -1.93321499e-07  2.67334186e-18 
 3.90000000e-01  3.90000000e-01  1.20000000e+00 -1.00432171e-02  1.00432593e-02  1.52714974e-07 -1.94954852e-07  2.79610870e-18 
 4.00000000e-01  4.00000000e-01  1.20000000e+00 -1.01889665e-02  1.01890086e-02  1.54516220e-07 -1.96612788e-07  5.28519442e-18 
 4.10000000e-01  4.10000000e-01  1.20000000e+00 -1.03288191e-02  1.03288610e-02  1.56334732e-07 -1.98295475e-07  1.06567333e-19 
 4.20000000e-01  4.20000000e-01  1.20000000e+00 -1.04627329e-02  1.04627747e-02  1.58170626e-07 -2.00003088e-07  1.28839005e-18 
 4.30000000e-01  4.30000000e-01  1.20000000e+00 -1.05906844e-02  1.05907261e-02  1.60024020e-07 -2.01735801e-07  2.01792365e-18 
 4.40000000e-01  4.40000000e-01  1.20000000e+00 -1.07126757e-02  1.07127173e-02  1.61895030e-07 -2.03493776e-07  4.15474955e-18 
 4.50000000e-01  4.50000000e-01  1.20000000e+00 -1.08287415e-02  1.08287830e-02  1.63783776e-07 -2.05277157e-07  5.61106388e-19 
 4.60000000e-01  4.60000000e-01  1.20000000e+00 -1.09389559e-02  1.09389973e-02  1.65690375e-07 -2.07086056e-07  4.00874224e-18 
 4.70000000e-01  4.70000000e-01  1.20000000e+00 -1.10434367e-02  1.10434780e-02  1.67614945e-07 -2.08920550e-07  4.14993205e-19 
 4.80000000e-01  4.80000000e-01  1.20000000e+00 -1.11423481e-02  1.11423893e-02  1.69557604e-07 -2.10780668e-07  1.53453253e-18 
 4.90000000e-01  4.90000000e-01  1.20000000e+00 -1.12358996e-02  1.12359408e-02  1.71518471e-07 -2.12666391e-07  3.81815983e-18 
 5.00000000e-01  5.00000000e-01  1.20000000e+00 -1.13243423e-02  1.13243834e-02  1.73497663e-07 -2.14577652e-07  4.71299720e-18 
 5.10000000e-01  5.10000000e-01  1.20000000e+00 -1.14079618e-02  1.14080028e-02  1.75495299e-07 -2.16514338e-07  1.32356839e-18 
 5.20000000e-01  5.20000000e-01  1.20000000e+00 -1.14870694e-02  1.14871104e-02  1.77511497e-07 -2.18476299e-07  1.56976381e-18 
 5.30000000e-01  5.30000000e-01  1.20000000e+00 -1.15619927e-02  1.15620337e-02  1.79546375e-07 -2.20463353e-07  4.10623044e-18 
 5.40000000e-01  5.40000000e-01  1.20000000e+00 -1.16330652e-02  1.16331061e-02  1.81600053e-07 -2.22475300e-07  6.79413068e-18 
 5.50000000e-01  5.50000000e-01  1.20000000e+00 -1.17006175e-02  1.17006583e-02  1.83672649e-07 -2.24511928e-07  2.79589694e-18 
 5.60000000e-01  5.60000000e-01  1.20000000e+00 -1.17649700e-02  1.17650108e-02  1.85764282e-07 -2.26573024e-07  4.17235195e-18 
 5.70000000e-01  5.70000000e-01  1.20000000e+00 -1.18264274e-02  1.18264682e-02  1.87875073e-07 -2.28658380e-07  5.42048147e-19 
 5.80000000e-01  5.80000000e-01  1.20000000e+00 -1.18852745e-02  1.18853152e-02  1.90005141e-07 -2.30767799e-07  4.08264587e-18 
 5.90000000e-01  5.90000000e-01  1.20000000e+00 -1.19417742e-02  1.19418149e-02  1.92154608e-07 -2.32901099e-07  2.18772728e-19 
 6.00000000e-01  6.00000000e-01  1.20000000e+00 -1.19961667e-02  1.19962075e-02  1.94323594e-07 -2.35058116e-07  4.31650637e-18 
 6.10000000e-01  6.10000000e-01  1.20000000e+00 -1.20486695e-02  1.20487102e-02  1.96512221e-07 -2.37238702e-07  1.68559557e-19 
 6.20000000e-01  6.20000000e-01  1.20000000e+00 -1.20994781e-02  1.20995189e-02  1.98720611e-07 -2.39442732e-07  2.67760350e-18 
 6.30000000e-01  6.30000000e-01  1.20000000e+00 -1.21487677e-02  1.21488084e-02  2.00948888e-07 -2.41670098e-07  1.78168086e-18 
 6.40000000e-01  6.40000000e-01  1.20000000e+00 -1.21966944e-02  1.21967351e-02  2.03197175e-07 -2.43920709e-07  6.22775681e-18 
 6.50000000e-01  6.50000000e-01  1.20000000e+00 -1.22433971e-02  1.22434379e-02  2.05465596e-07 -2.46194494e-07  1.34111785e-18 
 6.60000000e-01  6.60000000e-01  1.20000000e+00 -1.22889993e-02  1.22890400e-02  2.07754274e-07 -2.48491395e-07  1.98989215e-18 
 6.70000000e-01  6.70000000e-01  1.20000000e+00 -1.23336104e-02  1.23336512e-02  2.10063336e-07 -2.50811370e-07  1.03306256e-18 
 6.80000000e-01  6.80000000e-01  1.20000000e+00 -1.23773277e-02  1.23773685e-02  2.12392907e-07 -2.53154392e-07  3.34488017e-18 
 6.90000000e-01  6.90000000e-01  1.20000000e+00 -1.24202375e-02  1.24202782e-02  2.14743113e-07 -2.55520443e-07  1.10958669e-18 
 7.00000000e-01  7.00000000e-01  1.20000000e+00 -1.24624162e-02  1.24624570e-02  2.17114080e-07 -2.57909520e-07  3.48268184e-18 
 7.10000000e-01  7.10000000e-01  1.20000000e+00 -1.25039321e-02  1.25039729e-02  2.19505936e-07 -2.60321628e-07  6.59420443e-18 
 7.20000000e-01  7.20000000e-01  1.20000000e+00 -1.25448458e-02  1.25448866e-02  2.21918808e-07 -2.62756781e-07  4.49885668e-18 
 7.30000000e-01  7.30000000e-01  1.20000000e+00 -1.25852114e-02  1.25852522e-02  2.24352825e-07 -2.65215004e-07  2.02589105e-18 
 7.40000000e-01  7.40000000e-01  1.20000000e+00 -1.26250770e-02  1.26251179e-02  2.26808116e-07 -2.67696327e-07  2.22812017e-18 
 7.50000000e-01  7.50000000e-01  1.20000000e+00 -1.26644860e-02  1.26645270e-02  2.29284809e-07 -2.70200788e-07  1.86373718e-18 
 7.60000000e-01  7.60000000e-01  1.20000000e+00 -1.27034771e-02  1.27035180e-02  2.31783034e-07 -2.72728433e-07  5.81850754e-18 
 7.70000000e-01  7.70000000e-01  1.20000000e+00 -1.27420848e-02  1.27421258e-02  2.34302923e-07 -2.75279311e-07  6.82777377e-18 
 7.80000000e-01  7.80000000e-01  1.20000000e+00 -1.27803405e-02  1.27803815e-02  2.36844606e-07 -2.77853480e-07  1.36118195e-18 
 7.90000000e-01  7.90000000e-01  1.20000000e+00 -1.28182724e-02  1.28183134e-02  2.39408213e-07 -2.80451001e-07  4.29673344e-18 
 8.00000000e-01  8.00000000e-01  1.20000000e+00 -1.28559058e-02  1.28559468e-02  2.41993878e-07 -2.83071938e-07  7.68364762e-19 
 8.10000000e-01  8.10000000e-01  1.20000000e+00 -1.28932636e-02  1.28933048e-02  2.44601732e-07 -2.85716364e-07  1.11792467e-18 
 8.20000000e-01  8.20000000e-01  1.20000000e+00 -1.29303669e-02  1.29304080e-02  2.47231909e-07 -2.88384352e-07  3.16949141e-18 
 8.30000000e-01  8.30000000e-01  1.20000000e+00 -1.29672343e-02  1.29672755e-02  2.49884543e-07 -2.91075981e-07  1.61148018e-18 
 8.40000000e-01  8.40000000e-01  1.20000000e+00 -1.30038831e-02  1.30039244e-02  2.52559766e-07 -2.93791332e-07  4.79076541e-18 
 8.50000000e-01  8.50000000e-01  1.20000000e+00 -1.30403291e-02  1.30403703e-02  2.55257715e-07 -2.96530491e-07  5.88634959e-18 
 8.60000000e-01  8.60000000e-01  1.20000000e+00 -1.30765864e-02  1.30766277e-02  2.57978524e-07 -2.99293545e-07  4.11499194e-19 
 8.70000000e-01  8.70000000e-01  1.20000000e+00 -1.31126681e-02  1.31127094e-02  2.60722330e-07 -3.02080586e-07  1.81259757e-18 
 8.80000000e-01  8.80000000e-01  1.20000000e+00 -1.31485862e-02  1.31486276e-02  2.63489268e-07 -3.04891708e-07  6.56514062e-18 
 8.90000000e-01  8.90000000e-01  1.20000000e+00 -1.31843518e-02  1.31843932e-02  2.66279475e-07 -3.07727008e-07  6.06634409e-19 
 9.00000000e-01  9.00000000e-01  1.20000000e+00 -1.32199749e-02  1.32200164e-02  2.69093089e-07 -3.10586585e-07  3.02533699e-18 
 9.10000000e-01  9.10000000e-01  1.20000000e+00 -1.32554649e-02  1.32555064e-02  2.71930248e-07 -3.13470540e-07  6.74449984e-20 
 9.20000000e-01  9.20000000e-01  1.20000000e+00 -1.32908303e-02  1.32908719e-02  2.74791091e-07 -3.16378979e-07  7.37003367e-18 
 9.30000000e-01  9.30000000e-01  1.20000000e+00 -1.33260792e-02  1.33261209e-02  2.77675756e-07 -3.19312007e-07  6.52305367e-18 
 9.40000000e-01  9.40000000e-01  1.20000000e+00 -1.33612190e-02  1.33612607e-02  2.80584385e-07 -3.22269733e-07  3.42550712e-18 
 9.50000000e-01  9.50000000e-01  1.20000000e+00 -1.33962567e-02  1.33962984e-02  2.83517116e-07 -3.25252267e-07  4.64152879e-18 
 9.60000000e-01  9.60000000e-01  1.20000000e+00 -1.34311986e-02  1.34312404e-02  2.86474092e-07 -3.28259721e-07  3.81524815e-18 
 9.70000000e-01  9.70000000e-01  1.20000000e+00 -1.34660509e-02  1.34660928e-02  2.89455454e-07 -3.31292211e-07  1.35673502e-18 
 9.80000000e-01  9.80000000e-01  1.20000000e+00 -1.35008194e-02  1.35008613e-02  2.92461343e-07 -3.34349852e-07  5.11353790e-18 
 9.90000000e-01  9.90000000e-01  1.20000000e+00 -1.35355094e-02  1.35355514e-02  2.95491904e-07 -3.37432763e-07  6.49991908e-19 
 1.00000000e+00  1.00000000e+00  1.20000000e+00 -1.35701262e-02  1.35701682e-02  2.98547279e-07 -3.40541063e-07  1.00346934e-18 
 1.01000000e+00  1.01000000e+00  1.20000000e+00 -1.36046747e-02  1.36047168e-02  3.01627612e-07 -3.43674874e-07  5.20448807e-19 
 1.02000000e+00  1.02000000e+00  1.20000000e+00 -1.36391598e-02  1.36392019e-02  3.04733049e-07 -3.46834319e-07  2.34723418e-18 
 1.03000000e+00  1.03000000e+00  1.20000000e+00 -1.36735860e-02  1.36736282e-02  3.07863734e-07 -3.50019523e-07  4.11732128e-18 
 1.04000000e+00  1.04000000e+00  1.20000000e+00 -1.37079580e-02  1.37080002e-02  3.11019814e-07 -3.53230612e-07  1.78268672e-18 
 1.05000000e+00  1.05000000e+00  1.20000000e+00 -1.37422802e-02  1.37423225e-02  3.14201435e-07 -3.56467713e-07  2.30885300e-18 
 1.06000000e+00  1.06000000e+00  1.20000000e+00 -1.37765571e-02  1.37765994e-02  3.17408744e-07 -3.59730957e-07  2.80579664e-19 
 1.07000000e+00  1.07000000e+00  1.20000000e+00 -1.38107931e-02  1.38108355e-02  3.20641890e-07 -3.63020474e-07  5.83235124e-19 
 1.08000000e+00  1.08000000e+00  1.20000000e+00 -1.38449927e-02  1.38450352e-02  3.23901021e-07 -3.66336397e-07  3.68051697e-18 
 1.09000000e+00  1.09000000e+00  1.20000000e+00 -1.38791604e-02  1.38792029e-02  3.27186286e-07 -3.69678858e-07  1.78586309e-18 
 1.10000000e+00  1.10000000e+00  1.20000000e+00 -1.39133007e-02  1.39133432e-02  3.30497835e-07 -3.73047993e-07  3.03317204e-18 
 1.11000000e+00  1.11000000e+00  1.20000000e+00 -1.39474184e-02  1.39474610e-02  3.33835820e-07 -3.76443938e-07  4.84391673e-18 
 1.12000000e+00  1.12000000e+00  1.20000000e+00 -1.39815182e-02  1.39815608e-02  3.37200390e-07 -3.79866831e-07  4.66450456e-19 
 1.13000000e+00  1.13000000e+00  1.20000000e+00 -1.40156051e-02  1.40156478e-02  3.40591698e-07 -3.83316811e-07  2.09021262e-18 
 1.14000000e+00  1.14000000e+00  1.20000000e+00 -1.40496842e-02  1.40497270e-02  3.44009898e-07 -3.86794018e-07  8.03993086e-19 
 1.15000000e+00  1.15000000e+00  1.20000000e+00 -1.40837609e-02  1.40838038e-02  3.47455141e-07 -3.90298594e-07  3.75267359e-18 
 1.16000000e+00  1.16000000e+00  1.20000000e+00 -1.41178407e-02  1.41178836e-02  3.50927582e-07 -3.93830682e-07  3.47357624e-18 
 1.17000000e+00  1.17000000e+00  1.20000000e+00 -1.41519294e-02  1.41519723e-02  3.54427377e-07 -3.97390427e-07  3.40930761e-18 
 1.18000000e+00  1.18000000e+00  1.20000000e+00 -1.41860329e-02  1.41860759e-02  3.57954680e-07 -4.00977976e-07  4.74497269e-19 
 1.19000000e+00  1.19000000e+00  1.20000000e+00 -1.42201576e-02  1.42202007e-02  3.61509647e-07 -4.04593474e-07  2.88647653e-18 
 1.20000000e+00  1.20000000e+00  1.20000000e+00 -1.42543100e-02  1.42543531e-02  3.65092436e-07 -4.08236993e-07  4.71183253e-18 
